PV MassSpec-24.10.00
EXPORTED RUN DATA
Run Path and Name: C:\Pfeiffer Vacuum\data\005-16-2025\5%methaneinar.isi
05/16/2025 11:22:37
SensorID:  RGA PrismaPro A 200 47505932
72 Bins
284 TimePoints

Time Relative (sec)	Time Absolute (UTC)	Time Absolute (Date_Time)	Step	Ionizer_State	Pressure_(mBar)	External_Pressure_(mBar)	Analog_1	1_amu	2_amu	3_amu	4_amu	5_amu	6_amu	7_amu	8_amu	9_amu	10_amu	11_amu	12_amu	13_amu	14_amu	15_amu	16_amu	17_amu	18_amu	19_amu	20_amu	21_amu	22_amu	23_amu	24_amu	25_amu	26_amu	27_amu	28_amu	29_amu	30_amu	31_amu	32_amu	33_amu	34_amu	35_amu	36_amu	37_amu	38_amu	39_amu	40_amu	41_amu	42_amu	43_amu	44_amu	45_amu	46_amu	47_amu	48_amu	49_amu	50_amu	Periph:_Digital_In_0	Periph:_Digital_In_1	Periph:_Digital_In_13	Periph:_Digital_In_14	Periph:_Digital_In_15	Periph:_Digital_In_16	Periph:_Digital_In_17	Periph:_Digital_Out_2	Periph:_Digital_Out_3	Periph:_Digital_Out_4	Periph:_Digital_Out_5	Periph:_Digital_Out_6	Periph:_Digital_Out_7	Periph:_Digital_Out_8	Periph:_Digital_Out_9	Periph:_Digital_Out_10	Periph:_Digital_Out_11
16.486	1747387374.216	05/16/2025_11:22:54.216	1	3	4.37265262e-05	6.745403425e-06	0.01000000071	4.999999912e-15	4.999999912e-15	1.725390257e-13	4.999999912e-15	4.999999912e-15	1.339244335e-13	6.717726825e-14	4.999999912e-15	1.276000247e-14	1.947137384e-13	4.999999912e-15	4.999999912e-15	4.999999912e-15	4.088764743e-11	1.539593592e-10	3.450519037e-10	9.525744776e-12	2.016760196e-11	5.07308735e-12	9.190309624e-10	3.780374722e-13	1.289701717e-13	1.481818818e-13	4.591376107e-13	2.524285306e-13	4.331556815e-13	1.81762564e-13	6.842472422e-11	5.893185245e-13	7.065323261e-13	3.766675014e-13	1.083696674e-11	6.990130588e-14	2.778370524e-13	4.120641816e-13	1.965795061e-11	1.291613301e-13	3.816201695e-12	1.293254349e-12	4.802180875e-09	1.280621524e-13	3.637800239e-13	2.307795068e-13	4.743668566e-13	2.698560776e-13	3.691006647e-13	1.222954572e-13	9.755598293e-14	3.34659763e-13	3.24400771e-13	1	1	1	1	1	1	1	0	0	0	0	0	0	0	0	0	0
25.505	1747387383.235	05/16/2025_11:23:03.235	1	3	4.375096614e-05	6.868032415e-06	0.0120000001	2.873772184e-13	1.314754989e-11	2.515981672e-13	2.040308569e-13	3.6948103e-13	2.2794196e-13	8.410898253e-14	2.258869768e-13	3.238412143e-13	1.233129809e-13	1.128787615e-13	9.784989659e-12	2.924502307e-11	6.716275452e-11	3.177333119e-10	3.873826537e-10	6.977625509e-12	1.344521976e-11	5.124093858e-12	8.882917735e-10	4.031710133e-14	2.032502855e-13	3.71265166e-13	1.29270848e-13	1.773957229e-13	3.082934298e-13	3.388951988e-13	6.516893275e-11	6.748612086e-13	8.742425187e-13	2.408771967e-13	9.899384264e-12	2.335493452e-13	3.676330887e-13	1.077014793e-13	1.909342996e-11	3.318222433e-13	3.64068194e-12	9.091931851e-13	4.736515624e-09	2.989902705e-13	1.463320025e-13	1.197765032e-13	7.182708204e-13	3.13422953e-13	4.999999912e-15	1.906177039e-13	3.203843983e-13	1.336197727e-13	4.999999912e-15	1	1	1	1	1	1	1	0	0	0	0	0	0	0	0	0	0
34.524	1747387392.254	05/16/2025_11:23:12.254	1	3	4.340864325e-05	6.92087724e-06	0.01400000043	2.502042898e-13	1.255941705e-11	2.819052229e-13	3.811816585e-13	2.512774229e-14	4.999999912e-15	2.127048266e-13	2.855213353e-13	4.999999912e-15	8.932608884e-14	2.844858951e-13	9.547479127e-12	2.863751944e-11	6.490692706e-11	3.125273651e-10	3.812759553e-10	6.27157961e-12	1.218437504e-11	4.876308992e-12	8.838664245e-10	1.61441715e-13	3.120927724e-13	5.651006057e-14	4.411643712e-14	2.567037837e-13	2.12242821e-13	3.901879972e-14	6.086466747e-11	7.650017772e-13	5.664967193e-13	4.999999912e-15	9.18463916e-12	2.044211426e-13	5.276648666e-14	1.806852736e-13	1.906696502e-11	9.97762528e-14	3.298638272e-12	1.044400027e-12	4.673485599e-09	4.999999912e-15	1.724653406e-13	2.314386204e-13	4.045989075e-13	2.559550336e-13	8.085126671e-14	2.624067684e-13	4.69201365e-14	1.663699086e-14	2.225496263e-13	1	1	1	1	1	1	1	0	0	0	0	0	0	0	0	0	0
43.543	1747387401.273	05/16/2025_11:23:21.273	1	3	4.310255099e-05	6.894400485e-06	0.0120000001	4.158553656e-14	1.262933681e-11	3.590407594e-13	4.894524998e-14	3.954648431e-14	2.316795573e-13	2.14857361e-13	2.667495131e-14	1.017695043e-13	3.353049175e-13	3.961020829e-14	9.301345284e-12	2.828557874e-11	6.476482545e-11	3.07807696e-10	3.739094034e-10	6.395088018e-12	1.080677301e-11	4.537764262e-12	8.622613179e-10	2.812859266e-13	4.999999912e-15	7.569190771e-14	3.573044096e-13	3.018039106e-13	4.999999912e-15	2.728110977e-13	5.744125661e-11	4.028963849e-13	5.611620652e-13	2.838188126e-13	8.474189232e-12	4.999999912e-15	1.812289061e-13	2.985063639e-13	1.868782906e-11	4.674689455e-14	3.607939468e-12	1.015202137e-12	4.598182723e-09	1.777880008e-13	2.556065711e-13	4.888152939e-14	2.492186145e-13	2.100146093e-13	2.518311352e-13	4.999999912e-15	9.546117559e-14	2.685099864e-13	1.450994002e-13	1	1	1	1	1	1	1	0	0	0	0	0	0	0	0	0	0
52.562	1747387410.292	05/16/2025_11:23:30.292	1	3	4.286916374e-05	6.904983366e-06	0.0120000001	3.264617309e-13	1.275266438e-11	1.242926931e-13	2.258949457e-13	2.787829104e-13	1.380881629e-13	4.999999912e-15	2.345131467e-13	2.853142527e-13	4.999999912e-15	5.975980751e-14	9.435888702e-12	2.809113185e-11	6.163487776e-11	3.020297901e-10	3.688326033e-10	6.01137716e-12	1.036969642e-11	4.803539944e-12	8.457955447e-10	4.999999912e-15	1.786143526e-13	1.976667799e-13	2.6465868e-14	1.701931104e-14	2.248276299e-13	2.269303858e-13	5.422227597e-11	4.694344956e-13	7.290794487e-13	7.409690401e-14	7.899158758e-12	2.222947304e-13	2.465403641e-13	5.103010299e-14	1.83001999e-11	2.905234105e-13	3.363346494e-12	8.25600005e-13	4.489244532e-09	3.271626947e-13	6.3869774e-14	5.192219132e-14	4.725249055e-13	2.008846648e-13	4.999999912e-15	1.034401717e-13	2.970229043e-13	6.050851687e-14	4.999999912e-15	1	1	1	1	1	1	1	0	0	0	0	0	0	0	0	0	0
61.581	1747387419.311	05/16/2025_11:23:39.311	1	3	4.272588558e-05	6.897043022e-06	0.0120000001	3.720935777e-13	1.205679914e-11	3.118617831e-13	3.577564135e-13	4.999999912e-15	2.49923373e-14	2.032024993e-13	1.112061018e-13	4.999999912e-15	1.533869094e-14	2.588941702e-13	8.976074224e-12	2.750655433e-11	6.089159038e-11	3.005168892e-10	3.643446655e-10	5.815795762e-12	1.001156363e-11	4.581976291e-12	8.408092e-10	8.347177658e-14	2.287384691e-13	4.999999912e-15	2.612337701e-14	2.691372515e-13	1.215128801e-13	4.999999912e-15	5.228962055e-11	6.048483654e-13	3.565457662e-13	4.999999912e-15	7.713532937e-12	2.295190676e-13	4.999999912e-15	9.331657625e-14	1.823983152e-11	2.397281118e-14	3.205184382e-12	1.089394525e-12	4.496679473e-09	4.385358924e-14	4.999999912e-15	1.875591425e-13	4.034599803e-13	4.999999912e-15	1.356588182e-13	2.066752531e-13	4.999999912e-15	4.999999912e-15	2.300925292e-13	1	1	1	1	1	1	1	0	0	0	0	0	0	0	0	0	0
70.6	1747387428.330	05/16/2025_11:23:48.330	1	3	4.269192505e-05	6.805137673e-06	0.01400000043	4.999999912e-15	1.234044551e-11	4.017832616e-13	2.017746322e-14	7.70638978e-14	2.979826672e-13	6.525355478e-15	4.999999912e-15	1.104693322e-13	2.095705608e-13	4.999999912e-15	8.739684323e-12	2.766008429e-11	6.129424746e-11	2.96667052e-10	3.623557288e-10	5.985430467e-12	9.792934692e-12	4.582832377e-12	8.368890581e-10	1.564117759e-13	4.999999912e-15	2.414406091e-14	2.615027335e-13	1.864816895e-14	4.999999912e-15	1.895464037e-13	5.041921047e-11	3.146296429e-13	3.797678589e-13	1.873480348e-13	7.379188406e-12	4.999999912e-15	5.718311295e-14	1.57399457e-13	1.831135243e-11	4.999999912e-15	3.350972928e-12	9.835669605e-13	4.519745911e-09	4.520367167e-14	2.716502153e-13	4.999999912e-15	1.137668789e-13	1.49609627e-13	4.999999912e-15	4.999999912e-15	4.999999912e-15	1.505654054e-13	1.229205743e-14	1	1	1	1	1	1	1	0	0	0	0	0	0	0	0	0	0
79.619	1747387437.349	05/16/2025_11:23:57.349	1	3	4.25979415e-05	6.891759313e-06	0.0120000001	1.828079653e-13	1.211686741e-11	4.999999912e-15	6.059216984e-14	2.026728259e-13	4.999999912e-15	4.999999912e-15	5.163943817e-14	1.18338824e-13	4.999999912e-15	4.999999912e-15	9.054606023e-12	2.706835971e-11	5.948627702e-11	2.951956735e-10	3.630654388e-10	5.547798766e-12	9.257953779e-12	4.757601865e-12	8.345906188e-10	4.999999912e-15	4.999999912e-15	1.643290403e-13	4.999999912e-15	4.999999912e-15	6.731467055e-14	1.255392275e-13	4.784495716e-11	2.677951177e-13	7.337668884e-13	4.999999912e-15	6.622348503e-12	7.578948591e-14	1.564914376e-13	4.999999912e-15	1.78523446e-11	7.843388211e-14	3.324273582e-12	7.630144888e-13	4.417673782e-09	1.477458021e-13	4.999999912e-15	4.999999912e-15	2.662020994e-13	2.764770292e-13	4.999999912e-15	4.999999912e-15	4.999999912e-15	4.999999912e-15	4.999999912e-15	1	1	1	1	1	1	1	0	0	0	0	0	0	0	0	0	0
88.638	1747387446.368	05/16/2025_11:24:06.368	1	3	4.252424333e-05	6.912925983e-06	0.01400000043	4.648405684e-14	1.187330182e-11	1.300375009e-13	1.494244182e-13	4.999999912e-15	4.999999912e-15	1.499023345e-13	9.253799712e-14	4.999999912e-15	4.999999912e-15	1.261027415e-13	8.841483101e-12	2.670982879e-11	5.979487044e-11	2.937419474e-10	3.57244595e-10	5.418882357e-12	9.246680678e-12	4.493964229e-12	8.204077973e-10	4.250152476e-14	6.68108689e-14	4.999999912e-15	1.175960913e-13	1.03705022e-13	5.209145561e-14	4.999999912e-15	4.616057189e-11	3.96723534e-13	2.658576213e-13	4.999999912e-15	6.573640503e-12	8.503493862e-14	4.999999912e-15	4.999999912e-15	1.799341232e-11	4.999999912e-15	3.017768544e-12	8.702938543e-13	4.408233778e-09	4.999999912e-15	4.999999912e-15	1.0720957e-14	1.372856906e-13	4.999999912e-15	4.999999912e-15	1.722522678e-13	4.999999912e-15	4.999999912e-15	8.654828156e-14	1	1	1	1	1	1	1	0	0	0	0	0	0	0	0	0	0
97.657	1747387455.387	05/16/2025_11:24:15.387	1	3	4.223706856e-05	6.92087724e-06	0.01400000043	4.999999912e-15	1.216393826e-11	2.86144616e-13	4.999999912e-15	1.380742309e-13	1.184324177e-13	1.020403109e-13	4.999999912e-15	4.999999912e-15	1.436816432e-13	4.999999912e-15	8.923100973e-12	2.661505218e-11	5.756696161e-11	2.908621399e-10	3.543094429e-10	5.388623141e-12	8.850666727e-12	4.24495248e-12	8.19811663e-10	1.332792654e-13	4.999999912e-15	4.999999912e-15	1.17731481e-13	4.999999912e-15	4.999999912e-15	3.234607406e-14	4.482614974e-11	1.791261367e-13	2.322689838e-13	6.454084771e-14	6.088273549e-12	4.999999912e-15	4.999999912e-15	1.200413467e-13	1.76533909e-11	4.999999912e-15	3.241546788e-12	8.722613018e-13	4.384626884e-09	4.999999912e-15	1.023907792e-13	4.999999912e-15	4.999999912e-15	4.999999912e-15	1.055290024e-13	4.999999912e-15	4.999999912e-15	8.348172414e-14	4.999999912e-15	1	1	1	1	1	1	1	0	0	0	0	0	0	0	0	0	0
106.676	1747387464.406	05/16/2025_11:24:24.406	1	3	4.214043292e-05	6.870664947e-06	0.0120000001	1.532675896e-13	1.196332703e-11	4.999999912e-15	6.671928092e-14	2.114762087e-13	4.999999912e-15	4.999999912e-15	3.084466412e-14	1.536976926e-13	4.999999912e-15	4.999999912e-15	8.689194329e-12	2.641647838e-11	5.765377065e-11	2.885229555e-10	3.52166879e-10	5.206011837e-12	8.491740297e-12	4.390932062e-12	8.10214007e-10	4.999999912e-15	4.999999912e-15	1.576005494e-13	4.999999912e-15	4.999999912e-15	1.03023994e-13	1.137768265e-13	4.292759898e-11	2.66833349e-13	4.862706375e-13	4.999999912e-15	5.585467418e-12	7.419050454e-14	1.445697267e-13	4.999999912e-15	1.745822931e-11	9.333849069e-14	3.137790158e-12	6.560537703e-13	4.30064695e-09	1.6615504e-13	4.999999912e-15	4.999999912e-15	3.538117336e-13	1.045692124e-13	4.999999912e-15	3.532541826e-13	1.547490977e-13	4.999999912e-15	4.999999912e-15	1	1	1	1	1	1	1	0	0	0	0	0	0	0	0	0	0
115.695	1747387473.425	05/16/2025_11:24:33.425	1	3	4.177377559e-05	6.826030585e-06	0.0120000001	1.159930848e-13	1.171947088e-11	2.223425301e-13	2.462535926e-13	4.999999912e-15	4.999999912e-15	1.634329743e-13	1.894685309e-14	4.999999912e-15	4.999999912e-15	2.639041871e-13	8.72631481e-12	2.598759402e-11	5.708720996e-11	2.893697781e-10	3.518492997e-10	5.224190438e-12	8.654054903e-12	4.209792671e-12	8.104776295e-10	4.301725263e-14	7.707585113e-14	4.999999912e-15	4.999999912e-15	1.605974332e-13	4.999999912e-15	4.999999912e-15	4.205357243e-11	4.336713822e-13	2.061894085e-13	4.999999912e-15	5.423460292e-12	5.534716565e-14	4.999999912e-15	3.809483924e-14	1.742425128e-11	4.999999912e-15	3.010876921e-12	9.283173188e-13	4.3172248e-09	4.999999912e-15	4.999999912e-15	1.302346225e-13	1.064350295e-13	4.999999912e-15	4.999999912e-15	1.265707103e-13	4.999999912e-15	4.999999912e-15	7.612003204e-14	1	1	1	1	1	1	1	0	0	0	0	0	0	0	0	0	0
124.714	1747387482.444	05/16/2025_11:24:42.444	1	3	4.167298539e-05	6.831264272e-06	0.01400000043	4.999999912e-15	1.180380706e-11	3.28980712e-13	4.999999912e-15	4.999999912e-15	1.525706373e-13	2.223044746e-14	4.999999912e-15	3.596222034e-14	1.206626216e-13	4.999999912e-15	8.549204747e-12	2.594222927e-11	5.584214341e-11	2.83375462e-10	3.437096441e-10	5.257263808e-12	8.03966442e-12	4.171929295e-12	7.974557681e-10	5.006035869e-14	4.999999912e-15	4.999999912e-15	7.918059248e-14	4.999999912e-15	4.999999912e-15	6.783837408e-14	4.062312292e-11	9.472839044e-14	2.497283793e-13	1.850999009e-13	4.915579228e-12	4.999999912e-15	4.999999912e-15	1.721646643e-13	1.703692916e-11	4.999999912e-15	3.214863922e-12	8.973829709e-13	4.245088725e-09	4.999999912e-15	1.756055425e-13	4.999999912e-15	3.964205673e-14	4.512761692e-13	7.526179793e-14	4.999999912e-15	4.999999912e-15	7.25218022e-14	4.999999912e-15	1	1	1	1	1	1	1	0	0	0	0	0	0	0	0	0	0
133.733	1747387491.463	05/16/2025_11:24:51.463	1	3	4.160386015e-05	6.797319202e-06	0.01400000043	2.242780343e-13	1.183031971e-11	3.832583529e-14	6.290600636e-14	2.762739039e-13	3.061566707e-14	4.999999912e-15	1.347189369e-13	1.848350845e-13	4.999999912e-15	4.999999912e-15	8.446318298e-12	2.579938867e-11	5.566818881e-11	2.82095014e-10	3.429913575e-10	5.03318047e-12	7.988693908e-12	4.372351439e-12	7.928894208e-10	4.999999912e-15	4.999999912e-15	1.886264582e-13	4.999999912e-15	4.999999912e-15	1.289203932e-13	1.458997311e-14	3.918381938e-11	3.170072169e-13	4.053237238e-13	4.999999912e-15	4.709592091e-12	8.993940846e-14	1.727441161e-13	4.999999912e-15	1.709453759e-11	2.962343641e-13	3.229206832e-12	7.308874643e-13	4.239612217e-09	1.647790655e-13	4.999999912e-15	4.999999912e-15	2.058468955e-13	6.687258711e-14	4.999999912e-15	3.252727813e-14	1.573556281e-13	4.999999912e-15	4.999999912e-15	1	1	1	1	1	1	1	0	0	0	0	0	0	0	0	0	0
142.752	1747387500.482	05/16/2025_11:25:00.482	1	3	4.145093408e-05	6.826030585e-06	0.0120000001	6.139065764e-14	1.127473982e-11	2.752842713e-13	2.058130413e-13	4.999999912e-15	4.999999912e-15	1.057878828e-13	1.012e-13	4.999999912e-15	4.999999912e-15	6.984953523e-14	8.354767399e-12	2.556535712e-11	5.565066463e-11	2.803274279e-10	3.413214433e-10	4.960665125e-12	8.14502979e-12	4.035013643e-12	7.892501652e-10	6.631305748e-14	1.589466406e-13	4.999999912e-15	4.999999912e-15	1.210807848e-13	6.145020744e-15	4.999999912e-15	3.819309105e-11	4.287231106e-13	3.207965848e-13	4.999999912e-15	4.739458825e-12	7.972621044e-14	4.999999912e-15	4.999999912e-15	1.724260491e-11	4.999999912e-15	2.966007648e-12	7.683850301e-13	4.221618166e-09	4.999999912e-15	4.999999912e-15	1.033187072e-13	8.587523596e-14	4.999999912e-15	4.999999912e-15	7.904121151e-14	4.999999912e-15	4.999999912e-15	8.877452809e-14	1	1	1	1	1	1	1	0	0	0	0	0	0	0	0	0	0
151.771	1747387509.501	05/16/2025_11:25:09.501	1	3	4.122653627e-05	6.831264272e-06	0.01600000076	4.999999912e-15	1.166173321e-11	2.42279043e-13	4.999999912e-15	4.999999912e-15	1.352127774e-13	1.004692003e-13	4.999999912e-15	4.999999912e-15	1.498366047e-13	4.999999912e-15	8.199179183e-12	2.549991815e-11	5.544669932e-11	2.795988441e-10	3.411350646e-10	5.251056968e-12	7.847457927e-12	4.242441034e-12	7.870556429e-10	6.177494632e-14	4.999999912e-15	4.999999912e-15	1.783674391e-13	4.999999912e-15	4.999999912e-15	4.264289795e-14	3.689405031e-11	7.929807933e-14	2.018165637e-13	8.981196727e-14	4.287444098e-12	4.999999912e-15	1.688390096e-14	1.880051833e-13	1.689662125e-11	4.999999912e-15	3.273380915e-12	8.593956709e-13	4.203274617e-09	1.646972218e-14	1.231377467e-13	4.999999912e-15	3.931350281e-14	8.17991169e-14	1.077651897e-13	4.999999912e-15	4.999999912e-15	1.331577806e-13	6.385957572e-15	1	1	1	1	1	1	1	0	0	0	0	0	0	0	0	0	0
160.79	1747387518.520	05/16/2025_11:25:18.520	1	3	4.119868026e-05	6.84962788e-06	0.01400000043	2.331371316e-13	1.171468565e-11	4.999999912e-15	4.438127383e-14	2.216356168e-13	1.236173436e-14	4.999999912e-15	1.883098441e-13	1.421284287e-13	4.999999912e-15	4.999999912e-15	8.678820683e-12	2.543645503e-11	5.396367728e-11	2.77366824e-10	3.37689765e-10	4.896295175e-12	7.668914115e-12	4.268425457e-12	7.813596437e-10	4.999999912e-15	6.343368756e-14	1.131356293e-13	4.999999912e-15	4.999999912e-15	1.798987391e-13	9.65205292e-14	3.54999953e-11	2.235472278e-13	4.130359249e-13	4.999999912e-15	3.9356296e-12	1.257204112e-13	1.466047878e-13	4.999999912e-15	1.68537094e-11	4.63406711e-14	2.976844249e-12	6.136757227e-13	4.157476585e-09	1.473694214e-13	4.999999912e-15	4.999999912e-15	2.712897723e-13	7.550844715e-15	4.999999912e-15	2.854673149e-14	2.408314162e-13	4.999999912e-15	4.999999912e-15	1	1	1	1	1	1	1	0	0	0	0	0	0	0	0	0	0
169.809	1747387527.539	05/16/2025_11:25:27.539	1	3	4.117800199e-05	6.873290204e-06	0.0120000001	2.154941942e-14	1.137267797e-11	2.089672023e-13	1.068551782e-13	4.999999912e-15	4.999999912e-15	1.868084138e-13	4.999999912e-15	4.999999912e-15	3.231818974e-14	3.776627855e-14	8.10730736e-12	2.534697105e-11	5.47784075e-11	2.776507635e-10	3.345629052e-10	4.905992279e-12	7.717784745e-12	4.07616085e-12	7.706444372e-10	6.945127389e-14	1.166043987e-13	4.999999912e-15	4.999999912e-15	1.4470513e-13	4.999999912e-15	4.999999912e-15	3.441902319e-11	2.806526983e-13	6.803350336e-14	4.999999912e-15	4.10442123e-12	4.999999912e-15	4.999999912e-15	1.283767743e-13	1.685204754e-11	4.999999912e-15	2.973590124e-12	9.154039289e-13	4.15258139e-09	4.999999912e-15	1.438087794e-14	5.822053858e-14	2.462394573e-14	4.999999912e-15	9.732897133e-14	1.468356009e-14	4.999999912e-15	4.999999912e-15	1.277714371e-13	1	1	1	1	1	1	1	0	0	0	0	0	0	0	0	0	0
178.828	1747387536.558	05/16/2025_11:25:36.558	1	3	4.117488061e-05	6.833889984e-06	0.0120000001	4.999999912e-15	1.150177436e-11	1.782519851e-13	4.999999912e-15	1.59718972e-14	1.770412565e-13	4.999999912e-15	4.999999912e-15	1.535124973e-13	7.392563395e-14	4.999999912e-15	8.059563433e-12	2.51730442e-11	5.364891517e-11	2.744676986e-10	3.339856169e-10	5.053169255e-12	7.135441543e-12	3.953832053e-12	7.676974056e-10	4.999999912e-15	4.999999912e-15	8.330846863e-14	7.488143948e-14	4.999999912e-15	4.999999912e-15	1.238824717e-13	3.382027297e-11	8.322882043e-14	2.630957518e-13	8.733880047e-14	3.569931894e-12	4.999999912e-15	1.090515346e-13	4.744980992e-14	1.643215772e-11	4.999999912e-15	3.150284937e-12	6.855145249e-13	4.126564424e-09	1.04176921e-13	5.292976073e-14	4.999999912e-15	1.400196826e-13	3.469040376e-13	4.999999912e-15	4.999999912e-15	2.189790233e-14	1.443367317e-13	4.999999912e-15	1	1	1	1	1	1	1	0	0	0	0	0	0	0	0	0	0
187.847	1747387545.577	05/16/2025_11:25:45.577	1	3	4.114881813e-05	6.857506378e-06	0.0120000001	2.384139977e-13	1.127842784e-11	6.997264638e-15	1.051108324e-13	1.112120582e-13	4.999999912e-15	4.999999912e-15	1.539844099e-13	4.999999912e-15	1.305990093e-13	5.539295287e-14	8.378956383e-12	2.515285376e-11	5.428764036e-11	2.767203133e-10	3.352320088e-10	4.682022998e-12	7.160318345e-12	4.079482845e-12	7.759361487e-10	4.999999912e-15	4.999999912e-15	1.435698484e-14	4.999999912e-15	4.999999912e-15	1.174088767e-13	4.999999912e-15	3.31702027e-11	2.507757457e-13	3.327202608e-13	4.999999912e-15	3.441194595e-12	8.709388598e-14	4.999999912e-15	4.999999912e-15	1.652767159e-11	1.318256214e-13	2.894537041e-12	6.233014864e-13	4.149927069e-09	4.999999912e-15	4.999999912e-15	4.999999912e-15	2.766621838e-13	4.999999912e-15	4.999999912e-15	4.999999912e-15	7.556046853e-14	4.999999912e-15	5.043869104e-14	1	1	1	1	1	1	1	0	0	0	0	0	0	0	0	0	0
196.866	1747387554.596	05/16/2025_11:25:54.596	1	3	4.095296754e-05	6.852252227e-06	0.01400000043	4.999999912e-15	1.110027261e-11	2.326871063e-13	1.442272137e-13	4.999999912e-15	4.999999912e-15	1.33394733e-13	4.999999912e-15	4.999999912e-15	8.549289206e-14	5.329814552e-14	8.05857811e-12	2.527370847e-11	5.396229991e-11	2.72586842e-10	3.300977547e-10	4.860480508e-12	7.310292996e-12	3.935753199e-12	7.63051955e-10	7.133102973e-14	4.518972273e-14	4.999999912e-15	2.948262836e-14	1.521763672e-13	4.999999912e-15	4.999999912e-15	3.297659021e-11	2.582071655e-13	8.045899559e-14	4.999999912e-15	3.404914154e-12	4.999999912e-15	4.999999912e-15	7.271695182e-14	1.681857778e-11	4.999999912e-15	2.7831138e-12	9.446357542e-13	4.109963481e-09	4.999999912e-15	4.999999912e-15	1.27468755e-13	4.999999912e-15	4.999999912e-15	8.378837717e-14	1.340915497e-14	4.999999912e-15	4.999999912e-15	8.82010258e-14	1	1	1	1	1	1	1	0	0	0	0	0	0	0	0	0	0
205.885	1747387563.615	05/16/2025_11:26:03.615	1	3	4.084992179e-05	6.934149951e-06	0.01400000043	7.150611483e-15	1.118097628e-11	2.15054496e-13	4.999999912e-15	5.573745133e-14	1.641418799e-13	4.999999912e-15	4.999999912e-15	1.262918942e-13	4.999999912e-15	4.999999912e-15	8.209055831e-12	2.509016259e-11	5.291035318e-11	2.720985659e-10	3.291785455e-10	4.706008153e-12	6.947518082e-12	3.886611085e-12	7.63759167e-10	4.999999912e-15	4.999999912e-15	5.358688211e-14	7.083918142e-14	4.999999912e-15	4.999999912e-15	1.51206589e-13	3.142243757e-11	2.433920036e-14	2.974927704e-13	1.413936649e-13	2.784406169e-12	4.999999912e-15	1.327435747e-13	4.999999912e-15	1.637282324e-11	2.290550562e-14	3.104410392e-12	5.936654163e-13	4.130679354e-09	1.184861671e-13	2.006992391e-14	4.999999912e-15	1.102502963e-13	1.236793735e-13	4.999999912e-15	4.999999912e-15	6.27466964e-14	9.444546111e-15	4.999999912e-15	1	1	1	1	1	1	1	0	0	0	0	0	0	0	0	0	0
214.904	1747387572.634	05/16/2025_11:26:12.634	1	3	4.078358688e-05	6.836508874e-06	0.0120000001	1.461925741e-13	1.115495196e-11	4.999999912e-15	2.108688658e-13	8.836629887e-14	4.999999912e-15	4.446291425e-14	1.207840929e-13	4.999999912e-15	4.999999912e-15	1.073549886e-13	8.263955492e-12	2.465208766e-11	5.236564307e-11	2.717738812e-10	3.277710603e-10	4.539398805e-12	6.921030155e-12	4.220239175e-12	7.583224604e-10	4.999999912e-15	9.239661716e-14	4.357083271e-14	4.999999912e-15	1.247523677e-14	1.704063594e-13	4.999999912e-15	3.041620775e-11	3.73085189e-13	2.910291908e-13	4.999999912e-15	2.919099207e-12	1.446155478e-13	4.999999912e-15	4.999999912e-15	1.630039333e-11	4.99747406e-14	2.682298177e-12	7.377573487e-13	4.082308713e-09	4.999999912e-15	4.999999912e-15	4.999999912e-15	1.955918608e-13	4.999999912e-15	4.999999912e-15	1.325086416e-13	4.999999912e-15	4.999999912e-15	4.999999912e-15	1	1	1	1	1	1	1	0	0	0	0	0	0	0	0	0	0
223.923	1747387581.653	05/16/2025_11:26:21.653	1	3	4.083954263e-05	6.931493317e-06	0.0120000001	4.999999912e-15	1.100262503e-11	2.376931659e-13	3.335764824e-14	4.999999912e-15	1.466048149e-13	7.327850078e-14	4.999999912e-15	4.999999912e-15	1.379069656e-13	5.425793549e-14	8.017116485e-12	2.481884316e-11	5.292160113e-11	2.708783475e-10	3.285102745e-10	4.809157413e-12	6.826689821e-12	3.821506046e-12	7.528220825e-10	1.301967974e-13	4.999999912e-15	4.999999912e-15	4.579905791e-14	3.70534224e-14	4.999999912e-15	4.999999912e-15	3.014579211e-11	1.971988653e-13	5.677489728e-14	9.20758695e-15	2.918030184e-12	4.999999912e-15	4.999999912e-15	6.206370324e-14	1.627858438e-11	4.999999912e-15	2.952646374e-12	9.194223074e-13	4.02963396e-09	4.999999912e-15	1.025421203e-13	8.489153933e-14	4.999999912e-15	4.999999912e-15	8.664386754e-14	4.999999912e-15	4.999999912e-15	2.687409214e-14	7.907705794e-14	1	1	1	1	1	1	1	0	0	0	0	0	0	0	0	0	0
232.942	1747387590.672	05/16/2025_11:26:30.672	1	3	4.078620623e-05	6.904983366e-06	0.0120000001	3.310474453e-14	1.124806238e-11	7.31211966e-14	4.999999912e-15	6.910680253e-14	1.168811955e-13	4.999999912e-15	4.999999912e-15	1.484706048e-13	4.999999912e-15	1.863842603e-13	8.233719262e-12	2.47389869e-11	5.211181486e-11	2.709671654e-10	3.258157633e-10	4.582059558e-12	6.731780498e-12	3.990256042e-12	7.561620774e-10	4.999999912e-15	4.999999912e-15	9.563043987e-14	9.18072042e-14	4.999999912e-15	4.999999912e-15	2.311160703e-13	2.956938167e-11	1.468953675e-14	2.576237292e-13	3.296137235e-14	2.627817018e-12	4.999999912e-15	1.328113238e-13	4.999999912e-15	1.62849248e-11	8.763538398e-15	3.001904064e-12	6.667726809e-13	4.071679438e-09	5.527945723e-14	6.426406445e-14	4.999999912e-15	1.413179876e-13	1.445995965e-13	4.999999912e-15	4.999999912e-15	3.272241419e-14	1.222036795e-14	4.999999912e-15	1	1	1	1	1	1	1	0	0	0	0	0	0	0	0	0	0
241.961	1747387599.691	05/16/2025_11:26:39.691	1	3	4.072876982e-05	6.878559816e-06	0.01600000076	2.266954392e-13	1.093115702e-11	2.301203932e-13	1.96730883e-13	7.35751927e-14	4.999999912e-15	6.212143701e-14	9.755003337e-14	4.999999912e-15	4.999999912e-15	1.368814594e-13	8.110189603e-12	2.400710186e-11	5.180588597e-11	2.676170674e-10	3.249597813e-10	4.539582252e-12	6.875653259e-12	4.105678037e-12	7.562727111e-10	4.999999912e-15	1.75655348e-13	1.482494683e-14	4.999999912e-15	4.999999912e-15	1.561409828e-13	4.999999912e-15	2.87977333e-11	5.871141789e-13	2.490772345e-13	4.999999912e-15	2.692198678e-12	8.209782138e-14	4.999999912e-15	4.999999912e-15	1.620399127e-11	7.950121139e-14	2.821598857e-12	7.22408678e-13	4.087462369e-09	2.81265896e-14	4.999999912e-15	4.999999912e-15	2.774806752e-13	4.999999912e-15	4.999999912e-15	9.29143508e-14	1.426738231e-14	4.999999912e-15	4.999999912e-15	1	1	1	1	1	1	1	0	0	0	0	0	0	0	0	0	0
250.98	1747387608.710	05/16/2025_11:26:48.710	1	3	4.05988394e-05	6.915575341e-06	0.01400000043	4.999999912e-15	1.101441768e-11	2.615923428e-13	3.331383292e-14	4.999999912e-15	3.113140171e-14	1.682737337e-13	4.999999912e-15	4.999999912e-15	1.271421933e-13	4.999999912e-15	7.940176294e-12	2.41017848e-11	5.177747814e-11	2.667956134e-10	3.239258861e-10	4.582188795e-12	6.693996052e-12	3.607823892e-12	7.458516582e-10	9.515451578e-14	4.999999912e-15	4.999999912e-15	1.100173419e-13	6.334208603e-14	4.999999912e-15	4.999999912e-15	2.845134371e-11	2.05343121e-13	4.999999912e-15	6.599023628e-15	2.66345496e-12	4.999999912e-15	4.999999912e-15	1.677799067e-13	1.678644029e-11	4.999999912e-15	2.968915044e-12	8.772753032e-13	4.010119792e-09	4.999999912e-15	4.605792473e-14	3.231022763e-14	4.999999912e-15	4.999999912e-15	1.490460858e-13	1.575687009e-13	4.999999912e-15	4.999999912e-15	6.391557476e-14	1	1	1	1	1	1	1	0	0	0	0	0	0	0	0	0	0
259.999	1747387617.729	05/16/2025_11:26:57.729	1	3	4.043656736e-05	6.912925983e-06	0.0120000001	1.11508784e-13	1.128850485e-11	7.061617458e-14	4.999999912e-15	6.508842402e-14	1.756593325e-13	4.999999912e-15	4.999999912e-15	1.292867858e-13	4.999999912e-15	4.999999912e-15	8.065651445e-12	2.433513981e-11	5.169875986e-11	2.685036637e-10	3.248018243e-10	4.41854886e-12	6.48610202e-12	3.932075152e-12	7.484259323e-10	4.999999912e-15	4.999999912e-15	3.650980343e-14	4.487312215e-14	4.999999912e-15	4.999999912e-15	1.601593343e-13	2.802998458e-11	8.503291929e-14	2.751747398e-13	1.190755665e-13	2.23349529e-12	4.999999912e-15	2.107374469e-13	1.0734889e-14	1.599341666e-11	5.161156062e-14	3.046918403e-12	6.186757378e-13	4.042143065e-09	1.010904685e-13	7.767321942e-14	4.999999912e-15	1.494065153e-13	1.189959183e-13	4.999999912e-15	4.999999912e-15	7.157196656e-14	1.247126588e-14	4.999999912e-15	1	1	1	1	1	1	1	0	0	0	0	0	0	0	0	0	0
269.018	1747387626.748	05/16/2025_11:27:06.748	1	3	4.043709123e-05	6.870664947e-06	0.01600000076	3.378418151e-13	1.090430177e-11	7.99651686e-14	2.092220982e-13	6.596258912e-14	4.999999912e-15	1.981347486e-13	1.129882998e-13	4.999999912e-15	4.999999912e-15	1.363577762e-13	8.03133688e-12	2.407904431e-11	5.140893961e-11	2.65440836e-10	3.220109734e-10	4.314061261e-12	6.510075465e-12	4.094512489e-12	7.440900118e-10	4.999999912e-15	1.277236509e-13	4.999999912e-15	4.999999912e-15	5.506639795e-14	9.161008269e-14	4.999999912e-15	2.706179898e-11	3.97420405e-13	1.700818306e-13	4.999999912e-15	2.398832001e-12	1.11490854e-13	4.999999912e-15	4.999999912e-15	1.652570268e-11	2.060957199e-14	2.707350403e-12	7.156722047e-13	4.020682454e-09	4.999999912e-15	4.999999912e-15	9.427040312e-14	3.101871516e-13	4.999999912e-15	4.999999912e-15	1.075242461e-13	4.999999912e-15	4.999999912e-15	6.49749216e-14	1	1	1	1	1	1	1	0	0	0	0	0	0	0	0	0	0
278.037	1747387635.767	05/16/2025_11:27:15.767	1	3	4.046847243e-05	6.881195986e-06	0.0120000001	4.999999912e-15	1.085161822e-11	3.003562839e-13	1.437890605e-14	4.999999912e-15	1.241055327e-13	9.516050599e-14	4.999999912e-15	2.661321955e-14	4.818260862e-14	4.999999912e-15	7.833690294e-12	2.412899741e-11	5.116128701e-11	2.650451525e-10	3.199236154e-10	4.647843308e-12	6.353655449e-12	3.669495263e-12	7.423079373e-10	1.341096288e-13	4.999999912e-15	4.999999912e-15	1.143403541e-13	3.87678984e-14	4.999999912e-15	3.727047967e-14	2.738809353e-11	9.156029071e-14	5.511219194e-14	9.293027502e-14	2.310895615e-12	4.999999912e-15	4.999999912e-15	1.426959408e-13	1.607704421e-11	4.999999912e-15	3.037101603e-12	8.117765357e-13	3.985836106e-09	4.999999912e-15	1.110906343e-13	4.999999912e-15	4.999999912e-15	2.043234559e-14	1.041450997e-13	4.999999912e-15	4.999999912e-15	8.056850001e-14	4.999999912e-15	1	1	1	1	1	1	1	0	0	0	0	0	0	0	0	0	0
287.056	1747387644.786	05/16/2025_11:27:24.786	1	3	4.048363553e-05	6.899686468e-06	0.01000000071	2.649854349e-13	1.110608047e-11	4.999999912e-15	3.885750771e-14	2.075892355e-13	1.945463918e-14	4.999999912e-15	1.324150479e-13	1.418138203e-13	4.999999912e-15	4.999999912e-15	8.097710003e-12	2.406885802e-11	5.171965287e-11	2.659233667e-10	3.215910593e-10	4.404966409e-12	6.460476685e-12	4.050378088e-12	7.433582083e-10	4.999999912e-15	4.999999912e-15	1.648168906e-13	4.999999912e-15	4.999999912e-15	5.704970188e-14	1.694525596e-13	2.66857595e-11	2.15474665e-13	3.279253225e-13	8.096455906e-15	2.025151314e-12	3.114733948e-14	1.554181317e-13	4.999999912e-15	1.606153752e-11	1.51563034e-13	2.988572497e-12	2.592028155e-13	4.008842147e-09	1.480584318e-13	4.999999912e-15	4.999999912e-15	2.42109799e-13	4.999999912e-15	4.999999912e-15	4.999999912e-15	1.682100097e-13	4.999999912e-15	4.999999912e-15	1	1	1	1	1	1	1	0	0	0	0	0	0	0	0	0	0
296.075	1747387653.805	05/16/2025_11:27:33.805	1	3	4.037213876e-05	6.947448128e-06	0.01400000043	1.147983347e-13	1.100357132e-11	1.396015194e-13	1.889689306e-13	4.999999912e-15	4.999999912e-15	1.200871542e-13	7.922640679e-14	4.999999912e-15	4.999999912e-15	1.113255674e-13	7.949483086e-12	2.401455423e-11	5.076789683e-11	2.645560715e-10	3.213526667e-10	4.285269622e-12	6.483991295e-12	3.91191593e-12	7.439810989e-10	3.535487062e-14	5.571357178e-14	4.999999912e-15	4.999999912e-15	1.168272564e-14	3.441500286e-14	4.999999912e-15	2.654728347e-11	3.290264654e-13	1.567582598e-13	4.999999912e-15	2.238075177e-12	5.04884898e-14	4.999999912e-15	4.999999912e-15	1.643701321e-11	4.999999912e-15	2.683003125e-12	7.636476629e-13	4.023607225e-09	4.999999912e-15	4.999999912e-15	2.512238193e-13	1.659658739e-13	4.999999912e-15	4.999999912e-15	5.337181706e-14	4.999999912e-15	4.999999912e-15	1.357841248e-14	1	1	1	1	1	1	1	0	0	0	0	0	0	0	0	0	0
305.094	1747387662.824	05/16/2025_11:27:42.824	1	3	4.018672189e-05	6.95545441e-06	0.01400000043	4.999999912e-15	1.105189898e-11	2.783487958e-13	4.999999912e-15	4.999999912e-15	1.765235636e-13	1.293722209e-14	4.999999912e-15	4.999999912e-15	1.56467531e-13	4.999999912e-15	7.782753608e-12	2.401993361e-11	5.091682284e-11	2.61207278e-10	3.164818962e-10	4.485762022e-12	6.465811827e-12	3.735677132e-12	7.336943275e-10	7.520804861e-14	4.999999912e-15	4.999999912e-15	1.035476975e-13	4.999999912e-15	4.999999912e-15	1.375425652e-13	2.659855669e-11	5.672911007e-14	9.058059885e-14	8.363506421e-14	2.176995129e-12	4.999999912e-15	3.855284012e-14	9.228511374e-14	1.591972734e-11	4.999999912e-15	2.942707926e-12	7.388564587e-13	3.950776595e-09	4.999999912e-15	1.538868588e-13	4.999999912e-15	4.999999912e-15	1.865613106e-14	7.054050405e-14	4.999999912e-15	4.999999912e-15	1.141093784e-13	6.305334266e-14	1	1	1	1	1	1	1	0	0	0	0	0	0	0	0	0	0
314.113	1747387671.843	05/16/2025_11:27:51.843	1	3	4.013241414e-05	6.881195986e-06	0.0120000001	1.596515617e-13	1.137873476e-11	6.352927353e-14	4.822044727e-14	2.049249442e-13	3.114334149e-14	4.999999912e-15	4.999999912e-15	1.745462227e-13	4.999999912e-15	4.999999912e-15	8.071309246e-12	2.39129775e-11	5.025437011e-11	2.610264782e-10	3.148165617e-10	4.411541445e-12	6.12574878e-12	3.818814188e-12	7.302762839e-10	4.999999912e-15	4.999999912e-15	1.819218604e-13	4.999999912e-15	4.999999912e-15	9.610633686e-14	1.427656414e-13	2.561393111e-11	9.480009009e-14	3.313144301e-13	3.354879308e-14	1.834384207e-12	5.288778855e-15	1.450595557e-13	4.999999912e-15	1.582819119e-11	8.153029575e-14	2.982690483e-12	6.013139205e-13	3.945016758e-09	1.636818665e-13	4.999999912e-15	4.999999912e-15	2.137502144e-13	6.536123639e-14	4.999999912e-15	4.999999912e-15	9.741261075e-14	2.370398664e-14	4.999999912e-15	1	1	1	1	1	1	1	0	0	0	0	0	0	0	0	0	0
323.132	1747387680.862	05/16/2025_11:28:00.862	1	3	4.016127059e-05	6.87592501e-06	0.01400000043	1.083068368e-13	1.077719598e-11	1.147744551e-13	2.535097783e-13	4.999999912e-15	4.999999912e-15	1.407405415e-13	4.909459883e-14	4.999999912e-15	4.999999912e-15	1.722662133e-13	7.864455615e-12	2.383654385e-11	5.072463283e-11	2.612305372e-10	3.167157647e-10	4.152277047e-12	6.465153933e-12	3.848712581e-12	7.332672802e-10	4.999999912e-15	8.735872269e-14	4.999999912e-15	4.999999912e-15	1.169250108e-13	7.53633538e-14	4.999999912e-15	2.553137562e-11	3.804090289e-13	1.841819205e-13	4.999999912e-15	2.100860935e-12	1.303700393e-13	4.999999912e-15	4.999999912e-15	1.589348618e-11	6.421228024e-14	2.769527446e-12	6.957934662e-13	3.935941795e-09	4.999999912e-15	4.999999912e-15	9.46706499e-14	8.492142265e-14	4.999999912e-15	4.257918074e-14	1.188366219e-13	4.999999912e-15	4.999999912e-15	9.792038328e-14	1	1	1	1	1	1	1	0	0	0	0	0	0	0	0	0	0
332.151	1747387689.881	05/16/2025_11:28:09.881	1	3	4.013721991e-05	6.902330369e-06	0.01400000043	4.999999912e-15	1.105402315e-11	3.197731251e-13	4.999999912e-15	4.999999912e-15	9.961893506e-14	6.861893866e-14	4.999999912e-15	3.972171171e-14	1.446533865e-13	4.999999912e-15	7.862935997e-12	2.368109181e-11	5.025570585e-11	2.608768201e-10	3.142378024e-10	4.534163843e-12	6.260796569e-12	3.733086323e-12	7.302988214e-10	1.054812298e-13	4.999999912e-15	4.999999912e-15	1.221122541e-13	4.999999912e-15	4.999999912e-15	2.423765127e-14	2.558584074e-11	5.74678651e-14	4.942315274e-14	4.802131999e-14	1.932091423e-12	4.999999912e-15	2.109941453e-14	1.562664115e-13	1.561218516e-11	4.999999912e-15	3.0170276e-12	8.059442328e-13	3.933027681e-09	4.999999912e-15	1.276400047e-13	4.999999912e-15	4.999999912e-15	4.999999912e-15	7.569190771e-14	4.999999912e-15	4.999999912e-15	1.810377206e-13	4.999999912e-15	1	1	1	1	1	1	1	0	0	0	0	0	0	0	0	0	0
341.17	1747387698.900	05/16/2025_11:28:18.900	1	3	4.007396274e-05	6.87592501e-06	0.0120000001	1.329009331e-13	1.101388425e-11	4.999999912e-15	4.72606573e-14	2.102097522e-13	4.999999912e-15	4.999999912e-15	6.096055464e-14	1.078587903e-13	4.999999912e-15	4.999999912e-15	7.929353354e-12	2.346079928e-11	5.041552245e-11	2.612507155e-10	3.160888218e-10	4.363827442e-12	6.24944237e-12	3.994869973e-12	7.330258622e-10	4.999999912e-15	4.999999912e-15	1.34732896e-13	4.999999912e-15	4.999999912e-15	1.530843865e-13	1.126537557e-13	2.543125606e-11	1.890067963e-13	2.656624649e-13	1.359754323e-13	1.738544638e-12	3.099600519e-14	3.829198785e-14	4.999999912e-15	1.582269038e-11	1.220365904e-13	2.91466482e-12	5.597483197e-13	3.96725186e-09	1.772503585e-13	4.999999912e-15	4.999999912e-15	2.364625694e-13	8.476013402e-14	4.999999912e-15	4.999999912e-15	9.250216424e-14	4.999999912e-15	4.999999912e-15	1	1	1	1	1	1	1	0	0	0	0	0	0	0	0	0	0
350.189	1747387707.919	05/16/2025_11:28:27.919	1	3	4.003557115e-05	6.844365089e-06	0.0120000001	2.103849863e-13	1.083459104e-11	1.24187146e-13	1.796557965e-13	4.999999912e-15	4.999999912e-15	1.02187654e-13	1.111722476e-13	4.999999912e-15	4.999999912e-15	8.383617693e-14	7.57307498e-12	2.374155039e-11	5.035027256e-11	2.61197286e-10	3.150255057e-10	4.319238977e-12	6.420612306e-12	3.779303693e-12	7.272785707e-10	5.32822213e-14	7.932796943e-14	4.999999912e-15	4.999999912e-15	1.600936452e-13	1.632437133e-14	4.999999912e-15	2.481746926e-11	6.502950305e-13	5.231049155e-14	4.999999912e-15	1.910032245e-12	1.358438915e-14	4.999999912e-15	4.999999912e-15	1.602161112e-11	4.999999912e-15	2.674582127e-12	8.091023511e-13	3.936915238e-09	4.999999912e-15	4.999999912e-15	1.463937478e-13	6.261726977e-14	4.999999912e-15	2.680637017e-14	1.161265095e-13	4.999999912e-15	4.999999912e-15	8.777090925e-14	1	1	1	1	1	1	1	0	0	0	0	0	0	0	0	0	0
359.208	1747387716.938	05/16/2025_11:28:36.938	1	3	3.992479469e-05	6.918217878e-06	0.01400000043	4.999999912e-15	1.1069483e-11	1.695421554e-13	4.999999912e-15	2.459748442e-13	1.519872146e-13	4.999999912e-15	4.999999912e-15	5.944917681e-14	1.161762879e-13	4.999999912e-15	7.626363083e-12	2.376136787e-11	5.019059127e-11	2.592897841e-10	3.112510527e-10	4.259980389e-12	6.005777039e-12	3.751826107e-12	7.178337369e-10	4.999999912e-15	4.999999912e-15	4.999999912e-15	8.917476133e-14	4.999999912e-15	4.999999912e-15	2.843325618e-14	2.490879725e-11	4.999999912e-15	1.940745606e-13	1.34830447e-13	1.656873098e-12	4.999999912e-15	4.999999912e-15	3.809665799e-13	1.544014916e-11	4.999999912e-15	2.820105694e-12	6.628021699e-13	3.87357213e-09	4.942912941e-14	9.575388984e-14	4.999999912e-15	3.131659699e-14	4.101803803e-14	4.999999912e-15	4.999999912e-15	4.999999912e-15	8.617991032e-14	4.999999912e-15	1	1	1	1	1	1	1	0	0	0	0	0	0	0	0	0	0
368.227	1747387725.957	05/16/2025_11:28:45.957	1	3	3.984660725e-05	6.889119049e-06	0.0120000001	2.106259503e-13	1.060854442e-11	4.999999912e-15	1.022693283e-13	1.726167223e-13	4.999999912e-15	4.999999912e-15	1.619594487e-13	1.406429091e-14	4.999999912e-15	4.999999912e-15	8.112900976e-12	2.352131684e-11	5.047450305e-11	2.589253534e-10	3.123058756e-10	4.070173885e-12	6.390410336e-12	4.110125868e-12	7.236246047e-10	4.999999912e-15	8.003087803e-14	1.038782436e-13	4.999999912e-15	4.999999912e-15	2.661583248e-13	4.999999912e-15	2.44529761e-11	2.050504135e-13	3.66454317e-13	4.999999912e-15	1.652380815e-12	5.419222606e-14	7.733866851e-14	4.999999912e-15	1.566095517e-11	9.699646007e-14	2.607566073e-12	6.36405967e-13	3.903195989e-09	2.798720863e-14	4.999999912e-15	4.999999912e-15	2.939244714e-13	4.999999912e-15	4.999999912e-15	5.506839695e-14	1.628515302e-13	4.999999912e-15	4.999999912e-15	1	1	1	1	1	1	1	0	0	0	0	0	0	0	0	0	0
377.246	1747387734.976	05/16/2025_11:28:54.976	1	3	3.986915908e-05	6.878559816e-06	0.01400000043	4.999999912e-15	1.060496569e-11	2.509031936e-13	5.972594652e-14	4.999999912e-15	4.999999912e-15	1.442830095e-13	4.999999912e-15	4.999999912e-15	5.440529212e-14	1.02434581e-13	7.734391252e-12	2.331376932e-11	4.97810751e-11	2.548050659e-10	3.08664011e-10	4.362385453e-12	6.458788365e-12	3.644415499e-12	7.211865549e-10	1.318256349e-13	9.14784741e-15	4.999999912e-15	4.999999912e-15	9.00409711e-14	4.999999912e-15	4.999999912e-15	2.454999572e-11	2.103292177e-13	4.999999912e-15	4.999999912e-15	1.900450283e-12	4.999999912e-15	4.999999912e-15	8.609028746e-14	1.568691184e-11	4.999999912e-15	2.749095222e-12	7.744623085e-13	3.858925179e-09	4.999999912e-15	4.999999912e-15	8.892584206e-14	4.999999912e-15	4.999999912e-15	6.323057583e-14	4.828814215e-14	4.999999912e-15	4.999999912e-15	1.822125756e-13	1	1	1	1	1	1	1	0	0	0	0	0	0	0	0	0	0
386.265	1747387743.995	05/16/2025_11:29:03.995	1	3	3.984618888e-05	6.883841252e-06	0.0120000001	4.999999912e-15	1.092702664e-11	1.923301741e-13	4.999999912e-15	8.121765928e-14	1.430105491e-13	4.999999912e-15	4.999999912e-15	1.129026546e-13	7.530759192e-14	4.999999912e-15	7.639801118e-12	2.328012783e-11	4.883925209e-11	2.553819101e-10	3.092100187e-10	4.554090178e-12	6.091759475e-12	3.766903456e-12	7.191622298e-10	4.999999912e-15	4.999999912e-15	4.999999912e-15	6.508046191e-14	4.999999912e-15	4.999999912e-15	9.843811015e-14	2.416777022e-11	4.999999912e-15	1.191313216e-13	1.292151065e-13	1.59661737e-12	4.999999912e-15	1.044597013e-13	1.00461245e-13	1.550749112e-11	4.999999912e-15	2.904877727e-12	7.544241924e-13	3.873494858e-09	4.999999912e-15	8.953317823e-14	4.999999912e-15	5.693003306e-15	9.088723833e-14	8.13132317e-14	4.999999912e-15	4.999999912e-15	1.483153064e-13	4.999999912e-15	1	1	1	1	1	1	1	0	0	0	0	0	0	0	0	0	0
395.284	1747387753.014	05/16/2025_11:29:13.014	1	3	3.984378418e-05	6.878559816e-06	0.0120000001	2.557021435e-13	1.068068464e-11	2.723250228e-14	9.033168636e-14	1.154056641e-13	4.999999912e-15	1.071298134e-14	1.334385618e-13	6.32982707e-14	4.999999912e-15	5.418624262e-14	7.867061169e-12	2.346921962e-11	4.893563679e-11	2.554851053e-10	3.097039292e-10	4.136038734e-12	6.617694673e-12	4.130988954e-12	7.232593968e-10	4.999999912e-15	5.450484898e-14	1.376281901e-13	4.999999912e-15	4.999999912e-15	1.583851458e-13	4.818058929e-14	2.405361327e-11	2.393737877e-13	3.2835941e-13	4.999999912e-15	1.602688685e-12	8.281266298e-14	2.908040968e-14	4.999999912e-15	1.575858367e-11	1.569513969e-13	2.714913364e-12	5.928629441e-13	3.902584922e-09	1.638809937e-13	4.999999912e-15	4.999999912e-15	3.00481699e-13	4.999999912e-15	4.999999912e-15	4.999999912e-15	7.086509385e-14	4.999999912e-15	4.999999912e-15	1	1	1	1	1	1	1	0	0	0	0	0	0	0	0	0	0
404.303	1747387762.033	05/16/2025_11:29:22.033	1	3	3.969927639e-05	6.891759313e-06	0.0120000001	7.190252625e-14	1.044122601e-11	1.752092937e-13	2.067827788e-13	4.999999912e-15	4.999999912e-15	1.538151659e-13	7.833828258e-14	4.999999912e-15	1.821805239e-14	1.764518707e-13	7.829834871e-12	2.306977352e-11	4.991216815e-11	2.566043211e-10	3.085856293e-10	4.293477466e-12	6.277429965e-12	3.847753279e-12	7.182840989e-10	4.466202798e-14	5.130489404e-14	4.999999912e-15	4.999999912e-15	1.402427165e-13	4.999999912e-15	4.999999912e-15	2.381671943e-11	3.326784377e-13	2.326790019e-14	4.999999912e-15	1.75598609e-12	4.999999912e-15	4.999999912e-15	4.999999912e-15	1.541341187e-11	4.999999912e-15	2.74827318e-12	8.118722708e-13	3.823125816e-09	4.999999912e-15	4.999999912e-15	1.72963152e-13	1.342370767e-13	4.999999912e-15	7.629923711e-14	1.014528901e-13	4.999999912e-15	1.819636564e-13	7.715945667e-14	1	1	1	1	1	1	1	0	0	0	0	0	0	0	0	0	0
413.322	1747387771.052	05/16/2025_11:29:31.052	1	3	3.957579975e-05	6.897043022e-06	0.01400000043	4.999999912e-15	1.107219351e-11	2.718652397e-13	4.999999912e-15	4.999999912e-15	1.853488066e-13	4.999999912e-15	4.999999912e-15	4.999999912e-15	1.639546788e-13	4.999999912e-15	7.548883393e-12	2.33744777e-11	4.87902635e-11	2.554218503e-10	3.072393173e-10	4.383570763e-12	5.987764538e-12	3.675094517e-12	7.182480166e-10	1.037866556e-13	4.999999912e-15	4.999999912e-15	8.63909706e-14	4.999999912e-15	4.999999912e-15	1.511309253e-13	2.421792974e-11	1.918323627e-13	7.382209942e-14	1.178688766e-13	1.610026457e-12	4.999999912e-15	9.470648956e-14	2.199330941e-13	1.538361626e-11	4.999999912e-15	2.931907321e-12	7.350651663e-13	3.855585629e-09	1.077851119e-13	1.207362931e-13	4.999999912e-15	1.269827071e-14	1.198442116e-13	1.152085426e-13	4.999999912e-15	4.999999912e-15	1.366504566e-13	4.999999912e-15	1	1	1	1	1	1	1	0	0	0	0	0	0	0	0	0	0
422.341	1747387780.071	05/16/2025_11:29:40.071	1	3	3.95387724e-05	6.878559816e-06	0.01400000043	1.046588082e-13	1.069246428e-11	2.429140737e-14	5.725080783e-14	9.973642192e-14	6.073949937e-14	4.999999912e-15	1.058217099e-13	1.311983833e-13	4.999999912e-15	4.999999912e-15	7.805497568e-12	2.303368087e-11	4.908757081e-11	2.53714133e-10	3.050223685e-10	4.10211318e-12	5.878257082e-12	4.010467305e-12	7.050235395e-10	4.999999912e-15	4.999999912e-15	1.388129791e-13	4.999999912e-15	4.999999912e-15	1.326161674e-13	1.376500774e-13	2.33392819e-11	1.78558611e-13	2.610288017e-13	4.999999912e-15	1.594825183e-12	8.681709594e-14	1.103617929e-13	4.999999912e-15	1.523888654e-11	1.483391995e-13	2.783784921e-12	5.664727585e-13	3.802696824e-09	2.64533431e-13	4.999999912e-15	4.999999912e-15	2.48890047e-13	6.234844184e-14	4.999999912e-15	4.999999912e-15	1.863620884e-14	4.999999912e-15	4.999999912e-15	1	1	1	1	1	1	1	0	0	0	0	0	0	0	0	0	0
431.36	1747387789.090	05/16/2025_11:29:49.090	1	3	3.956026194e-05	6.928837593e-06	0.01400000043	9.94636231e-14	1.054829401e-11	1.300653514e-13	1.925272956e-13	4.999999912e-15	4.999999912e-15	1.884332669e-13	2.185209479e-14	4.999999912e-15	4.999999912e-15	1.718500152e-13	7.639758617e-12	2.284908027e-11	4.847901247e-11	2.530549104e-10	3.03954889e-10	4.248604506e-12	6.240553213e-12	3.766240358e-12	7.121809809e-10	1.519331129e-14	5.289989096e-14	4.999999912e-15	4.999999912e-15	1.031912321e-13	1.915991237e-14	4.999999912e-15	2.353131925e-11	2.665545736e-13	4.999999912e-15	4.999999912e-15	1.69473669e-12	4.999999912e-15	4.999999912e-15	4.999999912e-15	1.569419768e-11	4.999999912e-15	2.685366686e-12	7.644820649e-13	3.844920826e-09	4.999999912e-15	3.900883522e-14	1.065843784e-13	9.656433097e-14	4.999999912e-15	5.880995831e-14	1.300494136e-13	4.999999912e-15	2.192261807e-13	1.213993641e-13	1	1	1	1	1	1	1	0	0	0	0	0	0	0	0	0	0
440.379	1747387798.109	05/16/2025_11:29:58.109	1	3	3.956760702e-05	6.95545441e-06	0.01400000043	4.999999912e-15	1.058888654e-11	2.575082075e-13	4.999999912e-15	4.999999912e-15	2.008289097e-13	2.239571376e-14	4.999999912e-15	4.138441028e-14	1.509835551e-13	4.999999912e-15	7.547604902e-12	2.314318528e-11	4.876442652e-11	2.524599696e-10	3.051531805e-10	4.541991783e-12	5.915039725e-12	3.679567501e-12	7.079118958e-10	5.463370641e-13	4.999999912e-15	4.999999912e-15	2.014979709e-13	4.999999912e-15	4.999999912e-15	7.606425662e-14	2.349358381e-11	7.657403493e-14	7.678110399e-14	2.330236427e-13	1.583913122e-12	4.999999912e-15	9.508483546e-14	1.490241849e-13	1.519546121e-11	4.999999912e-15	2.572886348e-12	7.070400038e-13	3.812485438e-09	4.694400928e-14	2.442225025e-13	4.999999912e-15	1.006762965e-13	1.614178084e-13	3.303702933e-14	4.999999912e-15	4.999999912e-15	1.538509717e-13	4.999999912e-15	1	1	1	1	1	1	1	0	0	0	0	0	0	0	0	0	0
449.398	1747387807.128	05/16/2025_11:30:07.128	1	3	3.95328716e-05	6.918217878e-06	0.01400000043	1.846220117e-13	1.070387962e-11	2.822015625e-14	7.325458735e-14	1.788871243e-13	4.999999912e-15	4.999999912e-15	1.300772912e-13	9.12396718e-14	4.999999912e-15	4.999999912e-15	8.028131111e-12	2.253141597e-11	4.781662219e-11	2.510639474e-10	3.019562378e-10	4.4064522e-12	6.083558136e-12	3.975845261e-12	7.178846961e-10	4.999999912e-15	5.667133565e-14	1.683732906e-13	4.999999912e-15	4.999999912e-15	1.548964136e-13	1.002561275e-13	2.329349387e-11	2.008866164e-13	2.898562737e-13	4.999999912e-15	1.460305292e-12	9.89339158e-14	1.390459471e-13	4.999999912e-15	1.557780814e-11	1.898152046e-13	2.793575917e-12	6.139066577e-13	3.837848261e-09	5.749972032e-14	4.999999912e-15	4.999999912e-15	3.185304939e-13	4.999999912e-15	4.999999912e-15	7.551666676e-14	1.549282621e-13	4.999999912e-15	4.999999912e-15	1	1	1	1	1	1	1	0	0	0	0	0	0	0	0	0	0
458.417	1747387816.147	05/16/2025_11:30:16.147	1	3	3.936105713e-05	6.823423064e-06	0.0120000001	4.999999912e-15	1.033334269e-11	1.323851646e-13	1.997695493e-13	4.999999912e-15	4.999999912e-15	1.718599899e-13	4.999999912e-15	4.999999912e-15	2.5318899e-14	1.43918582e-13	7.486855753e-12	2.307045874e-11	4.880490803e-11	2.528728615e-10	3.0368702e-10	4.236873873e-12	6.231100705e-12	3.743932681e-12	7.045918848e-10	4.999999912e-15	8.784459434e-14	4.999999912e-15	4.999999912e-15	9.684509867e-14	4.999999912e-15	4.999999912e-15	2.343182939e-11	3.113122282e-13	4.999999912e-15	4.999999912e-15	1.573932824e-12	4.999999912e-15	4.999999912e-15	4.999999912e-15	1.53315919e-11	4.999999912e-15	2.786118558e-12	7.917325107e-13	3.839380813e-09	4.999999912e-15	4.999999912e-15	1.531478937e-14	1.031274133e-14	4.999999912e-15	4.999999912e-15	4.999999912e-15	4.999999912e-15	4.999999912e-15	1.729750918e-13	1	1	1	1	1	1	1	0	0	0	0	0	0	0	0	0	0
467.436	1747387825.166	05/16/2025_11:30:25.166	1	3	3.929378727e-05	6.891759313e-06	0.0120000001	4.999999912e-15	1.094073356e-11	1.641080121e-13	4.999999912e-15	3.260492733e-14	1.857570087e-13	4.999999912e-15	4.999999912e-15	4.902886907e-14	7.446926647e-14	4.999999912e-15	7.543891727e-12	2.283464737e-11	4.846955823e-11	2.505310126e-10	3.027147699e-10	4.298258797e-12	5.850520589e-12	3.728247312e-12	7.024950621e-10	1.237368769e-14	4.999999912e-15	2.596206805e-14	1.603484869e-13	4.999999912e-15	4.999999912e-15	7.677911854e-14	2.317744781e-11	4.931561344e-14	1.517143616e-13	1.249199312e-13	1.51053703e-12	4.999999912e-15	7.633309132e-14	1.17512418e-13	1.505006536e-11	4.999999912e-15	3.001945914e-12	5.696090301e-13	3.818089844e-09	2.722734419e-13	1.280422301e-13	4.999999912e-15	3.158539782e-14	6.543690015e-14	1.825189983e-14	4.999999912e-15	4.999999912e-15	6.943534289e-14	4.999999912e-15	1	1	1	1	1	1	1	0	0	0	0	0	0	0	0	0	0
476.455	1747387834.185	05/16/2025_11:30:34.185	1	3	3.929513332e-05	6.907622719e-06	0.0120000001	1.690045131e-13	1.07119669e-11	4.999999912e-15	9.247627214e-14	1.387213911e-13	4.999999912e-15	4.999999912e-15	1.530584741e-13	8.374656085e-14	4.999999912e-15	4.999999912e-15	7.886665279e-12	2.261862746e-11	4.804373913e-11	2.496351181e-10	3.024390183e-10	4.075258794e-12	5.884298257e-12	3.962856085e-12	6.963556953e-10	4.999999912e-15	1.021936374e-13	1.197804876e-13	4.999999912e-15	4.999999912e-15	1.338626746e-13	4.999999912e-15	2.249169601e-11	1.885029947e-13	2.002753161e-13	4.999999912e-15	1.345570573e-12	1.45396065e-13	5.518386448e-14	4.999999912e-15	1.537240127e-11	2.226890005e-13	2.64124638e-12	5.838884064e-13	3.81419385e-09	1.044079035e-13	4.999999912e-15	4.999999912e-15	2.439875287e-13	4.999999912e-15	4.999999912e-15	2.290946296e-14	1.46144815e-13	4.999999912e-15	4.999999912e-15	1	1	1	1	1	1	1	0	0	0	0	0	0	0	0	0	0
485.474	1747387843.204	05/16/2025_11:30:43.204	1	3	3.931122046e-05	6.899686468e-06	0.0120000001	4.885961156e-14	1.043573821e-11	4.999999912e-15	1.35200797e-13	4.999999912e-15	4.999999912e-15	1.503025948e-13	2.727095622e-13	4.999999912e-15	4.999999912e-15	9.908725587e-14	7.551750891e-12	2.292181028e-11	4.853448199e-11	2.520628151e-10	3.029764495e-10	4.207144182e-12	6.007310534e-12	3.738034188e-12	7.037330718e-10	5.153586976e-14	2.224040179e-14	4.999999912e-15	4.999999912e-15	3.115630854e-13	4.999999912e-15	4.999999912e-15	2.298814264e-11	3.003164395e-13	2.676454707e-14	4.999999912e-15	1.52803421e-12	4.999999912e-15	4.999999912e-15	3.383751612e-14	1.5563403e-11	4.999999912e-15	2.566215469e-12	7.035235025e-13	3.791920555e-09	4.999999912e-15	3.146853709e-13	1.222655603e-13	4.999999912e-15	4.999999912e-15	9.85297049e-14	9.556670234e-14	4.999999912e-15	4.999999912e-15	3.039662435e-14	1	1	1	1	1	1	1	0	0	0	0	0	0	0	0	0	0
494.493	1747387852.223	05/16/2025_11:30:52.223	1	3	3.934811321e-05	6.839129583e-06	0.01400000043	4.999999912e-15	1.076283593e-11	2.339894229e-13	4.999999912e-15	4.999999912e-15	1.673697124e-13	4.999999912e-15	4.999999912e-15	7.435377184e-14	8.765540106e-14	4.999999912e-15	7.42946156e-12	2.283246335e-11	4.838021303e-11	2.510190666e-10	3.022154471e-10	4.381091843e-12	5.727886915e-12	3.721648423e-12	7.026372262e-10	4.999999912e-15	4.999999912e-15	3.718879859e-14	1.582576436e-13	4.999999912e-15	4.999999912e-15	1.882859239e-13	2.317083504e-11	1.657525571e-14	1.480783405e-13	2.19986857e-13	1.447290421e-12	4.999999912e-15	4.999999912e-15	1.615074041e-13	1.521098698e-11	4.999999912e-15	2.822887757e-12	6.068815155e-13	3.770862733e-09	3.402910549e-13	5.13666258e-14	4.999999912e-15	4.999999912e-15	1.389503746e-13	4.999999912e-15	4.999999912e-15	4.999999912e-15	1.103239543e-13	4.999999912e-15	1	1	1	1	1	1	1	0	0	0	0	0	0	0	0	0	0
503.512	1747387861.242	05/16/2025_11:31:01.242	1	3	3.9261653e-05	6.982158084e-06	0.0120000001	1.028368065e-13	1.068879273e-11	2.423763772e-14	7.868677227e-14	1.915037952e-13	4.999999912e-15	4.999999912e-15	7.5452936e-14	4.999999912e-15	4.999999912e-15	1.280541835e-13	7.451254024e-12	2.284168514e-11	4.824598707e-11	2.519655318e-10	3.029605733e-10	4.156397448e-12	5.979471258e-12	4.08598589e-12	7.056070728e-10	2.232206932e-13	3.158142015e-14	4.999999912e-15	4.999999912e-15	4.999999912e-15	2.015079184e-13	2.69776199e-14	2.233862748e-11	2.060958012e-13	3.07156427e-13	4.999999912e-15	1.294313615e-12	1.727859392e-13	6.224689275e-14	4.999999912e-15	1.53749409e-11	2.814770986e-13	2.723005415e-12	5.658773688e-13	3.821268635e-09	1.199298229e-13	4.999999912e-15	4.999999912e-15	2.527550922e-13	4.999999912e-15	4.999999912e-15	3.333374158e-14	7.258553296e-14	4.999999912e-15	4.999999912e-15	1	1	1	1	1	1	1	0	0	0	0	0	0	0	0	0	0
512.531	1747387870.261	05/16/2025_11:31:10.261	1	3	3.912662214e-05	6.883841252e-06	0.01400000043	2.411617997e-14	1.055000098e-11	2.577153443e-13	1.758345531e-13	4.999999912e-15	4.999999912e-15	1.313098935e-13	4.971588056e-14	4.999999912e-15	8.299386704e-14	6.876826718e-14	7.361955663e-12	2.262894386e-11	4.782486213e-11	2.476672478e-10	2.981314084e-10	4.217256318e-12	6.082098367e-12	3.805972464e-12	6.979673506e-10	8.293014306e-14	9.855758923e-14	4.999999912e-15	4.999999912e-15	1.872723439e-13	4.999999912e-15	4.636916935e-13	2.250016493e-11	3.275848288e-13	4.999999912e-15	4.999999912e-15	1.491948492e-12	1.003394552e-14	4.999999912e-15	2.38294356e-14	1.564456203e-11	4.999999912e-15	2.767345164e-12	8.137877308e-13	3.785923575e-09	4.999999912e-15	4.999999912e-15	1.354995218e-13	1.173232518e-13	4.999999912e-15	8.914289256e-14	4.573333493e-14	4.999999912e-15	4.999999912e-15	1.010904752e-13	1	1	1	1	1	1	1	0	0	0	0	0	0	0	0	0	0
521.55	1747387879.280	05/16/2025_11:31:19.280	1	3	3.905007179e-05	6.894400485e-06	0.01400000043	4.999999912e-15	1.065464557e-11	2.24005249e-13	4.999999912e-15	1.017533226e-14	1.718022426e-13	3.639629424e-14	4.999999912e-15	5.570359712e-14	1.559040169e-13	4.999999912e-15	7.569299354e-12	2.245480885e-11	4.694991965e-11	2.456350956e-10	2.958832346e-10	4.334132879e-12	5.813769605e-12	3.786901782e-12	6.923834839e-10	1.153300003e-13	4.999999912e-15	4.999999912e-15	1.880509637e-13	4.010800616e-14	4.999999912e-15	1.360869425e-13	2.28939246e-11	8.56203468e-14	1.022832467e-13	2.02611067e-13	1.444060691e-12	4.999999912e-15	7.373647455e-14	1.827302957e-13	1.496737109e-11	4.999999912e-15	2.916433154e-12	7.602924909e-13	3.72391451e-09	1.872980259e-14	1.813284494e-13	4.999999912e-15	5.619324992e-15	9.720155047e-14	7.086904441e-14	4.999999912e-15	4.999999912e-15	1.469194232e-13	1.113113779e-14	1	1	1	1	1	1	1	0	0	0	0	0	0	0	0	0	0
530.569	1747387888.299	05/16/2025_11:31:28.299	1	3	3.905068661e-05	6.818188467e-06	0.01400000043	1.880868237e-13	1.060859386e-11	4.999999912e-15	2.685497766e-13	2.615724206e-13	4.165721587e-14	4.999999912e-15	4.999999912e-15	2.205842388e-13	4.999999912e-15	9.940365317e-15	7.699898878e-12	2.302101912e-11	4.76047847e-11	2.458278858e-10	2.975208135e-10	4.02665401e-12	5.78696379e-12	4.006439278e-12	6.898834282e-10	4.999999912e-15	4.999999912e-15	1.64175707e-13	4.999999912e-15	4.999999912e-15	1.294480473e-13	2.387126954e-13	2.207561564e-11	1.541715974e-13	3.240184542e-13	3.428157145e-14	1.154821573e-12	1.247327437e-13	1.612445529e-13	4.999999912e-15	1.509703126e-11	1.729850529e-13	2.75925463e-12	5.618231574e-13	3.736842391e-09	1.715354069e-13	4.999999912e-15	4.999999912e-15	2.529701437e-13	1.171500099e-13	4.999999912e-15	2.57589631e-14	1.760277037e-13	4.999999912e-15	4.999999912e-15	1	1	1	1	1	1	1	0	0	0	0	0	0	0	0	0	0
539.588	1747387897.318	05/16/2025_11:31:37.318	1	3	3.907056089e-05	6.966115961e-06	0.01400000043	1.720770472e-13	1.032277562e-11	5.508629306e-14	1.706911386e-13	4.999999912e-15	4.999999912e-15	7.493521591e-14	1.380025244e-13	4.999999912e-15	4.999999912e-15	2.124121056e-13	7.498335286e-12	2.216123986e-11	4.760294242e-11	2.483012684e-10	2.969212931e-10	3.950906876e-12	5.859047188e-12	3.839077493e-12	6.918236539e-10	4.999999912e-15	2.516638699e-13	4.999999912e-15	4.999999912e-15	1.469074564e-13	5.355699879e-14	4.999999912e-15	2.200727274e-11	3.109238669e-13	1.840405405e-13	4.999999912e-15	1.382255963e-12	1.446135285e-13	4.999999912e-15	4.999999912e-15	1.534221014e-11	2.894498606e-14	2.563154983e-12	7.212994308e-13	3.755530553e-09	4.999999912e-15	4.999999912e-15	9.234682517e-14	2.698401398e-13	4.999999912e-15	4.999999912e-15	2.271474431e-13	4.999999912e-15	4.999999912e-15	1.076875134e-13	1	1	1	1	1	1	1	0	0	0	0	0	0	0	0	0	0
548.607	1747387906.337	05/16/2025_11:31:46.337	1	3	3.90782443e-05	6.868032415e-06	0.01400000043	4.999999912e-15	1.065957825e-11	2.450289863e-13	9.214771144e-14	4.999999912e-15	1.614596044e-13	7.996117061e-14	4.999999912e-15	2.431728931e-14	2.019380214e-13	2.678645134e-14	7.376684333e-12	2.26232505e-11	4.717846946e-11	2.468487081e-10	2.976044688e-10	4.242021231e-12	5.825394854e-12	3.72671425e-12	6.917672546e-10	1.553105924e-13	4.999999912e-15	4.999999912e-15	1.199935333e-13	1.088902595e-13	4.999999912e-15	4.999999912e-15	2.277820293e-11	1.107699951e-13	4.822837889e-14	1.198501612e-13	1.476139957e-12	4.999999912e-15	4.999999912e-15	2.035788259e-13	1.51915841e-11	4.999999912e-15	2.832572935e-12	9.124370096e-13	3.764270673e-09	4.999999912e-15	1.34633312e-13	4.832397164e-14	4.999999912e-15	4.999999912e-15	2.072268138e-13	4.999999912e-15	4.999999912e-15	8.604647214e-14	1.001446105e-13	1	1	1	1	1	1	1	0	0	0	0	0	0	0	0	0	0
557.626	1747387915.356	05/16/2025_11:31:55.356	1	3	3.898979412e-05	6.786908671e-06	0.01400000043	1.438668114e-13	1.097341228e-11	1.046627859e-13	4.999999912e-15	2.237722675e-13	1.304217829e-13	4.999999912e-15	3.012579742e-14	2.350348377e-13	4.999999912e-15	4.999999912e-15	7.506318483e-12	2.275239198e-11	4.748709759e-11	2.463299009e-10	2.956362655e-10	4.217371678e-12	5.621563111e-12	4.001837056e-12	6.964819277e-10	4.999999912e-15	4.999999912e-15	1.545081202e-13	9.312939553e-14	4.999999912e-15	3.788376541e-14	3.464340902e-13	2.224885727e-11	1.44535859e-13	3.158164377e-13	1.521026821e-13	1.243458678e-12	4.999999912e-15	4.024141724e-14	1.209291151e-14	1.497725381e-11	1.334644472e-13	2.846059759e-12	6.06461333e-13	3.720765029e-09	2.346047347e-13	1.438685292e-14	4.999999912e-15	2.234377098e-13	1.732897137e-13	4.999999912e-15	4.999999912e-15	2.393200384e-13	8.913093245e-14	4.999999912e-15	1	1	1	1	1	1	1	0	0	0	0	0	0	0	0	0	0
566.645	1747387924.375	05/16/2025_11:32:04.375	1	3	3.889672007e-05	6.910277534e-06	0.01400000043	2.76723902e-13	1.018211557e-11	1.181078076e-13	2.131468559e-13	3.605180932e-14	8.556259949e-14	3.175067089e-14	1.869896111e-13	4.999999912e-15	4.999999912e-15	2.592326581e-13	7.458192917e-12	2.242220645e-11	4.71687342e-11	2.441538915e-10	2.954421985e-10	4.002745618e-12	5.746932877e-12	3.894627676e-12	6.909154915e-10	4.999999912e-15	1.554957877e-13	4.999999912e-15	4.999999912e-15	1.081674152e-13	1.64990119e-13	4.999999912e-15	2.209200878e-11	3.38038923e-13	1.357742857e-13	4.999999912e-15	1.397279861e-12	1.597650506e-13	4.999999912e-15	4.999999912e-15	1.532688733e-11	3.727842145e-14	2.560528612e-12	7.430461411e-13	3.761420952e-09	4.999999912e-15	4.999999912e-15	9.873679429e-14	2.128441737e-13	4.999999912e-15	4.999999912e-15	1.857470612e-13	4.999999912e-15	4.999999912e-15	7.428406441e-14	1	1	1	1	1	1	1	0	0	0	0	0	0	0	0	0	0
575.664	1747387933.394	05/16/2025_11:32:13.394	1	3	3.884548278e-05	6.918217878e-06	0.01400000043	4.999999912e-15	1.050312094e-11	2.392702464e-13	5.352485897e-15	2.612535229e-14	1.816828887e-13	1.475606069e-13	4.999999912e-15	5.252154844e-14	1.64701396e-13	4.999999912e-15	7.254461355e-12	2.233801338e-11	4.712798554e-11	2.455913806e-10	2.948289668e-10	4.172590225e-12	5.598223708e-12	3.627047447e-12	6.843425271e-10	2.016911079e-13	4.999999912e-15	4.999999912e-15	1.775410466e-13	2.904056187e-14	4.999999912e-15	3.539668355e-14	2.201415612e-11	1.964180297e-14	4.254929403e-14	1.397229771e-13	1.38230356e-12	4.999999912e-15	4.999999912e-15	1.655138429e-13	1.517269817e-11	4.999999912e-15	2.780553565e-12	8.68621093e-13	3.70676867e-09	4.999999912e-15	1.776685217e-13	7.01083885e-14	4.999999912e-15	4.073326217e-14	1.319968576e-13	4.999999912e-15	4.999999912e-15	1.637934038e-13	5.382781555e-14	1	1	1	1	1	1	1	0	0	0	0	0	0	0	0	0	0
584.683	1747387942.413	05/16/2025_11:32:22.413	1	3	3.88557819e-05	7.065607861e-06	0.01400000043	1.833037845e-13	1.05911625e-11	5.853915172e-14	4.550830538e-14	2.376413953e-13	7.993329306e-14	4.999999912e-15	7.752784146e-14	2.606285413e-13	4.999999912e-15	4.999999912e-15	7.426423192e-12	2.26542396e-11	4.70233609e-11	2.446249314e-10	2.935639509e-10	4.067702338e-12	5.567951916e-12	3.882880996e-12	6.853462797e-10	4.999999912e-15	4.999999912e-15	4.307940181e-13	7.440554249e-14	4.999999912e-15	4.999999912e-15	2.028819007e-13	2.19950811e-11	4.999999912e-15	2.588443782e-13	9.460492014e-14	1.170588474e-12	1.292210561e-13	1.805000783e-13	7.652424972e-14	1.489705581e-11	1.339363733e-13	2.821824155e-12	6.175426923e-13	3.687599559e-09	1.56413741e-13	3.099598147e-14	4.999999912e-15	7.306740662e-14	1.948053264e-13	4.999999912e-15	4.999999912e-15	1.350196132e-13	6.988138367e-14	4.999999912e-15	1	1	1	1	1	1	1	0	0	0	0	0	0	0	0	0	0
593.702	1747387951.432	05/16/2025_11:32:31.432	1	3	3.891844244e-05	6.868032415e-06	0.0120000001	2.251999856e-13	1.030751092e-11	8.407512154e-14	1.911254629e-13	1.437493381e-13	4.999999912e-15	1.793329347e-14	1.693490183e-13	4.999999912e-15	4.999999912e-15	1.712128161e-13	7.58287183e-12	2.212542649e-11	4.777597762e-11	2.462772486e-10	2.95386049e-10	3.799852794e-12	5.870703663e-12	4.000333918e-12	6.908946193e-10	4.999999912e-15	7.128322997e-14	2.25211695e-14	4.999999912e-15	1.361623759e-14	1.193603186e-13	4.999999912e-15	2.205542693e-11	2.87661957e-13	1.740484113e-13	4.999999912e-15	1.273624435e-12	1.681383169e-13	4.999999912e-15	4.999999912e-15	1.510336647e-11	8.386802537e-14	2.637050734e-12	6.236280481e-13	3.718712671e-09	5.746759405e-15	4.999999912e-15	5.794545616e-15	2.477888771e-13	4.999999912e-15	4.999999912e-15	8.858332904e-14	1.115545644e-13	4.999999912e-15	4.999999912e-15	1	1	1	1	1	1	1	0	0	0	0	0	0	0	0	0	0
602.721	1747387960.451	05/16/2025_11:32:40.451	1	3	3.888055653e-05	7.003594419e-06	0.0120000001	4.999999912e-15	1.034536779e-11	3.003184181e-13	8.08811297e-14	4.999999912e-15	4.999999912e-15	1.997356951e-13	4.999999912e-15	4.999999912e-15	1.559756691e-13	9.838833849e-14	7.349695505e-12	2.230545783e-11	4.677477503e-11	2.451136238e-10	2.931138388e-10	3.914813352e-12	5.603421373e-12	3.766694855e-12	6.837209687e-10	1.204833759e-13	1.827578616e-14	4.999999912e-15	4.999999912e-15	9.107639773e-14	4.999999912e-15	4.999999912e-15	2.166752021e-11	2.581514104e-13	4.999999912e-15	4.999999912e-15	1.387070688e-12	4.435338273e-14	4.999999912e-15	8.419458707e-14	1.502888439e-11	4.999999912e-15	2.580857186e-12	8.915485537e-13	3.722184561e-09	4.999999912e-15	5.524958746e-14	1.1059079e-13	4.999999912e-15	4.999999912e-15	9.300393301e-14	5.254145372e-14	4.999999912e-15	4.999999912e-15	1.906874046e-13	1	1	1	1	1	1	1	0	0	0	0	0	0	0	0	0	0
611.74	1747387969.470	05/16/2025_11:32:49.470	1	3	3.877042036e-05	6.904983366e-06	0.01400000043	3.582678994e-14	1.074363341e-11	1.664696213e-13	4.999999912e-15	3.044241833e-14	1.987440431e-13	4.999999912e-15	4.999999912e-15	1.734788799e-13	8.626153042e-14	4.999999912e-15	7.423909577e-12	2.240481065e-11	4.660465069e-11	2.441358227e-10	2.938945476e-10	4.123748218e-12	5.596822051e-12	3.720509144e-12	6.845852774e-10	8.661198522e-14	4.999999912e-15	8.084527649e-14	1.196988201e-13	4.999999912e-15	4.999999912e-15	1.722204193e-13	2.187250381e-11	5.185249067e-14	1.571823726e-13	1.524352205e-13	1.179401737e-12	4.999999912e-15	1.306746595e-13	1.722204193e-13	1.491329456e-11	4.999999912e-15	2.803349133e-12	7.119166368e-13	3.69915254e-09	3.925176427e-14	1.479588479e-13	4.999999912e-15	4.999999912e-15	1.652111607e-13	1.007260749e-13	4.999999912e-15	5.661558733e-14	1.679670671e-13	4.999999912e-15	1	1	1	1	1	1	1	0	0	0	0	0	0	0	0	0	0
620.759	1747387978.489	05/16/2025_11:32:58.489	1	3	3.867474879e-05	6.907622719e-06	0.01000000071	2.73838569e-13	1.039293217e-11	4.999999912e-15	8.111609664e-14	2.366577258e-13	4.999999912e-15	4.999999912e-15	1.489465018e-13	3.294343558e-14	4.999999912e-15	1.471938619e-14	7.614912173e-12	2.224111173e-11	4.626092912e-11	2.428742207e-10	2.928594867e-10	3.913232152e-12	5.531779028e-12	3.891869899e-12	6.813517528e-10	4.999999912e-15	1.674251422e-14	6.891363158e-14	4.999999912e-15	4.999999912e-15	1.698786782e-13	4.79496068e-14	2.141846596e-11	2.228622289e-13	3.071962172e-13	4.999999912e-15	1.141503884e-12	1.597152586e-13	7.847170044e-14	4.999999912e-15	1.479845239e-11	2.199310883e-13	2.540343153e-12	4.757368002e-13	3.69327724e-09	9.489564218e-14	4.999999912e-15	4.999999912e-15	2.354947834e-13	4.999999912e-15	4.999999912e-15	7.162175177e-14	1.325703599e-13	4.999999912e-15	4.999999912e-15	1	1	1	1	1	1	1	0	0	0	0	0	0	0	0	0	0
629.778	1747387987.508	05/16/2025_11:33:07.508	1	3	3.870873479e-05	6.802530606e-06	0.0120000001	6.82166861e-14	1.025106302e-11	1.904802948e-13	1.194001359e-13	4.999999912e-15	4.999999912e-15	1.467202689e-13	4.529326404e-14	4.999999912e-15	3.533692707e-14	1.318574969e-13	7.198820966e-12	2.199830769e-11	4.668642903e-11	2.429839108e-10	2.915879205e-10	4.055157252e-12	5.821695123e-12	3.719446192e-12	6.815634168e-10	4.616942137e-14	7.876242247e-14	4.999999912e-15	4.999999912e-15	1.357922292e-13	4.999999912e-15	4.999999912e-15	2.171864251e-11	2.307674993e-13	4.999999912e-15	4.999999912e-15	1.282999206e-12	4.999999912e-15	4.999999912e-15	5.141042756e-14	1.511111548e-11	4.999999912e-15	2.500251091e-12	8.027541305e-13	3.690537209e-09	4.999999912e-15	4.999999912e-15	1.146529703e-13	7.133898507e-14	4.999999912e-15	7.465245598e-14	1.856216054e-13	4.999999912e-15	4.999999912e-15	1.331478195e-13	1	1	1	1	1	1	1	0	0	0	0	0	0	0	0	0	0
638.797	1747387996.527	05/16/2025_11:33:16.527	1	3	3.867323539e-05	6.915575341e-06	0.0120000001	4.999999912e-15	1.043791442e-11	1.637575167e-13	4.999999912e-15	3.190400079e-14	1.758644229e-13	4.999999912e-15	4.999999912e-15	1.181177687e-13	1.957770697e-13	4.999999912e-15	7.311438781e-12	2.226535276e-11	4.624906708e-11	2.41248771e-10	2.915894748e-10	4.141697402e-12	5.417779073e-12	3.649600587e-12	6.803583252e-10	5.990913603e-14	4.999999912e-15	4.999999912e-15	1.795761348e-13	4.999999912e-15	4.999999912e-15	1.554579355e-13	2.133015986e-11	9.872653503e-15	7.789424758e-14	1.944229825e-13	1.158322245e-12	4.999999912e-15	8.335826062e-14	1.913166348e-13	1.461059919e-11	4.999999912e-15	2.839458703e-12	7.557363481e-13	3.686663419e-09	1.563935545e-14	2.504173626e-13	4.999999912e-15	2.409823982e-14	1.290458219e-13	3.220667616e-14	4.999999912e-15	4.999999912e-15	1.925592118e-13	4.999999912e-15	1	1	1	1	1	1	1	0	0	0	0	0	0	0	0	0	0
647.816	1747388005.546	05/16/2025_11:33:25.546	1	3	3.87321561e-05	6.870664947e-06	0.01400000043	2.10386965e-13	1.033905427e-11	4.999999912e-15	5.697999445e-14	1.901079663e-13	4.999999912e-15	4.999999912e-15	9.642295778e-14	8.116191774e-14	4.999999912e-15	2.445069022e-14	7.249058992e-12	2.184819339e-11	4.661122183e-11	2.414403955e-10	2.920773068e-10	3.897921048e-12	5.333669704e-12	3.96963842e-12	6.798773211e-10	4.999999912e-15	5.063745918e-15	1.965596197e-13	4.999999912e-15	4.999999912e-15	9.871688563e-14	1.286654973e-13	2.115509157e-11	8.442756178e-14	2.558037332e-13	4.999999912e-15	1.151776916e-12	3.88833727e-14	1.166701284e-13	4.999999912e-15	1.49086056e-11	1.304018742e-13	2.538556821e-12	5.422748839e-13	3.676181581e-09	2.11071991e-13	4.999999912e-15	4.999999912e-15	2.539717568e-13	2.167885961e-14	4.999999912e-15	4.999999912e-15	1.058057925e-13	4.999999912e-15	4.999999912e-15	1	1	1	1	1	1	1	0	0	0	0	0	0	0	0	0	0
656.835	1747388014.565	05/16/2025_11:33:34.565	1	3	3.869535794e-05	6.923537512e-06	0.01600000076	2.255501694e-14	1.011428094e-11	1.761053868e-13	1.259892527e-13	4.999999912e-15	4.999999912e-15	1.586140887e-13	5.93854325e-14	4.999999912e-15	4.999999912e-15	2.239912628e-13	7.121267985e-12	2.187704531e-11	4.644882048e-11	2.412084144e-10	2.914357089e-10	3.855626755e-12	5.68550285e-12	3.722211775e-12	6.798184238e-10	2.58684743e-14	1.608283819e-13	4.999999912e-15	4.999999912e-15	1.010745375e-13	2.433919358e-14	4.999999912e-15	2.184120072e-11	3.141079248e-13	3.216088555e-14	4.999999912e-15	1.295976347e-12	4.999999912e-15	4.999999912e-15	4.999999912e-15	1.498171205e-11	4.999999912e-15	2.510105622e-12	7.457661333e-13	3.671831506e-09	4.999999912e-15	4.999999912e-15	1.499799904e-13	5.363466154e-14	4.999999912e-15	4.999999912e-15	1.25463523e-13	4.999999912e-15	4.999999912e-15	9.761770792e-14	1	1	1	1	1	1	1	0	0	0	0	0	0	0	0	0	0
665.854	1747388023.584	05/16/2025_11:33:43.584	1	3	3.860210927e-05	6.902330369e-06	0.0120000001	4.999999912e-15	1.037579658e-11	3.205496849e-13	4.999999912e-15	4.999999912e-15	1.90782977e-13	6.758326808e-15	4.999999912e-15	2.579480276e-14	1.103836938e-13	4.999999912e-15	7.342144254e-12	2.209178847e-11	4.648282453e-11	2.417597511e-10	2.907110108e-10	4.08963011e-12	5.467775972e-12	3.683539584e-12	6.771559424e-10	1.23382668e-13	4.999999912e-15	4.999999912e-15	1.868482176e-13	2.598596793e-14	4.999999912e-15	9.822901498e-14	2.141119053e-11	4.49905819e-14	4.460825833e-14	1.435183217e-13	1.178641061e-12	4.999999912e-15	4.999999912e-15	1.846339244e-13	1.479179799e-11	4.999999912e-15	2.862836053e-12	8.255022642e-13	3.676041027e-09	4.999999912e-15	1.263297328e-13	4.999999912e-15	4.999999912e-15	8.264936858e-14	1.143502881e-13	4.999999912e-15	4.999999912e-15	1.51196655e-13	2.608154036e-14	1	1	1	1	1	1	1	0	0	0	0	0	0	0	0	0	0
674.873	1747388032.603	05/16/2025_11:33:52.603	1	3	3.854756142e-05	6.907622719e-06	0.0120000001	9.683711623e-14	1.047054197e-11	6.25874e-14	4.999999912e-15	1.012179029e-13	1.025697268e-14	4.999999912e-15	4.517577041e-14	1.79546265e-13	4.999999912e-15	4.999999912e-15	7.442100755e-12	2.208722615e-11	4.564560535e-11	2.389934084e-10	2.884575356e-10	3.976344861e-12	5.233357584e-12	3.928060568e-12	6.750012771e-10	4.999999912e-15	2.749335454e-14	3.419378225e-13	4.999999912e-15	4.999999912e-15	5.678883606e-14	1.968782396e-13	2.117264523e-11	1.013931371e-13	2.885560443e-13	6.610793998e-14	1.070055503e-12	5.065573476e-14	1.732061218e-13	4.999999912e-15	1.453837571e-11	1.064907711e-13	2.701139659e-12	5.068144797e-13	3.684474725e-09	1.696058658e-13	4.999999912e-15	4.999999912e-15	3.00376179e-13	8.825079068e-14	4.999999912e-15	4.999999912e-15	1.974198528e-13	4.999999912e-15	4.999999912e-15	1	1	1	1	1	1	1	0	0	0	0	0	0	0	0	0	0
683.892	1747388041.622	05/16/2025_11:34:01.622	1	3	3.849901987e-05	6.897043022e-06	0.01000000071	1.226339587e-13	1.037319883e-11	9.654042431e-14	1.504479186e-13	4.999999912e-15	4.999999912e-15	8.347773969e-14	1.124546148e-13	4.999999912e-15	4.999999912e-15	1.026257258e-13	7.244221716e-12	2.161129956e-11	4.598830691e-11	2.38916581e-10	2.895498008e-10	3.785922097e-12	5.375412788e-12	3.885947987e-12	6.722500334e-10	4.999999912e-15	1.054931289e-13	4.999999912e-15	4.999999912e-15	3.541657527e-14	4.268072983e-14	4.999999912e-15	2.102440444e-11	3.092233501e-13	1.41335904e-13	2.539655498e-14	1.149281842e-12	4.999999912e-15	4.999999912e-15	4.999999912e-15	1.48486657e-11	3.423774935e-14	2.400130442e-12	6.498569044e-13	3.666542625e-09	4.999999912e-15	4.999999912e-15	9.348184932e-14	4.999999912e-15	4.999999912e-15	4.999999912e-15	8.50388824e-14	4.999999912e-15	4.999999912e-15	4.999999912e-15	1	1	1	1	1	1	1	0	0	0	0	0	0	0	0	0	0
692.911	1747388050.641	05/16/2025_11:34:10.641	1	3	3.859165008e-05	6.934149951e-06	0.01400000043	4.999999912e-15	1.039728546e-11	2.540255332e-13	4.999999912e-15	4.999999912e-15	1.174088767e-13	1.401730023e-13	4.999999912e-15	4.999999912e-15	1.576483356e-13	4.999999912e-15	7.243393819e-12	2.194851245e-11	4.604030004e-11	2.400408206e-10	2.87741303e-10	3.951037848e-12	5.608884451e-12	3.682726867e-12	6.740298319e-10	1.545100853e-13	4.999999912e-15	4.999999912e-15	1.040753787e-13	7.544897189e-14	4.999999912e-15	4.999999912e-15	2.126260626e-11	1.934910836e-13	4.999999912e-15	4.999999912e-15	1.232134403e-12	4.999999912e-15	6.95229532e-14	1.304556235e-13	1.516124899e-11	4.999999912e-15	2.624967734e-12	8.876297592e-13	3.673104931e-09	4.999999912e-15	1.416544833e-13	8.145461166e-14	4.999999912e-15	4.999999912e-15	1.070543055e-13	4.999999912e-15	4.999999912e-15	4.999999912e-15	1.200214244e-13	1	1	1	1	1	1	1	0	0	0	0	0	0	0	0	0	0
701.93	1747388059.660	05/16/2025_11:34:19.660	1	3	3.859725621e-05	7.046673545e-06	0.0120000001	5.550247084e-14	1.065275472e-11	6.684470279e-14	4.999999912e-15	8.905129103e-14	1.656910286e-13	4.999999912e-15	4.999999912e-15	1.198441845e-13	5.120133918e-14	4.999999912e-15	7.35765962e-12	2.189034891e-11	4.574007492e-11	2.401971955e-10	2.899146756e-10	4.038715109e-12	5.363240668e-12	3.847060257e-12	6.774503181e-10	4.999999912e-15	4.999999912e-15	5.64423386e-14	1.529310261e-13	4.999999912e-15	4.999999912e-15	2.027922643e-13	2.151964024e-11	5.824245302e-14	1.493308244e-13	1.07562078e-13	9.983101585e-13	4.999999912e-15	1.102542469e-13	1.429109923e-13	1.452130256e-11	2.63822235e-14	2.864331819e-12	6.698313237e-13	3.666425163e-09	8.73626868e-14	1.203380115e-13	4.999999912e-15	8.564223414e-14	1.924695483e-13	2.991870803e-14	4.999999912e-15	3.576505818e-14	1.520230068e-13	4.999999912e-15	1	1	1	1	1	1	1	0	0	0	0	0	0	0	0	0	0
710.949	1747388068.679	05/16/2025_11:34:28.679	1	3	3.853567614e-05	6.982158084e-06	0.0120000001	2.367035062e-13	1.040209065e-11	4.999999912e-15	1.243962344e-13	6.043683078e-14	4.999999912e-15	4.999999912e-15	1.332215317e-13	2.527908167e-14	4.999999912e-15	2.462593118e-14	7.372723959e-12	2.179302745e-11	4.610272233e-11	2.40894138e-10	2.879383121e-10	3.779098128e-12	5.507117332e-12	3.905647073e-12	6.785811912e-10	4.999999912e-15	1.498821412e-14	5.758533841e-14	4.999999912e-15	4.999999912e-15	1.302107294e-13	7.81670464e-14	2.114051469e-11	1.445318745e-13	2.274640437e-13	4.999999912e-15	9.210133741e-13	7.628729733e-14	5.92898533e-14	4.999999912e-15	1.486535721e-11	1.663083462e-13	2.584499021e-12	3.927389013e-13	3.679060168e-09	9.000310534e-14	4.999999912e-15	4.999999912e-15	2.338838758e-13	4.999999912e-15	4.999999912e-15	4.345532452e-14	8.479396113e-14	4.999999912e-15	4.999999912e-15	1	1	1	1	1	1	1	0	0	0	0	0	0	0	0	0	0
719.968	1747388077.698	05/16/2025_11:34:37.698	1	3	3.844866296e-05	6.990188922e-06	0.0120000001	8.088511414e-14	1.017789932e-11	1.759082246e-13	1.781862418e-13	4.999999912e-15	4.999999912e-15	8.910506068e-14	4.999999912e-15	4.999999912e-15	6.523346316e-15	1.783933244e-13	7.110795459e-12	2.13827428e-11	4.595202344e-11	2.383662712e-10	2.870186311e-10	3.864350246e-12	5.566993047e-12	3.739187345e-12	6.744723668e-10	1.821604662e-14	9.885427438e-14	4.999999912e-15	4.999999912e-15	3.924379539e-14	4.999999912e-15	4.999999912e-15	2.102267319e-11	3.734575583e-13	1.310247483e-14	4.999999912e-15	1.173993628e-12	5.487124156e-14	4.999999912e-15	4.999999912e-15	1.468986391e-11	4.999999912e-15	2.389301647e-12	7.595078537e-13	3.646252411e-09	4.999999912e-15	4.999999912e-15	1.173969369e-13	1.37994542e-13	4.999999912e-15	1.823197084e-14	1.094637212e-13	4.999999912e-15	4.999999912e-15	3.027515304e-14	1	1	1	1	1	1	1	0	0	0	0	0	0	0	0	0	0
728.987	1747388086.717	05/16/2025_11:34:46.717	1	3	3.837483746e-05	6.95545441e-06	0.01000000071	4.999999912e-15	1.035991085e-11	3.305836507e-13	4.999999912e-15	4.999999912e-15	1.504140779e-13	9.035755813e-14	4.999999912e-15	4.999999912e-15	1.955600124e-13	4.999999912e-15	7.237386905e-12	2.194299777e-11	4.626033237e-11	2.378695574e-10	2.87948082e-10	3.941637815e-12	5.568994051e-12	3.668404122e-12	6.743733905e-10	2.064721278e-13	4.999999912e-15	4.999999912e-15	1.174706084e-13	1.328767689e-14	4.999999912e-15	3.793155162e-14	2.116164015e-11	8.680514261e-14	4.999999912e-15	6.923422339e-14	1.199523337e-12	4.999999912e-15	4.999999912e-15	2.354171545e-13	1.437672204e-11	4.999999912e-15	2.768177831e-12	7.563637217e-13	3.637693702e-09	4.999999912e-15	1.088524073e-13	3.347112355e-14	4.999999912e-15	1.191769258e-14	9.832262229e-14	4.999999912e-15	4.999999912e-15	7.640276487e-14	1.123570367e-13	1	1	1	1	1	1	1	0	0	0	0	0	0	0	0	0	0
738.006	1747388095.736	05/16/2025_11:34:55.736	1	3	3.841338548e-05	6.95278186e-06	0.0120000001	1.494204473e-13	1.032463611e-11	4.999999912e-15	4.999999912e-15	1.733315504e-13	4.18284656e-14	4.999999912e-15	4.999999912e-15	2.629224421e-13	4.999999912e-15	4.999999912e-15	7.259221002e-12	2.192196424e-11	4.565804679e-11	2.385364684e-10	2.869147142e-10	3.752843522e-12	5.180244688e-12	3.988274554e-12	6.646060924e-10	4.999999912e-15	4.999999912e-15	5.624521031e-14	5.325034576e-14	4.999999912e-15	4.999999912e-15	1.37934816e-13	2.065749655e-11	1.941479475e-14	1.903608158e-13	2.938704239e-14	9.109594589e-13	4.999999912e-15	1.776167511e-13	1.675446077e-14	1.441117191e-11	8.174930459e-14	2.761990506e-12	4.861352206e-13	3.634522461e-09	1.133705895e-13	4.999999912e-15	4.999999912e-15	1.634707858e-13	1.705597062e-13	4.999999912e-15	4.999999912e-15	5.154583086e-14	4.651190728e-14	4.999999912e-15	1	1	1	1	1	1	1	0	0	0	0	0	0	0	0	0	0
747.025	1747388104.755	05/16/2025_11:35:04.755	1	3	3.844108141e-05	6.947448128e-06	0.0120000001	5.401500644e-14	1.041892614e-11	4.999999912e-15	1.801018509e-13	4.999999912e-15	4.999999912e-15	4.999999912e-15	3.30509681e-14	4.999999912e-15	4.999999912e-15	8.010851368e-14	7.41617965e-12	2.160165623e-11	4.576422921e-11	2.387763876e-10	2.894671725e-10	3.782951816e-12	5.400160787e-12	3.991747904e-12	6.713916645e-10	4.999999912e-15	1.249517932e-13	4.999999912e-15	4.999999912e-15	4.999999912e-15	1.685365579e-13	4.999999912e-15	2.076750751e-11	2.001578563e-13	1.691419221e-13	4.999999912e-15	1.166223476e-12	2.784183745e-14	4.999999912e-15	4.999999912e-15	1.489313534e-11	1.040833408e-13	2.453838565e-12	5.700391873e-13	3.643345181e-09	4.999999912e-15	4.999999912e-15	5.109546683e-15	1.499620605e-13	4.999999912e-15	4.999999912e-15	7.448517714e-14	4.999999912e-15	4.999999912e-15	4.999999912e-15	1	1	1	1	1	1	1	0	0	0	0	0	0	0	0	0	0
756.044	1747388113.774	05/16/2025_11:35:13.774	1	3	3.844818275e-05	6.886486972e-06	0.0120000001	4.999999912e-15	1.035409085e-11	2.492225718e-13	7.273288281e-14	4.999999912e-15	1.912806393e-14	2.364944178e-13	4.999999912e-15	4.999999912e-15	1.050710015e-13	1.188027812e-13	6.931124077e-12	2.161074097e-11	4.531876957e-11	2.389061449e-10	2.866932525e-10	3.922786141e-12	5.664043019e-12	3.666566183e-12	6.704072852e-10	1.332354637e-13	4.999999912e-15	4.999999912e-15	1.087624863e-14	7.697028372e-14	4.999999912e-15	4.999999912e-15	2.093445729e-11	1.99775526e-13	4.999999912e-15	4.999999912e-15	1.300339285e-12	4.999999912e-15	4.999999912e-15	9.753608105e-14	1.47068191e-11	4.999999912e-15	2.487992451e-12	8.449291614e-13	3.632950163e-09	4.999999912e-15	5.552836972e-14	1.198222836e-13	1.541634523e-14	4.999999912e-15	1.021876607e-13	3.344922944e-14	4.999999912e-15	4.999999912e-15	8.630113768e-15	1	1	1	1	1	1	1	0	0	0	0	0	0	0	0	0	0
765.063	1747388122.793	05/16/2025_11:35:22.793	1	3	3.838098928e-05	6.968785328e-06	0.01400000043	4.027727045e-14	1.06950681e-11	1.811791006e-13	4.999999912e-15	5.287799007e-14	1.204216712e-13	4.999999912e-15	4.999999912e-15	2.774026126e-14	6.57176543e-14	4.999999912e-15	7.231368282e-12	2.189068891e-11	4.572600631e-11	2.380688147e-10	2.846466396e-10	4.059061681e-12	5.348046658e-12	3.714190847e-12	6.731627478e-10	4.999999912e-15	4.999999912e-15	4.999999912e-15	1.202464235e-13	4.999999912e-15	4.999999912e-15	7.09586605e-14	2.105408556e-11	4.446688514e-14	9.839030361e-14	1.615372875e-13	1.054850218e-12	4.999999912e-15	5.267090746e-14	1.390121064e-13	1.449275856e-11	4.999999912e-15	2.801347912e-12	6.700743476e-13	3.670839632e-09	3.578498039e-14	9.823102076e-14	4.999999912e-15	4.999999912e-15	7.698023805e-14	1.11070685e-13	4.999999912e-15	4.999999912e-15	1.782002009e-13	4.999999912e-15	1	1	1	1	1	1	1	0	0	0	0	0	0	0	0	0	0
774.082	1747388131.812	05/16/2025_11:35:31.812	1	3	3.829823982e-05	6.881195986e-06	0.0120000001	1.556510725e-13	1.020143432e-11	4.999999912e-15	4.999999912e-15	2.157554192e-13	4.999999912e-15	4.999999912e-15	1.058695097e-13	1.341135997e-13	4.999999912e-15	4.999999912e-15	7.530226442e-12	2.163379198e-11	4.540254631e-11	2.392807064e-10	2.865434834e-10	3.707365578e-12	5.290531901e-12	3.896041909e-12	6.672198349e-10	4.999999912e-15	4.999999912e-15	1.306726672e-13	4.999999912e-15	4.999999912e-15	1.053597449e-13	1.6626056e-13	2.053920228e-11	1.257343567e-13	2.380097801e-13	1.376660016e-13	9.229089932e-13	4.999999912e-15	1.148063036e-13	4.999999912e-15	1.454316962e-11	9.100671063e-14	2.670681384e-12	5.396146312e-13	3.643442659e-09	1.572282072e-13	4.999999912e-15	4.999999912e-15	1.788931416e-13	6.577122744e-15	1.725030031e-14	4.999999912e-15	1.788294176e-13	8.871050595e-15	4.999999912e-15	1	1	1	1	1	1	1	0	0	0	0	0	0	0	0	0	0
783.101	1747388140.831	05/16/2025_11:35:40.831	1	3	3.827005276e-05	6.95545441e-06	0.0120000001	8.681509016e-14	1.016200579e-11	8.555661605e-14	2.366855626e-13	1.191170914e-14	4.999999912e-15	5.775856681e-14	1.364851835e-13	4.999999912e-15	4.999999912e-15	1.874615507e-13	7.249949339e-12	2.140640443e-11	4.530529771e-11	2.376486508e-10	2.853864645e-10	3.688008232e-12	5.667435271e-12	4.01806366e-12	6.643473549e-10	4.999999912e-15	1.175920797e-13	4.999999912e-15	4.999999912e-15	6.368458549e-14	1.467441755e-13	4.999999912e-15	2.053615784e-11	2.263469495e-13	1.246491246e-13	4.999999912e-15	1.093614023e-12	1.218294806e-13	4.999999912e-15	4.999999912e-15	1.455049622e-11	1.150591937e-13	2.321284007e-12	6.552492923e-13	3.585102437e-09	4.999999912e-15	4.999999912e-15	4.127090108e-14	2.803181407e-13	4.999999912e-15	4.999999912e-15	1.030001144e-13	4.999999912e-15	4.999999912e-15	4.999999912e-15	1	1	1	1	1	1	1	0	0	0	0	0	0	0	0	0	0
792.12	1747388149.850	05/16/2025_11:35:49.850	1	3	3.828784975e-05	6.987510915e-06	0.01000000071	4.999999912e-15	1.035944854e-11	3.314119812e-13	5.461038251e-14	4.999999912e-15	4.674090433e-14	1.842337182e-13	4.999999912e-15	4.999999912e-15	1.66694661e-13	9.559855078e-14	7.025180784e-12	2.179850918e-11	4.515056384e-11	2.356449758e-10	2.846438918e-10	4.034175771e-12	5.59016505e-12	3.68137118e-12	6.621879156e-10	1.466864417e-13	3.893515013e-14	4.999999912e-15	4.059187882e-14	1.304536448e-13	4.999999912e-15	4.999999912e-15	2.05361457e-11	1.87706472e-13	4.999999912e-15	2.615920311e-14	1.313838036e-12	4.999999912e-15	4.999999912e-15	9.355951886e-14	1.461627694e-11	4.999999912e-15	2.626112869e-12	8.084391988e-13	3.640699742e-09	4.999999912e-15	4.999999912e-15	1.477059442e-13	4.999999912e-15	4.999999912e-15	7.1607813e-14	5.018182322e-14	4.999999912e-15	5.609357109e-15	1.707249657e-13	1	1	1	1	1	1	1	0	0	0	0	0	0	0	0	0	0
801.139	1747388158.869	05/16/2025_11:35:58.869	1	3	3.835338794e-05	6.889119049e-06	0.01600000076	4.633668666e-14	1.045366831e-11	1.195514499e-13	4.999999912e-15	4.692609962e-14	1.715632844e-13	4.999999912e-15	4.999999912e-15	1.125740872e-13	1.815196214e-13	4.999999912e-15	7.08073964e-12	2.179087639e-11	4.553692839e-11	2.372720076e-10	2.857547532e-10	3.980947082e-12	5.395843061e-12	3.860323953e-12	6.662502217e-10	2.903658759e-14	4.999999912e-15	4.999999912e-15	1.863146139e-13	4.999999912e-15	4.999999912e-15	9.200830337e-14	2.057579107e-11	4.999999912e-15	3.32261955e-14	2.679245443e-13	1.035102776e-12	4.999999912e-15	7.749597269e-14	1.692375081e-13	1.459312705e-11	4.999999912e-15	2.688425437e-12	8.172903543e-13	3.627615763e-09	4.999999912e-15	1.563819061e-13	4.999999912e-15	4.636854187e-14	9.301189512e-14	1.28328961e-13	4.999999912e-15	4.999999912e-15	2.071989498e-13	1.301088686e-14	1	1	1	1	1	1	1	0	0	0	0	0	0	0	0	0	0
810.158	1747388167.888	05/16/2025_11:36:07.888	1	3	3.829177876e-05	6.931493317e-06	0.01400000043	1.924675697e-13	1.055755396e-11	4.999999912e-15	1.011721021e-13	1.691299553e-13	4.999999912e-15	4.999999912e-15	4.976564543e-14	1.146489858e-13	4.999999912e-15	4.999999912e-15	7.319982294e-12	2.135173462e-11	4.53892271e-11	2.366292162e-10	2.846189673e-10	3.852553693e-12	5.343342088e-12	3.975215556e-12	6.658123497e-10	4.999999912e-15	4.999999912e-15	1.078627544e-13	4.999999912e-15	4.999999912e-15	6.365670117e-14	1.215944934e-13	2.065896412e-11	1.249398534e-13	2.453395831e-13	4.999999912e-15	8.973591184e-13	1.400415699e-13	1.258637834e-13	4.999999912e-15	1.464801024e-11	1.1260992e-13	2.703817855e-12	5.39361741e-13	3.608885191e-09	2.276890428e-13	4.999999912e-15	4.999999912e-15	4.999999912e-15	9.663201906e-14	4.999999912e-15	4.999999912e-15	1.30212708e-13	4.999999912e-15	4.999999912e-15	1	1	1	1	1	1	1	0	0	0	0	0	0	0	0	0	0
819.177	1747388176.907	05/16/2025_11:36:16.907	1	3	3.822466169e-05	6.95011795e-06	0.01400000043	1.676962741e-13	1.028185176e-11	1.060307983e-13	2.280714138e-13	4.999999912e-15	4.999999912e-15	8.656419223e-14	2.257615075e-13	4.999999912e-15	4.999999912e-15	4.999999912e-15	7.121779295e-12	2.148905186e-11	4.541830453e-11	2.362731399e-10	2.844005309e-10	3.813747929e-12	5.705114766e-12	3.990094713e-12	6.623748217e-10	4.999999912e-15	2.314326031e-13	4.999999912e-15	4.999999912e-15	1.311685136e-13	8.99572978e-14	4.999999912e-15	2.076966203e-11	3.432938612e-13	1.324429119e-13	4.999999912e-15	1.147876065e-12	9.669573627e-14	4.999999912e-15	8.984559787e-15	1.457584574e-11	4.999999912e-15	2.451484979e-12	7.108016432e-13	3.612031119e-09	4.999999912e-15	4.999999912e-15	1.317420023e-13	2.037938638e-13	4.999999912e-15	4.999999912e-15	9.652050209e-14	4.999999912e-15	4.999999912e-15	7.517416052e-14	1	1	1	1	1	1	1	0	0	0	0	0	0	0	0	0	0
828.196	1747388185.926	05/16/2025_11:36:25.926	1	3	3.81533464e-05	7.003594419e-06	0.01400000043	4.999999912e-15	1.038711391e-11	3.221347343e-13	1.426936436e-14	4.999999912e-15	1.769476628e-13	1.498824123e-13	4.999999912e-15	4.999999912e-15	2.368449133e-13	4.999999912e-15	6.973052344e-12	2.170915531e-11	4.49543007e-11	2.361276175e-10	2.838456414e-10	3.982014371e-12	5.424756564e-12	3.671615529e-12	6.618616211e-10	1.56509327e-13	4.999999912e-15	4.999999912e-15	7.802166844e-14	9.650059343e-14	4.999999912e-15	4.999999912e-15	2.06979902e-11	1.408340946e-13	4.999999912e-15	4.999999912e-15	1.256228736e-12	4.999999912e-15	4.999999912e-15	1.575129323e-13	1.473644817e-11	4.999999912e-15	2.510645554e-12	8.282980963e-13	3.612936617e-09	4.999999912e-15	4.918816209e-14	1.038762446e-13	1.87616612e-14	4.999999912e-15	1.023788259e-13	4.76588746e-14	4.999999912e-15	2.830379228e-14	2.365900444e-13	1	1	1	1	1	1	1	0	0	0	0	0	0	0	0	0	0
837.215	1747388194.945	05/16/2025_11:36:34.945	1	3	3.813835428e-05	6.899686468e-06	0.0120000001	4.999999912e-15	1.045892106e-11	1.595778766e-13	4.999999912e-15	5.764107995e-14	1.176338893e-13	4.999999912e-15	4.999999912e-15	1.845722333e-13	9.357941397e-14	4.999999912e-15	7.169528426e-12	2.209744367e-11	4.492534469e-11	2.354326734e-10	2.822435063e-10	4.097023935e-12	5.382041601e-12	3.865081432e-12	6.648420703e-10	3.121303197e-14	4.999999912e-15	2.595609478e-14	1.912309964e-13	4.999999912e-15	4.999999912e-15	1.497808632e-13	2.037124289e-11	4.027726029e-14	9.590521736e-14	1.125681173e-13	9.550479982e-13	4.999999912e-15	8.852957972e-14	1.514057163e-13	1.426322255e-11	4.999999912e-15	2.793812707e-12	7.002140296e-13	3.596970943e-09	8.046894314e-14	1.822623676e-13	4.999999912e-15	6.632867676e-15	2.018723323e-13	5.823050646e-14	4.999999912e-15	4.999999912e-15	2.116852565e-13	4.999999912e-15	1	1	1	1	1	1	1	0	0	0	0	0	0	0	0	0	0
846.234	1747388203.964	05/16/2025_11:36:43.964	1	3	3.819378981e-05	6.904983366e-06	0.0120000001	2.613573149e-13	1.015046814e-11	4.999999912e-15	7.796990457e-14	1.441595053e-13	4.999999912e-15	4.999999912e-15	8.90254057e-14	1.109452225e-13	4.999999912e-15	4.999999912e-15	7.383916395e-12	2.152966694e-11	4.466364778e-11	2.332929405e-10	2.79903406e-10	3.788028918e-12	5.281572922e-12	4.086910498e-12	6.57448318e-10	4.999999912e-15	9.936404591e-14	5.82643539e-14	4.999999912e-15	4.999999912e-15	1.239282657e-13	1.506589992e-13	2.024040831e-11	9.146270574e-14	2.235233212e-13	1.432910729e-14	9.303584379e-13	1.751512347e-14	1.104832575e-13	4.999999912e-15	1.423737083e-11	1.186872595e-13	2.662694284e-12	5.571475898e-13	3.589495368e-09	2.018105735e-13	4.999999912e-15	4.999999912e-15	2.016672148e-13	1.179863499e-13	4.999999912e-15	4.999999912e-15	2.099668096e-13	4.999999912e-15	4.999999912e-15	1	1	1	1	1	1	1	0	0	0	0	0	0	0	0	0	0
855.253	1747388212.983	05/16/2025_11:36:52.983	1	3	3.823692532e-05	7.003594419e-06	0.0120000001	1.24603317e-13	1.014593444e-11	8.203804796e-14	1.695103205e-13	5.197793286e-14	4.999999912e-15	1.380642562e-13	1.681562333e-13	4.999999912e-15	4.999999912e-15	1.795940783e-13	7.160471868e-12	2.141613623e-11	4.472095264e-11	2.372431973e-10	2.832059587e-10	3.792448126e-12	5.520466462e-12	3.964923442e-12	6.656958318e-10	4.999999912e-15	1.521305326e-13	4.999999912e-15	4.999999912e-15	5.551441061e-14	2.136207877e-13	4.999999912e-15	2.029892573e-11	3.307708111e-13	1.751495541e-13	4.999999912e-15	1.02619985e-12	1.550457354e-13	4.999999912e-15	4.999999912e-15	1.471343186e-11	7.142860115e-14	2.417535573e-12	6.615754494e-13	3.590560738e-09	4.999999912e-15	4.999999912e-15	4.985923241e-14	2.118844108e-13	4.999999912e-15	4.999999912e-15	1.480205932e-13	5.344350315e-14	4.999999912e-15	4.999999912e-15	1	1	1	1	1	1	1	0	0	0	0	0	0	0	0	0	0
864.272	1747388222.002	05/16/2025_11:37:02.002	1	3	3.816517346e-05	6.987510915e-06	0.01400000043	4.999999912e-15	1.016329555e-11	3.438952411e-13	8.415477652e-14	4.999999912e-15	1.251588622e-13	2.100504287e-13	4.999999912e-15	4.999999912e-15	1.446891923e-13	7.545694077e-14	6.831321966e-12	2.144399935e-11	4.544471396e-11	2.359824836e-10	2.820556011e-10	3.856596466e-12	5.706624843e-12	3.528451836e-12	6.602546287e-10	1.420766716e-13	4.999999912e-15	4.999999912e-15	5.911263368e-14	1.289980221e-13	4.999999912e-15	4.999999912e-15	2.064094208e-11	3.076064251e-13	4.999999912e-15	9.824863904e-15	1.173423988e-12	4.999999912e-15	4.999999912e-15	1.228489966e-13	1.448180551e-11	4.999999912e-15	2.542792366e-12	7.996556976e-13	3.616104305e-09	4.999999912e-15	2.476731792e-14	1.661311334e-13	4.999999912e-15	4.999999912e-15	1.517621749e-13	7.732075207e-14	4.999999912e-15	4.999999912e-15	1.334106707e-13	1	1	1	1	1	1	1	0	0	0	0	0	0	0	0	0	0
873.291	1747388231.021	05/16/2025_11:37:11.021	1	3	3.805034066e-05	6.936815225e-06	0.01400000043	4.999999912e-15	1.020263821e-11	1.15706354e-13	4.999999912e-15	5.408868476e-14	1.129185788e-13	4.999999912e-15	4.999999912e-15	6.299360312e-14	8.30177737e-14	4.999999912e-15	6.862602066e-12	2.168421692e-11	4.515114324e-11	2.361209561e-10	2.828231815e-10	3.922317766e-12	5.1590043e-12	3.710606475e-12	6.617906778e-10	4.999999912e-15	4.999999912e-15	2.487285822e-14	4.999999912e-15	4.999999912e-15	4.999999912e-15	1.340737688e-13	2.027226997e-11	1.368990912e-14	3.161127637e-14	1.038702883e-13	1.004319891e-12	4.999999912e-15	1.315409099e-13	1.326081985e-13	1.415483356e-11	4.999999912e-15	2.725934929e-12	6.293568639e-13	3.599432752e-09	8.417040936e-15	1.270645102e-13	4.999999912e-15	4.999999912e-15	4.999999912e-15	9.64627751e-14	4.999999912e-15	4.999999912e-15	7.874849725e-14	4.999999912e-15	1	1	1	1	1	1	1	0	0	0	0	0	0	0	0	0	0
882.31	1747388240.040	05/16/2025_11:37:20.040	1	3	3.804494554e-05	7.003594419e-06	0.0120000001	1.806096234e-13	1.037115012e-11	4.999999912e-15	4.953664838e-14	1.462483563e-13	4.999999912e-15	4.999999912e-15	6.457468159e-14	7.56142314e-14	4.999999912e-15	4.999999912e-15	7.259600907e-12	2.123355658e-11	4.484346575e-11	2.340999339e-10	2.808233091e-10	3.736927434e-12	5.265006747e-12	3.943142687e-12	6.588790069e-10	4.999999912e-15	2.392103036e-14	6.782441498e-14	4.999999912e-15	4.999999912e-15	8.737066924e-14	1.131615079e-13	1.990130803e-11	9.694463521e-14	2.158151587e-13	4.999999912e-15	8.752899664e-13	1.41877341e-14	1.495936892e-13	4.999999912e-15	1.434912085e-11	1.142288304e-13	2.629880471e-12	5.605905822e-13	3.565816087e-09	1.967149859e-13	4.999999912e-15	4.999999912e-15	1.676425112e-13	1.316404397e-13	4.999999912e-15	4.999999912e-15	1.244081877e-13	4.999999912e-15	4.999999912e-15	1	1	1	1	1	1	1	0	0	0	0	0	0	0	0	0	0
891.329	1747388249.059	05/16/2025_11:37:29.059	1	3	3.805847518e-05	6.982158084e-06	0.01400000043	1.188923634e-13	1.001271895e-11	1.202145615e-13	2.118764149e-13	4.999999912e-15	4.999999912e-15	4.6760813e-14	1.424211497e-13	4.999999912e-15	4.999999912e-15	1.137628674e-13	7.189169832e-12	2.105534497e-11	4.497766742e-11	2.334871185e-10	2.805306265e-10	3.637344115e-12	5.312873839e-12	3.846681654e-12	6.565543664e-10	4.999999912e-15	1.363995722e-13	4.999999912e-15	4.999999912e-15	4.999999912e-15	1.428353421e-13	4.999999912e-15	1.989542558e-11	3.03777267e-13	1.033286548e-13	4.999999912e-15	1.022527982e-12	1.107202166e-13	4.999999912e-15	4.999999912e-15	1.441565877e-11	4.935743654e-14	2.526569665e-12	5.69714523e-13	3.588493946e-09	4.999999912e-15	4.999999912e-15	8.467448205e-14	2.036883845e-13	4.999999912e-15	4.999999912e-15	6.973203482e-14	4.999999912e-15	4.999999912e-15	4.999999912e-15	1	1	1	1	1	1	1	0	0	0	0	0	0	0	0	0	0
900.348	1747388258.078	05/16/2025_11:37:38.078	1	3	3.808045949e-05	6.904983366e-06	0.0120000001	4.999999912e-15	1.012094575e-11	2.849299301e-13	5.998082212e-14	4.999999912e-15	1.916787448e-14	2.491827545e-13	4.999999912e-15	4.999999912e-15	9.630148648e-14	4.06576018e-14	6.710387888e-12	2.133786203e-11	4.513514215e-11	2.335841798e-10	2.81806023e-10	3.984650717e-12	5.225048692e-12	3.589105575e-12	6.543162123e-10	1.787557461e-13	4.999999912e-15	4.999999912e-15	9.873878652e-14	1.356010573e-13	4.999999912e-15	4.999999912e-15	2.034921016e-11	1.626344458e-13	4.999999912e-15	1.091607951e-14	1.174658461e-12	4.999999912e-15	4.999999912e-15	1.382613913e-13	1.438976976e-11	4.999999912e-15	2.482249866e-12	8.331966302e-13	3.584608832e-09	4.999999912e-15	4.999999912e-15	2.517156676e-13	4.999999912e-15	4.999999912e-15	1.081056834e-13	4.999999912e-15	4.999999912e-15	1.899264708e-14	1.422757582e-13	1	1	1	1	1	1	1	0	0	0	0	0	0	0	0	0	0
909.367	1747388267.097	05/16/2025_11:37:47.097	1	3	3.814084994e-05	6.995547665e-06	0.0120000001	4.999999912e-15	1.054215222e-11	1.370805731e-13	4.999999912e-15	7.364687202e-14	1.685106996e-13	4.999999912e-15	4.999999912e-15	1.523575509e-13	6.329228049e-14	4.999999912e-15	7.145979555e-12	2.142571363e-11	4.467773373e-11	2.32731806e-10	2.790095099e-10	3.905539954e-12	5.175552261e-12	3.723299013e-12	6.563355415e-10	6.568182142e-14	4.999999912e-15	9.289220597e-15	1.608323799e-13	4.999999912e-15	4.999999912e-15	1.281597034e-13	2.013032623e-11	4.999999912e-15	4.13884015e-14	1.137110967e-13	9.712448944e-13	4.999999912e-15	7.184677115e-14	1.366026839e-13	1.418119441e-11	4.999999912e-15	2.720403113e-12	6.395959066e-13	3.55916141e-09	1.95641436e-14	1.218035818e-13	4.999999912e-15	4.999999912e-15	1.321263113e-13	8.283853475e-14	4.999999912e-15	4.999999912e-15	1.650060703e-13	4.999999912e-15	1	1	1	1	1	1	1	0	0	0	0	0	0	0	0	0	0
918.386	1747388276.116	05/16/2025_11:37:56.116	1	3	3.796000237e-05	6.915575341e-06	0.0120000001	1.817247253e-13	1.029681982e-11	8.500680357e-15	4.999999912e-15	1.278650037e-13	4.999999912e-15	4.999999912e-15	8.353149579e-14	1.143881268e-13	4.999999912e-15	4.999999912e-15	7.344747206e-12	2.132233799e-11	4.463171152e-11	2.32598954e-10	2.790959963e-10	3.764024682e-12	5.104033515e-12	3.953608708e-12	6.558346088e-10	4.999999912e-15	4.999999912e-15	7.758956644e-14	4.999999912e-15	4.999999912e-15	1.103896773e-13	9.91111422e-14	1.99203605e-11	1.06391221e-13	2.418290177e-13	4.999999912e-15	7.962288055e-13	4.999999912e-15	7.11856721e-14	4.999999912e-15	1.422389463e-11	1.253958417e-13	2.49864799e-12	4.413695971e-13	3.596935194e-09	1.708603961e-13	4.999999912e-15	1.359415781e-13	1.447190891e-13	4.422457951e-13	4.999999912e-15	4.999999912e-15	1.433490913e-13	4.999999912e-15	4.999999912e-15	1	1	1	1	1	1	1	0	0	0	0	0	0	0	0	0	0
927.405	1747388285.135	05/16/2025_11:38:05.135	1	3	3.793870565e-05	6.976801615e-06	0.01600000076	5.981355683e-14	1.01676445e-11	1.267678182e-13	1.778238472e-13	4.999999912e-15	4.999999912e-15	7.348160573e-14	1.321840586e-13	4.999999912e-15	4.999999912e-15	9.293227402e-14	6.947356752e-12	2.102911421e-11	4.474171381e-11	2.34064268e-10	2.789251607e-10	3.614108362e-12	5.252360612e-12	3.87668413e-12	6.565336608e-10	4.402682781e-14	1.485283522e-13	4.999999912e-15	4.999999912e-15	1.146609392e-13	1.025699775e-13	4.999999912e-15	2.029994402e-11	2.953880359e-13	1.068509701e-14	4.999999912e-15	1.024907589e-12	9.801397026e-14	4.999999912e-15	4.999999912e-15	1.426380281e-11	2.467173194e-14	2.354641872e-12	5.899198773e-13	3.594182507e-09	4.999999912e-15	4.999999912e-15	7.70340077e-14	3.012821654e-13	4.999999912e-15	4.999999912e-15	1.591855716e-13	4.999999912e-15	4.999999912e-15	8.135107036e-14	1	1	1	1	1	1	1	0	0	0	0	0	0	0	0	0	0
936.424	1747388294.154	05/16/2025_11:38:14.154	1	3	3.794124495e-05	6.995547665e-06	0.01400000043	4.999999912e-15	1.004103051e-11	2.72159953e-13	4.999999912e-15	4.999999912e-15	7.93578121e-14	1.489723736e-13	4.999999912e-15	5.792553394e-15	1.686620272e-13	2.871598901e-14	6.790554664e-12	2.123199533e-11	4.475486648e-11	2.324481441e-10	2.788357045e-10	3.738950555e-12	5.264115532e-12	3.657611106e-12	6.490975535e-10	8.369081253e-14	2.035268384e-14	4.999999912e-15	7.150427169e-14	1.330741615e-13	4.999999912e-15	4.999999912e-15	2.001509722e-11	1.770094081e-13	4.999999912e-15	4.999999912e-15	1.097180398e-12	4.999999912e-15	4.999999912e-15	1.57176423e-13	1.44555045e-11	4.999999912e-15	2.605299873e-12	7.759656633e-13	3.55401153e-09	4.999999912e-15	9.191075906e-14	1.317678876e-13	7.751964218e-15	4.999999912e-15	4.467796575e-14	4.999999912e-15	4.999999912e-15	4.999999912e-15	8.291022762e-14	1	1	1	1	1	1	1	0	0	0	0	0	0	0	0	0	0
945.443	1747388303.173	05/16/2025_11:38:23.173	1	3	3.796114106e-05	6.97413634e-06	0.0120000001	4.999999912e-15	1.034913821e-11	2.509131683e-13	4.999999912e-15	4.151185824e-14	2.378186081e-13	4.999999912e-15	4.999999912e-15	4.497050518e-13	4.38535723e-14	4.999999912e-15	6.84840162e-12	2.162047451e-11	4.468697287e-11	2.323478493e-10	2.805399524e-10	3.943179117e-12	5.061186279e-12	3.829357838e-12	6.467493763e-10	4.999999912e-15	4.999999912e-15	4.999999912e-15	1.008674549e-13	4.999999912e-15	4.999999912e-15	8.149643476e-14	2.000472878e-11	8.217920431e-15	3.46459718e-14	1.258618047e-13	9.007660069e-13	4.999999912e-15	5.373026107e-14	1.427317737e-13	1.401967431e-11	4.999999912e-15	2.71982545e-12	5.928689072e-13	3.560947537e-09	4.999999912e-15	1.817605582e-13	4.999999912e-15	1.50678691e-14	1.181356987e-13	8.98756777e-14	4.999999912e-15	9.364891133e-15	1.612425471e-13	4.999999912e-15	1	1	1	1	1	1	1	0	0	0	0	0	0	0	0	0	0
954.462	1747388312.192	05/16/2025_11:38:32.192	1	3	3.79717967e-05	6.968785328e-06	0.01400000043	2.005620876e-13	1.005613908e-11	4.999999912e-15	3.931748725e-14	1.257064927e-13	4.999999912e-15	4.999999912e-15	7.409291957e-14	6.010627787e-14	4.999999912e-15	4.999999912e-15	7.276717423e-12	2.115723048e-11	4.418808375e-11	2.327032178e-10	2.790720988e-10	3.605352562e-12	5.143325002e-12	3.941191557e-12	6.520626261e-10	4.999999912e-15	5.123320794e-14	1.795024632e-13	4.999999912e-15	4.999999912e-15	1.306607546e-13	7.581338579e-14	1.990920102e-11	1.865116948e-13	2.418847728e-13	4.999999912e-15	8.160378298e-13	3.901480511e-14	6.896343712e-14	4.999999912e-15	1.426434838e-11	5.830616345e-14	2.557454248e-12	5.441426931e-13	3.535738369e-09	1.584269283e-13	4.999999912e-15	4.999999912e-15	2.000523228e-13	7.560627607e-14	4.999999912e-15	4.999999912e-15	1.947953788e-13	4.999999912e-15	4.999999912e-15	1	1	1	1	1	1	1	0	0	0	0	0	0	0	0	0	0
963.481	1747388321.211	05/16/2025_11:38:41.211	1	3	3.802777064e-05	6.958112408e-06	0.01400000043	1.480126243e-13	1.002128935e-11	1.391236302e-13	2.182325501e-13	4.999999912e-15	4.999999912e-15	1.493029604e-13	6.24360657e-14	4.999999912e-15	4.999999912e-15	1.597849728e-13	7.087296895e-12	2.120623468e-11	4.461325753e-11	2.330372006e-10	2.80192175e-10	3.757090992e-12	5.296927827e-12	3.984222674e-12	6.589988e-10	4.999999912e-15	2.175953374e-13	4.999999912e-15	4.999999912e-15	1.245316242e-13	9.423255768e-14	4.999999912e-15	1.990354756e-11	2.921164287e-13	1.842116412e-14	4.999999912e-15	1.01758955e-12	7.949720661e-14	4.999999912e-15	4.999999912e-15	1.451819914e-11	2.334356395e-14	2.335121246e-12	5.679622354e-13	3.556853256e-09	4.999999912e-15	4.999999912e-15	9.074385259e-14	1.98527013e-13	4.999999912e-15	4.999999912e-15	2.503157729e-13	4.999999912e-15	4.999999912e-15	6.995507553e-14	1	1	1	1	1	1	1	0	0	0	0	0	0	0	0	0	0
972.5	1747388330.230	05/16/2025_11:38:50.230	1	3	3.792568532e-05	6.97413634e-06	0.01000000071	4.999999912e-15	1.025031275e-11	3.385168122e-13	4.425580453e-14	4.999999912e-15	1.190476889e-13	1.930430506e-13	4.999999912e-15	4.999999912e-15	1.026237472e-13	3.860062633e-14	6.922224512e-12	2.125061238e-11	4.467272385e-11	2.328433557e-10	2.784551201e-10	3.778831414e-12	5.251793792e-12	3.715652785e-12	6.531168384e-10	1.739110022e-13	4.999999912e-15	4.999999912e-15	1.107959075e-13	1.567542754e-13	4.999999912e-15	4.999999912e-15	2.022907709e-11	1.620908404e-13	4.999999912e-15	4.999999912e-15	1.07378711e-12	4.999999912e-15	4.999999912e-15	9.900760767e-14	1.445229353e-11	4.999999912e-15	2.572300879e-12	8.146678861e-13	3.567504958e-09	4.999999912e-15	8.285628856e-15	1.724932182e-13	4.999999912e-15	4.999999912e-15	1.009032945e-13	4.999999912e-15	4.999999912e-15	6.052046342e-14	1.169449059e-13	1	1	1	1	1	1	1	0	0	0	0	0	0	0	0	0	0
981.519	1747388339.249	05/16/2025_11:38:59.249	1	3	3.777594975e-05	6.95011795e-06	0.0120000001	2.476731792e-14	1.042505925e-11	1.407385222e-13	4.999999912e-15	6.048263154e-14	1.148839596e-13	4.999999912e-15	4.999999912e-15	1.675011312e-13	4.999999912e-15	4.999999912e-15	6.951482358e-12	2.113736096e-11	4.398768502e-11	2.308803565e-10	2.776498476e-10	3.871618737e-12	5.122865673e-12	3.91870824e-12	6.475454617e-10	4.999999912e-15	4.999999912e-15	4.999999912e-15	1.839728456e-13	4.999999912e-15	4.999999912e-15	1.189780154e-13	2.00604984e-11	4.999999912e-15	7.615786392e-14	2.115956607e-13	9.056386825e-13	4.999999912e-15	1.141671122e-13	1.202523866e-13	1.401354033e-11	4.999999912e-15	2.733411804e-12	6.242651795e-13	3.527237613e-09	8.659207655e-14	1.519055335e-13	4.999999912e-15	2.693381136e-14	1.530365732e-13	5.092456269e-14	4.999999912e-15	4.999999912e-15	1.995365678e-13	4.999999912e-15	1	1	1	1	1	1	1	0	0	0	0	0	0	0	0	0	0
990.538	1747388348.268	05/16/2025_11:39:08.268	1	3	3.779399412e-05	6.910277534e-06	0.0120000001	1.861990922e-13	1.008098119e-11	4.999999912e-15	2.549612539e-14	1.574293267e-13	4.999999912e-15	9.409119127e-14	6.48275582e-14	1.317499712e-13	4.999999912e-15	4.999999912e-15	7.110699616e-12	2.079179884e-11	4.403933468e-11	2.303256336e-10	2.770661478e-10	3.649708574e-12	5.057165624e-12	3.911328292e-12	6.467881786e-10	4.999999912e-15	1.324586735e-14	6.954287542e-14	9.544525137e-14	4.999999912e-15	6.256549234e-14	7.696629927e-14	1.981152221e-11	1.206785323e-13	2.108429804e-13	3.387536155e-14	7.245252575e-13	4.999999912e-15	6.017597851e-14	4.999999912e-15	1.41568441e-11	1.303003116e-13	2.555388843e-12	5.453912062e-13	3.552783179e-09	1.573337272e-13	4.999999912e-15	4.999999912e-15	2.636831725e-13	2.007910711e-13	4.999999912e-15	4.999999912e-15	1.136214942e-13	4.999999912e-15	4.999999912e-15	1	1	1	1	1	1	1	0	0	0	0	0	0	0	0	0	0
999.557	1747388357.287	05/16/2025_11:39:17.287	1	3	3.789856783e-05	7.017033568e-06	0.01400000043	1.329945133e-13	9.924135298e-12	7.394158528e-14	2.561183416e-13	4.999999912e-15	4.999999912e-15	8.058443778e-14	1.280083895e-13	4.999999912e-15	4.999999912e-15	1.572242228e-13	7.123064291e-12	2.078619221e-11	4.444550283e-11	2.320409004e-10	2.781640751e-10	3.579601459e-12	5.288456305e-12	3.837796834e-12	6.444085265e-10	4.999999912e-15	1.496414754e-13	4.999999912e-15	4.999999912e-15	6.12612039e-14	1.015166006e-13	4.999999912e-15	1.991782607e-11	2.679703519e-13	7.053252839e-14	4.999999912e-15	9.569476288e-13	1.699842253e-13	4.999999912e-15	4.999999912e-15	1.410883216e-11	7.90073573e-14	2.401315041e-12	5.346245365e-13	3.562800499e-09	4.999999912e-15	4.999999912e-15	5.657776222e-14	2.551784738e-13	4.999999912e-15	4.999999912e-15	1.254117795e-13	1.176634473e-14	4.999999912e-15	5.727867182e-14	1	1	1	1	1	1	1	0	0	0	0	0	0	0	0	0	0
1008.576	1747388366.306	05/16/2025_11:39:26.306	1	3	3.789890252e-05	6.907622719e-06	0.01400000043	4.999999912e-15	1.002668955e-11	2.442304714e-13	7.267911316e-14	4.999999912e-15	8.961281966e-14	2.260860769e-13	4.999999912e-15	4.999999912e-15	2.07049601e-13	5.968015253e-14	6.939576951e-12	2.095156167e-11	4.450709593e-11	2.322435994e-10	2.778765273e-10	3.847589782e-12	5.161235155e-12	3.618387708e-12	6.478719783e-10	1.368933992e-13	4.999999912e-15	4.999999912e-15	2.420378351e-14	1.893034882e-13	4.999999912e-15	4.999999912e-15	1.984814396e-11	2.058548102e-13	4.999999912e-15	4.999999912e-15	1.062751558e-12	4.999999912e-15	4.999999912e-15	1.061004989e-13	1.42650709e-11	4.999999912e-15	2.514972171e-12	8.570458796e-13	3.560937989e-09	4.999999912e-15	4.999999912e-15	1.28434508e-13	4.999999912e-15	4.999999912e-15	2.58965836e-13	6.705579017e-14	4.999999912e-15	4.999999912e-15	1.266503449e-13	1	1	1	1	1	1	1	0	0	0	0	0	0	0	0	0	0
1017.595	1747388375.325	05/16/2025_11:39:35.325	1	3	3.809497866e-05	7.006286069e-06	0.01000000071	4.999999912e-15	1.047136509e-11	1.955978511e-13	4.999999912e-15	4.999999912e-15	2.249411323e-13	4.999999912e-15	4.999999912e-15	4.818059607e-14	1.126975642e-13	4.999999912e-15	6.882788176e-12	2.092518173e-11	4.439542484e-11	2.313689379e-10	2.768340834e-10	3.890921439e-12	5.09010889e-12	3.839913196e-12	6.468890423e-10	4.999999912e-15	4.999999912e-15	4.999999912e-15	1.941004323e-13	4.999999912e-15	4.999999912e-15	1.098301341e-13	2.021308988e-11	4.999999912e-15	4.999999912e-15	1.194837686e-13	9.218196952e-13	4.999999912e-15	4.24139009e-14	1.754781216e-13	1.428759888e-11	4.999999912e-15	2.669544056e-12	6.170289431e-13	3.545446159e-09	4.999999912e-15	1.541636556e-13	4.999999912e-15	4.999999912e-15	1.056723678e-13	1.023589105e-13	4.999999912e-15	4.999999912e-15	1.426461759e-13	4.999999912e-15	1	1	1	1	1	1	1	0	0	0	0	0	0	0	0	0	0
1026.614	1747388384.344	05/16/2025_11:39:44.344	1	3	3.781970008e-05	6.891759313e-06	0.0120000001	2.568889383e-13	1.047122892e-11	4.999999912e-15	3.515773556e-14	1.418576086e-13	4.999999912e-15	4.999999912e-15	1.274408639e-13	2.041762213e-13	4.999999912e-15	4.999999912e-15	7.241876369e-12	2.085371285e-11	4.390289174e-11	2.294547746e-10	2.759728002e-10	3.644602415e-12	5.430416099e-12	3.814624398e-12	6.499006888e-10	4.999999912e-15	4.999999912e-15	1.754064287e-13	2.947068181e-14	4.999999912e-15	7.294396342e-14	1.644624378e-13	1.941582832e-11	2.883346909e-14	2.743642986e-13	8.739258368e-14	7.348560779e-13	2.040643994e-14	1.945863175e-13	4.999999912e-15	1.397829075e-11	1.828298797e-13	2.693367664e-12	4.726464446e-13	3.580737706e-09	2.268445712e-14	4.999999912e-15	4.999999912e-15	1.581700537e-13	1.95780756e-14	4.999999912e-15	4.999999912e-15	1.236176688e-13	4.999999912e-15	4.999999912e-15	1	1	1	1	1	1	1	0	0	0	0	0	0	0	0	0	0
1035.633	1747388393.363	05/16/2025_11:39:53.363	1	3	3.765508882e-05	6.902330369e-06	0.0120000001	1.447469531e-13	1.027174179e-11	8.959688866e-14	1.899406739e-13	2.057172656e-14	4.999999912e-15	4.999999912e-15	1.385342036e-13	4.999999912e-15	4.999999912e-15	1.146868245e-13	6.94147257e-12	2.074508794e-11	4.408865287e-11	2.307669611e-10	2.767406304e-10	3.666241356e-12	5.246364541e-12	3.933006698e-12	6.479347614e-10	4.999999912e-15	1.1083172e-13	4.999999912e-15	4.999999912e-15	5.915447033e-14	1.313815864e-13	4.999999912e-15	1.936511194e-11	3.420254531e-13	9.163594769e-14	4.999999912e-15	9.402647931e-13	1.232572529e-13	4.999999912e-15	4.999999912e-15	1.43353697e-11	4.47217743e-14	2.425524842e-12	5.423784794e-13	3.516857028e-09	4.999999912e-15	4.999999912e-15	4.98512703e-14	1.479648381e-13	4.999999912e-15	4.999999912e-15	9.920275728e-14	4.999999912e-15	4.999999912e-15	4.999999912e-15	1	1	1	1	1	1	1	0	0	0	0	0	0	0	0	0	0
1044.652	1747388402.382	05/16/2025_11:40:02.382	1	3	3.713786646e-05	6.868032415e-06	0.01400000043	4.999999912e-15	1.016083225e-11	2.286309434e-13	3.344227835e-13	4.999999912e-15	5.34952738e-14	1.253400866e-13	4.999999912e-15	4.999999912e-15	1.026556159e-13	1.531079815e-14	6.606123634e-12	2.024543901e-11	4.364433467e-11	2.266589694e-10	2.707362112e-10	3.809290123e-12	5.12541962e-12	3.704629051e-12	6.390317719e-10	2.27292794e-13	4.999999912e-15	6.762530125e-14	4.999999912e-15	1.376540483e-13	4.999999912e-15	4.999999912e-15	1.944553893e-11	1.609757791e-13	4.999999912e-15	1.887915822e-14	9.787480071e-13	4.999999912e-15	4.999999912e-15	6.99988773e-14	1.405762486e-11	4.999999912e-15	2.386731004e-12	6.605599856e-13	3.444455388e-09	4.999999912e-15	1.075461538e-13	1.581879701e-13	4.999999912e-15	4.999999912e-15	1.038185041e-13	4.999999912e-15	4.999999912e-15	4.999999912e-15	1.519752748e-13	1	1	1	1	1	1	1	0	0	0	0	0	0	0	0	0	0
1053.671	1747388411.401	05/16/2025_11:40:11.401	1	3	3.713521801e-05	6.836508874e-06	0.01400000043	4.999999912e-15	1.034735578e-11	1.128488985e-13	4.999999912e-15	5.790592344e-14	1.841998776e-13	4.999999912e-15	4.999999912e-15	1.124665411e-13	8.927232597e-14	4.999999912e-15	6.653418268e-12	2.09631687e-11	4.311494911e-11	2.267988714e-10	2.72141587e-10	3.639170128e-12	4.94191927e-12	3.804301926e-12	6.333759073e-10	4.999999912e-15	4.999999912e-15	5.167726327e-14	9.427438756e-14	4.999999912e-15	4.999999912e-15	1.418894841e-13	1.925047448e-11	4.999999912e-15	8.732885292e-14	1.099814684e-13	8.342917828e-13	4.999999912e-15	7.219523373e-14	1.492173355e-13	1.365076715e-11	4.999999912e-15	2.695613698e-12	5.169639673e-13	3.459466713e-09	5.303130981e-14	9.857551244e-14	4.999999912e-15	4.999999912e-15	1.017137492e-13	4.999999912e-15	4.999999912e-15	4.999999912e-15	3.323018672e-14	4.999999912e-15	1	1	1	1	1	1	1	0	0	0	0	0	0	0	0	0	0
1062.69	1747388420.420	05/16/2025_11:40:20.420	1	3	3.717996879e-05	6.841757568e-06	0.01400000043	1.939033108e-13	1.005649036e-11	4.999999912e-15	5.295366738e-14	2.485594738e-13	4.999999912e-15	4.999999912e-15	1.303421211e-13	2.010576357e-14	4.999999912e-15	4.999999912e-15	6.968598008e-12	2.073684974e-11	4.346316015e-11	2.27893468e-10	2.717021608e-10	3.441798062e-12	5.064933715e-12	4.048130321e-12	6.34215791e-10	4.999999912e-15	6.851737602e-14	1.270923877e-13	4.999999912e-15	4.999999912e-15	1.955599989e-13	1.02448513e-13	1.917858233e-11	1.424968135e-13	2.681853763e-13	4.999999912e-15	7.718158794e-13	9.457904837e-14	4.999999912e-15	4.999999912e-15	1.374201794e-11	1.890446214e-13	2.310568837e-12	4.084022075e-13	3.489036393e-09	1.660733861e-13	4.999999912e-15	4.999999912e-15	2.234377098e-13	4.999999912e-15	4.999999912e-15	7.584705704e-15	1.609916763e-13	4.999999912e-15	4.999999912e-15	1	1	1	1	1	1	1	0	0	0	0	0	0	0	0	0	0
1071.709	1747388429.439	05/16/2025_11:40:29.439	1	3	3.70245798e-05	6.862755981e-06	0.01400000043	4.999999912e-15	9.985685889e-12	2.209565809e-13	1.649941034e-13	4.999999912e-15	4.999999912e-15	4.999999912e-15	5.349925825e-14	4.999999912e-15	4.999999912e-15	1.505455103e-13	6.959760459e-12	2.02920545e-11	4.318271088e-11	2.237380975e-10	2.706762869e-10	3.554380314e-12	5.119545846e-12	3.862994126e-12	6.329162194e-10	4.999999912e-15	1.806374874e-13	4.999999912e-15	4.999999912e-15	1.180640058e-13	3.479731287e-14	4.999999912e-15	1.915331956e-11	2.598260691e-13	6.385383623e-14	4.999999912e-15	9.707392225e-13	7.449515858e-14	4.999999912e-15	4.999999912e-15	1.410642263e-11	5.931947912e-15	2.40890966e-12	6.79966825e-13	3.492992562e-09	4.999999912e-15	4.999999912e-15	1.512782954e-13	1.303620569e-13	4.999999912e-15	4.999999912e-15	5.082300005e-14	4.999999912e-15	4.999999912e-15	1.057181618e-13	1	1	1	1	1	1	1	0	0	0	0	0	0	0	0	0	0
1080.728	1747388438.458	05/16/2025_11:40:38.458	1	3	3.675851622e-05	6.745403425e-06	0.01400000043	4.999999912e-15	1.000137907e-11	2.781974954e-13	4.999999912e-15	4.999999912e-15	3.461013214e-14	1.138624378e-13	4.999999912e-15	4.999999912e-15	9.308955787e-14	1.006182984e-14	6.595585623e-12	2.039969756e-11	4.327472408e-11	2.230132468e-10	2.687643996e-10	3.682238976e-12	5.014108052e-12	3.632043884e-12	6.272921627e-10	1.233249478e-13	4.999999912e-15	4.999999912e-15	9.745442029e-14	1.444163934e-13	4.999999912e-15	4.999999912e-15	1.950753274e-11	4.999999912e-15	4.999999912e-15	4.999999912e-15	9.929975679e-13	4.999999912e-15	4.999999912e-15	1.305572133e-13	1.36026676e-11	4.999999912e-15	2.333532239e-12	7.617879309e-13	3.427215178e-09	4.999999912e-15	5.264301636e-14	4.620727358e-14	4.999999912e-15	4.999999912e-15	1.663203131e-13	5.777251236e-14	4.999999912e-15	9.329051474e-15	1.134801346e-13	1	1	1	1	1	1	1	0	0	0	0	0	0	0	0	0	0
1089.747	1747388447.477	05/16/2025_11:40:47.477	1	3	3.676052438e-05	6.805137673e-06	0.0120000001	1.312838727e-14	9.897285248e-12	6.286220459e-14	4.999999912e-15	4.999999912e-15	1.270605257e-13	4.999999912e-15	4.999999912e-15	2.499772308e-13	4.999999912e-15	4.999999912e-15	6.997446893e-12	2.075545638e-11	4.279071888e-11	2.247687314e-10	2.687457201e-10	3.569892212e-12	4.830377851e-12	3.983820218e-12	6.24461538e-10	4.999999912e-15	4.999999912e-15	3.396496409e-14	1.078966154e-13	4.999999912e-15	4.999999912e-15	1.153837768e-13	1.88879537e-11	4.999999912e-15	6.635088258e-14	1.355353682e-13	7.030456404e-13	4.999999912e-15	8.353947146e-14	4.999999912e-15	1.362098108e-11	4.999999912e-15	2.620298076e-12	5.335014115e-13	3.416465333e-09	3.179847065e-14	1.349937279e-13	8.647062558e-14	4.999999912e-15	9.735089254e-14	4.999999912e-15	4.999999912e-15	4.999999912e-15	1.209274515e-13	4.999999912e-15	1	1	1	1	1	1	1	0	0	0	0	0	0	0	0	0	0
1098.766	1747388456.496	05/16/2025_11:40:56.496	1	3	3.678424036e-05	6.852252227e-06	0.01400000043	1.646596e-13	9.744821269e-12	4.999999912e-15	4.142424793e-14	1.337392653e-13	4.999999912e-15	4.999999912e-15	3.704347484e-14	5.767296905e-14	4.999999912e-15	4.999999912e-15	7.048109058e-12	2.028131656e-11	4.29247228e-11	2.235096969e-10	2.685322797e-10	3.387353115e-12	4.980746718e-12	3.97628935e-12	6.252993123e-10	4.999999912e-15	4.999999912e-15	1.408440693e-13	4.999999912e-15	4.999999912e-15	5.171510193e-14	4.999999912e-15	1.873428149e-11	2.888726584e-14	1.630187955e-13	4.999999912e-15	6.513722938e-13	7.639085219e-14	2.778807458e-14	4.999999912e-15	1.356975296e-11	1.081395715e-13	2.405484666e-12	3.787602827e-13	3.419439398e-09	5.134870936e-14	4.999999912e-15	4.999999912e-15	1.521544663e-13	7.666165879e-14	4.999999912e-15	4.999999912e-15	1.216164214e-13	4.999999912e-15	4.999999912e-15	1	1	1	1	1	1	1	0	0	0	0	0	0	0	0	0	0
1107.785	1747388465.515	05/16/2025_11:41:05.515	1	3	3.680751615e-05	6.881195986e-06	0.0120000001	8.898360293e-14	9.88891781e-12	2.401285009e-13	1.561449537e-13	4.999999912e-15	4.999999912e-15	7.294197798e-14	6.252366246e-14	4.999999912e-15	4.999999912e-15	1.476382764e-13	6.823072489e-12	2.028046307e-11	4.30005094e-11	2.22601465e-10	2.663929077e-10	3.302326294e-12	5.033722137e-12	3.960749263e-12	6.285336696e-10	4.999999912e-15	1.219748586e-13	4.999999912e-15	4.999999912e-15	4.999999912e-15	1.193464002e-13	4.999999912e-15	1.870594651e-11	2.273206851e-13	7.33880052e-14	4.999999912e-15	8.813155284e-13	1.494861635e-13	4.999999912e-15	4.999999912e-15	1.367448602e-11	6.019788617e-14	2.327466778e-12	5.64210679e-13	3.426560813e-09	4.999999912e-15	4.999999912e-15	4.999999912e-15	1.773319718e-13	4.999999912e-15	4.999999912e-15	8.371073474e-14	5.000028711e-15	4.999999912e-15	4.999999912e-15	1	1	1	1	1	1	1	0	0	0	0	0	0	0	0	0	0
1116.804	1747388474.534	05/16/2025_11:41:14.534	1	3	3.684062176e-05	6.758346899e-06	0.01800000109	4.999999912e-15	9.910279195e-12	2.512955122e-13	2.930939996e-14	4.999999912e-15	4.999999912e-15	9.694865353e-14	4.999999912e-15	4.999999912e-15	1.158736057e-13	2.198153497e-14	6.587210812e-12	2.05071498e-11	4.249588181e-11	2.24063601e-10	2.656544706e-10	3.701152666e-12	5.010305105e-12	3.558992077e-12	6.252737772e-10	1.096130971e-13	4.999999912e-15	4.999999912e-15	4.999999912e-15	7.991937461e-14	4.999999912e-15	4.999999912e-15	1.932881459e-11	1.650658099e-13	4.999999912e-15	4.999999912e-15	9.391257303e-13	4.999999912e-15	4.999999912e-15	7.332428122e-14	1.387902814e-11	4.999999912e-15	2.327387415e-12	7.245632046e-13	3.445088881e-09	4.999999912e-15	4.999999912e-15	1.039738093e-13	4.999999912e-15	4.999999912e-15	1.153798059e-13	4.999999912e-15	4.999999912e-15	4.999999912e-15	1.551891347e-13	1	1	1	1	1	1	1	0	0	0	0	0	0	0	0	0	0
1125.823	1747388483.553	05/16/2025_11:41:23.553	1	3	3.677182758e-05	6.902330369e-06	0.0120000001	4.999999912e-15	1.025051658e-11	4.41263779e-14	4.999999912e-15	2.317829088e-14	1.629968811e-13	4.999999912e-15	4.999999912e-15	3.08406729e-14	9.331856848e-14	4.999999912e-15	6.653211402e-12	2.030918836e-11	4.299230416e-11	2.232615204e-10	2.665790644e-10	3.796496104e-12	4.744226279e-12	3.610416653e-12	6.271376196e-10	4.999999912e-15	4.999999912e-15	4.999999912e-15	9.282474149e-14	4.999999912e-15	4.999999912e-15	8.189667477e-14	1.913174653e-11	1.524192692e-13	4.999999912e-15	8.202410918e-14	8.098231287e-13	4.999999912e-15	4.999999912e-15	9.13591441e-14	1.373279095e-11	4.999999912e-15	2.621235911e-12	6.232655993e-13	3.448454189e-09	4.999999912e-15	7.139873816e-14	4.999999912e-15	4.999999912e-15	5.671115975e-14	4.999999912e-15	4.999999912e-15	4.999999912e-15	1.181217803e-13	4.999999912e-15	1	1	1	1	1	1	1	0	0	0	0	0	0	0	0	0	0
1134.842	1747388492.572	05/16/2025_11:41:32.572	1	3	3.671792365e-05	6.841757568e-06	0.0120000001	1.203778288e-13	9.859107454e-12	4.999999912e-15	1.068310479e-14	1.60856273e-13	4.999999912e-15	4.999999912e-15	1.312899713e-13	1.225602736e-13	4.999999912e-15	4.999999912e-15	6.815836524e-12	2.001829778e-11	4.250283459e-11	2.224809781e-10	2.650808462e-10	3.386512858e-12	4.691093e-12	3.819429582e-12	6.279070042e-10	4.999999912e-15	1.863223117e-14	8.738658668e-14	4.999999912e-15	4.999999912e-15	5.794773298e-14	1.186255412e-13	1.867731664e-11	2.048871055e-13	1.968105041e-13	4.999999912e-15	7.1224515e-13	7.663375414e-14	8.093489258e-14	4.999999912e-15	1.363484759e-11	2.678844017e-14	2.471646152e-12	4.039975548e-13	3.405486559e-09	2.290212291e-13	1.24264802e-13	4.999999912e-15	1.500875162e-13	1.789943248e-14	4.999999912e-15	4.999999912e-15	9.891999058e-14	4.999999912e-15	4.999999912e-15	1	1	1	1	1	1	1	0	0	0	0	0	0	0	0	0	0
1143.861	1747388501.591	05/16/2025_11:41:41.591	1	3	3.667676356e-05	6.812965239e-06	0.0120000001	8.0600362e-14	9.66619406e-12	1.1644311e-13	1.466943835e-13	4.999999912e-15	4.999999912e-15	4.032902755e-14	5.93177173e-14	4.999999912e-15	4.999999912e-15	1.20903572e-13	6.687279203e-12	1.998597468e-11	4.265916093e-11	2.212286465e-10	2.652911502e-10	3.422084664e-12	5.005983475e-12	3.908032752e-12	6.25003993e-10	4.999999912e-15	1.591199096e-13	4.999999912e-15	4.999999912e-15	4.999999912e-15	7.246007722e-14	4.999999912e-15	1.869601869e-11	2.341188224e-13	1.441296491e-13	4.999999912e-15	7.98235989e-13	8.474220403e-14	4.999999912e-15	4.999999912e-15	1.392654395e-11	7.279459425e-14	2.214677877e-12	4.952134623e-13	3.430551621e-09	4.999999912e-15	4.999999912e-15	4.999999912e-15	1.681363246e-13	4.999999912e-15	4.999999912e-15	3.542255194e-14	4.999999912e-15	4.999999912e-15	4.999999912e-15	1	1	1	1	1	1	1	0	0	0	0	0	0	0	0	0	0
1152.88	1747388510.610	05/16/2025_11:41:50.610	1	3	3.672620369e-05	6.818188467e-06	0.0120000001	4.999999912e-15	9.94807188e-12	1.913405144e-13	1.805277255e-14	4.999999912e-15	4.999999912e-15	1.264094081e-13	4.999999912e-15	4.999999912e-15	6.037907668e-14	3.669099394e-14	6.554878602e-12	2.055507327e-11	4.279036153e-11	2.220877787e-10	2.64607003e-10	3.607553058e-12	4.891727214e-12	3.577269991e-12	6.176955059e-10	1.007937833e-13	4.999999912e-15	4.999999912e-15	4.999999912e-15	3.694587632e-14	4.999999912e-15	4.999999912e-15	1.895293297e-11	1.996879224e-13	4.999999912e-15	4.999999912e-15	8.386128163e-13	4.999999912e-15	4.999999912e-15	8.535749554e-14	1.351692716e-11	4.999999912e-15	2.454324504e-12	7.477633963e-13	3.413253458e-09	4.999999912e-15	4.999999912e-15	1.321601791e-13	4.999999912e-15	4.999999912e-15	7.783847216e-14	4.495874024e-14	4.999999912e-15	4.999999912e-15	9.01843094e-14	1	1	1	1	1	1	1	0	0	0	0	0	0	0	0	0	0
1161.899	1747388519.629	05/16/2025_11:41:59.629	1	3	3.675232801e-05	6.860133908e-06	0.0120000001	4.999999912e-15	1.000081701e-11	6.498287016e-14	4.999999912e-15	3.849109481e-14	1.358877746e-13	4.999999912e-15	4.999999912e-15	1.341514248e-13	2.461597685e-14	4.999999912e-15	6.73934953e-12	2.036623994e-11	4.257987019e-11	2.227847629e-10	2.673365418e-10	3.61722219e-12	4.870078299e-12	3.711067044e-12	6.222574123e-10	4.999999912e-15	4.999999912e-15	5.802507726e-15	9.671563816e-14	4.999999912e-15	4.999999912e-15	1.05445363e-13	1.868769896e-11	4.999999912e-15	7.603837129e-14	2.225635312e-13	7.754817838e-13	4.999999912e-15	8.626551486e-14	1.07420698e-13	1.35027961e-11	4.999999912e-15	2.57748033e-12	5.313527938e-13	3.416828154e-09	1.999623205e-14	6.378812002e-14	4.999999912e-15	4.999999912e-15	1.378312883e-13	2.619305733e-14	4.999999912e-15	4.999999912e-15	1.380542815e-13	4.999999912e-15	1	1	1	1	1	1	1	0	0	0	0	0	0	0	0	0	0
1170.918	1747388528.648	05/16/2025_11:42:08.648	1	3	3.676628694e-05	6.947448128e-06	0.0120000001	1.703426354e-13	9.973015469e-12	4.999999912e-15	3.888735037e-14	1.025440854e-13	4.999999912e-15	4.999999912e-15	5.923010021e-14	5.338377039e-14	4.999999912e-15	4.999999912e-15	6.92555388e-12	2.027734577e-11	4.22828092e-11	2.214970846e-10	2.652262299e-10	3.508226912e-12	4.965019715e-12	3.802997414e-12	6.234389671e-10	4.999999912e-15	4.999999912e-15	4.999999912e-15	4.999999912e-15	4.999999912e-15	7.813914175e-14	7.366279624e-14	1.86073431e-11	1.702311252e-13	1.978539403e-13	4.999999912e-15	6.485965194e-13	1.86720485e-14	1.326201247e-13	4.999999912e-15	1.354142493e-11	1.483909295e-13	2.390124123e-12	4.030975315e-13	3.424870609e-09	2.999835623e-14	4.999999912e-15	4.999999912e-15	2.747167457e-13	5.174296592e-14	4.999999912e-15	4.999999912e-15	6.297370123e-14	4.999999912e-15	4.999999912e-15	1	1	1	1	1	1	1	0	0	0	0	0	0	0	0	0	0
1179.937	1747388537.667	05/16/2025_11:42:17.667	1	3	3.667396595e-05	6.818188467e-06	0.0120000001	9.042128212e-14	9.71830949e-12	3.977944547e-14	2.248076942e-13	4.999999912e-15	4.999999912e-15	1.326997865e-13	7.719926044e-14	4.999999912e-15	4.999999912e-15	6.01540573e-14	6.592089288e-12	1.988632696e-11	4.274866572e-11	2.215397588e-10	2.659931164e-10	3.464116147e-12	5.003299424e-12	3.715525283e-12	6.214752601e-10	2.701942945e-14	1.579012257e-13	4.999999912e-15	4.999999912e-15	9.384624967e-14	1.240337856e-13	4.999999912e-15	1.885058255e-11	2.747008079e-13	4.999999912e-15	4.999999912e-15	9.333631958e-13	9.384624967e-14	4.999999912e-15	4.999999912e-15	1.372057589e-11	3.919001896e-14	2.25228061e-12	5.000959499e-13	3.434369233e-09	4.999999912e-15	4.999999912e-15	4.976761733e-14	1.979972989e-13	4.999999912e-15	4.999999912e-15	5.930974841e-14	4.999999912e-15	4.999999912e-15	1.870391049e-14	1	1	1	1	1	1	1	0	0	0	0	0	0	0	0	0	0
1188.956	1747388546.686	05/16/2025_11:42:26.686	1	3	3.665826443e-05	6.828654932e-06	0.01400000043	4.999999912e-15	1.006543893e-11	2.564408917e-13	4.999999912e-15	4.999999912e-15	7.278266125e-14	6.715932471e-14	4.999999912e-15	4.999999912e-15	1.674075104e-13	4.999999912e-15	6.549344834e-12	2.014621803e-11	4.269498644e-11	2.199360416e-10	2.653774145e-10	3.66491169e-12	4.784575514e-12	3.592142426e-12	6.161477439e-10	1.34304731e-13	4.999999912e-15	4.999999912e-15	5.924206031e-14	5.234432543e-14	4.999999912e-15	4.999999912e-15	1.88894126e-11	2.725940404e-13	4.999999912e-15	1.055668207e-13	1.067092378e-12	4.999999912e-15	4.999999912e-15	1.574671112e-13	1.354110313e-11	4.999999912e-15	2.386997718e-12	6.955066406e-13	3.400586035e-09	4.999999912e-15	2.32944008e-13	7.762541288e-14	4.999999912e-15	4.999999912e-15	1.504260312e-13	4.999999912e-15	4.999999912e-15	6.72708349e-14	5.664545032e-14	1	1	1	1	1	1	1	0	0	0	0	0	0	0	0	0	0
1197.975	1747388555.705	05/16/2025_11:42:35.705	1	3	3.662619929e-05	6.939473678e-06	0.0120000001	6.696418187e-14	1.019437399e-11	2.317230744e-14	4.999999912e-15	9.59251328e-14	1.782041582e-13	4.999999912e-15	4.999999912e-15	1.45276613e-13	4.999999912e-15	4.999999912e-15	6.891471335e-12	2.029799939e-11	4.248845026e-11	2.216839906e-10	2.671617649e-10	3.555372143e-12	4.731364172e-12	3.735270773e-12	6.263316532e-10	4.999999912e-15	4.999999912e-15	6.658186508e-14	1.204415528e-13	4.999999912e-15	4.999999912e-15	1.734251035e-13	1.898197918e-11	4.999999912e-15	1.767067395e-13	1.108038425e-13	6.319893068e-13	4.999999912e-15	1.364831913e-13	6.562605955e-14	1.342686465e-11	4.999999912e-15	2.602305307e-12	5.304507918e-13	3.409609484e-09	8.902738437e-14	7.736654606e-14	4.999999912e-15	3.080282069e-14	1.828079517e-13	4.999999912e-15	4.999999912e-15	1.075859711e-13	7.44831917e-14	4.999999912e-15	1	1	1	1	1	1	1	0	0	0	0	0	0	0	0	0	0
1206.994	1747388564.724	05/16/2025_11:42:44.724	1	3	3.664027463e-05	6.776499504e-06	0.01400000043	2.309089064e-13	9.837196162e-12	4.999999912e-15	8.871676045e-14	1.247347223e-13	4.999999912e-15	1.939829319e-13	1.623474169e-14	8.245621118e-14	4.999999912e-15	1.075478411e-14	6.815205952e-12	2.0116896e-11	4.240454862e-11	2.206663047e-10	2.666895316e-10	3.419846437e-12	4.869837172e-12	4.022100361e-12	6.184910362e-10	4.999999912e-15	1.095692615e-13	4.946495551e-14	4.999999912e-15	4.999999912e-15	1.325882763e-13	2.447060566e-14	1.849704417e-11	1.20306163e-13	1.844407873e-13	4.999999912e-15	7.136391087e-13	2.140230267e-13	1.032466755e-14	4.999999912e-15	1.35437191e-11	1.70183339e-13	2.371454162e-12	4.484345837e-13	3.409800442e-09	8.991151058e-14	4.999999912e-15	4.999999912e-15	2.439079212e-13	4.999999912e-15	4.999999912e-15	4.999999912e-15	1.161484103e-13	4.999999912e-15	4.999999912e-15	1	1	1	1	1	1	1	0	0	0	0	0	0	0	0	0	0
1216.013	1747388573.743	05/16/2025_11:42:53.743	1	3	3.667350029e-05	6.865393971e-06	0.01600000076	1.072292212e-14	9.959141151e-12	1.608642283e-13	1.698966082e-13	4.999999912e-15	4.999999912e-15	1.691319204e-13	8.573779978e-14	4.999999912e-15	4.999999912e-15	1.923420868e-13	6.679896653e-12	1.996428717e-11	4.241501941e-11	2.205912814e-10	2.642919772e-10	3.432447252e-12	5.03785208e-12	3.859724606e-12	6.178433321e-10	2.826976934e-13	1.059690394e-13	4.999999912e-15	4.999999912e-15	7.625940623e-14	9.14583486e-15	4.999999912e-15	1.878136535e-11	2.803878549e-13	4.999999912e-15	4.999999912e-15	9.458363997e-13	8.835034755e-14	4.999999912e-15	4.999999912e-15	1.369457672e-11	4.999999912e-15	2.258207076e-12	6.123554355e-13	3.419101668e-09	4.999999912e-15	4.999999912e-15	6.302147389e-14	1.570887924e-13	4.999999912e-15	4.999999912e-15	1.65515808e-13	4.999999912e-15	4.999999912e-15	7.559033152e-14	1	1	1	1	1	1	1	0	0	0	0	0	0	0	0	0	0
1225.032	1747388582.762	05/16/2025_11:43:02.762	1	3	3.665829354e-05	6.79211189e-06	0.0120000001	4.999999912e-15	1.008761737e-11	3.144623234e-13	4.999999912e-15	4.999999912e-15	2.032861049e-13	9.835444362e-14	4.999999912e-15	3.944490811e-14	1.272516977e-13	4.999999912e-15	6.492525701e-12	2.036964521e-11	4.249010171e-11	2.212762334e-10	2.657367382e-10	3.689097638e-12	4.928300389e-12	3.652426018e-12	6.215790105e-10	8.930615308e-14	4.999999912e-15	4.999999912e-15	1.274906287e-13	6.160368981e-14	4.999999912e-15	3.528714186e-14	1.933127269e-11	7.299372153e-14	4.999999912e-15	5.749372332e-14	8.923431113e-13	4.999999912e-15	4.999999912e-15	1.823061423e-13	1.352618018e-11	4.999999912e-15	2.422924274e-12	7.089238051e-13	3.447933938e-09	4.999999912e-15	8.34598097e-14	5.142435956e-14	4.999999912e-15	4.999999912e-15	1.018272245e-13	4.999999912e-15	4.999999912e-15	6.203380637e-14	9.588529515e-14	1	1	1	1	1	1	1	0	0	0	0	0	0	0	0	0	0
1234.051	1747388591.781	05/16/2025_11:43:11.781	1	3	3.64989537e-05	6.810354535e-06	0.01400000043	2.687405826e-14	1.025297035e-11	6.271679953e-14	4.999999912e-15	9.487968408e-14	1.090734355e-13	4.999999912e-15	4.999999912e-15	2.214444177e-13	4.999999912e-15	4.999999912e-15	6.835101062e-12	2.012401704e-11	4.214299396e-11	2.217895312e-10	2.660413001e-10	3.604410824e-12	4.992273955e-12	3.706953147e-12	6.237250716e-10	4.999999912e-15	4.999999912e-15	1.584249225e-13	9.427436045e-14	4.999999912e-15	4.999999912e-15	2.018026046e-13	1.862762028e-11	4.611763716e-14	6.349738443e-14	1.203200815e-13	6.293509008e-13	4.999999912e-15	1.217856653e-13	1.546809555e-14	1.335802129e-11	4.999999912e-15	2.597436589e-12	4.881941748e-13	3.423637152e-09	5.233037311e-14	7.229080615e-14	4.999999912e-15	2.848299396e-14	1.18217312e-13	4.999999912e-15	4.999999912e-15	1.817620896e-14	1.594125765e-13	4.999999912e-15	1	1	1	1	1	1	1	0	0	0	0	0	0	0	0	0	0
1243.07	1747388600.800	05/16/2025_11:43:20.800	1	3	3.642042066e-05	6.862755981e-06	0.0120000001	1.785307199e-13	1.004637519e-11	4.999999912e-15	7.461858822e-14	1.688930029e-13	4.999999912e-15	4.999999912e-15	1.328112967e-13	2.818232437e-14	4.999999912e-15	4.999999912e-15	6.892084993e-12	2.013848116e-11	4.179984137e-11	2.194057713e-10	2.609083505e-10	3.397958564e-12	4.769859854e-12	3.842058616e-12	6.117548135e-10	4.999999912e-15	4.999999912e-15	9.435600088e-14	4.999999912e-15	4.999999912e-15	1.189202274e-13	4.999999912e-15	1.853795416e-11	3.077717389e-13	2.302398723e-13	4.999999912e-15	6.660080473e-13	1.538071699e-13	8.599270926e-14	4.999999912e-15	1.333892198e-11	1.340378953e-13	2.402708891e-12	4.916848721e-13	3.346195099e-09	1.362362642e-13	4.999999912e-15	4.999999912e-15	1.839628981e-13	4.999999912e-15	4.999999912e-15	4.999999912e-15	1.056026604e-13	4.999999912e-15	4.999999912e-15	1	1	1	1	1	1	1	0	0	0	0	0	0	0	0	0	0
1252.089	1747388609.819	05/16/2025_11:43:29.819	1	3	3.642131196e-05	6.897043022e-06	0.01400000043	1.210011095e-13	9.753063808e-12	4.195589324e-14	2.287046149e-13	6.2883726e-15	4.999999912e-15	5.15139621e-14	6.79857036e-14	4.999999912e-15	4.999999912e-15	2.397080201e-14	6.581935517e-12	1.995913504e-11	4.203584009e-11	2.200403332e-10	2.64915645e-10	3.404802482e-12	4.988207764e-12	3.844346282e-12	6.171060329e-10	4.999999912e-15	1.675170419e-13	4.999999912e-15	4.999999912e-15	6.170923012e-14	8.617788422e-14	4.999999912e-15	1.87625783e-11	3.153325582e-13	5.560800437e-14	4.999999912e-15	8.443716104e-13	1.603007007e-13	4.999999912e-15	4.999999912e-15	1.375899308e-11	1.013911516e-13	2.196360281e-12	5.242241103e-13	3.354205358e-09	4.999999912e-15	4.999999912e-15	1.129042064e-14	1.912847864e-13	4.999999912e-15	4.999999912e-15	1.131316381e-13	4.999999912e-15	4.999999912e-15	4.999999912e-15	1	1	1	1	1	1	1	0	0	0	0	0	0	0	0	0	0
1261.108	1747388618.838	05/16/2025_11:43:38.838	1	3	3.649481368e-05	6.76872105e-06	0.01600000076	4.999999912e-15	9.910000771e-12	2.028759105e-13	4.558196675e-14	4.999999912e-15	3.503625748e-14	1.429468252e-13	4.999999912e-15	4.999999912e-15	1.154036719e-13	5.96801322e-14	6.342452171e-12	2.028279975e-11	4.242914353e-11	2.202147908e-10	2.635835994e-10	3.639478909e-12	5.076088421e-12	3.681661746e-12	6.212477754e-10	1.151647137e-13	4.999999912e-15	4.999999912e-15	4.999999912e-15	1.03328648e-13	4.999999912e-15	4.999999912e-15	1.862152793e-11	2.179458057e-13	2.142659422e-13	4.999999912e-15	9.690665154e-13	4.999999912e-15	4.999999912e-15	5.561796547e-14	1.374326347e-11	4.999999912e-15	2.379869305e-12	6.877247253e-13	3.427993445e-09	4.999999912e-15	4.999999912e-15	1.773081194e-13	8.46482037e-15	4.999999912e-15	2.410819076e-14	7.044888896e-14	4.999999912e-15	4.999999912e-15	1.069447739e-13	1	1	1	1	1	1	1	0	0	0	0	0	0	0	0	0	0
1270.127	1747388627.857	05/16/2025_11:43:47.857	1	3	3.650142025e-05	6.810354535e-06	0.01000000071	4.999999912e-15	1.006211087e-11	1.688273002e-13	4.999999912e-15	4.999999912e-15	1.206068259e-13	4.999999912e-15	4.999999912e-15	5.237817287e-14	9.062637251e-14	4.999999912e-15	6.598714197e-12	2.024057658e-11	4.200937168e-11	2.202404648e-10	2.643605612e-10	3.65795198e-12	4.813952188e-12	3.667669467e-12	6.167243383e-10	1.15222461e-13	4.999999912e-15	4.999999912e-15	9.941978068e-14	6.348146021e-14	4.999999912e-15	1.118771281e-13	1.892266205e-11	3.600201734e-14	4.999999912e-15	7.515822274e-14	8.727630706e-13	4.999999912e-15	4.999999912e-15	1.809182415e-13	1.350239538e-11	4.999999912e-15	2.462699966e-12	6.953333308e-13	3.386181779e-09	4.999999912e-15	9.390795433e-14	5.127899516e-14	4.999999912e-15	1.323789169e-14	7.174919296e-14	4.999999912e-15	4.999999912e-15	7.029954689e-14	1.009968612e-13	1	1	1	1	1	1	1	0	0	0	0	0	0	0	0	0	0
1279.146	1747388636.876	05/16/2025_11:43:56.876	1	3	3.647654739e-05	6.78950255e-06	0.01400000043	4.999999912e-15	9.895068272e-12	8.382421005e-14	4.999999912e-15	1.103637852e-13	9.064229673e-14	4.999999912e-15	4.999999912e-15	1.56752256e-13	4.999999912e-15	4.999999912e-15	6.591577978e-12	2.012365101e-11	4.216571189e-11	2.187729026e-10	2.630917428e-10	3.701935026e-12	4.841065483e-12	3.909679872e-12	6.147175546e-10	4.999999912e-15	4.999999912e-15	8.562431092e-14	1.243822753e-13	4.999999912e-15	4.999999912e-15	1.442789844e-13	1.85581342e-11	4.999999912e-15	1.56258429e-13	1.409814648e-13	7.560271853e-13	4.999999912e-15	7.627333823e-14	1.178827814e-13	1.353803007e-11	4.999999912e-15	2.610244486e-12	6.321068343e-13	3.37851902e-09	4.999999912e-15	1.382255584e-13	4.999999912e-15	8.156181893e-15	1.487075708e-13	6.881803883e-14	4.999999912e-15	4.999999912e-15	1.771746676e-13	4.999999912e-15	1	1	1	1	1	1	1	0	0	0	0	0	0	0	0	0	0
1288.165	1747388645.895	05/16/2025_11:44:05.895	1	3	3.637375994e-05	6.870664947e-06	0.0120000001	1.900701005e-13	9.974457024e-12	4.999999912e-15	1.191333002e-13	1.376122388e-13	4.999999912e-15	4.999999912e-15	7.548479799e-14	8.287637341e-14	4.999999912e-15	4.999999912e-15	6.854432386e-12	1.995589805e-11	4.176119867e-11	2.193891596e-10	2.638671781e-10	3.346653683e-12	4.868170537e-12	4.075552396e-12	6.136022246e-10	4.999999912e-15	4.999999912e-15	1.758445006e-13	4.999999912e-15	4.999999912e-15	3.988100133e-14	1.287710444e-13	1.822380094e-11	4.999999912e-15	1.774534567e-13	4.999999912e-15	7.077668529e-13	6.523346316e-15	1.357484139e-13	4.999999912e-15	1.330947245e-11	2.203532495e-13	2.446506539e-12	4.306944341e-13	3.367741863e-09	1.383450104e-13	4.999999912e-15	4.999999912e-15	1.323871703e-13	7.041902597e-14	4.999999912e-15	4.999999912e-15	1.056723611e-13	4.999999912e-15	4.999999912e-15	1	1	1	1	1	1	1	0	0	0	0	0	0	0	0	0	0
1297.184	1747388654.914	05/16/2025_11:44:14.914	1	3	3.639342685e-05	6.802530606e-06	0.01000000071	8.762753029e-14	9.648689833e-12	5.959050934e-14	1.615910097e-13	4.999999912e-15	4.999999912e-15	1.02410654e-13	1.714517742e-13	4.999999912e-15	4.999999912e-15	8.501499607e-14	6.673884102e-12	1.990889398e-11	4.193779352e-11	2.196977184e-10	2.61631744e-10	3.517794779e-12	4.804151434e-12	3.802083648e-12	6.186022805e-10	4.999999912e-15	1.59472316e-13	4.999999912e-15	4.999999912e-15	4.999999912e-15	1.510612382e-13	4.999999912e-15	1.83063547e-11	2.449214334e-13	1.176717144e-13	4.999999912e-15	7.021634793e-13	1.162698681e-13	4.999999912e-15	4.999999912e-15	1.36524533e-11	8.420254918e-14	2.22941522e-12	5.121809552e-13	3.394948989e-09	4.999999912e-15	4.999999912e-15	4.999999912e-15	1.064569101e-13	4.999999912e-15	4.999999912e-15	4.999999912e-15	2.785774134e-14	4.999999912e-15	4.999999912e-15	1	1	1	1	1	1	1	0	0	0	0	0	0	0	0	0	0
1306.203	1747388663.933	05/16/2025_11:44:23.933	1	3	3.639633724e-05	6.823423064e-06	0.01400000043	4.999999912e-15	9.774326314e-12	2.076728817e-13	6.215129323e-14	4.999999912e-15	4.999999912e-15	8.663587155e-14	4.999999912e-15	4.999999912e-15	4.999999912e-15	1.088902324e-13	6.477015972e-12	1.998696174e-11	4.201664711e-11	2.17995566e-10	2.611135197e-10	3.473090739e-12	4.964292432e-12	3.635960239e-12	6.098587746e-10	5.370832631e-14	5.632087407e-14	4.999999912e-15	4.999999912e-15	5.254543816e-14	4.999999912e-15	4.999999912e-15	1.847643739e-11	2.320300256e-13	4.999999912e-15	4.999999912e-15	9.202426147e-13	4.999999912e-15	4.999999912e-15	1.058316575e-13	1.360247592e-11	4.999999912e-15	1.943465571e-12	7.336373262e-13	3.399528881e-09	4.999999912e-15	4.999999912e-15	7.495910902e-14	4.999999912e-15	4.999999912e-15	4.999999912e-15	5.63845845e-14	4.999999912e-15	4.999999912e-15	6.125921168e-14	1	1	1	1	1	1	1	0	0	0	0	0	0	0	0	0	0
1315.222	1747388672.952	05/16/2025_11:44:32.952	1	3	3.645519246e-05	6.826030585e-06	0.01400000043	4.999999912e-15	9.982369965e-12	1.915953697e-13	4.999999912e-15	4.999999912e-15	1.773061e-13	4.999999912e-15	4.999999912e-15	5.958256078e-14	1.631123757e-13	4.999999912e-15	6.524484078e-12	2.020424453e-11	4.213254051e-11	2.189871756e-10	2.623255779e-10	3.608429311e-12	4.743704561e-12	3.602869522e-12	6.149059595e-10	3.939910735e-14	4.999999912e-15	4.999999912e-15	1.980152289e-13	4.999999912e-15	4.999999912e-15	3.630867037e-14	1.843861348e-11	4.999999912e-15	4.999999912e-15	1.363497802e-13	8.486966013e-13	4.999999912e-15	4.999999912e-15	7.331430656e-14	1.350996658e-11	4.999999912e-15	2.541016226e-12	6.903671428e-13	3.378503921e-09	1.08523352e-14	9.585542538e-14	4.999999912e-15	4.999999912e-15	9.717760993e-14	1.085198554e-13	4.999999912e-15	4.999999912e-15	1.811452599e-13	4.999999912e-15	1	1	1	1	1	1	1	0	0	0	0	0	0	0	0	0	0
1324.241	1747388681.971	05/16/2025_11:44:41.971	1	3	3.646700134e-05	6.873290204e-06	0.0120000001	1.935906405e-13	1.009691029e-11	4.999999912e-15	4.999999912e-15	2.352956697e-13	2.713690275e-14	4.999999912e-15	1.09352211e-13	1.435382303e-13	4.999999912e-15	4.999999912e-15	6.735259052e-12	2.019657011e-11	4.202984835e-11	2.197406146e-10	2.622733974e-10	3.457590984e-12	4.818818955e-12	3.906485378e-12	6.176393841e-10	4.999999912e-15	4.999999912e-15	1.79651785e-13	4.999999912e-15	4.999999912e-15	1.576204445e-13	1.444781117e-13	1.850010943e-11	2.971757497e-14	3.162843522e-13	1.957009994e-14	6.498927915e-13	4.818057574e-14	1.500695727e-13	4.999999912e-15	1.330232018e-11	1.390937062e-13	2.456064649e-12	3.870937316e-13	3.38267836e-09	1.562504602e-13	2.970165075e-14	4.999999912e-15	2.29401513e-13	6.863484932e-14	4.999999912e-15	5.568366135e-14	7.307934639e-14	3.653566843e-14	4.999999912e-15	1	1	1	1	1	1	1	0	0	0	0	0	0	0	0	0	0
1333.26	1747388690.990	05/16/2025_11:44:50.990	1	3	3.640607611e-05	6.802530606e-06	0.01400000043	2.11872444e-13	1.003313578e-11	1.28717268e-13	1.801237246e-13	4.999999912e-15	4.999999912e-15	9.230101763e-14	1.076098574e-13	4.999999912e-15	4.999999912e-15	1.741658711e-13	6.752346945e-12	1.990544188e-11	4.197264064e-11	2.194267129e-10	2.63779526e-10	3.35335427e-12	4.913644578e-12	4.124164985e-12	6.177227063e-10	4.999999912e-15	1.466704769e-13	4.999999912e-15	4.999999912e-15	3.962013551e-14	1.384824059e-13	4.999999912e-15	1.851616083e-11	2.14341606e-13	1.860338191e-13	4.999999912e-15	7.876185056e-13	1.301191143e-13	4.999999912e-15	4.999999912e-15	1.361803292e-11	7.296187309e-14	2.302046574e-12	6.162582922e-13	3.39840267e-09	4.999999912e-15	4.999999912e-15	9.878620003e-15	2.235810685e-13	4.999999912e-15	4.999999912e-15	1.785466442e-13	3.170285757e-14	4.999999912e-15	6.501438656e-15	1	1	1	1	1	1	1	0	0	0	0	0	0	0	0	0	0
1342.279	1747388700.009	05/16/2025_11:45:00.009	1	3	3.63416184e-05	6.773910627e-06	0.0120000001	4.999999912e-15	9.881408192e-12	2.858100855e-13	4.999999912e-15	4.999999912e-15	4.999999912e-15	5.518982081e-14	4.999999912e-15	4.999999912e-15	9.354955775e-14	4.999999912e-15	6.470325577e-12	1.969336846e-11	4.179187899e-11	2.197217824e-10	2.621908801e-10	3.642316049e-12	4.812526246e-12	3.725598823e-12	6.134743824e-10	1.02773096e-13	4.999999912e-15	4.999999912e-15	3.624893083e-14	1.657766806e-13	4.999999912e-15	4.999999912e-15	1.847298009e-11	1.254734841e-13	4.999999912e-15	4.999999912e-15	9.643531633e-13	4.999999912e-15	4.999999912e-15	5.284810675e-14	1.354558913e-11	4.999999912e-15	2.20621698e-12	6.47997064e-13	3.401965598e-09	4.999999912e-15	4.053414505e-14	1.025500485e-13	4.999999912e-15	4.999999912e-15	1.487071371e-14	4.999999912e-15	4.999999912e-15	4.999999912e-15	6.973402704e-14	1	1	1	1	1	1	1	0	0	0	0	0	0	0	0	0	0
1351.298	1747388709.028	05/16/2025_11:45:09.028	1	3	3.630818901e-05	6.923537512e-06	0.01400000043	4.999999912e-15	1.009266368e-11	1.559856302e-13	4.999999912e-15	8.058839512e-14	1.083705201e-13	4.999999912e-15	4.999999912e-15	1.260210876e-13	4.552623198e-14	4.999999912e-15	6.667864611e-12	1.987171365e-11	4.185125163e-11	2.179245395e-10	2.619888195e-10	3.648567126e-12	4.673956534e-12	3.778588553e-12	6.104097228e-10	4.999999912e-15	4.999999912e-15	4.401286193e-14	1.180082236e-13	4.999999912e-15	4.999999912e-15	1.373155333e-13	1.840697039e-11	1.550935487e-13	4.794759425e-14	1.575626836e-13	7.034080349e-13	4.999999912e-15	9.906497552e-15	3.87081453e-14	1.320980304e-11	4.999999912e-15	2.544689936e-12	5.653576565e-13	3.362641277e-09	6.758943448e-14	1.188525325e-13	4.999999912e-15	2.064338555e-14	1.326002025e-13	4.999999912e-15	4.999999912e-15	4.999999912e-15	1.723458615e-13	4.999999912e-15	1	1	1	1	1	1	1	0	0	0	0	0	0	0	0	0	0
1360.317	1747388718.047	05/16/2025_11:45:18.047	1	3	3.632659718e-05	6.812965239e-06	0.01400000043	1.968065468e-13	1.00077004e-11	4.999999912e-15	6.896739446e-14	7.446328303e-14	4.999999912e-15	4.999999912e-15	1.301390094e-13	6.386974689e-14	4.999999912e-15	4.999999912e-15	6.862108538e-12	1.995701174e-11	4.182035968e-11	2.165987806e-10	2.610671956e-10	3.335946536e-12	4.72862114e-12	3.983919965e-12	6.099160621e-10	4.999999912e-15	6.562206155e-14	1.253599817e-13	4.999999912e-15	4.999999912e-15	1.535721962e-13	1.03918061e-13	1.818806564e-11	1.264591459e-13	2.095347008e-13	4.999999912e-15	6.790748519e-13	4.187026837e-14	1.034242204e-13	4.999999912e-15	1.330273391e-11	4.910253383e-14	2.397041766e-12	4.096169205e-13	3.371313007e-09	9.891598581e-14	4.999999912e-15	4.999999912e-15	1.979056838e-13	1.192164992e-14	4.999999912e-15	4.999999912e-15	1.198481689e-13	4.999999912e-15	4.999999912e-15	1	1	1	1	1	1	1	0	0	0	0	0	0	0	0	0	0
1369.336	1747388727.066	05/16/2025_11:45:27.066	1	3	3.640607247e-05	6.836508874e-06	0.0120000001	5.964429932e-14	9.761033995e-12	1.087727524e-13	1.615014275e-13	4.999999912e-15	4.999999912e-15	1.333847854e-13	1.664891369e-14	4.999999912e-15	3.281797983e-14	1.762049165e-13	6.359939918e-12	1.976063584e-11	4.163577122e-11	2.173839858e-10	2.597239368e-10	3.443725773e-12	4.965370129e-12	3.835813611e-12	6.118477391e-10	5.124911861e-14	9.105847451e-14	4.999999912e-15	4.999999912e-15	1.092028825e-13	4.999999912e-15	4.999999912e-15	1.839987017e-11	2.232465243e-13	4.999999912e-15	4.999999912e-15	9.520172194e-13	6.302146711e-14	4.999999912e-15	4.999999912e-15	1.367713495e-11	4.999999912e-15	2.177377419e-12	6.851082202e-13	3.367360835e-09	4.999999912e-15	4.999999912e-15	1.075780022e-13	1.052203368e-13	4.999999912e-15	4.999999912e-15	1.127712087e-13	4.999999912e-15	4.999999912e-15	1.105728397e-13	1	1	1	1	1	1	1	0	0	0	0	0	0	0	0	0	0
1378.355	1747388736.085	05/16/2025_11:45:36.085	1	3	3.639388888e-05	6.881195986e-06	0.01000000071	4.999999912e-15	1.01045344e-11	2.887013274e-13	4.999999912e-15	1.741156183e-14	1.68030764e-13	4.999999912e-15	4.999999912e-15	3.381957258e-14	2.129855537e-13	4.999999912e-15	6.555750734e-12	2.004527273e-11	4.189873795e-11	2.193454307e-10	2.631244667e-10	3.632798272e-12	4.629497306e-12	3.665981147e-12	6.127861552e-10	5.100817501e-14	4.999999912e-15	4.999999912e-15	1.758683802e-13	4.999999912e-15	4.999999912e-15	4.999999912e-15	1.852799511e-11	5.540487231e-14	4.999999912e-15	4.297940042e-14	8.977414081e-13	4.999999912e-15	4.999999912e-15	1.816032405e-13	1.324456517e-11	4.999999912e-15	2.555428742e-12	6.699248361e-13	3.397626847e-09	4.999999912e-15	1.242389031e-13	4.999999912e-15	4.999999912e-15	8.90488448e-15	7.783448094e-14	4.999999912e-15	4.999999912e-15	9.185298464e-14	2.238176143e-14	1	1	1	1	1	1	1	0	0	0	0	0	0	0	0	0	0
1387.374	1747388745.104	05/16/2025_11:45:45.104	1	3	3.631311847e-05	6.820809631e-06	0.01000000071	1.415250566e-13	1.000271133e-11	4.999999912e-15	4.999999912e-15	1.548107616e-13	7.165559921e-14	4.999999912e-15	4.164325677e-14	1.354079202e-13	4.999999912e-15	4.999999912e-15	6.68437224e-12	2.021526696e-11	4.129677156e-11	2.171347407e-10	2.605810567e-10	3.391283998e-12	4.683677925e-12	3.834236314e-12	6.101306682e-10	4.999999912e-15	4.999999912e-15	1.35200797e-13	1.057954316e-14	4.999999912e-15	1.301684997e-14	1.820194115e-13	1.852140316e-11	4.999999912e-15	2.050702815e-13	5.972394075e-14	6.641124282e-13	4.999999912e-15	1.585384113e-13	4.999999912e-15	1.328433023e-11	3.127275457e-14	2.517771798e-12	5.645173998e-13	3.391204872e-09	1.440739075e-13	4.999999912e-15	4.999999912e-15	8.780873435e-14	1.39215191e-13	4.999999912e-15	4.999999912e-15	6.78483013e-14	1.045210874e-14	4.999999912e-15	1	1	1	1	1	1	1	0	0	0	0	0	0	0	0	0	0
1396.393	1747388754.123	05/16/2025_11:45:54.123	1	3	3.628478953e-05	6.841757568e-06	0.0120000001	1.224706643e-13	9.686272617e-12	4.999999912e-15	1.628853302e-13	1.607343951e-14	4.999999912e-15	1.551588854e-14	1.097903032e-13	4.999999912e-15	4.999999912e-15	6.633295936e-14	6.632804115e-12	1.954100423e-11	4.121082642e-11	2.157369561e-10	2.597489723e-10	3.377056013e-12	4.814015939e-12	3.779068204e-12	6.13255946e-10	4.999999912e-15	9.204413626e-14	4.999999912e-15	4.999999912e-15	4.999999912e-15	6.451692072e-14	4.999999912e-15	1.822411146e-11	2.791751476e-13	5.032318285e-14	4.999999912e-15	5.850333239e-13	1.379069385e-13	4.999999912e-15	4.999999912e-15	1.338207496e-11	1.042147529e-13	2.337664133e-12	4.765333093e-13	3.363559209e-09	8.888946708e-15	4.999999912e-15	4.999999912e-15	1.303241911e-13	4.999999912e-15	4.999999912e-15	4.173684374e-14	1.391972746e-13	4.999999912e-15	4.999999912e-15	1	1	1	1	1	1	1	0	0	0	0	0	0	0	0	0	0
1405.412	1747388763.142	05/16/2025_11:46:03.142	1	3	3.627362094e-05	6.722180842e-06	0.01400000043	4.999999912e-15	9.801127791e-12	1.701654226e-13	3.122296936e-14	4.999999912e-15	4.999999912e-15	1.860477375e-13	4.999999912e-15	4.999999912e-15	6.810117113e-14	7.316695671e-14	6.325369482e-12	1.9781057e-11	4.134882367e-11	2.171217511e-10	2.624818696e-10	3.421644695e-12	4.815545532e-12	3.67254404e-12	6.112365059e-10	9.908525687e-14	1.736377562e-14	4.999999912e-15	4.999999912e-15	1.563699528e-13	4.999999912e-15	4.999999912e-15	1.840778398e-11	2.25267694e-13	4.999999912e-15	4.999999912e-15	8.779083146e-13	4.999999912e-15	4.999999912e-15	9.105648229e-14	1.34142376e-11	4.999999912e-15	2.322227913e-12	7.838889043e-13	3.347493394e-09	4.999999912e-15	4.999999912e-15	1.448046869e-13	4.999999912e-15	4.999999912e-15	7.122348365e-14	8.052667013e-14	4.999999912e-15	4.999999912e-15	1.204156675e-13	1	1	1	1	1	1	1	0	0	0	0	0	0	0	0	0	0
1414.431	1747388772.161	05/16/2025_11:46:12.161	1	3	3.629825369e-05	6.737660442e-06	0.01400000043	4.999999912e-15	1.008011816e-11	1.928857464e-13	4.999999912e-15	6.344127697e-15	1.868800796e-13	4.999999912e-15	4.999999912e-15	1.301688791e-13	1.182850205e-13	4.999999912e-15	6.478509569e-12	2.019159666e-11	4.163217687e-11	2.185664982e-10	2.612796923e-10	3.517293011e-12	4.866859953e-12	3.74504594e-12	6.12574047e-10	1.27958218e-14	4.999999912e-15	4.999999912e-15	1.459715595e-13	4.999999912e-15	4.999999912e-15	9.771924345e-14	1.849067253e-11	4.999999912e-15	7.906508429e-14	1.939052488e-13	8.405721865e-13	4.999999912e-15	4.999999912e-15	2.088955094e-13	1.332976438e-11	4.999999912e-15	2.542449975e-12	6.619001137e-13	3.364059253e-09	4.999999912e-15	1.131555177e-13	4.999999912e-15	4.999999912e-15	5.528142912e-14	9.236672706e-14	4.999999912e-15	4.999999912e-15	1.563420617e-13	4.999999912e-15	1	1	1	1	1	1	1	0	0	0	0	0	0	0	0	0	0
1423.45	1747388781.180	05/16/2025_11:46:21.180	1	3	3.639343413e-05	6.786908671e-06	0.0120000001	1.840624278e-13	1.019503839e-11	4.999999912e-15	4.999999912e-15	1.447309612e-13	4.999999912e-15	4.999999912e-15	1.166780702e-13	1.009391071e-13	4.999999912e-15	4.999999912e-15	6.911953648e-12	2.01538751e-11	4.152225438e-11	2.202651395e-10	2.615563044e-10	3.409384537e-12	4.677771191e-12	3.942453568e-12	6.147375387e-10	4.999999912e-15	4.999999912e-15	1.494462919e-13	4.999999912e-15	4.999999912e-15	4.999999912e-15	1.65949909e-13	1.832884192e-11	5.762514896e-14	2.146004728e-13	2.296122683e-14	5.330274525e-13	4.999999912e-15	1.188764256e-13	4.999999912e-15	1.327251416e-11	5.781630735e-14	2.461750205e-12	4.101744443e-13	3.359108103e-09	1.501153802e-13	4.999999912e-15	4.999999912e-15	1.628276236e-13	1.029144557e-13	4.999999912e-15	4.999999912e-15	1.010028446e-13	4.999999912e-15	4.999999912e-15	1	1	1	1	1	1	1	0	0	0	0	0	0	0	0	0	0
1432.469	1747388790.199	05/16/2025_11:46:30.199	1	3	3.631994696e-05	6.794708042e-06	0.0120000001	1.327715065e-13	9.630081454e-12	8.532528796e-15	1.701275839e-13	1.445853393e-14	4.999999912e-15	5.840332829e-15	1.248064152e-13	4.999999912e-15	4.999999912e-15	1.328670789e-13	6.768985112e-12	1.961394415e-11	4.168341713e-11	2.19024146e-10	2.616522277e-10	3.224869807e-12	4.794224913e-12	3.95158602e-12	6.127125474e-10	4.999999912e-15	1.118711718e-13	4.999999912e-15	4.999999912e-15	4.999999912e-15	1.371044662e-13	4.999999912e-15	1.825144029e-11	2.542067305e-13	1.167935648e-13	4.999999912e-15	6.37294037e-13	3.593232347e-14	4.999999912e-15	4.999999912e-15	1.355234588e-11	1.057221327e-13	2.272376731e-12	5.177226378e-13	3.396655401e-09	4.999999912e-15	4.999999912e-15	4.999999912e-15	2.421953968e-13	4.999999912e-15	4.999999912e-15	2.353870001e-14	1.534168842e-13	4.999999912e-15	4.999999912e-15	1	1	1	1	1	1	1	0	0	0	0	0	0	0	0	0	0
1441.488	1747388799.218	05/16/2025_11:46:39.218	1	3	3.627836486e-05	6.868032415e-06	0.01600000076	4.999999912e-15	9.79625929e-12	2.451703662e-13	1.315727312e-13	4.999999912e-15	3.304497789e-14	1.479966459e-13	4.999999912e-15	4.999999912e-15	6.522380021e-14	6.968424861e-14	6.5044619e-12	1.962658855e-11	4.170119805e-11	2.177113767e-10	2.605621552e-10	3.506845205e-12	4.883334188e-12	3.777975328e-12	6.12402129e-10	2.050742795e-13	7.238208242e-15	4.999999912e-15	4.999999912e-15	1.684349952e-13	4.999999912e-15	4.999999912e-15	1.843446056e-11	1.960100512e-13	4.999999912e-15	4.999999912e-15	8.736133019e-13	2.51861032e-13	4.999999912e-15	6.860099511e-14	1.34538769e-11	4.999999912e-15	2.328940643e-12	6.508306806e-13	3.360988376e-09	4.999999912e-15	1.897870153e-14	1.396333814e-13	4.999999912e-15	4.999999912e-15	6.833018851e-14	3.669297938e-14	4.999999912e-15	2.987490626e-14	8.733482958e-14	1	1	1	1	1	1	1	0	0	0	0	0	0	0	0	0	0
1450.507	1747388808.237	05/16/2025_11:46:48.237	1	3	3.622814256e-05	6.881195986e-06	0.01600000076	4.999999912e-15	9.967484303e-12	2.118365975e-13	4.999999912e-15	4.999999912e-15	4.999999912e-15	4.999999912e-15	4.999999912e-15	4.729447763e-14	1.102343518e-13	4.999999912e-15	6.452919796e-12	2.027702138e-11	4.191012468e-11	2.178734693e-10	2.621644013e-10	3.647594813e-12	4.684756923e-12	3.647356289e-12	6.064092561e-10	2.078675773e-14	4.999999912e-15	4.999999912e-15	1.546793563e-13	4.999999912e-15	4.999999912e-15	6.563003044e-14	1.84037386e-11	4.999999912e-15	4.999999912e-15	1.19537545e-13	7.306803817e-13	4.999999912e-15	2.360638811e-14	1.78431136e-13	1.338361713e-11	4.999999912e-15	2.561114081e-12	6.431762675e-13	3.359055922e-09	3.260691278e-14	2.109126404e-13	4.999999912e-15	4.999999912e-15	6.808326824e-14	1.172276523e-13	4.999999912e-15	4.999999912e-15	1.038144925e-13	4.999999912e-15	1	1	1	1	1	1	1	0	0	0	0	0	0	0	0	0	0
1459.526	1747388817.256	05/16/2025_11:46:57.256	1	3	3.623348675e-05	6.934149951e-06	0.0120000001	9.214569212e-14	9.861797143e-12	4.999999912e-15	5.215073436e-15	8.89437585e-14	4.999999912e-15	4.999999912e-15	1.202304993e-13	9.926646094e-14	4.999999912e-15	4.999999912e-15	6.768949116e-12	1.97885007e-11	4.167986095e-11	2.167322016e-10	2.606984073e-10	3.356846918e-12	4.554010814e-12	3.870497239e-12	6.09908346e-10	4.999999912e-15	4.999999912e-15	1.216482834e-13	4.999999912e-15	4.999999912e-15	7.291804422e-14	8.327263575e-14	1.810785723e-11	6.245196959e-14	2.038157647e-13	4.999999912e-15	6.578557686e-13	2.656142179e-14	1.575547283e-13	4.999999912e-15	1.336592729e-11	1.377058325e-13	2.457114156e-12	3.823923058e-13	3.389436287e-09	1.577458731e-13	4.999999912e-15	4.999999912e-15	1.404139256e-13	9.375463459e-14	4.999999912e-15	4.999999912e-15	1.912206694e-14	4.999999912e-15	4.999999912e-15	1	1	1	1	1	1	1	0	0	0	0	0	0	0	0	0	0
1468.545	1747388826.275	05/16/2025_11:47:06.275	1	3	3.633123924e-05	6.833889984e-06	0.01400000043	1.697671273e-13	9.772406842e-12	5.464023873e-14	2.166494929e-13	4.999999912e-15	4.999999912e-15	1.051864758e-13	1.660713803e-13	4.999999912e-15	4.999999912e-15	1.606232644e-13	6.647014536e-12	1.953770826e-11	4.143492147e-11	2.172277219e-10	2.604650662e-10	3.295891988e-12	4.952687566e-12	3.84253393e-12	6.065030145e-10	4.999999912e-15	2.069480248e-13	4.999999912e-15	4.999999912e-15	6.102820885e-14	5.448094233e-14	4.999999912e-15	1.806321759e-11	3.210394732e-13	5.226664913e-14	4.999999912e-15	7.909300385e-13	1.25417729e-13	4.999999912e-15	4.999999912e-15	1.36278766e-11	8.160991685e-14	2.322721659e-12	5.748857878e-13	3.352449429e-09	4.999999912e-15	4.999999912e-15	4.999999912e-15	1.782738318e-13	4.999999912e-15	4.999999912e-15	2.165379285e-13	4.999999912e-15	4.999999912e-15	4.999999912e-15	1	1	1	1	1	1	1	0	0	0	0	0	0	0	0	0	0
1477.564	1747388835.294	05/16/2025_11:47:15.294	1	3	3.633521555e-05	6.860133908e-06	0.0120000001	4.999999912e-15	9.667659902e-12	3.511892383e-13	2.575297289e-14	4.999999912e-15	1.125242816e-13	1.629908773e-13	4.999999912e-15	4.999999912e-15	1.476979888e-13	6.288606382e-14	6.518373081e-12	1.975398664e-11	4.18525492e-11	2.193893817e-10	2.616917794e-10	3.523400105e-12	4.865814349e-12	3.547836937e-12	6.106871675e-10	1.421383627e-13	4.999999912e-15	4.999999912e-15	1.42673552e-14	1.590720557e-13	4.999999912e-15	4.999999912e-15	1.845579418e-11	1.786979581e-13	4.999999912e-15	2.519542192e-14	9.005868967e-13	4.999999912e-15	4.999999912e-15	4.999999912e-15	1.35353161e-11	4.999999912e-15	2.418678972e-12	7.095689596e-13	3.351070532e-09	4.999999912e-15	6.564197021e-14	1.226717838e-13	4.999999912e-15	4.999999912e-15	1.118870689e-13	1.926941679e-14	4.999999912e-15	4.999999912e-15	1.666866515e-13	1	1	1	1	1	1	1	0	0	0	0	0	0	0	0	0	0
1486.583	1747388844.313	05/16/2025_11:47:24.313	1	3	3.628349805e-05	6.76872105e-06	0.0120000001	4.999999912e-15	9.817356997e-12	9.866709365e-14	4.999999912e-15	8.61300709e-14	2.347261654e-13	4.999999912e-15	4.999999912e-15	1.794168384e-13	3.290758914e-14	4.999999912e-15	6.592831749e-12	1.973265648e-11	4.137892806e-11	2.166705565e-10	2.580018976e-10	3.453659884e-12	4.505637183e-12	3.731672523e-12	6.072629066e-10	4.340552576e-14	4.999999912e-15	2.820819614e-14	1.218294671e-13	4.999999912e-15	4.999999912e-15	1.194718153e-13	1.807951011e-11	4.999999912e-15	8.305558525e-14	1.238048021e-13	6.479692542e-13	4.999999912e-15	1.407544328e-13	1.411367767e-13	1.332148888e-11	2.924365665e-14	2.7813459e-12	5.272348855e-13	3.386231073e-09	8.509463072e-14	1.14852084e-13	4.999999912e-15	4.999999912e-15	1.403721161e-13	4.999999912e-15	4.999999912e-15	4.999999912e-15	1.57130629e-13	4.999999912e-15	1	1	1	1	1	1	1	0	0	0	0	0	0	0	0	0	0
1495.602	1747388853.332	05/16/2025_11:47:33.332	1	3	3.622452277e-05	6.797319202e-06	0.01000000071	1.409655135e-13	9.814446131e-12	4.999999912e-15	7.205183444e-14	1.004233724e-13	4.999999912e-15	4.999999912e-15	8.388792048e-14	6.415052138e-14	4.999999912e-15	3.136634832e-14	6.693992149e-12	1.958768044e-11	4.173379697e-11	2.187916376e-10	2.604872151e-10	3.42578613e-12	4.742936079e-12	3.905728605e-12	6.094927896e-10	4.999999912e-15	4.999999912e-15	8.565615936e-14	4.999999912e-15	4.999999912e-15	1.744187341e-13	3.047425322e-14	1.772213799e-11	1.322039673e-13	1.322995126e-13	4.999999912e-15	5.898283164e-13	7.679902721e-14	4.999999912e-15	4.999999912e-15	1.357635705e-11	1.420806425e-13	2.282498409e-12	4.049274479e-13	3.363555878e-09	4.999999912e-15	4.999999912e-15	4.999999912e-15	2.07425914e-13	4.999999912e-15	4.999999912e-15	8.156175117e-15	3.838200916e-13	4.999999912e-15	4.999999912e-15	1	1	1	1	1	1	1	0	0	0	0	0	0	0	0	0	0
1504.621	1747388862.351	05/16/2025_11:47:42.351	1	3	3.618825212e-05	6.818188467e-06	0.0120000001	8.984379538e-14	9.885125704e-12	1.673597242e-13	1.520031117e-13	4.999999912e-15	4.999999912e-15	2.370380368e-13	7.087102986e-14	4.999999912e-15	4.999999912e-15	1.602230176e-13	6.646422562e-12	1.967473753e-11	4.158026007e-11	2.162700297e-10	2.594885695e-10	3.522050273e-12	4.850972055e-12	3.769269619e-12	6.054630686e-10	4.281809824e-14	1.297965099e-13	4.999999912e-15	4.999999912e-15	1.459337208e-13	4.999999912e-15	4.999999912e-15	1.808548623e-11	2.413072997e-13	4.999999912e-15	4.999999912e-15	8.417927813e-13	5.320455177e-14	4.999999912e-15	4.999999912e-15	1.346250368e-11	2.652159769e-14	2.313846814e-12	6.145339229e-13	3.349515332e-09	4.999999912e-15	4.999999912e-15	1.226279684e-13	1.442610408e-13	4.999999912e-15	4.999999912e-15	1.494701986e-13	4.999999912e-15	4.999999912e-15	8.509661617e-14	1	1	1	1	1	1	1	0	0	0	0	0	0	0	0	0	0
1513.64	1747388871.370	05/16/2025_11:47:51.370	1	3	3.621465657e-05	6.839129583e-06	0.01400000043	4.999999912e-15	9.75965489e-12	3.559502953e-13	4.999999912e-15	4.999999912e-15	1.577000791e-13	1.185757222e-13	4.999999912e-15	4.999999912e-15	1.817545544e-13	4.999999912e-15	6.473766401e-12	1.987207447e-11	4.149918256e-11	2.16388088e-10	2.60594879e-10	3.614884867e-12	4.821765816e-12	3.61676444e-12	6.07613182e-10	1.02183656e-13	4.999999912e-15	4.999999912e-15	8.853154483e-14	6.471602768e-14	4.999999912e-15	4.999999912e-15	1.823719821e-11	1.021995802e-13	4.999999912e-15	1.29503816e-13	8.973510953e-13	4.999999912e-15	4.999999912e-15	6.188045952e-14	1.332715535e-11	4.999999912e-15	2.366585226e-12	7.209251642e-13	3.350307809e-09	1.955818997e-13	1.359236345e-13	4.999999912e-15	4.999999912e-15	8.658808533e-14	1.026615587e-13	4.999999912e-15	4.999999912e-15	6.995703387e-14	6.613381175e-14	1	1	1	1	1	1	1	0	0	0	0	0	0	0	0	0	0
1522.659	1747388880.389	05/16/2025_11:48:00.389	1	3	3.626538819e-05	6.776499504e-06	0.01400000043	8.82268908e-14	1.026900266e-11	4.999999912e-15	4.999999912e-15	1.579689071e-13	6.960458007e-14	4.999999912e-15	3.387334223e-14	2.457119794e-13	4.999999912e-15	4.999999912e-15	6.697996324e-12	1.986496731e-11	4.18713432e-11	2.180562259e-10	2.603741112e-10	3.373111469e-12	4.555428517e-12	3.904970097e-12	6.050017709e-10	4.999999912e-15	4.999999912e-15	1.838553452e-13	4.999999912e-15	4.999999912e-15	4.250746754e-14	1.459735382e-13	1.804265765e-11	8.13028979e-15	8.989953015e-14	3.079882947e-14	5.835736625e-13	4.999999912e-15	1.928240011e-13	2.077878885e-14	1.321992776e-11	7.486152404e-14	2.521344244e-12	4.591276361e-13	3.367677914e-09	1.057500103e-13	3.812668768e-14	4.999999912e-15	1.00174487e-13	1.368455859e-13	1.193861904e-13	4.999999912e-15	1.11883098e-13	4.999999912e-15	4.999999912e-15	1	1	1	1	1	1	1	0	0	0	0	0	0	0	0	0	0
1531.678	1747388889.408	05/16/2025_11:48:09.408	1	3	3.626424586e-05	6.779103387e-06	0.0120000001	1.765713227e-13	9.996848835e-12	4.999999912e-15	1.360928785e-13	4.999999912e-15	4.999999912e-15	4.999999912e-15	1.506689738e-13	4.999999912e-15	4.999999912e-15	9.98518759e-14	6.675642678e-12	1.954611993e-11	4.145774696e-11	2.164480262e-10	2.58288918e-10	3.418508532e-12	4.73908239e-12	4.018341215e-12	6.106616324e-10	4.999999912e-15	1.706134691e-13	6.246549502e-15	4.999999912e-15	1.2889402e-14	2.181170555e-13	4.999999912e-15	1.824931525e-11	2.163169275e-13	5.676092463e-14	4.999999912e-15	7.568415296e-13	8.100657189e-14	4.999999912e-15	4.999999912e-15	1.326499067e-11	2.739521121e-13	2.340246703e-12	5.185111238e-13	3.350269173e-09	4.999999912e-15	4.999999912e-15	4.999999912e-15	2.297141698e-13	4.999999912e-15	4.999999912e-15	6.259137089e-14	4.999999912e-15	4.999999912e-15	4.999999912e-15	1	1	1	1	1	1	1	0	0	0	0	0	0	0	0	0	0
1540.697	1747388898.427	05/16/2025_11:48:18.427	1	3	3.622495569e-05	6.836508874e-06	0.0120000001	4.999999912e-15	9.952184042e-12	2.536132925e-13	4.999999912e-15	4.999999912e-15	4.999999912e-15	1.89000779e-13	4.999999912e-15	4.999999912e-15	1.268414762e-13	8.50568124e-14	6.397060832e-12	1.978566616e-11	4.182300339e-11	2.176854391e-10	2.604705063e-10	3.505219986e-12	4.923095352e-12	3.618642278e-12	6.012289555e-10	1.197366316e-13	1.06631758e-14	4.999999912e-15	4.999999912e-15	1.182232887e-13	4.999999912e-15	4.999999912e-15	1.826217476e-11	2.543301398e-13	4.999999912e-15	4.999999912e-15	8.495588131e-13	1.528291382e-14	4.999999912e-15	7.447920048e-14	1.341803404e-11	4.999999912e-15	2.42315109e-12	7.023487152e-13	3.3718075e-09	4.999999912e-15	1.805737634e-13	1.791400145e-13	4.999999912e-15	4.999999912e-15	8.787642922e-14	2.843902956e-13	4.999999912e-15	4.999999912e-15	1.099874179e-13	1	1	1	1	1	1	1	0	0	0	0	0	0	0	0	0	0
1549.716	1747388907.446	05/16/2025_11:48:27.446	1	3	3.618286792e-05	6.826030585e-06	0.0120000001	7.443305412e-15	1.008250775e-11	2.508713181e-13	4.999999912e-15	3.927167294e-14	1.172336289e-13	4.999999912e-15	4.999999912e-15	9.999725386e-14	1.187310748e-13	4.999999912e-15	6.628667233e-12	1.977497506e-11	4.122457584e-11	2.168730612e-10	2.593043003e-10	3.543832328e-12	4.716353176e-12	3.704184962e-12	6.111053885e-10	4.131072519e-14	4.999999912e-15	7.25214024e-15	1.893492551e-13	4.999999912e-15	4.999999912e-15	1.778795888e-13	1.82244983e-11	4.999999912e-15	1.448441925e-14	1.965337208e-13	7.503759441e-13	4.999999912e-15	4.086468441e-14	1.94239793e-13	1.308353252e-11	4.999999912e-15	2.587659037e-12	5.516318197e-13	3.375861146e-09	3.060569241e-14	1.549720638e-13	4.999999912e-15	3.646797355e-14	1.261704364e-13	1.776565413e-13	4.999999912e-15	4.999999912e-15	2.037978754e-13	4.999999912e-15	1	1	1	1	1	1	1	0	0	0	0	0	0	0	0	0	0
1558.735	1747388916.465	05/16/2025_11:48:36.465	1	3	3.615260357e-05	6.857506378e-06	0.0120000001	1.265786385e-13	1.011075945e-11	4.999999912e-15	4.999999912e-15	1.028427696e-13	4.999999912e-15	4.999999912e-15	5.489312889e-14	8.761357796e-14	4.999999912e-15	4.999999912e-15	6.654388412e-12	1.974315676e-11	4.118478822e-11	2.156775314e-10	2.576275304e-10	3.437748133e-12	4.586611906e-12	3.953214492e-12	6.093282545e-10	4.999999912e-15	4.999999912e-15	7.823072973e-14	4.999999912e-15	4.999999912e-15	1.089280711e-13	1.211783359e-13	1.783597055e-11	3.797536016e-14	2.080770723e-13	4.999999912e-15	6.006747291e-13	4.999999912e-15	1.713103672e-13	4.999999912e-15	1.308564541e-11	1.244758555e-13	2.459670922e-12	3.851403246e-13	3.342144339e-09	1.188525325e-13	4.999999912e-15	4.999999912e-15	2.003828418e-13	6.816292322e-14	4.999999912e-15	4.999999912e-15	9.083144935e-14	4.999999912e-15	4.999999912e-15	1	1	1	1	1	1	1	0	0	0	0	0	0	0	0	0	0
1567.754	1747388925.484	05/16/2025_11:48:45.484	1	3	3.618151095e-05	6.854878848e-06	0.0120000001	1.437771885e-13	9.863248239e-12	8.446938488e-14	1.377715487e-13	6.299560889e-14	4.999999912e-15	4.050228984e-14	1.188784043e-13	4.999999912e-15	4.999999912e-15	7.511013838e-15	6.543651471e-12	1.924688187e-11	4.117271454e-11	2.15198373e-10	2.575435143e-10	3.28854023e-12	4.801646494e-12	3.876027103e-12	6.09079287e-10	4.999999912e-15	3.709323294e-14	4.999999912e-15	4.999999912e-15	4.999999912e-15	1.016260982e-13	4.999999912e-15	1.776698927e-11	2.589677875e-13	7.314307715e-14	4.999999912e-15	7.23282816e-13	1.387910511e-13	4.999999912e-15	4.999999912e-15	1.347500323e-11	7.800175301e-14	2.216252789e-12	5.626594026e-13	3.337546906e-09	4.999999912e-15	4.999999912e-15	2.256496449e-14	2.577412025e-13	4.999999912e-15	4.999999912e-15	6.962251007e-14	4.999999912e-15	4.999999912e-15	4.999999912e-15	1	1	1	1	1	1	1	0	0	0	0	0	0	0	0	0	0
1576.773	1747388934.503	05/16/2025_11:48:54.503	1	3	3.623935481e-05	6.818188467e-06	0.0120000001	4.999999912e-15	9.811670573e-12	2.768135113e-13	4.999999912e-15	4.999999912e-15	2.844716785e-14	1.474291609e-13	4.999999912e-15	4.999999912e-15	1.422200302e-13	6.704581551e-14	6.528267944e-12	2.01112859e-11	4.162993908e-11	2.164366047e-10	2.611676153e-10	3.611288569e-12	4.912922066e-12	3.667250965e-12	6.060034141e-10	1.166840333e-13	5.602217637e-14	4.999999912e-15	1.935105721e-14	1.460432524e-13	4.999999912e-15	4.999999912e-15	1.809888177e-11	2.361917628e-13	4.999999912e-15	4.999999912e-15	8.103767223e-13	4.999999912e-15	4.999999912e-15	1.162857787e-13	1.325187269e-11	4.999999912e-15	2.286779273e-12	7.706629931e-13	3.354018618e-09	4.999999912e-15	5.345742837e-14	1.320088109e-13	4.999999912e-15	4.999999912e-15	1.331079886e-13	4.896515864e-14	4.999999912e-15	4.999999912e-15	1.867287385e-13	1	1	1	1	1	1	1	0	0	0	0	0	0	0	0	0	0
1585.792	1747388943.522	05/16/2025_11:49:03.522	1	3	3.623342491e-05	6.902330369e-06	0.01400000043	4.999999912e-15	1.005044745e-11	1.160149857e-13	4.999999912e-15	1.4173775e-14	1.966372757e-13	4.999999912e-15	4.999999912e-15	1.449918609e-13	1.497549507e-13	4.999999912e-15	6.594584687e-12	2.014067385e-11	4.139793716e-11	2.169133761e-10	2.590455073e-10	3.704925689e-12	4.655269226e-12	3.573008426e-12	6.095119964e-10	1.058356283e-13	4.999999912e-15	4.999999912e-15	1.376799201e-13	4.999999912e-15	4.999999912e-15	1.641557712e-13	1.807407696e-11	4.999999912e-15	4.999999912e-15	1.679630827e-13	7.25389475e-13	4.999999912e-15	5.195999609e-14	1.733155991e-13	1.313031107e-11	4.999999912e-15	2.4247659e-12	5.32157326e-13	3.367905066e-09	4.999999912e-15	8.692658681e-14	4.999999912e-15	4.999999912e-15	1.338248631e-13	8.64964838e-14	4.999999912e-15	4.999999912e-15	1.734111715e-13	4.999999912e-15	1	1	1	1	1	1	1	0	0	0	0	0	0	0	0	0	0
1594.811	1747388952.541	05/16/2025_11:49:12.541	1	3	3.614267916e-05	6.844365089e-06	0.01600000076	1.895304795e-13	9.970252922e-12	4.999999912e-15	4.582491613e-14	2.010638428e-13	4.999999912e-15	4.999999912e-15	5.611575657e-14	1.589286835e-13	4.999999912e-15	4.999999912e-15	6.72814018e-12	1.957177649e-11	4.125201569e-11	2.1574037e-10	2.585879566e-10	3.450615661e-12	4.698770886e-12	3.956922463e-12	6.047426448e-10	4.999999912e-15	4.999999912e-15	1.054991191e-13	4.999999912e-15	4.999999912e-15	6.09903702e-14	6.986345367e-14	1.795184487e-11	1.028387987e-13	2.030391778e-13	4.999999912e-15	4.595618048e-13	4.999999912e-15	2.040587073e-13	4.999999912e-15	1.315818635e-11	1.524929678e-13	2.473717628e-12	3.777447105e-13	3.342111254e-09	9.466663835e-14	4.999999912e-15	4.999999912e-15	1.162678759e-13	8.73228627e-14	4.999999912e-15	4.999999912e-15	1.108834839e-13	4.999999912e-15	4.999999912e-15	1	1	1	1	1	1	1	0	0	0	0	0	0	0	0	0	0
1603.83	1747388961.560	05/16/2025_11:49:21.560	1	3	3.616941103e-05	6.831264272e-06	0.01400000043	1.662505718e-13	9.803092366e-12	1.340116576e-14	1.663461713e-13	2.915604634e-14	4.999999912e-15	6.659180585e-14	2.405168079e-13	4.999999912e-15	4.999999912e-15	2.805491299e-13	6.711471656e-12	1.927620216e-11	4.139251442e-11	2.164693841e-10	2.582553893e-10	3.32708752e-12	4.831638561e-12	3.812987686e-12	6.078334502e-10	4.999999912e-15	3.588775327e-13	4.999999912e-15	4.999999912e-15	8.003682081e-14	1.040275586e-13	4.999999912e-15	1.786514686e-11	1.711730123e-13	9.669970716e-14	4.999999912e-15	9.217521494e-13	2.964987332e-14	4.999999912e-15	4.999999912e-15	1.336605306e-11	6.952294643e-14	2.285496879e-12	4.533112167e-13	3.361815271e-09	4.999999912e-15	4.999999912e-15	1.073251053e-13	2.4174342e-13	4.999999912e-15	4.999999912e-15	4.999999912e-15	5.1904241e-14	4.999999912e-15	4.999999912e-15	1	1	1	1	1	1	1	0	0	0	0	0	0	0	0	0	0
1612.849	1747388970.579	05/16/2025_11:49:30.579	1	3	3.611263674e-05	6.807738828e-06	0.0120000001	4.999999912e-15	9.75951351e-12	2.388819394e-13	7.034134288e-14	4.999999912e-15	7.555050064e-14	1.753526388e-13	4.999999912e-15	4.999999912e-15	1.265587028e-13	8.983981094e-14	6.432381971e-12	1.995658326e-11	4.138546797e-11	2.163574597e-10	2.585364978e-10	3.509763877e-12	4.833173792e-12	3.607463503e-12	6.073528902e-10	1.302704418e-13	4.999999912e-15	4.999999912e-15	3.884753305e-14	5.782027147e-14	4.999999912e-15	4.999999912e-15	1.811729239e-11	2.134574662e-13	4.999999912e-15	4.999999912e-15	8.219878229e-13	4.999999912e-15	4.999999912e-15	1.107719873e-13	1.365874254e-11	4.999999912e-15	2.391597337e-12	7.284461662e-13	3.379373004e-09	4.999999912e-15	6.653405854e-14	1.026635645e-13	4.999999912e-15	4.999999912e-15	1.429826716e-13	3.31445483e-14	4.999999912e-15	4.999999912e-15	1.625130016e-13	1	1	1	1	1	1	1	0	0	0	0	0	0	0	0	0	0
1621.868	1747388979.598	05/16/2025_11:49:39.598	1	3	3.614606976e-05	6.818188467e-06	0.01600000076	4.999999912e-15	1.014097226e-11	1.568538051e-13	4.999999912e-15	7.345967774e-14	8.800385686e-14	4.999999912e-15	4.999999912e-15	8.36390351e-14	1.176338757e-13	4.999999912e-15	6.412226219e-12	1.970587235e-11	4.13937877e-11	2.166018476e-10	2.576235336e-10	3.61456416e-12	4.547081028e-12	3.482933776e-12	6.069963976e-10	4.999999912e-15	4.999999912e-15	4.999999912e-15	1.570449771e-13	4.999999912e-15	4.999999912e-15	1.326718954e-13	1.819585628e-11	4.999999912e-15	7.20737421e-14	1.496055883e-13	6.498271431e-13	4.999999912e-15	1.242130042e-13	1.557705516e-13	1.325299939e-11	4.999999912e-15	2.495075761e-12	5.737925868e-13	3.336645182e-09	7.084712997e-14	1.417043024e-13	4.999999912e-15	3.38202231e-13	4.999999912e-15	4.999999912e-15	4.999999912e-15	1.254874297e-13	4.999999912e-15	4.999999912e-15	1	1	1	1	1	1	1	0	0	0	0	0	0	0	0	0	0
1630.887	1747388988.617	05/16/2025_11:49:48.617	1	3	3.617538096e-05	6.810354535e-06	0.01400000043	7.042499586e-14	9.604819544e-12	1.067137847e-13	1.823818061e-13	4.999999912e-15	4.999999912e-15	1.004054492e-13	7.037720965e-14	4.999999912e-15	4.999999912e-15	1.381598286e-13	6.553390643e-12	1.933709963e-11	4.159240313e-11	2.15356441e-10	2.58758126e-10	3.287734234e-12	4.891752801e-12	3.929653911e-12	6.066685487e-10	4.999999912e-15	1.211942601e-13	4.999999912e-15	4.999999912e-15	2.322271065e-13	1.151248693e-13	8.495326431e-14	1.800317534e-11	3.038011466e-13	4.999999912e-15	4.999999912e-15	7.17968057e-13	1.433052353e-13	4.999999912e-15	4.999999912e-15	1.355496184e-11	6.727082135e-14	2.241970281e-12	5.599732375e-13	3.37450623e-09	4.999999912e-15	4.999999912e-15	5.817473104e-14	1.473674427e-13	4.999999912e-15	4.999999912e-15	1.365508726e-13	7.628487143e-15	4.999999912e-15	5.296558683e-14	1	1	1	1	1	1	1	0	0	0	0	0	0	0	0	0	0
1639.906	1747388997.636	05/16/2025_11:49:57.636	1	3	3.616940012e-05	6.891759313e-06	0.01600000076	4.999999912e-15	1.005631776e-11	3.044283575e-13	1.598183798e-14	4.999999912e-15	7.630917111e-14	1.843631178e-13	4.999999912e-15	4.999999912e-15	1.709659026e-13	4.279221292e-14	6.640630754e-12	1.980092652e-11	4.158713998e-11	2.158408174e-10	2.584007175e-10	3.539897759e-12	4.767010137e-12	3.615183456e-12	6.046480538e-10	2.216554983e-13	6.303940388e-14	4.999999912e-15	4.999999912e-15	4.999999912e-15	4.999999912e-15	4.999999912e-15	1.821836432e-11	2.276452139e-13	4.999999912e-15	4.999999912e-15	9.407088823e-13	4.999999912e-15	4.999999912e-15	1.247685765e-13	1.353137567e-11	4.999999912e-15	2.397740643e-12	6.78180602e-13	3.327388143e-09	4.999999912e-15	4.62172008e-14	1.44760858e-13	4.999999912e-15	4.999999912e-15	1.509895317e-13	4.583487723e-14	4.999999912e-15	4.999999912e-15	2.128142904e-13	1	1	1	1	1	1	1	0	0	0	0	0	0	0	0	0	0
1648.925	1747389006.655	05/16/2025_11:50:06.655	1	3	3.612596265e-05	6.870664947e-06	0.01600000076	3.14858274e-14	1.016896203e-11	8.878642044e-14	4.999999912e-15	1.049873689e-13	1.868203129e-13	4.999999912e-15	4.999999912e-15	1.298702086e-13	1.012119194e-13	4.999999912e-15	6.516092787e-12	1.999240877e-11	4.167139897e-11	2.159428608e-10	2.577927871e-10	3.616190897e-12	4.506589112e-12	3.787057473e-12	6.081501969e-10	5.947502826e-14	4.999999912e-15	1.479106551e-14	2.600669788e-13	4.999999912e-15	4.999999912e-15	2.090269418e-13	1.801908275e-11	4.999999912e-15	4.999999912e-15	1.685644354e-13	7.132786657e-13	8.059834945e-14	1.587514842e-13	1.509616542e-13	1.336032066e-11	4.999999912e-15	2.477156284e-12	6.734214965e-13	3.335532739e-09	1.660952734e-13	1.681183946e-13	1.000171693e-13	3.819240388e-14	1.435222926e-13	1.842556056e-13	4.999999912e-15	4.657164004e-14	1.979555029e-13	4.999999912e-15	1	1	1	1	1	1	1	0	0	0	0	0	0	0	0	0	0
1657.944	1747389015.674	05/16/2025_11:50:15.674	1	3	3.608469706e-05	6.870664947e-06	0.01400000043	2.217849656e-13	1.000285792e-11	4.999999912e-15	7.401722871e-14	1.906415835e-13	4.999999912e-15	4.999999912e-15	1.542731329e-13	1.19656997e-13	4.999999912e-15	4.999999912e-15	6.724376698e-12	1.947429544e-11	4.122575545e-11	2.168969726e-10	2.590643533e-10	3.274328725e-12	4.580438459e-12	3.834590631e-12	6.038583522e-10	4.999999912e-15	5.46302844e-14	2.046282523e-13	4.999999912e-15	4.999999912e-15	1.403820907e-13	1.441893751e-13	1.749145967e-11	1.104175413e-13	2.891693504e-13	4.999999912e-15	5.638362498e-13	3.887540382e-14	1.050968869e-13	4.999999912e-15	1.319384966e-11	1.090316192e-13	2.593555579e-12	5.072206761e-13	3.351315447e-09	1.188127016e-13	4.999999912e-15	4.999999912e-15	2.047716109e-13	3.423974158e-14	4.999999912e-15	4.999999912e-15	1.389961551e-13	4.999999912e-15	4.999999912e-15	1	1	1	1	1	1	1	0	0	0	0	0	0	0	0	0	0
1666.963	1747389024.693	05/16/2025_11:50:24.693	1	3	3.609682608e-05	6.852252227e-06	0.01400000043	1.640323077e-13	9.753435039e-12	4.999999912e-15	2.207435081e-13	4.999999912e-15	4.999999912e-15	2.05609916e-13	1.141232833e-13	4.999999912e-15	1.064127492e-14	1.898868974e-13	6.48298212e-12	1.965326686e-11	4.124714112e-11	2.154017104e-10	2.579485237e-10	3.34919462e-12	4.877178522e-12	3.864294735e-12	6.098413996e-10	4.999999912e-15	8.516233915e-14	4.999999912e-15	4.999999912e-15	1.15190599e-13	1.516705327e-13	4.999999912e-15	1.777293937e-11	2.857064899e-13	1.144259383e-13	4.999999912e-15	7.260785397e-13	1.57214221e-13	4.999999912e-15	4.999999912e-15	1.350387597e-11	3.133449311e-14	2.218443094e-12	5.410502775e-13	3.31350436e-09	4.999999912e-15	4.999999912e-15	1.122116519e-13	1.229485535e-13	4.999999912e-15	4.999999912e-15	1.233786565e-13	4.999999912e-15	4.999999912e-15	4.326615157e-14	1	1	1	1	1	1	1	0	0	0	0	0	0	0	0	0	0
1675.982	1747389033.712	05/16/2025_11:50:33.712	1	3	3.614328307e-05	6.818188467e-06	0.0120000001	4.999999912e-15	9.961409302e-12	3.069493444e-13	4.999999912e-15	4.999999912e-15	1.508819924e-13	2.041045149e-13	4.999999912e-15	4.999999912e-15	1.593886969e-13	4.999999912e-15	6.636237566e-12	1.95246215e-11	4.106439494e-11	2.163707685e-10	2.583295244e-10	3.5796316e-12	4.859408882e-12	3.629094421e-12	6.067926717e-10	1.560115156e-13	1.111121218e-14	4.999999912e-15	6.154592894e-14	1.326420256e-13	4.999999912e-15	4.999999912e-15	1.80480908e-11	1.668758312e-13	4.999999912e-15	1.413239371e-13	9.401074754e-13	4.999999912e-15	4.999999912e-15	1.321481986e-13	1.338272028e-11	4.999999912e-15	2.427773043e-12	1.201026908e-12	3.359506007e-09	4.999999912e-15	1.270824131e-13	1.421682325e-13	4.999999912e-15	2.863433842e-14	1.357484139e-13	2.589436302e-14	4.999999912e-15	3.005211572e-14	1.327853978e-13	1	1	1	1	1	1	1	0	0	0	0	0	0	0	0	0	0
1685.001	1747389042.731	05/16/2025_11:50:42.731	1	3	3.615253081e-05	6.936815225e-06	0.01400000043	5.634078951e-14	1.012622625e-11	1.054851871e-13	4.999999912e-15	7.555249964e-14	4.999999912e-15	4.999999912e-15	4.999999912e-15	2.153551588e-13	2.701345278e-14	4.999999912e-15	6.585711143e-12	2.000655891e-11	4.16064197e-11	2.174416619e-10	2.595672288e-10	3.729920019e-12	4.535298786e-12	3.735925631e-12	6.083356596e-10	4.999999912e-15	4.999999912e-15	4.999999912e-15	2.1954476e-13	4.999999912e-15	4.999999912e-15	1.408022191e-13	1.821454966e-11	6.725289813e-14	1.012477726e-13	4.22080231e-13	7.03724622e-13	4.999999912e-15	1.100730564e-13	1.235021335e-13	1.330278682e-11	6.07056316e-14	2.594629156e-12	6.073156301e-13	3.35115824e-09	6.266504243e-14	1.490381034e-13	4.999999912e-15	5.369638653e-14	1.448007025e-13	4.999999912e-15	4.999999912e-15	2.521334514e-14	2.277328716e-13	4.999999912e-15	1	1	1	1	1	1	1	0	0	0	0	0	0	0	0	0	0
1694.02	1747389051.750	05/16/2025_11:50:51.750	1	3	3.613056106e-05	6.794708042e-06	0.0120000001	2.014879827e-13	9.756560143e-12	4.999999912e-15	6.050650432e-14	1.502408359e-13	4.999999912e-15	4.999999912e-15	1.053656945e-13	7.471616641e-14	4.999999912e-15	2.095205113e-14	6.807451304e-12	1.981554851e-11	4.117700625e-11	2.161350821e-10	2.588370351e-10	3.309771511e-12	4.533411407e-12	4.032393343e-12	6.04760575e-10	4.999999912e-15	5.110774542e-14	1.691339533e-13	4.999999912e-15	4.999999912e-15	7.635698443e-14	6.797774149e-14	1.783655168e-11	7.951113184e-14	1.609140203e-13	4.999999912e-15	4.821765816e-13	4.644021441e-14	8.389191848e-14	4.999999912e-15	1.321535416e-11	1.337212947e-13	2.323299105e-12	6.97742916e-13	3.370073332e-09	1.76621074e-13	4.999999912e-15	4.999999912e-15	2.368209795e-13	1.117095511e-14	4.999999912e-15	5.360876944e-14	1.406986913e-13	4.999999912e-15	4.999999912e-15	1	1	1	1	1	1	1	0	0	0	0	0	0	0	0	0	0
1703.039	1747389060.769	05/16/2025_11:51:00.769	1	3	3.601668504e-05	6.805137673e-06	0.0120000001	8.425830427e-14	9.732299168e-12	1.446015616e-13	2.75913488e-13	4.999999912e-15	4.999999912e-15	1.970434991e-13	3.548030603e-14	4.999999912e-15	4.999999912e-15	1.178867659e-13	6.472981439e-12	1.927717534e-11	4.131393838e-11	2.156207851e-10	2.575094582e-10	3.2934109e-12	4.739355609e-12	3.773529232e-12	6.060333346e-10	1.813241397e-14	1.137290132e-13	4.999999912e-15	4.999999912e-15	1.278590406e-13	4.215502052e-14	4.999999912e-15	1.785845777e-11	3.614104187e-13	5.446899577e-14	4.999999912e-15	8.341842299e-13	1.028646772e-13	4.999999912e-15	4.741195094e-14	1.337396947e-11	8.599468116e-14	2.242915922e-12	5.618908117e-13	3.330046017e-09	4.999999912e-15	4.999999912e-15	6.576344151e-14	1.776884033e-13	4.999999912e-15	4.999999912e-15	1.985568556e-13	4.999999912e-15	4.999999912e-15	7.106817169e-14	1	1	1	1	1	1	1	0	0	0	0	0	0	0	0	0	0
1712.058	1747389069.788	05/16/2025_11:51:09.788	1	3	3.602905417e-05	6.711885362e-06	0.0120000001	4.999999912e-15	9.93439532e-12	2.932693151e-13	4.999999912e-15	4.999999912e-15	1.355771642e-13	9.532175396e-14	4.999999912e-15	4.999999912e-15	1.929733635e-13	2.135825425e-14	6.377520907e-12	1.98651165e-11	4.138388937e-11	2.137946348e-10	2.56903443e-10	3.525760196e-12	4.713270139e-12	3.600551498e-12	6.030124733e-10	1.213356266e-13	4.999999912e-15	4.999999912e-15	7.819688907e-14	9.532175396e-14	4.999999912e-15	4.999999912e-15	1.81146053e-11	1.020283304e-13	7.544098267e-14	4.066555035e-14	8.296043431e-13	4.999999912e-15	4.999999912e-15	1.345098349e-13	1.330202181e-11	4.999999912e-15	2.446797756e-12	6.848634073e-13	3.33793948e-09	4.999999912e-15	1.519373955e-13	3.596616413e-14	4.999999912e-15	5.173257113e-15	1.194399668e-13	4.999999912e-15	4.999999912e-15	2.158128819e-14	1.003397533e-13	1	1	1	1	1	1	1	0	0	0	0	0	0	0	0	0	0
1721.077	1747389078.807	05/16/2025_11:51:18.807	1	3	3.605932579e-05	6.841757568e-06	0.01400000043	3.143604219e-14	1.033801083e-11	5.193808843e-14	4.999999912e-15	1.068173395e-13	1.784391049e-13	4.999999912e-15	4.999999912e-15	5.878805065e-14	4.999999912e-15	4.999999912e-15	6.564948238e-12	1.945369907e-11	4.083200097e-11	2.131901877e-10	2.557395962e-10	3.519524949e-12	4.365334483e-12	3.786689712e-12	6.028001431e-10	4.999999912e-15	4.999999912e-15	3.588053926e-14	7.553059876e-14	4.999999912e-15	4.999999912e-15	1.52839411e-13	1.785065151e-11	4.999999912e-15	9.883635116e-14	7.984764786e-14	5.329478178e-13	4.999999912e-15	9.520428743e-14	4.999999912e-15	1.313656475e-11	4.999999912e-15	2.519942371e-12	4.943969496e-13	3.336108056e-09	1.547669599e-13	1.585742442e-13	4.999999912e-15	8.784458756e-14	1.257422985e-13	4.999999912e-15	4.999999912e-15	5.537900732e-14	6.85691399e-14	4.999999912e-15	1	1	1	1	1	1	1	0	0	0	0	0	0	0	0	0	0
1730.096	1747389087.826	05/16/2025_11:51:27.826	1	3	3.613104127e-05	6.897043022e-06	0.0120000001	2.33656871e-13	9.9295034e-12	4.999999912e-15	6.580128695e-14	4.999999912e-15	4.999999912e-15	2.083057305e-14	1.378213407e-13	4.999999912e-15	4.999999912e-15	1.796314291e-14	6.681225885e-12	1.929631281e-11	4.123741626e-11	2.158309226e-10	2.568874835e-10	3.224662508e-12	4.579789672e-12	4.026329617e-12	6.077129355e-10	4.999999912e-15	1.039539142e-13	3.620313684e-14	4.999999912e-15	4.999999912e-15	1.742216126e-13	4.999999912e-15	1.785460668e-11	1.722781531e-13	1.550258132e-13	4.999999912e-15	6.062623277e-13	2.430874783e-13	4.999999912e-15	4.999999912e-15	1.303015681e-11	1.392709732e-13	2.278700666e-12	4.601831069e-13	3.348164634e-09	4.437528361e-14	4.999999912e-15	4.999999912e-15	2.656127e-13	4.999999912e-15	4.999999912e-15	7.3734462e-14	1.390097618e-14	4.999999912e-15	4.999999912e-15	1	1	1	1	1	1	1	0	0	0	0	0	0	0	0	0	0
1739.115	1747389096.845	05/16/2025_11:51:36.845	1	3	3.612305591e-05	6.897043022e-06	0.01400000043	4.999999912e-15	9.870542751e-12	1.863882448e-13	8.932606174e-14	4.999999912e-15	4.999999912e-15	1.582237894e-13	4.999999912e-15	4.999999912e-15	4.999999912e-15	1.767186522e-13	6.30738994e-12	1.952055878e-11	4.129216066e-11	2.155213091e-10	2.584143177e-10	3.411997247e-12	4.820792203e-12	3.650215546e-12	6.040516976e-10	7.498897879e-14	8.378238695e-14	4.999999912e-15	4.999999912e-15	1.00190418e-13	4.999999912e-15	4.999999912e-15	1.833221769e-11	1.567104329e-13	4.999999912e-15	4.999999912e-15	8.799374532e-13	2.382145317e-14	4.999999912e-15	3.416007982e-14	1.338278186e-11	4.999999912e-15	2.311130671e-12	6.524715121e-13	3.34450001e-09	4.999999912e-15	4.999999912e-15	7.363490514e-14	4.999999912e-15	4.999999912e-15	1.474128708e-14	7.55465162e-14	4.999999912e-15	4.999999912e-15	9.983993612e-14	1	1	1	1	1	1	1	0	0	0	0	0	0	0	0	0	0
1748.134	1747389105.864	05/16/2025_11:51:45.864	1	3	3.610474596e-05	6.862755981e-06	0.01400000043	4.999999912e-15	1.013616014e-11	2.531194926e-13	4.999999912e-15	4.999999912e-15	1.712705498e-13	4.999999912e-15	4.999999912e-15	5.333994829e-14	1.828517535e-13	4.999999912e-15	6.461371369e-12	1.994101585e-11	4.153178496e-11	2.143616118e-10	2.574532809e-10	3.396241838e-12	4.444220165e-12	3.612381444e-12	6.071347869e-10	9.71636847e-14	4.999999912e-15	4.999999912e-15	1.474709298e-13	4.999999912e-15	4.999999912e-15	6.823459576e-14	1.809895636e-11	4.999999912e-15	4.999999912e-15	8.172739693e-14	7.532134638e-13	4.999999912e-15	4.999999912e-15	1.053676935e-13	1.305344201e-11	4.999999912e-15	2.53934547e-12	6.765896437e-13	3.307523366e-09	4.999999912e-15	1.257582363e-13	4.999999912e-15	4.999999912e-15	6.552647558e-14	3.446275519e-14	4.999999912e-15	4.999999912e-15	1.034242069e-13	2.463388651e-14	1	1	1	1	1	1	1	0	0	0	0	0	0	0	0	0	0
1757.153	1747389114.883	05/16/2025_11:51:54.883	1	3	3.604077574e-05	6.826030585e-06	0.0120000001	1.156087758e-13	1.028875336e-11	4.999999912e-15	4.999999912e-15	1.59496182e-13	4.999999912e-15	4.999999912e-15	6.386776145e-14	5.81169905e-14	4.999999912e-15	4.999999912e-15	6.856818065e-12	1.942073759e-11	4.131111078e-11	2.158070944e-10	2.581045377e-10	3.502382629e-12	4.43787845e-12	3.898946704e-12	6.017853438e-10	4.999999912e-15	4.999999912e-15	1.598466775e-13	4.999999912e-15	4.999999912e-15	8.989755826e-14	1.331796815e-13	1.802564348e-11	6.566786232e-14	1.139679578e-13	4.999999912e-15	5.448933947e-13	4.999999912e-15	1.713482194e-13	4.999999912e-15	1.312992076e-11	4.999999912e-15	2.497750054e-12	4.367917161e-13	3.345941968e-09	1.773220107e-13	4.999999912e-15	4.999999912e-15	1.378790745e-13	9.249416825e-14	4.999999912e-15	4.999999912e-15	1.055090667e-13	4.999999912e-15	4.999999912e-15	1	1	1	1	1	1	1	0	0	0	0	0	0	0	0	0	0
1766.172	1747389123.902	05/16/2025_11:52:03.902	1	3	3.598560579e-05	6.844365089e-06	0.0120000001	1.838553723e-13	9.676211221e-12	4.999999912e-15	1.59960207e-13	1.109329235e-14	4.999999912e-15	1.154673958e-13	1.210269948e-13	4.999999912e-15	4.999999912e-15	9.35475452e-14	6.50183336e-12	1.943556947e-11	4.089947825e-11	2.156878287e-10	2.580006209e-10	3.225423617e-12	4.718967404e-12	3.942167339e-12	6.056479207e-10	4.999999912e-15	1.004771421e-13	4.999999912e-15	4.999999912e-15	4.999999912e-15	9.627160316e-14	4.999999912e-15	1.784870689e-11	1.940824888e-13	9.493346728e-14	4.999999912e-15	7.101065612e-13	1.626523894e-13	4.999999912e-15	4.999999912e-15	1.339954016e-11	9.590519703e-14	2.205482325e-12	4.487731259e-13	3.356118716e-09	4.999999912e-15	4.999999912e-15	2.222844169e-14	2.032263789e-13	4.999999912e-15	4.999999912e-15	1.026436355e-13	4.999999912e-15	1.256148777e-13	4.999999912e-15	1	1	1	1	1	1	1	0	0	0	0	0	0	0	0	0	0
1775.191	1747389132.921	05/16/2025_11:52:12.921	1	3	3.604901212e-05	6.810354535e-06	0.01400000043	4.999999912e-15	9.973587928e-12	2.304767976e-13	3.077693536e-14	4.999999912e-15	4.999999912e-15	1.952234761e-13	4.999999912e-15	4.999999912e-15	1.511130088e-13	9.660017063e-14	6.529959299e-12	1.970097523e-11	4.117567398e-11	2.14133572e-10	2.570852142e-10	3.6052552e-12	4.646287695e-12	3.588974387e-12	6.013279874e-10	2.087481392e-13	5.019573488e-14	4.999999912e-15	4.999999912e-15	9.425842946e-14	4.999999912e-15	4.999999912e-15	1.810829958e-11	2.364187405e-13	4.999999912e-15	4.999999912e-15	8.695769799e-13	2.814847015e-14	4.999999912e-15	1.045652077e-13	1.344933193e-11	4.999999912e-15	2.291482759e-12	7.598981123e-13	3.34314576e-09	4.999999912e-15	4.999999912e-15	9.580364795e-14	4.999999912e-15	4.999999912e-15	1.081176232e-13	1.29989403e-14	4.999999912e-15	2.344908393e-14	1.581222674e-13	1	1	1	1	1	1	1	0	0	0	0	0	0	0	0	0	0
1784.21	1747389141.940	05/16/2025_11:52:21.940	1	3	3.611055217e-05	6.870664947e-06	0.0120000001	4.999999912e-15	1.023355706e-11	1.721148452e-13	4.999999912e-15	5.767294194e-14	1.243245415e-13	4.999999912e-15	4.999999912e-15	4.253876982e-13	3.169092457e-14	4.999999912e-15	6.60353109e-12	1.972024107e-11	4.123171249e-11	2.153699857e-10	2.57610322e-10	3.575041738e-12	4.579419309e-12	3.654103062e-12	6.10291262e-10	4.999999912e-15	4.999999912e-15	1.74016075e-14	7.799975401e-14	4.999999912e-15	4.999999912e-15	1.06036775e-13	1.795322571e-11	4.999999912e-15	4.999999912e-15	1.467859851e-13	6.635110755e-13	4.999999912e-15	7.674129344e-14	1.453841117e-13	1.323560272e-11	4.999999912e-15	2.580365175e-12	5.58212981e-13	3.382574221e-09	5.075926929e-14	1.384704661e-13	4.999999912e-15	4.999999912e-15	1.19465825e-13	4.999999912e-15	4.999999912e-15	4.999999912e-15	7.430397985e-14	4.999999912e-15	1	1	1	1	1	1	1	0	0	0	0	0	0	0	0	0	0
1793.229	1747389150.959	05/16/2025_11:52:30.959	1	3	3.608971019e-05	6.881195986e-06	0.01400000043	1.622521291e-13	9.85908577e-12	4.999999912e-15	3.047825122e-14	2.265619875e-13	4.999999912e-15	4.999999912e-15	6.898132646e-14	1.176318971e-13	4.999999912e-15	4.999999912e-15	6.601537893e-12	1.97240297e-11	4.11854717e-11	2.154190715e-10	2.592653869e-10	3.371580359e-12	4.486975028e-12	3.753775502e-12	6.076963932e-10	4.999999912e-15	4.999999912e-15	8.849571873e-14	4.999999912e-15	4.999999912e-15	6.396334065e-14	1.303122649e-13	1.782796306e-11	4.999999912e-15	2.163667195e-13	9.123568735e-14	5.127464208e-13	7.873421966e-15	1.376719648e-13	4.999999912e-15	1.324589136e-11	1.43406825e-13	2.454324504e-12	3.311909937e-13	3.369364565e-09	2.058050453e-13	4.999999912e-15	4.999999912e-15	1.997356816e-13	1.136971376e-13	3.20394007e-14	4.999999912e-15	1.543030027e-13	5.362470044e-14	4.999999912e-15	1	1	1	1	1	1	1	0	0	0	0	0	0	0	0	0	0
1802.248	1747389159.978	05/16/2025_11:52:39.978	1	3	3.603257574e-05	6.844365089e-06	0.0120000001	1.507028009e-13	9.868342254e-12	8.746025144e-14	2.017747135e-13	4.999999912e-15	4.999999912e-15	5.676292363e-14	1.462901252e-13	4.999999912e-15	4.999999912e-15	5.026342976e-14	6.506116392e-12	1.969239355e-11	4.096591816e-11	2.163840357e-10	2.590032078e-10	3.23775143e-12	4.725735428e-12	3.772111096e-12	6.055911883e-10	4.999999912e-15	7.712161123e-14	3.497052772e-14	4.999999912e-15	2.420177773e-14	1.064967274e-13	4.999999912e-15	1.800955392e-11	2.700352691e-13	1.722402874e-13	4.999999912e-15	6.549864817e-13	1.774813207e-13	4.999999912e-15	4.999999912e-15	1.317007961e-11	1.457803604e-13	2.260407139e-12	5.327865427e-13	3.336058096e-09	4.999999912e-15	4.999999912e-15	4.999999912e-15	2.152356798e-13	4.999999912e-15	4.999999912e-15	8.201216263e-14	9.128347356e-14	4.999999912e-15	4.999999912e-15	1	1	1	1	1	1	1	0	0	0	0	0	0	0	0	0	0
1811.267	1747389168.997	05/16/2025_11:52:48.997	1	3	3.597430987e-05	6.852252227e-06	0.01600000076	4.999999912e-15	9.843211315e-12	2.789800726e-13	1.423315133e-13	4.999999912e-15	1.297901809e-14	2.083140518e-13	4.999999912e-15	4.999999912e-15	2.315834834e-14	8.263700867e-15	6.470026771e-12	1.959247174e-11	4.120655206e-11	2.149751072e-10	2.581567737e-10	3.55996157e-12	4.535936297e-12	3.752015192e-12	5.989725937e-10	2.704255277e-13	5.102013511e-14	4.999999912e-15	4.999999912e-15	1.900740578e-13	4.999999912e-15	4.999999912e-15	1.804486074e-11	2.494137167e-13	4.999999912e-15	4.999999912e-15	8.010097577e-13	9.1239272e-15	4.999999912e-15	6.038701847e-14	1.328578914e-11	4.999999912e-15	2.250394966e-12	7.251345791e-13	3.344593269e-09	4.999999912e-15	4.999999912e-15	1.624512699e-13	1.075242258e-13	4.999999912e-15	4.154170091e-14	9.50190786e-14	4.999999912e-15	4.999999912e-15	1.620848638e-13	1	1	1	1	1	1	1	0	0	0	0	0	0	0	0	0	0
1820.286	1747389178.016	05/16/2025_11:52:58.016	1	3	3.601363642e-05	6.852252227e-06	0.01400000043	4.999999912e-15	9.954664697e-12	2.608396084e-13	4.999999912e-15	4.999999912e-15	1.12737368e-13	2.316233956e-14	4.999999912e-15	1.052183446e-13	8.638895128e-14	4.999999912e-15	6.463849421e-12	1.961667287e-11	4.121996494e-11	2.149303374e-10	2.584120695e-10	3.590503762e-12	4.58484509e-12	3.690098574e-12	6.030089761e-10	1.164490867e-13	4.999999912e-15	4.999999912e-15	1.038324361e-13	4.806111699e-14	4.999999912e-15	7.160580044e-14	1.82630612e-11	3.450457829e-14	4.999999912e-15	1.582337505e-13	7.520605232e-13	4.999999912e-15	1.060940615e-14	2.097836336e-13	1.340048992e-11	4.999999912e-15	2.536631278e-12	6.431145763e-13	3.326320774e-09	4.999999912e-15	1.237291248e-13	5.503850007e-14	4.999999912e-15	4.999999912e-15	1.132789812e-13	4.999999912e-15	4.999999912e-15	4.694598795e-14	1.741957273e-13	1	1	1	1	1	1	1	0	0	0	0	0	0	0	0	0	0
1829.305	1747389187.035	05/16/2025_11:53:07.035	1	3	3.603652658e-05	6.926183232e-06	0.0120000001	1.451849979e-13	1.027326228e-11	4.999999912e-15	4.999999912e-15	1.121618803e-13	1.406927282e-13	4.999999912e-15	4.999999912e-15	1.547271426e-13	4.999999912e-15	4.999999912e-15	6.588660607e-12	1.956099692e-11	4.08127733e-11	2.14030807e-10	2.557718204e-10	3.425545438e-12	4.450265677e-12	3.712303468e-12	5.987136897e-10	4.999999912e-15	4.999999912e-15	4.999999912e-15	7.07913681e-14	4.999999912e-15	1.462180122e-14	2.561860229e-13	1.79596546e-11	2.860843615e-14	1.542173778e-13	1.706891058e-13	5.215020581e-13	4.999999912e-15	1.635524263e-13	5.594450684e-14	1.313160344e-11	3.378572514e-14	2.693939039e-12	5.477866966e-13	3.3573897e-09	1.143761735e-13	5.632683718e-14	4.999999912e-15	5.600823082e-14	2.348715298e-13	4.999999912e-15	4.999999912e-15	4.999999912e-15	1.500436873e-13	4.999999912e-15	1	1	1	1	1	1	1	0	0	0	0	0	0	0	0	0	0
1838.324	1747389196.054	05/16/2025_11:53:16.054	1	3	3.606496102e-05	6.854878848e-06	0.0120000001	2.672594405e-13	1.001495848e-11	4.999999912e-15	1.44422343e-13	1.520369388e-13	4.999999912e-15	4.999999912e-15	1.72634571e-13	1.1299223e-13	4.999999912e-15	6.15698356e-14	6.532158061e-12	1.949477732e-11	4.113080362e-11	2.157749396e-10	2.570662017e-10	3.222725255e-12	4.581914275e-12	3.902511127e-12	5.984692186e-10	4.999999912e-15	8.521011858e-14	1.49089874e-13	4.999999912e-15	4.999999912e-15	1.230282152e-13	4.535299341e-14	1.764624731e-11	1.334624278e-13	1.883098034e-13	4.999999912e-15	5.502260431e-13	1.252424949e-13	6.289204726e-14	4.999999912e-15	1.331797086e-11	2.032522506e-13	2.462142035e-12	4.481299229e-13	3.330272946e-09	1.448365353e-13	4.999999912e-15	4.999999912e-15	1.995405387e-13	1.272497055e-13	4.999999912e-15	4.999999912e-15	1.995246009e-13	4.999999912e-15	4.999999912e-15	1	1	1	1	1	1	1	0	0	0	0	0	0	0	0	0	0
1847.343	1747389205.073	05/16/2025_11:53:25.073	1	3	3.604607264e-05	6.934149951e-06	0.0120000001	6.392351655e-14	9.918179125e-12	1.949168095e-13	2.72046044e-14	4.999999912e-15	4.999999912e-15	1.880509095e-13	8.393172225e-14	4.999999912e-15	4.999999912e-15	1.309255438e-13	6.434455399e-12	1.936578675e-11	4.121797001e-11	2.154411649e-10	2.57790761e-10	3.377721063e-12	4.865211966e-12	3.740848343e-12	5.996860231e-10	6.068970738e-14	2.011773452e-13	4.999999912e-15	4.999999912e-15	1.23964085e-13	2.857459549e-14	4.999999912e-15	1.750330089e-11	2.530776695e-13	4.999999912e-15	4.999999912e-15	8.262908587e-13	1.013592693e-13	4.999999912e-15	4.999999912e-15	1.341291141e-11	4.552422621e-14	2.145893489e-12	5.804573402e-13	3.331790621e-09	4.999999912e-15	4.999999912e-15	1.491336758e-13	1.708783126e-13	4.999999912e-15	4.999999912e-15	1.536259726e-13	4.999999912e-15	4.999999912e-15	6.010028087e-14	1	1	1	1	1	1	1	0	0	0	0	0	0	0	0	0	0
1856.362	1747389214.092	05/16/2025_11:53:34.092	1	3	3.596788156e-05	6.886486972e-06	0.01400000043	4.999999912e-15	1.007618988e-11	3.150457868e-13	8.916837808e-15	4.999999912e-15	5.673902374e-14	1.427297814e-13	4.999999912e-15	4.999999912e-15	1.524630709e-13	8.375204284e-15	6.42336748e-12	1.96664178e-11	4.133613243e-11	2.148036193e-10	2.570937907e-10	3.389700846e-12	4.775795644e-12	3.56706613e-12	5.994825192e-10	1.36421446e-13	4.999999912e-15	4.999999912e-15	1.010406629e-13	8.944356215e-14	4.999999912e-15	4.999999912e-15	1.77454388e-11	7.674725655e-14	4.999999912e-15	5.254940905e-14	7.936182093e-13	4.999999912e-15	4.999999912e-15	1.493089235e-13	1.315524165e-11	4.999999912e-15	2.369504332e-12	7.923756594e-13	3.323893605e-09	4.999999912e-15	6.854324779e-14	1.129882727e-13	4.999999912e-15	4.999999912e-15	1.513639068e-13	4.999999912e-15	4.999999912e-15	5.742403623e-14	1.920653442e-13	1	1	1	1	1	1	1	0	0	0	0	0	0	0	0	0	0
1865.381	1747389223.111	05/16/2025_11:53:43.111	1	3	3.590980123e-05	6.794708042e-06	0.00800000038	1.289342846e-13	1.002080103e-11	1.664178642e-13	4.999999912e-15	4.845537017e-14	1.818859868e-13	4.999999912e-15	4.999999912e-15	2.286090154e-13	1.018212478e-13	4.999999912e-15	6.569079915e-12	1.972985317e-11	4.103071702e-11	2.136944788e-10	2.546425293e-10	3.498248566e-12	4.448957262e-12	3.714547333e-12	6.006827258e-10	4.668712452e-14	4.999999912e-15	8.364497788e-14	2.112292681e-13	4.999999912e-15	4.999999912e-15	1.295236975e-13	1.783088954e-11	2.637623667e-14	1.113315305e-13	1.945185685e-13	6.273238222e-13	4.999999912e-15	9.681918624e-14	8.305556492e-14	1.338275584e-11	4.999999912e-15	2.532023853e-12	5.28811966e-13	3.329639231e-09	1.198541456e-13	1.422996649e-13	4.999999912e-15	2.890912268e-14	1.957133322e-13	1.135458101e-13	4.999999912e-15	4.999999912e-15	1.842595494e-13	4.999999912e-15	1	1	1	1	1	1	1	0	0	0	0	0	0	0	0	0	0
1874.4	1747389232.130	05/16/2025_11:53:52.130	1	3	3.597248724e-05	6.810354535e-06	0.01400000043	2.342821304e-13	9.976358281e-12	5.267884924e-14	1.098520214e-13	2.166156252e-13	4.999999912e-15	4.999999912e-15	1.592513014e-13	1.089599399e-13	4.999999912e-15	4.162334811e-14	6.645213026e-12	1.924319211e-11	4.061675996e-11	2.124298931e-10	2.562555168e-10	3.356966181e-12	4.497100609e-12	3.867956736e-12	6.043866518e-10	4.999999912e-15	4.999999912e-15	2.269702167e-13	4.999999912e-15	4.999999912e-15	3.331921598e-13	1.732697915e-13	1.767980901e-11	6.843372982e-14	2.769111166e-13	3.574513596e-14	5.07977395e-13	5.137257536e-14	2.090966018e-13	4.999999912e-15	1.325580964e-11	1.078926106e-13	2.453075937e-12	3.181063811e-13	3.289345241e-09	2.487944475e-13	4.999999912e-15	4.999999912e-15	1.595539564e-13	1.100750282e-13	4.999999912e-15	4.999999912e-15	2.037918716e-13	3.102982552e-14	4.999999912e-15	1	1	1	1	1	1	1	0	0	0	0	0	0	0	0	0	0
1883.419	1747389241.149	05/16/2025_11:54:01.149	1	3	3.601154822e-05	6.936815225e-06	0.01400000043	1.469731455e-13	9.70628352e-12	7.310522494e-14	1.805856896e-13	2.877173055e-14	4.999999912e-15	1.055707916e-13	1.726047148e-13	4.999999912e-15	4.999999912e-15	1.874515625e-13	6.66191104e-12	1.93281658e-11	4.060771858e-11	2.121463422e-10	2.544421063e-10	3.305786634e-12	4.804109801e-12	3.905842663e-12	5.989693186e-10	4.999999912e-15	1.910358536e-13	2.96638121e-14	4.999999912e-15	1.29641198e-13	1.153359634e-13	4.999999912e-15	1.756384101e-11	2.392085011e-13	1.495697555e-13	4.999999912e-15	6.712649642e-13	1.074823891e-13	4.999999912e-15	4.999999912e-15	1.346789173e-11	1.454757267e-13	2.250799373e-12	5.084114553e-13	3.348705979e-09	5.870441123e-14	4.999999912e-15	7.074757311e-14	1.920713209e-13	4.999999912e-15	4.999999912e-15	1.5516123e-13	7.732671518e-14	4.999999912e-15	4.999999912e-15	1	1	1	1	1	1	1	0	0	0	0	0	0	0	0	0	0
1892.438	1747389250.168	05/16/2025_11:54:10.168	1	3	3.604099038e-05	6.883841252e-06	0.01400000043	4.999999912e-15	9.88060328e-12	2.253473016e-13	4.630878878e-14	4.999999912e-15	4.999999912e-15	1.539326121e-13	4.999999912e-15	4.999999912e-15	1.856016697e-13	1.120045557e-13	6.212759474e-12	1.947698253e-11	4.139458915e-11	2.137653665e-10	2.568765201e-10	3.502633079e-12	4.731306926e-12	3.689079424e-12	5.985759111e-10	1.190934558e-13	9.865514032e-14	4.999999912e-15	4.999999912e-15	1.563539879e-13	4.999999912e-15	4.999999912e-15	1.794807358e-11	3.121345413e-13	4.999999912e-15	4.999999912e-15	7.193878197e-13	3.561969377e-14	4.999999912e-15	4.999999912e-15	1.336982521e-11	4.999999912e-15	2.1660809e-12	6.497254991e-13	3.352442102e-09	4.999999912e-15	4.999999912e-15	1.576761725e-13	5.217106993e-14	4.999999912e-15	3.721268492e-14	9.996140065e-14	4.999999912e-15	4.999999912e-15	2.057851502e-13	1	1	1	1	1	1	1	0	0	0	0	0	0	0	0	0	0
1901.457	1747389259.187	05/16/2025_11:54:19.187	1	3	3.597923205e-05	6.868032415e-06	0.01400000043	4.999999912e-15	9.954707197e-12	2.767339038e-13	4.999999912e-15	1.321840451e-13	1.491973862e-13	6.812905546e-14	4.999999912e-15	4.999999912e-15	2.014163304e-13	4.999999912e-15	6.293138753e-12	1.962026895e-11	4.127306136e-11	2.147262229e-10	2.547740074e-10	3.428108492e-12	4.740159654e-12	3.602001076e-12	6.008834541e-10	8.762750996e-14	4.999999912e-15	4.999999912e-15	3.366310865e-13	4.999999912e-15	4.999999912e-15	4.999999912e-15	1.80513781e-11	6.96742875e-14	4.999999912e-15	7.381610243e-14	6.566669951e-13	4.999999912e-15	4.999999912e-15	4.208854673e-13	1.340308246e-11	4.999999912e-15	2.479724759e-12	7.171855341e-13	3.343094246e-09	4.999999912e-15	1.481460083e-13	5.414241375e-14	4.999999912e-15	4.999999912e-15	1.193284295e-13	4.999999912e-15	4.999999912e-15	2.422567084e-14	1.174646182e-13	1	1	1	1	1	1	1	0	0	0	0	0	0	0	0	0	0
1910.476	1747389268.206	05/16/2025_11:54:28.206	1	3	3.590165215e-05	6.797319202e-06	0.01400000043	8.371467853e-14	1.005738201e-11	6.964838862e-14	4.999999912e-15	9.257181068e-14	1.201468395e-13	4.999999912e-15	5.714325497e-14	2.139433243e-13	4.999999912e-15	4.999999912e-15	6.663264992e-12	1.980441332e-11	4.056919384e-11	2.144006361e-10	2.549876976e-10	3.459544283e-12	4.50398616e-12	3.704564867e-12	6.021016463e-10	4.999999912e-15	4.999999912e-15	1.361088298e-13	1.051088334e-13	4.999999912e-15	4.999999912e-15	1.787218783e-13	1.764390717e-11	4.999999912e-15	1.393267012e-13	1.641935963e-13	5.831077266e-13	4.999999912e-15	2.928149192e-14	8.790430677e-14	1.299986421e-11	4.999999912e-15	2.514665559e-12	4.556668627e-13	3.312485619e-09	6.703585441e-14	9.155229472e-14	4.999999912e-15	3.340738263e-14	1.86097516e-13	4.999999912e-15	4.999999912e-15	5.961243055e-14	1.826087973e-13	4.999999912e-15	1	1	1	1	1	1	1	0	0	0	0	0	0	0	0	0	0
1919.495	1747389277.225	05/16/2025_11:54:37.225	1	3	3.588121763e-05	6.820809631e-06	0.01400000043	2.615544771e-13	1.005892418e-11	4.999999912e-15	1.427795599e-13	1.54822715e-13	4.999999912e-15	4.999999912e-15	1.660693881e-13	9.833452818e-14	4.999999912e-15	6.433968077e-14	6.709394759e-12	1.946273871e-11	4.067404399e-11	2.132979626e-10	2.570696434e-10	3.259537605e-12	4.549064684e-12	3.98236652e-12	5.986368068e-10	4.999999912e-15	5.436743314e-14	2.003350556e-13	4.999999912e-15	4.999999912e-15	2.303632816e-13	9.753803261e-14	1.748420159e-11	1.374111057e-13	2.162014328e-13	4.999999912e-15	5.777194044e-13	5.477911148e-15	1.932621001e-13	4.999999912e-15	1.343860787e-11	1.581361723e-13	2.499018353e-12	3.720775858e-13	3.311666275e-09	2.068823357e-13	4.999999912e-15	4.999999912e-15	2.466916645e-13	2.727533368e-13	4.999999912e-15	1.935304944e-14	1.718042212e-13	4.999999912e-15	4.999999912e-15	1	1	1	1	1	1	1	0	0	0	0	0	0	0	0	0	0
1928.514	1747389286.244	05/16/2025_11:54:46.244	1	3	3.595658563e-05	6.915575341e-06	0.01400000043	1.512762626e-13	9.690561721e-12	1.26345657e-13	1.314433046e-13	4.999999912e-15	4.999999912e-15	1.34629314e-13	5.698594401e-14	4.999999912e-15	4.999999912e-15	1.921369964e-13	6.486665805e-12	1.922608774e-11	4.079360461e-11	2.145258138e-10	2.557142553e-10	3.304641717e-12	4.883698047e-12	3.729036177e-12	6.004132191e-10	3.084268138e-13	1.4068274e-13	4.999999912e-15	4.999999912e-15	6.893352669e-14	8.390783592e-14	4.999999912e-15	1.765126934e-11	2.527192052e-13	4.999999912e-15	4.999999912e-15	6.835013241e-13	8.44016629e-14	4.999999912e-15	4.999999912e-15	1.350891361e-11	4.422591443e-14	2.197562878e-12	5.016590984e-13	3.333404441e-09	4.999999912e-15	4.999999912e-15	5.241401253e-14	1.960717558e-13	4.999999912e-15	4.999999912e-15	1.705835451e-13	4.110361547e-14	4.999999912e-15	4.999999912e-15	1	1	1	1	1	1	1	0	0	0	0	0	0	0	0	0	0
1937.533	1747389295.263	05/16/2025_11:54:55.263	1	3	3.601233038e-05	6.865393971e-06	0.01600000076	4.999999912e-15	9.801721934e-12	2.115557892e-13	4.999999912e-15	4.999999912e-15	4.999999912e-15	6.085697267e-14	4.999999912e-15	4.999999912e-15	9.147462518e-14	3.922385962e-14	6.262863492e-12	1.953436891e-11	4.087466823e-11	2.138177552e-10	2.574870317e-10	3.550682318e-12	4.748196628e-12	3.640320684e-12	5.992455976e-10	1.555614903e-13	1.118687933e-14	4.999999912e-15	4.999999912e-15	9.230300985e-14	4.999999912e-15	4.999999912e-15	1.768008656e-11	1.768759835e-13	4.999999912e-15	4.999999912e-15	7.707505424e-13	4.999999912e-15	4.999999912e-15	4.999999912e-15	1.320014063e-11	4.999999912e-15	2.245863218e-12	6.011744921e-13	3.347984112e-09	4.999999912e-15	4.999999912e-15	1.609458552e-13	4.999999912e-15	4.999999912e-15	2.037855561e-14	4.276035092e-14	4.999999912e-15	4.999999912e-15	1.443148173e-13	1	1	1	1	1	1	1	0	0	0	0	0	0	0	0	0	0
1946.552	1747389304.282	05/16/2025_11:55:04.282	1	3	3.599866614e-05	6.836508874e-06	0.01000000071	4.999999912e-15	1.02624402e-11	1.989431433e-13	4.999999912e-15	2.229415112e-14	1.790464343e-13	4.999999912e-15	4.999999912e-15	6.240616205e-14	1.457206616e-13	4.999999912e-15	6.411399623e-12	1.962670131e-11	4.068910833e-11	2.144567024e-10	2.567244195e-10	3.561693692e-12	4.438885891e-12	3.682014329e-12	5.9889671e-10	7.542107401e-14	4.999999912e-15	4.999999912e-15	1.250752296e-13	4.999999912e-15	4.999999912e-15	3.231418497e-14	1.768174669e-11	2.982909194e-14	4.999999912e-15	1.09909762e-13	7.124821566e-13	4.999999912e-15	6.541695083e-14	8.547296985e-14	1.302316154e-11	4.999999912e-15	2.531223278e-12	6.187812307e-13	3.349250433e-09	4.999999912e-15	7.548478444e-14	4.999999912e-15	4.999999912e-15	4.265283873e-14	1.549919725e-13	4.999999912e-15	4.999999912e-15	1.46995087e-13	2.672272397e-14	1	1	1	1	1	1	1	0	0	0	0	0	0	0	0	0	0
1955.571	1747389313.301	05/16/2025_11:55:13.301	1	3	3.593776273e-05	6.799924449e-06	0.01600000076	5.038690006e-14	9.96135379e-12	2.381232689e-13	3.354877276e-14	1.931525686e-13	5.092852003e-14	4.999999912e-15	1.058396128e-13	1.819218333e-13	4.999999912e-15	4.999999912e-15	6.714095859e-12	1.948504379e-11	4.112418045e-11	2.150034178e-10	2.58225219e-10	3.31671279e-12	4.482558422e-12	3.757658247e-12	6.020873244e-10	4.999999912e-15	4.999999912e-15	4.999999912e-15	4.999999912e-15	4.999999912e-15	1.394043572e-13	1.929613966e-13	1.729642297e-11	3.893796635e-13	1.943154567e-13	3.090437655e-14	4.622599504e-13	6.088483667e-14	1.39229123e-13	4.999999912e-15	1.313608163e-11	1.283170076e-13	2.45919474e-12	2.186247873e-13	3.327590425e-09	1.508421887e-13	4.999999912e-15	4.999999912e-15	1.762029379e-13	2.202178056e-13	4.999999912e-15	4.999999912e-15	3.008082336e-13	1.109372739e-13	4.999999912e-15	1	1	1	1	1	1	1	0	0	0	0	0	0	0	0	0	0
1964.59	1747389322.320	05/16/2025_11:55:22.320	1	3	3.588959589e-05	6.918217878e-06	0.01400000043	1.31136638e-13	9.776006393e-12	1.175004647e-13	1.88309817e-13	7.174917263e-14	4.999999912e-15	6.534526474e-14	1.204316052e-13	4.999999912e-15	4.999999912e-15	8.787045934e-14	6.591371112e-12	1.934339321e-11	4.109049906e-11	2.14248369e-10	2.556303225e-10	3.213406104e-12	4.609059228e-12	3.779721761e-12	5.984820972e-10	4.999999912e-15	1.914958264e-13	7.090487729e-14	4.999999912e-15	4.999999912e-15	1.702132088e-13	4.999999912e-15	1.775901821e-11	2.065975429e-13	1.177871819e-13	4.999999912e-15	5.800471323e-13	1.075122996e-13	4.999999912e-15	4.999999912e-15	1.323381248e-11	1.418097952e-13	2.26422635e-12	4.724552455e-13	3.344655219e-09	1.109053916e-13	4.999999912e-15	1.769831298e-14	2.501982725e-13	4.999999912e-15	4.999999912e-15	4.622914058e-14	1.003278068e-13	4.999999912e-15	4.999999912e-15	1	1	1	1	1	1	1	0	0	0	0	0	0	0	0	0	0
1973.609	1747389331.339	05/16/2025_11:55:31.339	1	3	3.589949847e-05	6.852252227e-06	0.01600000076	4.999999912e-15	9.743339816e-12	1.665711839e-13	3.473357534e-14	4.999999912e-15	4.999999912e-15	1.478533008e-13	4.999999912e-15	4.999999912e-15	4.999999912e-15	5.118937907e-14	6.425894539e-12	1.932922225e-11	4.10600165e-11	2.135013416e-10	2.549342126e-10	3.456537574e-12	4.76575333e-12	3.486836471e-12	6.000855368e-10	9.517241189e-14	5.541085575e-14	4.999999912e-15	4.999999912e-15	1.280521912e-13	4.999999912e-15	4.999999912e-15	1.756343335e-11	1.844925579e-13	4.999999912e-15	4.999999912e-15	7.298599117e-13	2.734940909e-13	4.999999912e-15	4.999999912e-15	1.335695877e-11	4.999999912e-15	2.198281704e-12	6.762231834e-13	3.327960796e-09	4.999999912e-15	4.999999912e-15	1.361765247e-13	1.514694403e-13	4.999999912e-15	4.999999912e-15	6.15439435e-14	4.999999912e-15	4.999999912e-15	5.130087571e-14	1	1	1	1	1	1	1	0	0	0	0	0	0	0	0	0	0
1982.628	1747389340.358	05/16/2025_11:55:40.358	1	3	3.593841757e-05	6.84962788e-06	0.01400000043	4.999999912e-15	9.845167216e-12	2.172309099e-13	4.999999912e-15	4.999999912e-15	1.174287718e-13	7.19164447e-14	4.999999912e-15	4.999999912e-15	1.551034962e-13	4.999999912e-15	6.370316167e-12	1.964889189e-11	4.109014171e-11	2.137187788e-10	2.550421263e-10	3.610073612e-12	4.618608881e-12	3.613228206e-12	5.995783314e-10	1.04063405e-13	4.999999912e-15	4.999999912e-15	1.23657432e-13	5.375612607e-14	4.999999912e-15	4.999999912e-15	1.78637348e-11	1.340598097e-13	4.999999912e-15	8.574377645e-14	6.946244795e-13	4.999999912e-15	4.999999912e-15	1.1398788e-13	1.321935703e-11	4.999999912e-15	2.330933623e-12	6.875833995e-13	3.308312291e-09	4.999999912e-15	5.052231691e-14	4.171295742e-14	4.999999912e-15	4.999999912e-15	1.108974295e-13	4.999999912e-15	4.999999912e-15	4.999999912e-15	9.002897711e-14	1	1	1	1	1	1	1	0	0	0	0	0	0	0	0	0	0
1991.647	1747389349.377	05/16/2025_11:55:49.377	1	3	3.598737749e-05	6.823423064e-06	0.01400000043	2.878368388e-14	1.054695827e-11	1.639506944e-13	4.999999912e-15	1.171958038e-13	1.7330164e-13	4.999999912e-15	4.999999912e-15	1.399758673e-13	3.885151749e-14	4.999999912e-15	6.63143325e-12	1.984604842e-11	4.088875766e-11	2.136169019e-10	2.550015754e-10	3.497565518e-12	4.513730969e-12	3.630534024e-12	5.996094732e-10	6.324051661e-14	4.999999912e-15	6.015006608e-14	8.602056648e-14	4.999999912e-15	4.999999912e-15	1.820950888e-13	1.779592272e-11	4.999999912e-15	5.517988003e-14	1.317399965e-13	5.455406092e-13	4.999999912e-15	6.236434573e-14	1.286973457e-13	1.316263504e-11	4.999999912e-15	2.516780187e-12	5.393915024e-13	3.318229025e-09	5.312489679e-14	1.650020723e-13	4.999999912e-15	4.999999912e-15	8.516033337e-14	4.17348583e-14	4.999999912e-15	4.999999912e-15	9.384225845e-14	4.999999912e-15	1	1	1	1	1	1	1	0	0	0	0	0	0	0	0	0	0
2000.666	1747389358.396	05/16/2025_11:55:58.396	1	3	3.598849798e-05	6.878559816e-06	0.01400000043	2.147617614e-13	9.929995194e-12	4.999999912e-15	5.605004714e-14	2.340531198e-13	4.999999912e-15	4.999999912e-15	1.295038024e-13	1.02151794e-13	4.999999912e-15	4.999999912e-15	6.5973043e-12	1.959559078e-11	4.112410412e-11	2.143038108e-10	2.55136412e-10	3.26442237e-12	4.585012491e-12	3.898774966e-12	6.028246236e-10	4.999999912e-15	4.999999912e-15	1.294082165e-13	4.999999912e-15	4.999999912e-15	1.844148884e-13	1.752232257e-13	1.747443336e-11	4.999999912e-15	2.50970902e-13	4.999999912e-15	4.969158765e-13	6.680287291e-14	7.876637981e-14	4.999999912e-15	1.332589681e-11	2.016512635e-13	2.4918598e-12	4.877242273e-13	3.302880414e-09	1.444781117e-13	4.999999912e-15	4.999999912e-15	1.815793474e-13	8.470833627e-14	4.999999912e-15	6.23659517e-15	2.12197027e-13	4.999999912e-15	4.999999912e-15	1	1	1	1	1	1	1	0	0	0	0	0	0	0	0	0	0
2009.685	1747389367.415	05/16/2025_11:56:07.415	1	3	3.586283492e-05	6.758346899e-06	0.0120000001	1.790325158e-13	9.85248081e-12	1.449579931e-13	2.02131172e-13	1.124064221e-14	4.999999912e-15	1.020422692e-13	1.317837712e-13	4.999999912e-15	4.999999912e-15	2.107015463e-13	6.329585727e-12	1.947106539e-11	4.094579537e-11	2.133013627e-10	2.565164192e-10	3.289068237e-12	4.804547385e-12	3.769616563e-12	5.992929486e-10	4.999999912e-15	1.628793942e-13	7.132901718e-14	4.999999912e-15	1.69872688e-13	1.313696059e-13	4.999999912e-15	1.773097294e-11	2.89093673e-13	4.999999912e-15	4.999999912e-15	7.333366228e-13	1.95328996e-13	4.999999912e-15	4.999999912e-15	1.341208047e-11	9.6896849e-14	2.334296601e-12	6.009893104e-13	3.333691101e-09	4.999999912e-15	4.999999912e-15	9.844206749e-14	1.793351708e-13	4.999999912e-15	4.999999912e-15	1.961573807e-13	4.999999912e-15	4.999999912e-15	1.033262289e-14	1	1	1	1	1	1	1	0	0	0	0	0	0	0	0	0	0
2018.704	1747389376.434	05/16/2025_11:56:16.434	1	3	3.583209036e-05	6.773910627e-06	0.0120000001	4.999999912e-15	9.895037914e-12	2.686473548e-13	4.999999912e-15	4.999999912e-15	6.110986283e-14	1.226319529e-13	4.999999912e-15	4.999999912e-15	1.23826703e-13	4.999999912e-15	6.439860797e-12	1.942599206e-11	4.122270927e-11	2.148093509e-10	2.559093215e-10	3.404920009e-12	4.726068061e-12	3.472448024e-12	6.006609654e-10	9.647469455e-14	2.023318443e-14	4.999999912e-15	6.886781726e-14	6.97121126e-14	4.999999912e-15	4.999999912e-15	1.739640203e-11	1.846797455e-13	1.333210614e-13	4.999999912e-15	7.466621722e-13	4.999999912e-15	4.999999912e-15	1.338308126e-13	1.332632008e-11	4.999999912e-15	2.314185302e-12	6.16576885e-13	3.335889343e-09	4.999999912e-15	5.559803648e-14	9.31293752e-14	4.999999912e-15	4.999999912e-15	1.563878692e-13	4.999999912e-15	4.999999912e-15	2.977533584e-14	5.245981329e-14	1	1	1	1	1	1	1	0	0	0	0	0	0	0	0	0	0
2027.723	1747389385.453	05/16/2025_11:56:25.453	1	3	3.585444938e-05	6.76352829e-06	0.0120000001	4.999999912e-15	1.01914293e-11	4.318450437e-14	4.999999912e-15	1.079085416e-13	3.546022525e-13	4.999999912e-15	4.999999912e-15	8.50806784e-14	8.739055757e-14	4.999999912e-15	6.569735207e-12	1.957754618e-11	4.059193953e-11	2.131197857e-10	2.549145617e-10	3.49004636e-12	4.377035193e-12	3.685254359e-12	5.952394688e-10	4.999999912e-15	4.999999912e-15	2.083455072e-14	1.049296284e-13	4.999999912e-15	4.999999912e-15	2.100046347e-13	1.763896321e-11	4.999999912e-15	4.999999912e-15	1.383350493e-13	5.043294341e-13	4.999999912e-15	4.999999912e-15	1.008833587e-13	1.308696727e-11	4.999999912e-15	2.510774791e-12	5.668232268e-13	3.332821352e-09	1.498684396e-13	1.709917879e-13	4.999999912e-15	4.999999912e-15	1.17275452e-13	4.999999912e-15	4.999999912e-15	4.999999912e-15	1.745919896e-13	4.999999912e-15	1	1	1	1	1	1	1	0	0	0	0	0	0	0	0	0	0
2036.742	1747389394.472	05/16/2025_11:56:34.472	1	3	3.588974141e-05	6.944786492e-06	0.0120000001	2.220378287e-13	1.006869501e-11	4.999999912e-15	3.933539014e-14	2.334437981e-13	4.999999912e-15	4.999999912e-15	1.399818304e-13	9.792633962e-14	4.999999912e-15	6.439706895e-15	6.601776851e-12	1.96378816e-11	4.073080762e-11	2.135391031e-10	2.564263524e-10	3.347350392e-12	4.505389985e-12	4.061656393e-12	5.98856742e-10	4.999999912e-15	2.240167687e-14	1.642911881e-13	4.999999912e-15	4.999999912e-15	2.737187647e-14	3.877783918e-14	1.756494256e-11	1.002680537e-13	1.920733266e-13	4.999999912e-15	4.348959886e-13	8.852756717e-14	1.41495214e-13	4.999999912e-15	1.310868688e-11	1.259314647e-13	2.410070407e-12	4.531359554e-13	3.293569195e-09	1.434386735e-13	4.999999912e-15	4.999999912e-15	1.830727952e-13	9.193661051e-14	4.999999912e-15	4.999999912e-15	1.356647813e-13	1.473928808e-14	4.999999912e-15	1	1	1	1	1	1	1	0	0	0	0	0	0	0	0	0	0
2045.761	1747389403.491	05/16/2025_11:56:43.491	1	3	3.595072121e-05	6.812965239e-06	0.01400000043	1.727401181e-13	9.779250326e-12	9.414094938e-14	1.659857554e-13	4.999999912e-15	4.999999912e-15	7.972417756e-14	8.829459245e-14	4.999999912e-15	4.999999912e-15	1.481280918e-13	6.496627888e-12	1.899802191e-11	4.120406794e-11	2.133968835e-10	2.553078582e-10	3.280322845e-12	4.799433854e-12	3.807880226e-12	5.995837715e-10	4.999999912e-15	1.281517346e-13	4.999999912e-15	4.999999912e-15	6.408082073e-14	1.257144345e-13	4.999999912e-15	1.74894578e-11	2.264723917e-13	1.354158756e-13	4.999999912e-15	6.239923942e-13	1.52413306e-13	4.999999912e-15	4.999999912e-15	1.32944853e-11	9.57498783e-14	2.207971219e-12	5.26802831e-13	3.343342714e-09	4.999999912e-15	4.999999912e-15	6.573117972e-15	1.58036629e-13	4.999999912e-15	4.999999912e-15	3.256373578e-13	2.482902935e-14	4.999999912e-15	4.999999912e-15	1	1	1	1	1	1	1	0	0	0	0	0	0	0	0	0	0
2054.78	1747389412.510	05/16/2025_11:56:52.510	1	3	3.594845839e-05	6.910277534e-06	0.01600000076	4.999999912e-15	9.943278839e-12	2.321235923e-13	3.936923758e-14	4.999999912e-15	2.652957335e-14	1.594822907e-13	4.999999912e-15	4.999999912e-15	6.523973798e-14	1.071096879e-14	6.317075335e-12	1.924735545e-11	4.119622352e-11	2.155880474e-10	2.57258409e-10	3.517995791e-12	4.71907886e-12	3.584440036e-12	6.006705133e-10	1.134124126e-13	4.999999912e-15	4.999999912e-15	4.999999912e-15	8.997921223e-14	4.999999912e-15	4.999999912e-15	1.757796166e-11	1.556590685e-13	4.999999912e-15	4.999999912e-15	7.208752909e-13	4.999999912e-15	4.999999912e-15	5.58569033e-14	1.332751964e-11	4.999999912e-15	2.297000697e-12	6.877248337e-13	3.339169385e-09	4.999999912e-15	5.358438845e-15	5.443911923e-14	1.263850407e-14	4.999999912e-15	3.030499571e-14	1.719451811e-14	4.999999912e-15	4.999999912e-15	1.091431226e-13	1	1	1	1	1	1	1	0	0	0	0	0	0	0	0	0	0
2063.799	1747389421.529	05/16/2025_11:57:01.529	1	3	3.584632577e-05	6.854878848e-06	0.0120000001	4.999999912e-15	1.022654357e-11	1.758385375e-13	4.999999912e-15	4.999999912e-15	1.655317322e-13	4.999999912e-15	4.999999912e-15	6.278252928e-14	1.616129106e-13	4.999999912e-15	6.447204749e-12	1.93807817e-11	4.090843636e-11	2.140688043e-10	2.561241497e-10	3.470520312e-12	4.38374597e-12	3.560620982e-12	5.970226535e-10	7.259546696e-14	4.999999912e-15	4.999999912e-15	1.526124062e-13	4.999999912e-15	4.999999912e-15	1.257223899e-13	1.776918196e-11	9.379843636e-14	4.999999912e-15	1.116401622e-13	6.495841191e-13	4.999999912e-15	4.999999912e-15	1.115127413e-13	1.31595802e-11	4.999999912e-15	2.491550802e-12	6.645424228e-13	3.34364092e-09	4.999999912e-15	1.623138473e-13	4.999999912e-15	4.999999912e-15	5.682466216e-14	1.037228978e-13	4.999999912e-15	4.999999912e-15	3.085857579e-14	2.942486749e-14	1	1	1	1	1	1	1	0	0	0	0	0	0	0	0	0	0
2072.818	1747389430.548	05/16/2025_11:57:10.548	1	3	3.582862337e-05	6.786908671e-06	0.0120000001	1.501910575e-13	1.00979251e-11	4.999999912e-15	4.999999912e-15	1.44599583e-13	1.539043957e-14	4.999999912e-15	6.356309386e-14	1.453960921e-13	4.999999912e-15	4.999999912e-15	6.798607684e-12	1.942715606e-11	4.092266109e-11	2.146221395e-10	2.549775668e-10	3.227888659e-12	4.426868594e-12	3.718440486e-12	5.972874972e-10	4.999999912e-15	4.999999912e-15	1.510034773e-13	4.999999912e-15	4.999999912e-15	2.561756959e-14	8.610418558e-14	1.745672877e-11	6.152403484e-14	1.232054281e-13	4.999999912e-15	3.718426663e-13	4.999999912e-15	9.516842745e-14	4.999999912e-15	1.280349438e-11	1.088364899e-13	2.43671988e-12	3.746782344e-13	3.31287775e-09	1.143483095e-13	4.999999912e-15	4.999999912e-15	1.56340083e-13	7.941354686e-14	4.999999912e-15	4.999999912e-15	1.452049201e-13	4.999999912e-15	4.999999912e-15	1	1	1	1	1	1	1	0	0	0	0	0	0	0	0	0	0
2081.837	1747389439.567	05/16/2025_11:57:19.567	1	3	3.590535198e-05	6.883841252e-06	0.01600000076	1.897335641e-13	1.000672809e-11	4.999999912e-15	1.866750027e-13	4.053214605e-14	4.999999912e-15	8.098441351e-15	2.138676877e-13	4.999999912e-15	4.999999912e-15	7.508455798e-14	6.634802083e-12	1.915489815e-11	4.061217682e-11	2.130138982e-10	2.549266909e-10	3.276304141e-12	4.593007832e-12	3.872090582e-12	5.995126617e-10	4.999999912e-15	1.734370839e-13	7.078898286e-15	4.999999912e-15	1.429523953e-14	1.414334687e-13	4.999999912e-15	1.746871224e-11	2.853939144e-13	1.094139495e-13	4.999999912e-15	6.367166451e-13	1.189560603e-13	4.999999912e-15	4.999999912e-15	1.339796329e-11	6.089082011e-14	2.1990465e-12	4.865752983e-13	3.32191874e-09	4.999999912e-15	4.999999912e-15	2.703934488e-14	2.030192963e-13	4.999999912e-15	4.999999912e-15	1.113096228e-13	6.229266641e-14	4.999999912e-15	4.999999912e-15	1	1	1	1	1	1	1	0	0	0	0	0	0	0	0	0	0
2090.856	1747389448.586	05/16/2025_11:57:28.586	1	3	3.591986024e-05	6.862755981e-06	0.01400000043	4.999999912e-15	9.810533462e-12	2.295907063e-13	5.534714532e-14	4.999999912e-15	4.999999912e-15	9.799204227e-14	4.999999912e-15	4.999999912e-15	1.224925651e-13	1.018630777e-13	6.276342727e-12	1.936377447e-11	4.098492379e-11	2.132904964e-10	2.561922341e-10	3.476147105e-12	4.917631406e-12	3.587514834e-12	6.014622134e-10	1.38008474e-13	4.999999912e-15	4.999999912e-15	4.999999912e-15	1.211703806e-13	4.999999912e-15	4.999999912e-15	1.73669655e-11	1.588928912e-13	4.999999912e-15	4.999999912e-15	7.645239151e-13	4.999999912e-15	4.999999912e-15	9.966472228e-14	1.333236299e-11	4.999999912e-15	2.295295898e-12	6.793295852e-13	3.324200026e-09	4.999999912e-15	4.999999912e-15	1.066421054e-13	8.592261559e-15	4.999999912e-15	9.99992393e-14	4.999999912e-15	4.999999912e-15	4.999999912e-15	1.406210489e-13	1	1	1	1	1	1	1	0	0	0	0	0	0	0	0	0	0
2099.875	1747389457.605	05/16/2025_11:57:37.605	1	3	3.595339876e-05	6.852252227e-06	0.01400000043	4.999999912e-15	1.003340119e-11	1.750360382e-13	4.999999912e-15	4.999999912e-15	1.14979532e-13	4.999999912e-15	4.999999912e-15	6.766708369e-14	9.782279831e-14	4.999999912e-15	6.482818622e-12	1.968383095e-11	4.092355274e-11	2.124957849e-10	2.541254429e-10	3.5499739e-12	4.42244982e-12	3.652946001e-12	5.985745788e-10	4.999999912e-15	4.999999912e-15	4.999999912e-15	1.275165412e-13	4.999999912e-15	4.999999912e-15	1.921290546e-13	1.732552296e-11	4.999999912e-15	2.980121439e-14	1.51188659e-13	5.54650618e-13	4.999999912e-15	5.054221879e-14	1.002600983e-13	1.278566315e-11	4.999999912e-15	2.503954726e-12	4.528253315e-13	3.345609123e-09	7.644459474e-14	1.278988308e-13	4.999999912e-15	4.999999912e-15	6.20437607e-14	8.518590022e-15	4.999999912e-15	4.999999912e-15	1.597590604e-13	4.999999912e-15	1	1	1	1	1	1	1	0	0	0	0	0	0	0	0	0	0
2108.894	1747389466.624	05/16/2025_11:57:46.624	1	3	3.589753032e-05	6.878559816e-06	0.01600000076	1.948112895e-13	1.012400146e-11	4.999999912e-15	6.689249577e-14	1.685265968e-13	4.999999912e-15	4.999999912e-15	1.25499383e-13	1.093462479e-13	4.999999912e-15	2.179435424e-14	6.447173524e-12	1.91905606e-11	4.111943078e-11	2.147611255e-10	2.572796698e-10	3.160982327e-12	4.450317719e-12	3.899310996e-12	5.979098328e-10	4.999999912e-15	4.999999912e-15	1.260728718e-13	4.999999912e-15	4.999999912e-15	1.051566196e-13	5.007029947e-14	1.724992371e-11	1.357742992e-13	2.276432352e-13	4.999999912e-15	4.439263898e-13	2.325991775e-14	1.88104713e-13	4.999999912e-15	1.337756902e-11	1.49474183e-13	2.395779105e-12	4.462203447e-13	3.309271523e-09	1.607527317e-13	4.999999912e-15	4.999999912e-15	2.280096413e-13	2.910627468e-14	4.999999912e-15	4.999999912e-15	1.058894048e-13	4.999999912e-15	4.999999912e-15	1	1	1	1	1	1	1	0	0	0	0	0	0	0	0	0	0
2117.913	1747389475.643	05/16/2025_11:57:55.643	1	3	3.580122939e-05	6.786908671e-06	0.01400000043	1.214033485e-13	9.764664771e-12	9.746038341e-14	1.9896705e-13	4.999999912e-15	4.999999912e-15	6.951898909e-14	1.212918112e-13	4.999999912e-15	4.999999912e-15	1.882460794e-13	6.566758422e-12	1.917932826e-11	4.023464548e-11	2.127949483e-10	2.543350808e-10	3.113524412e-12	4.560934529e-12	3.833469566e-12	5.937128011e-10	4.999999912e-15	2.01372488e-13	4.999999912e-15	4.999999912e-15	8.798197631e-14	8.172145415e-14	4.999999912e-15	1.737600688e-11	3.014135708e-13	4.999999912e-15	4.999999912e-15	6.480210249e-13	1.325862841e-13	4.999999912e-15	4.999999912e-15	1.336988679e-11	5.849532284e-14	2.212262491e-12	5.24578536e-13	3.302842e-09	4.999999912e-15	4.999999912e-15	7.071372567e-14	1.239680965e-13	4.999999912e-15	4.999999912e-15	1.228211191e-13	4.999999912e-15	4.999999912e-15	4.999999912e-15	1	1	1	1	1	1	1	0	0	0	0	0	0	0	0	0	0
2126.932	1747389484.662	05/16/2025_11:58:04.662	1	3	3.58384932e-05	6.818188467e-06	0.0120000001	4.999999912e-15	1.000925211e-11	2.764790079e-13	4.999999912e-15	4.999999912e-15	1.273890932e-13	1.016619718e-13	4.999999912e-15	4.999999912e-15	1.211604059e-13	4.999999912e-15	6.294763755e-12	1.968376677e-11	4.079187335e-11	2.150799677e-10	2.5620428e-10	3.559595327e-12	4.594319716e-12	3.49718106e-12	6.017719656e-10	1.8166298e-13	4.999999912e-15	4.999999912e-15	4.999999912e-15	1.144060432e-13	4.999999912e-15	4.999999912e-15	1.755959961e-11	8.447336933e-14	4.999999912e-15	8.942763115e-14	6.975914529e-13	4.999999912e-15	4.999999912e-15	1.485124144e-13	1.345294362e-11	4.999999912e-15	2.295477393e-12	7.189378216e-13	3.28669536e-09	4.999999912e-15	9.420664525e-14	1.367719414e-13	4.999999912e-15	2.143790923e-14	1.034779968e-13	4.999999912e-15	4.999999912e-15	4.999999912e-15	6.038703202e-14	1	1	1	1	1	1	1	0	0	0	0	0	0	0	0	0	0
2135.951	1747389493.681	05/16/2025_11:58:13.681	1	3	3.583794023e-05	6.928837593e-06	0.01400000043	4.999999912e-15	1.009435851e-11	6.343764489e-14	4.999999912e-15	4.999999912e-15	7.54808271e-14	4.999999912e-15	4.999999912e-15	1.081853384e-13	4.687033097e-14	4.999999912e-15	6.463598753e-12	1.961585061e-11	4.042080906e-11	2.12655546e-10	2.54462007e-10	3.53518213e-12	4.304288263e-12	3.72427306e-12	5.941158121e-10	4.999999912e-15	4.999999912e-15	4.201606782e-13	1.593050778e-13	4.999999912e-15	4.999999912e-15	1.048718675e-13	1.751256605e-11	9.706609973e-14	4.999999912e-15	1.056683766e-13	5.006395689e-13	4.999999912e-15	8.325470576e-14	8.669562464e-14	1.311719223e-11	4.999999912e-15	2.53883351e-12	4.937259369e-13	3.317616182e-09	2.827988223e-14	1.324309586e-13	4.999999912e-15	4.999999912e-15	1.024982779e-13	4.999999912e-15	4.999999912e-15	4.999999912e-15	1.376401163e-13	4.999999912e-15	1	1	1	1	1	1	1	0	0	0	0	0	0	0	0	0	0
2144.97	1747389502.700	05/16/2025_11:58:22.700	1	3	3.589707921e-05	6.886486972e-06	0.01000000071	1.742893346e-13	9.919614609e-12	4.999999912e-15	4.999999912e-15	1.183109058e-13	4.999999912e-15	4.999999912e-15	7.0711747e-14	4.999999912e-15	4.999999912e-15	4.999999912e-15	6.615534509e-12	1.926644781e-11	4.047207708e-11	2.129433019e-10	2.550567257e-10	3.197967932e-12	4.465160446e-12	3.753451109e-12	5.981880546e-10	4.999999912e-15	8.853753505e-14	1.43416759e-13	4.999999912e-15	4.999999912e-15	9.639107546e-14	9.138902742e-14	1.725442705e-11	4.482529528e-14	1.629470891e-13	4.999999912e-15	4.105965784e-13	4.999999912e-15	1.070801705e-13	4.999999912e-15	1.309255829e-11	1.163355843e-13	2.298028087e-12	3.851402162e-13	3.314859276e-09	1.182949816e-13	4.999999912e-15	4.999999912e-15	2.302836741e-13	1.411204324e-14	4.999999912e-15	4.999999912e-15	1.511906784e-13	4.999999912e-15	4.999999912e-15	1	1	1	1	1	1	1	0	0	0	0	0	0	0	0	0	0
2153.989	1747389511.719	05/16/2025_11:58:31.719	1	3	3.591315181e-05	6.810354535e-06	0.0120000001	3.457030127e-14	9.801067943e-12	1.633811765e-13	2.25269632e-13	4.999999912e-15	4.999999912e-15	1.040733661e-13	2.49644462e-14	4.999999912e-15	4.999999912e-15	1.687814791e-13	6.336362858e-12	1.933504745e-11	4.084393587e-11	2.137646171e-10	2.553360579e-10	3.335895145e-12	4.7281545e-12	3.795940558e-12	6.013683995e-10	4.245570367e-14	1.01301522e-13	4.999999912e-15	4.999999912e-15	8.662989488e-14	1.585241812e-14	4.999999912e-15	1.739654427e-11	2.3334622e-13	4.999999912e-15	4.999999912e-15	7.121735385e-13	2.923369554e-14	4.999999912e-15	4.999999912e-15	1.359182905e-11	4.999999912e-15	2.22365442e-12	5.497978917e-13	3.316756647e-09	4.999999912e-15	4.999999912e-15	1.47164331e-13	1.225682424e-13	4.999999912e-15	4.999999912e-15	9.497727583e-14	4.999999912e-15	4.999999912e-15	2.297315983e-14	1	1	1	1	1	1	1	0	0	0	0	0	0	0	0	0	0
2163.008	1747389520.738	05/16/2025_11:58:40.738	1	3	3.586284947e-05	6.794708042e-06	0.01400000043	4.999999912e-15	9.971513198e-12	2.771161935e-13	4.999999912e-15	4.999999912e-15	1.310689296e-13	9.227912352e-14	4.999999912e-15	4.999999912e-15	1.313238255e-13	4.999999912e-15	6.322322874e-12	1.947070109e-11	4.080441887e-11	2.142810235e-10	2.563226853e-10	3.402158113e-12	4.481104723e-12	3.630691667e-12	5.96484695e-10	1.170982256e-13	4.999999912e-15	4.999999912e-15	4.547644677e-14	7.625340924e-14	4.999999912e-15	2.749134877e-14	1.772222993e-11	1.188983265e-13	4.999999912e-15	9.823697709e-14	5.709311604e-13	4.999999912e-15	4.999999912e-15	1.788433496e-13	1.325483646e-11	4.999999912e-15	2.349400839e-12	7.303916044e-13	3.332468301e-09	4.999999912e-15	1.370905342e-13	1.855455487e-14	4.999999912e-15	4.999999912e-15	1.744943979e-13	4.999999912e-15	4.999999912e-15	6.789011763e-14	8.735671014e-14	1	1	1	1	1	1	1	0	0	0	0	0	0	0	0	0	0
2172.027	1747389529.757	05/16/2025_11:58:49.757	1	3	3.57753197e-05	6.823423064e-06	0.0120000001	4.604993551e-14	1.02704581e-11	1.443227861e-13	4.999999912e-15	1.231516787e-13	1.502806668e-13	4.999999912e-15	4.999999912e-15	4.372413212e-14	4.999999912e-15	4.999999912e-15	6.494400503e-12	1.958441222e-11	4.078461874e-11	2.133162674e-10	2.54032656e-10	3.429223485e-12	4.300202555e-12	3.670803678e-12	5.908860623e-10	4.999999912e-15	4.999999912e-15	8.515835471e-14	1.097385326e-13	4.999999912e-15	4.999999912e-15	1.554738597e-13	1.720145727e-11	4.999999912e-15	1.354656404e-13	1.571942988e-13	4.607266717e-13	4.999999912e-15	1.151706768e-13	9.610234565e-14	1.318909218e-11	4.999999912e-15	2.456451058e-12	4.911053118e-13	3.327184084e-09	2.953039424e-14	5.780634624e-14	4.999999912e-15	1.383012086e-13	1.491336893e-13	4.999999912e-15	4.999999912e-15	9.535363628e-14	1.601732798e-13	4.999999912e-15	1	1	1	1	1	1	1	0	0	0	0	0	0	0	0	0	0
2181.046	1747389538.776	05/16/2025_11:58:58.776	1	3	3.579811164e-05	6.87592501e-06	0.01600000076	1.691936521e-13	9.892216386e-12	2.67306793e-14	4.830004804e-14	1.998591722e-13	4.999999912e-15	4.999999912e-15	1.834989138e-13	6.308319888e-14	4.999999912e-15	4.999999912e-15	6.529721208e-12	1.94060306e-11	4.0297779e-11	2.136435195e-10	2.54444299e-10	3.189845523e-12	4.472203857e-12	3.963331833e-12	5.974150619e-10	4.999999912e-15	2.107549432e-14	6.824454332e-14	4.999999912e-15	4.999999912e-15	1.12116093e-13	2.596603217e-14	1.73638378e-11	1.024465004e-13	2.421217252e-13	4.999999912e-15	5.100342891e-13	1.159074464e-13	6.93596588e-14	4.999999912e-15	1.314133871e-11	1.329845251e-13	2.343112033e-12	2.928591343e-13	3.322475406e-09	1.891222639e-13	4.999999912e-15	4.999999912e-15	1.739408585e-13	1.806469199e-14	4.999999912e-15	3.361249674e-14	1.80153608e-13	4.999999912e-15	4.999999912e-15	1	1	1	1	1	1	1	0	0	0	0	0	0	0	0	0	0
2190.065	1747389547.795	05/16/2025_11:59:07.795	1	3	3.584785372e-05	6.915575341e-06	0.01400000043	8.502493685e-14	9.749792987e-12	1.012417824e-13	1.140655224e-13	4.999999912e-15	4.999999912e-15	9.005881978e-14	8.809943606e-14	4.999999912e-15	4.999999912e-15	1.336595765e-13	6.318572835e-12	1.921627614e-11	4.114592e-11	2.150547657e-10	2.572533297e-10	3.342270688e-12	4.608045716e-12	3.758445378e-12	6.030432265e-10	4.999999912e-15	1.462977011e-14	4.999999912e-15	4.999999912e-15	9.674949915e-14	9.456706794e-14	4.999999912e-15	1.726858066e-11	3.341878098e-13	4.999999912e-15	4.999999912e-15	6.923445107e-13	2.222309793e-13	4.999999912e-15	4.999999912e-15	1.335030003e-11	6.729472123e-14	2.277581769e-12	6.464657368e-13	3.349870159e-09	4.999999912e-15	4.999999912e-15	1.11803443e-13	1.669694385e-13	4.999999912e-15	4.999999912e-15	1.489046652e-13	4.999999912e-15	4.999999912e-15	6.804344414e-14	1	1	1	1	1	1	1	0	0	0	0	0	0	0	0	0	0
2199.084	1747389556.814	05/16/2025_11:59:16.814	1	3	3.591145651e-05	6.942141226e-06	0.01600000076	4.999999912e-15	1.004320498e-11	1.396771696e-13	1.655332094e-14	4.999999912e-15	9.233286607e-14	8.846185774e-14	4.999999912e-15	4.999999912e-15	3.42547117e-13	1.257079564e-14	6.494294252e-12	1.911796763e-11	4.050650093e-11	2.116754272e-10	2.550342437e-10	3.594647583e-12	4.639679266e-12	3.597212372e-12	5.998578856e-10	2.081447943e-13	4.999999912e-15	4.999999912e-15	1.963405702e-13	5.373421163e-14	4.999999912e-15	4.999999912e-15	1.776787398e-11	1.123251611e-13	4.999999912e-15	6.373832126e-14	7.871724106e-13	4.999999912e-15	4.999999912e-15	1.584747145e-13	1.318099102e-11	4.999999912e-15	2.430491138e-12	6.780830238e-13	3.341912524e-09	4.999999912e-15	1.512105599e-13	8.213759805e-14	4.999999912e-15	4.999999912e-15	1.405533133e-13	4.999999912e-15	4.999999912e-15	2.429536471e-14	8.911499468e-14	1	1	1	1	1	1	1	0	0	0	0	0	0	0	0	0	0
2208.103	1747389565.833	05/16/2025_11:59:25.833	1	3	3.589300468e-05	6.889119049e-06	0.0120000001	8.682503772e-14	1.034443191e-11	3.352287388e-14	4.999999912e-15	7.967240691e-14	1.366703381e-13	4.999999912e-15	4.999999912e-15	2.50252076e-13	2.367806065e-14	4.999999912e-15	6.659445998e-12	2.006600615e-11	4.091066028e-11	2.156696488e-10	2.570756941e-10	3.503929352e-12	4.45242454e-12	3.75133995e-12	6.006821152e-10	4.999999912e-15	4.999999912e-15	1.522022119e-13	1.189082741e-13	4.999999912e-15	4.999999912e-15	1.418954201e-13	1.751742675e-11	7.400128416e-14	7.578546081e-14	9.883634438e-14	4.570568099e-13	4.999999912e-15	1.144797148e-13	1.340314443e-14	1.334276439e-11	3.466984458e-14	2.482458683e-12	5.504550266e-13	3.291718231e-09	1.278928677e-13	6.707168729e-14	4.999999912e-15	9.638310657e-14	1.290238939e-13	4.999999912e-15	4.999999912e-15	6.818678922e-14	7.839799502e-14	4.999999912e-15	1	1	1	1	1	1	1	0	0	0	0	0	0	0	0	0	0
2217.122	1747389574.852	05/16/2025_11:59:34.852	1	3	3.579336044e-05	6.797319202e-06	0.01400000043	1.969976916e-13	1.011742599e-11	3.584867727e-14	2.099966522e-13	1.147186594e-13	4.999999912e-15	4.999999912e-15	1.459735382e-13	4.999999912e-15	4.999999912e-15	4.999999912e-15	6.46955883e-12	1.92266307e-11	4.093529335e-11	2.13402046e-10	2.538784183e-10	3.150918328e-12	4.478087606e-12	3.738213298e-12	5.963449179e-10	4.999999912e-15	1.126318277e-13	1.071996495e-13	4.999999912e-15	4.999999912e-15	1.52903135e-13	7.559431596e-14	1.777111444e-11	2.041024955e-13	1.710475565e-13	4.999999912e-15	5.787468486e-13	1.87694478e-13	5.021764254e-14	4.999999912e-15	1.328754988e-11	1.177772344e-13	2.33078834e-12	3.960125955e-13	3.363616718e-09	1.050012806e-13	4.999999912e-15	2.144785001e-14	2.725382853e-13	4.999999912e-15	4.999999912e-15	1.128070348e-13	1.103697347e-13	4.999999912e-15	4.999999912e-15	1	1	1	1	1	1	1	0	0	0	0	0	0	0	0	0	0
2226.141	1747389583.871	05/16/2025_11:59:43.871	1	3	3.577184543e-05	6.839129583e-06	0.01400000043	1.212873931e-14	9.817877414e-12	2.59953517e-13	1.306646984e-13	4.999999912e-15	4.999999912e-15	1.827243191e-13	4.999999912e-15	4.999999912e-15	6.842576093e-14	1.122176218e-13	6.117280293e-12	1.933524348e-11	4.092770914e-11	2.142124672e-10	2.541317712e-10	3.468229827e-12	4.723666337e-12	3.630558094e-12	5.972181083e-10	1.389324311e-13	9.36431244e-14	4.999999912e-15	4.999999912e-15	1.484586244e-13	4.999999912e-15	4.999999912e-15	1.756145576e-11	2.903481492e-13	4.999999912e-15	4.999999912e-15	7.013768364e-13	4.999999912e-15	4.999999912e-15	3.887540382e-14	1.331781907e-11	4.999999912e-15	2.346829979e-12	6.157365741e-13	3.33705219e-09	4.999999912e-15	4.999999912e-15	1.503543248e-13	2.930140397e-14	4.999999912e-15	2.9173956e-14	1.291353905e-13	4.999999912e-15	4.999999912e-15	9.053674965e-14	1	1	1	1	1	1	1	0	0	0	0	0	0	0	0	0	0
2235.16	1747389592.890	05/16/2025_11:59:52.890	1	3	3.574029324e-05	6.931493317e-06	0.0120000001	4.999999912e-15	1.011436941e-11	2.50222152e-13	4.999999912e-15	4.999999912e-15	1.882062485e-13	1.142108733e-13	4.999999912e-15	3.169291002e-14	2.180433568e-13	4.999999912e-15	6.390484062e-12	1.948877865e-11	4.109996371e-11	2.132014704e-10	2.536564569e-10	3.511960254e-12	4.570946052e-12	3.644849179e-12	5.971808048e-10	1.473455147e-13	4.999999912e-15	4.999999912e-15	1.285639211e-13	4.999999912e-15	4.999999912e-15	4.999999912e-15	1.749288041e-11	8.099661079e-14	4.999999912e-15	9.03316457e-14	6.890967831e-13	4.999999912e-15	4.999999912e-15	2.253712082e-13	1.321374867e-11	4.999999912e-15	2.565664044e-12	6.101311405e-13	3.333933352e-09	4.999999912e-15	9.871088864e-14	8.62535412e-14	4.999999912e-15	4.999999912e-15	1.476481968e-13	4.999999912e-15	4.999999912e-15	9.629700737e-15	9.445754996e-14	1	1	1	1	1	1	1	0	0	0	0	0	0	0	0	0	0
2244.179	1747389601.909	05/16/2025_12:00:01.909	1	3	3.581573037e-05	6.828654932e-06	0.01400000043	9.323688739e-14	1.006220541e-11	5.089465904e-14	4.999999912e-15	1.414254862e-13	1.905220908e-13	4.999999912e-15	4.999999912e-15	1.443725646e-13	1.183402606e-14	4.999999912e-15	6.571376256e-12	1.968195398e-11	4.071297466e-11	2.133512672e-10	2.561485191e-10	3.43531063e-12	4.405151591e-12	3.663445849e-12	5.961058869e-10	4.999999912e-15	4.999999912e-15	4.737410551e-14	9.728314345e-14	4.999999912e-15	4.999999912e-15	1.734768606e-13	1.729985946e-11	4.999999912e-15	1.064270335e-13	2.797625955e-13	5.54811893e-13	4.999999912e-15	1.041012301e-13	6.71433666e-14	1.287336123e-11	1.815827897e-14	2.587271109e-12	4.410230861e-13	3.314009955e-09	2.498139499e-13	8.404523822e-14	4.999999912e-15	4.058787404e-14	1.377774983e-13	3.333967759e-14	4.999999912e-15	5.694809858e-14	1.4413362e-13	4.999999912e-15	1	1	1	1	1	1	1	0	0	0	0	0	0	0	0	0	0
2253.198	1747389610.928	05/16/2025_12:00:10.928	1	3	3.585531522e-05	6.966115961e-06	0.00800000038	2.439875559e-13	9.992483403e-12	3.828199964e-14	9.881642894e-14	1.601792158e-13	4.999999912e-15	4.999999912e-15	1.806653514e-13	8.285445219e-14	4.999999912e-15	1.002819992e-13	6.676264142e-12	1.939935712e-11	4.098242926e-11	2.132109211e-10	2.549028488e-10	3.228653456e-12	4.407226754e-12	4.000578514e-12	6.012947362e-10	4.999999912e-15	8.459082908e-14	6.985547801e-14	4.999999912e-15	4.999999912e-15	1.916411908e-13	1.000271033e-13	1.7188145e-11	1.486936117e-13	2.452619542e-13	4.999999912e-15	4.538190028e-13	1.31122706e-13	4.812681286e-14	4.999999912e-15	1.314095794e-11	1.58745494e-13	2.350903977e-12	4.115723604e-13	3.365400403e-09	1.390081084e-13	4.999999912e-15	4.999999912e-15	1.882162232e-13	4.999999912e-15	4.999999912e-15	4.682053898e-14	1.358539474e-13	4.999999912e-15	4.999999912e-15	1	1	1	1	1	1	1	0	0	0	0	0	0	0	0	0	0
2262.217	1747389619.947	05/16/2025_12:00:19.947	1	3	3.585523154e-05	6.865393971e-06	0.0120000001	8.077159818e-14	9.754284186e-12	1.1656656e-13	1.721307829e-13	4.999999912e-15	4.999999912e-15	1.212500017e-13	9.19386095e-14	4.999999912e-15	4.999999912e-15	1.428353014e-13	6.368021128e-12	1.929726517e-11	4.049465624e-11	2.127257259e-10	2.574339075e-10	3.280191006e-12	4.738640903e-12	3.737624359e-12	6.013989862e-10	4.999999912e-15	1.573317079e-13	4.999999912e-15	4.999999912e-15	1.373872262e-13	6.40927605e-14	4.999999912e-15	1.756042187e-11	2.949519426e-13	4.999999912e-15	4.999999912e-15	6.511333356e-13	4.273470412e-13	4.999999912e-15	4.999999912e-15	1.344008151e-11	6.848947136e-14	2.256554102e-12	5.220993993e-13	3.321045217e-09	4.999999912e-15	4.999999912e-15	1.863244802e-13	1.615691359e-13	4.999999912e-15	4.999999912e-15	1.425167086e-13	4.999999912e-15	4.999999912e-15	5.052031113e-14	1	1	1	1	1	1	1	0	0	0	0	0	0	0	0	0	0
2271.236	1747389628.966	05/16/2025_12:00:28.966	1	3	3.581199053e-05	6.836508874e-06	0.00800000038	4.999999912e-15	1.005117951e-11	3.326167195e-13	1.156123401e-14	4.999999912e-15	1.213674885e-13	1.509975006e-13	4.999999912e-15	4.999999912e-15	1.274209281e-13	4.700573427e-14	6.310374966e-12	1.945861181e-11	4.086033942e-11	2.129745963e-10	2.547877742e-10	3.659461189e-12	4.610185931e-12	3.640392675e-12	5.977162099e-10	1.63677882e-13	1.012751894e-14	4.999999912e-15	5.081303217e-14	2.123602943e-13	4.999999912e-15	4.999999912e-15	1.745352127e-11	1.795124108e-13	4.999999912e-15	4.999999912e-15	7.402364312e-13	4.999999912e-15	4.999999912e-15	1.381418851e-13	1.345560382e-11	4.999999912e-15	2.353001041e-12	6.767549845e-13	3.338528343e-09	4.999999912e-15	1.387109964e-14	1.555694457e-13	9.52216821e-15	4.999999912e-15	8.788239234e-14	8.495125176e-14	4.999999912e-15	4.999999912e-15	1.465529765e-13	1	1	1	1	1	1	1	0	0	0	0	0	0	0	0	0	0
2280.255	1747389637.985	05/16/2025_12:00:37.985	1	3	3.574499351e-05	6.807738828e-06	0.0120000001	4.999999912e-15	1.041487382e-11	1.896698266e-13	4.999999912e-15	1.923357036e-14	1.791878142e-13	3.658146241e-14	4.999999912e-15	1.108317133e-13	1.687591175e-14	4.999999912e-15	6.521491246e-12	1.927448652e-11	4.085001434e-11	2.136071042e-10	2.556182488e-10	3.571951328e-12	4.470074484e-12	3.653640324e-12	6.0260541e-10	6.100232353e-14	4.999999912e-15	4.999999912e-15	1.444601681e-13	4.999999912e-15	4.999999912e-15	2.646584259e-14	1.772805514e-11	4.999999912e-15	4.999999912e-15	1.713979842e-13	5.628008368e-13	4.999999912e-15	2.536666488e-14	2.153332444e-13	1.330101133e-11	4.999999912e-15	2.504012622e-12	6.704883502e-13	3.346468658e-09	4.999999912e-15	1.421025163e-13	4.999999912e-15	4.999999912e-15	9.181674518e-15	7.941753808e-14	4.999999912e-15	4.999999912e-15	1.064190782e-13	3.879574884e-14	1	1	1	1	1	1	1	0	0	0	0	0	0	0	0	0	0
2289.274	1747389647.004	05/16/2025_12:00:47.004	1	3	3.575505252e-05	6.868032415e-06	0.01400000043	1.46616714e-13	1.030607717e-11	4.02513648e-14	1.057356649e-14	1.300971863e-13	7.483563872e-14	4.999999912e-15	1.586236567e-14	1.710535197e-13	4.999999912e-15	4.999999912e-15	6.726167366e-12	1.96311821e-11	4.081367883e-11	2.130625815e-10	2.543171784e-10	3.418868704e-12	4.309616899e-12	3.666263473e-12	5.934774339e-10	4.999999912e-15	1.352063806e-14	1.045930988e-13	1.242667807e-13	4.999999912e-15	6.307921443e-14	1.763582227e-13	1.734575157e-11	6.981764613e-14	2.0304117e-13	1.1571229e-13	4.431557389e-13	4.999999912e-15	1.962390482e-13	2.733204559e-14	1.316642455e-11	8.432998359e-14	2.502871391e-12	4.729927929e-13	3.326015685e-09	2.395370686e-13	8.389986703e-14	4.999999912e-15	1.221321221e-13	1.356408746e-13	4.999999912e-15	4.999999912e-15	1.418854726e-13	1.319769489e-13	4.999999912e-15	1	1	1	1	1	1	1	0	0	0	0	0	0	0	0	0	0
2298.293	1747389656.023	05/16/2025_12:00:56.023	1	3	3.580619523e-05	6.732499514e-06	0.0120000001	2.030113003e-13	9.719819567e-12	3.568140859e-14	1.881007286e-13	1.829553083e-13	4.999999912e-15	4.999999912e-15	1.889768723e-13	3.198562088e-14	4.999999912e-15	1.081156378e-13	6.551973374e-12	1.93479642e-11	4.070285775e-11	2.14776405e-10	2.551621414e-10	3.329582703e-12	4.473906055e-12	3.907463329e-12	5.998486152e-10	4.999999912e-15	9.228110897e-14	1.671844764e-13	4.999999912e-15	4.999999912e-15	1.30561157e-13	4.999999912e-15	1.706229429e-11	2.100683451e-13	2.369902506e-13	4.999999912e-15	5.269024149e-13	1.067137779e-13	1.216721494e-13	4.999999912e-15	1.322582842e-11	1.858864489e-13	2.509006457e-12	4.240097314e-13	3.329004183e-09	1.503463559e-13	4.999999912e-15	4.999999912e-15	2.523946763e-13	1.135478023e-13	4.999999912e-15	4.999999912e-15	2.239116282e-13	4.999999912e-15	4.999999912e-15	1	1	1	1	1	1	1	0	0	0	0	0	0	0	0	0	0
2307.312	1747389665.042	05/16/2025_12:01:05.042	1	3	3.581296914e-05	6.786908671e-06	0.0120000001	1.354054672e-14	9.971564373e-12	1.279984013e-13	2.258730177e-13	2.461197207e-14	4.999999912e-15	1.142825933e-13	6.499481671e-14	4.999999912e-15	4.999999912e-15	1.652270578e-13	6.405481614e-12	1.943545498e-11	4.1031855e-11	2.136518878e-10	2.556850287e-10	3.280057432e-12	4.797352619e-12	3.806786917e-12	5.985162921e-10	5.27126899e-14	1.671386689e-13	4.999999912e-15	4.999999912e-15	9.035555236e-14	1.099814413e-13	4.999999912e-15	1.730002079e-11	2.627193168e-13	3.087250101e-14	4.999999912e-15	6.025564704e-13	1.459675479e-13	4.999999912e-15	4.999999912e-15	1.334580189e-11	2.021526799e-14	2.18384295e-12	5.325913864e-13	3.342879307e-09	4.999999912e-15	4.999999912e-15	7.010837494e-14	1.317579265e-13	4.999999912e-15	4.999999912e-15	1.494403288e-13	4.999999912e-15	4.999999912e-15	1.349275374e-14	1	1	1	1	1	1	1	0	0	0	0	0	0	0	0	0	0
2316.331	1747389674.061	05/16/2025_12:01:14.061	1	3	3.581315468e-05	6.860133908e-06	0.0120000001	4.999999912e-15	9.933593878e-12	2.926898632e-13	4.999999912e-15	4.999999912e-15	1.642294428e-13	1.705377647e-13	4.999999912e-15	4.999999912e-15	2.543779261e-13	7.317849668e-15	6.312981821e-12	1.936885548e-11	4.088816785e-11	2.128937582e-10	2.53904453e-10	3.407122457e-12	4.528362494e-12	3.529497441e-12	5.986904861e-10	1.436477348e-13	4.999999912e-15	4.999999912e-15	9.182707898e-14	1.41162635e-13	4.999999912e-15	4.999999912e-15	1.766043214e-11	1.029303934e-13	4.999999912e-15	1.782957462e-13	7.619272509e-13	4.999999912e-15	4.999999912e-15	1.308399461e-13	1.323931416e-11	4.999999912e-15	2.302862762e-12	7.429067127e-13	3.319533093e-09	4.999999912e-15	8.735071992e-14	9.862925499e-14	4.999999912e-15	4.999999912e-15	5.058825537e-13	3.255113735e-14	4.999999912e-15	4.999999912e-15	1.484426731e-13	1	1	1	1	1	1	1	0	0	0	0	0	0	0	0	0	0
2325.35	1747389683.080	05/16/2025_12:01:23.080	1	3	3.575272785e-05	6.865393971e-06	0.0120000001	7.744219626e-14	1.010331315e-11	1.093820604e-13	4.999999912e-15	1.16439112e-13	2.55254124e-13	4.999999912e-15	4.999999912e-15	1.461168968e-13	7.245607245e-14	4.999999912e-15	6.364340045e-12	1.954133209e-11	4.12228654e-11	2.135491228e-10	2.550801237e-10	3.470412542e-12	4.478231154e-12	3.70840858e-12	5.90563487e-10	4.999999912e-15	4.999999912e-15	1.130937859e-13	1.677021965e-13	4.999999912e-15	4.999999912e-15	1.476780666e-13	1.738934864e-11	2.320015789e-14	6.090674433e-14	2.164961461e-13	5.31880475e-13	4.999999912e-15	7.967241369e-14	1.370048823e-13	1.321943423e-11	4.999999912e-15	2.5643398e-12	5.588979258e-13	3.358483935e-09	1.456867938e-13	1.504180352e-13	4.999999912e-15	5.553829017e-14	1.224288412e-13	4.999999912e-15	4.999999912e-15	4.999999912e-15	4.574072241e-13	4.999999912e-15	1	1	1	1	1	1	1	0	0	0	0	0	0	0	0	0	0
2334.369	1747389692.099	05/16/2025_12:01:32.099	1	3	3.573642607e-05	6.818188467e-06	0.01400000043	1.985030521e-13	1.014508963e-11	9.317074429e-15	8.085920849e-14	1.868900271e-13	4.999999912e-15	4.999999912e-15	1.581680208e-13	1.042764711e-13	4.999999912e-15	4.270658805e-14	6.74518991e-12	1.95797302e-11	4.054940758e-11	2.148086015e-10	2.550690492e-10	3.350212035e-12	4.46758212e-12	3.960892812e-12	5.983610829e-10	4.999999912e-15	8.584533231e-14	1.458221835e-13	4.999999912e-15	4.999999912e-15	1.834650596e-13	1.063155301e-13	1.7492615e-11	1.441654684e-13	1.909840558e-13	4.999999912e-15	4.974953284e-13	1.616089532e-13	1.744008041e-13	4.999999912e-15	1.310565458e-11	1.516207678e-13	2.571643419e-12	3.599388582e-13	3.276600102e-09	1.664835804e-13	4.999999912e-15	4.999999912e-15	2.332307253e-13	1.601274452e-13	4.999999912e-15	4.999999912e-15	2.398257916e-13	4.999999912e-15	4.999999912e-15	1	1	1	1	1	1	1	0	0	0	0	0	0	0	0	0	0
2343.388	1747389701.118	05/16/2025_12:01:41.118	1	3	3.57701756e-05	6.844365089e-06	0.01400000043	1.148242065e-13	9.850750424e-12	1.140117731e-13	2.499434036e-13	1.032266178e-14	4.999999912e-15	9.530981419e-14	1.992856428e-13	4.999999912e-15	4.999999912e-15	1.645420589e-13	6.632342245e-12	1.925246594e-11	4.05547089e-11	2.106440855e-10	2.542523969e-10	3.227042548e-12	4.47473612e-12	3.673340278e-12	5.966278027e-10	4.999999912e-15	1.321083678e-13	4.999999912e-15	4.999999912e-15	1.36329858e-13	1.020004664e-13	4.999999912e-15	1.713857008e-11	3.157347972e-13	4.377590277e-14	4.999999912e-15	5.829623893e-13	1.433869028e-13	4.999999912e-15	4.999999912e-15	1.320188923e-11	4.999999912e-15	2.269531134e-12	6.149500939e-13	3.31463812e-09	4.999999912e-15	4.999999912e-15	2.322605677e-14	1.475924417e-13	4.999999912e-15	1.406624247e-14	1.93710106e-13	4.999999912e-15	4.999999912e-15	5.961042478e-14	1	1	1	1	1	1	1	0	0	0	0	0	0	0	0	0	0
2352.407	1747389710.137	05/16/2025_12:01:50.137	1	3	3.576661402e-05	6.915575341e-06	0.01400000043	4.999999912e-15	1.006759346e-11	2.326930966e-13	4.999999912e-15	4.999999912e-15	8.927429786e-14	1.12500375e-13	4.999999912e-15	4.999999912e-15	3.170589605e-13	4.999999912e-15	6.269903e-12	1.926409379e-11	4.085979818e-11	2.121934017e-10	2.544865152e-10	3.508131285e-12	4.618985749e-12	3.530226242e-12	5.94135241e-10	1.222336848e-13	4.999999912e-15	4.999999912e-15	1.143960686e-13	2.442279912e-14	4.999999912e-15	4.999999912e-15	1.762321365e-11	1.309633825e-13	4.999999912e-15	2.939299872e-14	7.559017431e-13	4.999999912e-15	4.999999912e-15	9.018230363e-14	1.315870503e-11	4.999999912e-15	2.381251012e-12	7.23754715e-13	3.31750849e-09	4.999999912e-15	7.759752178e-14	4.310883383e-14	4.999999912e-15	4.999999912e-15	1.575985165e-13	4.999999912e-15	4.999999912e-15	4.999999912e-15	1.829433144e-13	1	1	1	1	1	1	1	0	0	0	0	0	0	0	0	0	0
2361.426	1747389719.156	05/16/2025_12:01:59.156	1	3	3.580193516e-05	6.844365089e-06	0.01000000071	2.719249522e-13	1.01733821e-11	7.295786832e-14	4.999999912e-15	6.274667607e-14	1.638710055e-13	4.999999912e-15	4.999999912e-15	1.277574509e-13	4.01577846e-14	4.999999912e-15	6.42754296e-12	1.965952574e-11	4.071074033e-11	2.133836163e-10	2.557077605e-10	3.516012568e-12	4.343677761e-12	3.633991112e-12	5.982883078e-10	4.999999912e-15	4.999999912e-15	4.999999912e-15	8.25000265e-14	4.999999912e-15	4.999999912e-15	1.359933216e-13	1.756621237e-11	4.999999912e-15	1.758480378e-14	4.050822584e-14	4.86216861e-13	4.999999912e-15	1.127831484e-13	2.269836879e-14	1.307712185e-11	2.308068558e-14	2.54637869e-12	5.249429363e-13	3.334845955e-09	9.847791392e-14	1.611469476e-13	4.999999912e-15	1.667679124e-14	1.001665046e-13	4.999999912e-15	4.999999912e-15	2.685612827e-14	1.262600322e-13	4.999999912e-15	1	1	1	1	1	1	1	0	0	0	0	0	0	0	0	0	0
2370.445	1747389728.175	05/16/2025_12:02:08.175	1	3	3.57329518e-05	6.76872105e-06	0.01400000043	2.100961955e-13	1.017355297e-11	4.999999912e-15	5.406077333e-14	2.142699131e-13	4.999999912e-15	4.999999912e-15	2.355843927e-13	8.709982876e-14	4.999999912e-15	4.999999912e-15	6.764858639e-12	1.925736307e-11	4.069906911e-11	2.125792875e-10	2.551056866e-10	3.290709285e-12	4.411073937e-12	3.826231866e-12	5.982084272e-10	4.999999912e-15	1.058814359e-13	9.214966301e-14	4.999999912e-15	4.999999912e-15	8.71316772e-14	1.278968386e-13	1.720749238e-11	1.202025946e-13	2.440591674e-13	4.999999912e-15	4.79012446e-13	8.759365574e-14	9.044514812e-14	4.999999912e-15	1.2886546e-11	1.759261275e-13	2.333373078e-12	4.218871346e-13	3.327234266e-09	1.82632704e-13	4.999999912e-15	4.999999912e-15	1.934811496e-13	3.629869571e-14	4.999999912e-15	4.999999912e-15	1.283906792e-13	4.999999912e-15	4.999999912e-15	1	1	1	1	1	1	1	0	0	0	0	0	0	0	0	0	0
2379.464	1747389737.194	05/16/2025_12:02:17.194	1	3	3.573570575e-05	6.95545441e-06	0.0120000001	1.093402577e-13	9.832188883e-12	1.130679074e-13	2.432647183e-13	4.999999912e-15	4.999999912e-15	4.90129313e-14	7.223902195e-14	4.999999912e-15	4.999999912e-15	1.355453022e-13	6.465805755e-12	1.907988871e-11	4.103945309e-11	2.131420179e-10	2.522832221e-10	3.275657306e-12	4.568799766e-12	3.838722309e-12	5.953775251e-10	4.999999912e-15	1.674373666e-13	4.999999912e-15	4.999999912e-15	1.2350212e-13	9.406327984e-14	4.999999912e-15	1.725598657e-11	2.457976314e-13	4.999999912e-15	4.999999912e-15	7.023546241e-13	1.048479608e-13	4.999999912e-15	4.999999912e-15	1.33096676e-11	4.999999912e-15	2.180653011e-12	5.501265134e-13	3.327444764e-09	4.999999912e-15	4.999999912e-15	1.305432406e-13	9.938393424e-14	4.999999912e-15	4.999999912e-15	1.792416178e-13	4.999999912e-15	4.999999912e-15	9.747233673e-14	1	1	1	1	1	1	1	0	0	0	0	0	0	0	0	0	0
2388.483	1747389746.213	05/16/2025_12:02:26.213	1	3	3.571989873e-05	6.878559816e-06	0.01400000043	4.999999912e-15	1.004147633e-11	3.295402146e-13	4.999999912e-15	4.999999912e-15	1.120623166e-13	5.590868073e-14	4.999999912e-15	4.999999912e-15	1.902154378e-13	4.999999912e-15	6.234402751e-12	1.940314229e-11	4.025796016e-11	2.117898634e-10	2.539759791e-10	3.599896639e-12	4.636755389e-12	3.408321151e-12	5.990059559e-10	9.331258504e-14	4.999999912e-15	4.999999912e-15	7.156797534e-14	4.999999912e-15	4.999999912e-15	4.999999912e-15	1.758954614e-11	4.595234376e-14	4.999999912e-15	2.967177421e-14	5.995078566e-13	4.999999912e-15	4.999999912e-15	2.262653227e-13	1.305862276e-11	1.019307726e-13	2.321903303e-12	6.686764315e-13	3.326960707e-09	4.999999912e-15	8.832644766e-14	1.263994335e-13	4.999999912e-15	4.999999912e-15	1.155988011e-13	4.999999912e-15	4.999999912e-15	4.999999912e-15	7.035728743e-14	1	1	1	1	1	1	1	0	0	0	0	0	0	0	0	0	0
2397.502	1747389755.232	05/16/2025_12:02:35.232	1	3	3.577439566e-05	6.928837593e-06	0.0120000001	4.675085189e-14	1.009441315e-11	6.964242551e-14	4.999999912e-15	1.634070619e-13	9.282072994e-14	4.999999912e-15	4.999999912e-15	1.587873306e-13	7.120356822e-14	4.999999912e-15	6.599331758e-12	1.957323019e-11	4.063766684e-11	2.132415078e-10	2.552975886e-10	3.372894412e-12	4.23044412e-12	3.700449235e-12	6.005587694e-10	4.999999912e-15	4.999999912e-15	9.683512401e-14	8.581149842e-14	4.999999912e-15	4.999999912e-15	1.25573041e-13	1.730293339e-11	4.999999912e-15	1.77122897e-13	1.348284277e-13	4.590062054e-13	4.999999912e-15	1.369949347e-13	3.147387407e-14	1.287799294e-11	4.999999912e-15	2.521811969e-12	4.21952783e-13	3.32654837e-09	1.325663619e-13	2.755506598e-14	4.999999912e-15	8.761159929e-14	1.433829048e-13	4.999999912e-15	4.999999912e-15	4.276833336e-14	6.499083227e-14	4.999999912e-15	1	1	1	1	1	1	1	0	0	0	0	0	0	0	0	0	0
2406.521	1747389764.251	05/16/2025_12:02:44.251	1	3	3.572669448e-05	6.990188922e-06	0.01400000043	1.814359887e-13	9.965631619e-12	4.999999912e-15	8.810144183e-14	1.243105824e-13	4.999999912e-15	4.999999912e-15	9.96507564e-14	4.999999912e-15	4.999999912e-15	4.346525852e-14	6.537582541e-12	1.93539941e-11	4.057956055e-11	2.13329257e-10	2.540213595e-10	3.276290263e-12	4.410020526e-12	3.785464997e-12	5.963151639e-10	4.999999912e-15	7.166156232e-14	4.999999912e-15	4.999999912e-15	4.999999912e-15	1.527298931e-13	4.999999912e-15	1.740844968e-11	2.493301247e-13	1.76656934e-13	4.999999912e-15	4.971707182e-13	8.574377645e-14	5.057769253e-15	4.999999912e-15	1.305150085e-11	1.0116414e-13	2.29023224e-12	3.348588767e-13	3.325923092e-09	8.494728087e-14	4.999999912e-15	4.999999912e-15	1.682936424e-13	8.951922591e-14	4.999999912e-15	4.999999912e-15	4.783010739e-14	4.999999912e-15	4.999999912e-15	1	1	1	1	1	1	1	0	0	0	0	0	0	0	0	0	0
2415.54	1747389773.270	05/16/2025_12:02:53.270	1	3	3.58278121e-05	6.844365089e-06	0.0120000001	2.842523309e-14	9.732587132e-12	2.002793005e-13	1.795860823e-13	4.999999912e-15	4.999999912e-15	1.69040346e-13	4.999999912e-15	4.999999912e-15	4.999999912e-15	1.771646794e-13	6.347852365e-12	1.914788814e-11	4.044589316e-11	2.120580517e-10	2.539107813e-10	3.398870595e-12	4.761930433e-12	3.692239223e-12	5.967241146e-10	1.087289303e-13	1.58526458e-13	4.999999912e-15	4.999999912e-15	9.412102716e-14	4.999999912e-15	4.999999912e-15	1.758731008e-11	2.587587263e-13	4.999999912e-15	4.999999912e-15	6.56008017e-13	4.115341423e-14	4.999999912e-15	4.999999912e-15	1.321201048e-11	4.999999912e-15	2.514255514e-12	6.145418376e-13	3.373077373e-09	4.999999912e-15	4.999999912e-15	9.587332827e-14	1.881723943e-13	4.999999912e-15	3.2200669e-14	1.193383771e-13	4.999999912e-15	4.999999912e-15	2.038052751e-14	1	1	1	1	1	1	1	0	0	0	0	0	0	0	0	0	0
2424.559	1747389782.289	05/16/2025_12:03:02.289	1	3	3.567625754e-05	6.833889984e-06	0.0120000001	4.999999912e-15	1.000378773e-11	2.987970656e-13	4.999999912e-15	4.999999912e-15	1.473813476e-13	4.999999912e-15	4.999999912e-15	9.60704701e-14	1.518577202e-13	4.999999912e-15	6.479409457e-12	1.941470769e-11	4.089221323e-11	2.144258521e-10	2.561059975e-10	3.445424284e-12	4.563224364e-12	3.675136584e-12	5.977165429e-10	1.796717072e-13	4.999999912e-15	4.999999912e-15	1.084481558e-13	3.80848578e-14	4.999999912e-15	5.213522349e-14	1.749957124e-11	1.033345976e-13	4.999999912e-15	1.25971282e-13	7.325261816e-13	4.999999912e-15	4.001239986e-14	1.621166851e-13	1.294324457e-11	4.999999912e-15	2.395964503e-12	7.469269886e-13	3.336742438e-09	4.999999912e-15	1.367400388e-13	2.232997722e-14	4.999999912e-15	4.999999912e-15	1.504239983e-13	4.999999912e-15	4.999999912e-15	1.770272839e-13	1.057719111e-13	1	1	1	1	1	1	1	0	0	0	0	0	0	0	0	0	0
2433.578	1747389791.308	05/16/2025_12:03:11.308	1	3	3.571667912e-05	6.737660442e-06	0.0120000001	1.057320803e-13	1.046146763e-11	1.061303213e-13	4.999999912e-15	1.860039087e-13	7.45727739e-14	4.999999912e-15	4.999999912e-15	1.555455526e-13	4.999999912e-15	4.999999912e-15	6.412192825e-12	1.951838864e-11	4.124805705e-11	2.134819682e-10	2.559574774e-10	3.49045055e-12	4.429976785e-12	3.822960178e-12	5.946051429e-10	4.999999912e-15	4.999999912e-15	1.133626003e-13	7.377627833e-14	4.999999912e-15	4.999999912e-15	1.768281702e-13	1.740936909e-11	2.488676311e-14	7.450906347e-14	1.432952877e-13	5.913933622e-13	4.999999912e-15	1.474530404e-13	8.782663046e-14	1.296869209e-11	4.999999912e-15	2.619137112e-12	4.895203166e-13	3.310396179e-09	6.961852563e-14	5.466014062e-14	4.999999912e-15	4.999999912e-15	1.768122324e-13	4.999999912e-15	4.999999912e-15	3.454040439e-14	1.230003241e-13	4.999999912e-15	1	1	1	1	1	1	1	0	0	0	0	0	0	0	0	0	0
2442.597	1747389800.327	05/16/2025_12:03:20.327	1	3	3.564561848e-05	6.818188467e-06	0.01000000071	3.292613849e-13	9.538904389e-12	4.999999912e-15	4.012987994e-14	1.491237147e-13	4.999999912e-15	4.999999912e-15	1.202265013e-13	4.999999912e-15	4.999999912e-15	6.778457055e-14	6.562060791e-12	1.909079145e-11	4.010524898e-11	2.123288906e-10	2.5405264e-10	3.157302544e-12	4.373438677e-12	3.827497781e-12	5.933185609e-10	4.999999912e-15	4.77444893e-14	4.18821946e-14	2.808672484e-14	4.999999912e-15	1.495378799e-13	1.160687215e-13	1.707431072e-11	1.327316349e-13	1.50159182e-13	4.999999912e-15	7.56682206e-13	3.573318263e-14	1.041689318e-13	4.999999912e-15	1.322232948e-11	1.244320402e-13	2.294638871e-12	3.619818746e-13	3.318578523e-09	1.367300912e-13	4.999999912e-15	4.999999912e-15	1.083744978e-13	4.999999912e-15	4.999999912e-15	4.999999912e-15	7.887192012e-14	4.999999912e-15	4.999999912e-15	1	1	1	1	1	1	1	0	0	0	0	0	0	0	0	0	0
2451.616	1747389809.346	05/16/2025_12:03:29.346	1	3	3.579895201e-05	6.828654932e-06	0.0120000001	1.142546886e-13	9.971201816e-12	1.206904585e-13	1.004751431e-13	4.999999912e-15	4.999999912e-15	1.428970332e-13	6.58112074e-14	4.999999912e-15	4.999999912e-15	5.09006357e-14	6.323701111e-12	1.908142741e-11	4.071253057e-11	2.119941306e-10	2.537230703e-10	3.304434634e-12	4.678327604e-12	3.743946993e-12	5.973124773e-10	4.999999912e-15	1.718738948e-13	4.999999912e-15	4.999999912e-15	7.916064993e-14	8.996125513e-14	4.999999912e-15	1.725950112e-11	3.150696934e-13	1.305069063e-14	4.999999912e-15	6.185383152e-13	1.798389318e-13	4.999999912e-15	4.999999912e-15	1.330644102e-11	5.290783274e-14	2.184038107e-12	5.23977129e-13	3.359355683e-09	4.999999912e-15	4.999999912e-15	1.228410142e-13	1.831523892e-13	4.999999912e-15	4.999999912e-15	1.785804442e-13	4.999999912e-15	4.999999912e-15	1.154653765e-13	1	1	1	1	1	1	1	0	0	0	0	0	0	0	0	0	0
2460.635	1747389818.365	05/16/2025_12:03:38.365	1	3	3.579229815e-05	6.828654932e-06	0.0120000001	4.999999912e-15	1.004495792e-11	2.624823644e-13	4.999999912e-15	1.472280143e-13	1.288606266e-13	1.451889824e-13	4.999999912e-15	4.999999912e-15	2.213189755e-13	2.001638059e-13	6.377144472e-12	1.966927836e-11	4.088455963e-11	2.141566924e-10	2.556316547e-10	3.465613647e-12	4.644839634e-12	3.617714201e-12	5.983990525e-10	1.303261969e-13	4.999999912e-15	4.999999912e-15	1.598287475e-13	1.426560964e-13	4.999999912e-15	3.840944083e-14	1.765951968e-11	1.146987236e-13	4.999999912e-15	1.079443812e-13	7.758621219e-13	4.999999912e-15	4.999999912e-15	1.615173381e-13	1.305218e-11	4.999999912e-15	2.380804755e-12	7.935126623e-13	3.353141098e-09	4.999999912e-15	4.44469426e-14	8.761754207e-14	4.999999912e-15	4.999999912e-15	7.433182352e-14	4.999999912e-15	4.999999912e-15	8.178713647e-14	1.775908522e-13	1	1	1	1	1	1	1	0	0	0	0	0	0	0	0	0	0
2469.654	1747389827.384	05/16/2025_12:03:47.384	1	3	3.579037366e-05	6.870664947e-06	0.01600000076	1.211882564e-13	1.033105285e-11	4.999999912e-15	4.999999912e-15	9.466463258e-14	4.571139338e-14	4.999999912e-15	4.999999912e-15	1.266682207e-13	4.856289253e-14	4.999999912e-15	6.515774031e-12	1.957814813e-11	4.073649751e-11	2.133134364e-10	2.548472267e-10	3.323762272e-12	4.334495436e-12	3.693531592e-12	5.953384452e-10	4.999999912e-15	4.999999912e-15	1.422478807e-13	7.032342644e-14	4.999999912e-15	4.999999912e-15	1.451790077e-13	1.713341621e-11	4.999999912e-15	1.832997729e-13	1.027252692e-13	3.617488524e-13	4.999999912e-15	1.786163177e-13	4.999999912e-15	1.317495852e-11	9.821703455e-14	2.511023724e-12	3.596779721e-13	3.322309983e-09	1.730407809e-13	4.999999912e-15	4.999999912e-15	1.84653833e-13	2.135510464e-13	4.999999912e-15	4.999999912e-15	1.373891913e-13	6.097245376e-14	4.999999912e-15	1	1	1	1	1	1	1	0	0	0	0	0	0	0	0	0	0
2478.673	1747389836.403	05/16/2025_12:03:56.403	1	3	3.571147317e-05	6.926183232e-06	0.01400000043	2.200246414e-13	9.743682423e-12	4.999999912e-15	2.090010158e-13	2.376567774e-14	4.999999912e-15	4.999999912e-15	4.560451951e-13	4.999999912e-15	4.999999912e-15	9.615210375e-14	6.573845201e-12	1.907726234e-11	4.033964829e-11	2.110853575e-10	2.536584276e-10	3.171539854e-12	4.642860749e-12	3.75434319e-12	6.016093734e-10	4.999999912e-15	1.67773903e-13	4.999999912e-15	4.999999912e-15	2.116772876e-13	1.674393724e-13	4.999999912e-15	1.755507892e-11	1.816012211e-13	8.148047666e-14	4.999999912e-15	5.758395605e-13	1.024604257e-13	4.999999912e-15	4.999999912e-15	1.319328414e-11	1.007559108e-13	2.114465504e-12	5.090924427e-13	3.357573775e-09	8.552423906e-15	4.999999912e-15	1.650154351e-14	2.029157414e-13	4.999999912e-15	4.999999912e-15	1.859820213e-13	4.999999912e-15	4.999999912e-15	4.999999912e-15	1	1	1	1	1	1	1	0	0	0	0	0	0	0	0	0	0
2487.692	1747389845.422	05/16/2025_12:04:05.422	1	3	3.563558857e-05	6.84962788e-06	0.01400000043	4.999999912e-15	1.00144051e-11	2.475737985e-13	7.455685646e-14	4.999999912e-15	1.141591162e-13	9.394380076e-14	4.999999912e-15	4.999999912e-15	1.599422499e-13	4.250546855e-14	6.195320298e-12	1.952702409e-11	4.082798336e-11	2.128298371e-10	2.539721766e-10	3.42757463e-12	4.64802849e-12	3.633391548e-12	5.919707502e-10	1.457007122e-13	4.999999912e-15	4.999999912e-15	3.049416188e-14	1.980630287e-13	4.999999912e-15	4.999999912e-15	1.747782127e-11	2.03479269e-13	4.999999912e-15	4.999999912e-15	7.719771003e-13	4.999999912e-15	4.999999912e-15	1.258358787e-13	1.29714477e-11	4.999999912e-15	2.365243201e-12	8.272228388e-13	3.348586519e-09	4.999999912e-15	9.728913367e-14	1.066401064e-13	4.999999912e-15	4.999999912e-15	1.297865624e-13	3.1752636e-14	4.999999912e-15	3.068532705e-14	1.750121315e-13	1	1	1	1	1	1	1	0	0	0	0	0	0	0	0	0	0
2496.711	1747389854.441	05/16/2025_12:04:14.441	1	3	3.569841647e-05	6.931493317e-06	0.01000000071	4.999999912e-15	1.03760698e-11	1.603763509e-13	4.999999912e-15	9.353359965e-14	2.113527181e-13	4.999999912e-15	4.999999912e-15	1.383609481e-13	4.228642583e-14	4.999999912e-15	6.442303722e-12	1.926434012e-11	4.067699649e-11	2.134189769e-10	2.532396237e-10	3.5751391e-12	4.451326894e-12	3.622244215e-12	5.93057381e-10	5.089610916e-15	4.999999912e-15	3.961016763e-14	1.517581633e-13	4.999999912e-15	4.999999912e-15	1.241034727e-13	1.729757657e-11	7.559628786e-14	5.509424161e-14	2.182345017e-13	5.191543809e-13	4.999999912e-15	1.031394547e-13	1.772941332e-13	1.285050972e-11	9.675148459e-14	2.538758266e-12	5.544076483e-13	3.359866385e-09	3.19159304e-14	8.741643612e-14	4.999999912e-15	4.999999912e-15	1.532555821e-13	4.999999912e-15	4.999999912e-15	1.730800697e-14	1.556610201e-13	4.999999912e-15	1	1	1	1	1	1	1	0	0	0	0	0	0	0	0	0	0
2505.73	1747389863.460	05/16/2025_12:04:23.460	1	3	3.575293522e-05	6.802530606e-06	0.0120000001	1.383071717e-13	1.025494793e-11	4.999999912e-15	3.973162538e-14	1.454279405e-13	4.999999912e-15	4.999999912e-15	1.274587532e-13	5.035702351e-14	4.999999912e-15	4.999999912e-15	6.489085744e-12	1.925630488e-11	4.066955106e-11	2.120347786e-10	2.538814714e-10	3.260035471e-12	4.420273609e-12	3.889322892e-12	6.022434218e-10	4.999999912e-15	4.999999912e-15	1.76236765e-13	4.999999912e-15	4.999999912e-15	1.105409912e-13	6.674911681e-14	1.740742446e-11	1.012377912e-13	1.830548517e-13	4.999999912e-15	3.840132151e-13	6.362680429e-14	9.019821429e-14	4.999999912e-15	1.307969184e-11	1.495856661e-13	2.303639267e-12	3.983343874e-13	3.352466527e-09	1.309155963e-13	4.999999912e-15	4.999999912e-15	1.594304929e-13	1.91817997e-14	4.999999912e-15	4.999999912e-15	6.322854973e-14	4.999999912e-15	4.999999912e-15	1	1	1	1	1	1	1	0	0	0	0	0	0	0	0	0	0
2514.749	1747389872.479	05/16/2025_12:04:32.479	1	3	3.578078395e-05	6.883841252e-06	0.0120000001	9.659617941e-14	9.848309668e-12	1.264173228e-13	2.396485788e-13	4.999999912e-15	4.999999912e-15	8.640089783e-14	8.915681778e-14	4.999999912e-15	4.999999912e-15	1.412323492e-13	6.446466191e-12	1.902660321e-11	4.046558574e-11	2.128904136e-10	2.549258027e-10	3.389334386e-12	4.645550871e-12	3.724662939e-12	5.974198358e-10	4.999999912e-15	1.316902045e-13	4.999999912e-15	4.999999912e-15	8.444148701e-14	5.96542401e-14	4.999999912e-15	1.738291802e-11	2.793304867e-13	4.999999912e-15	4.999999912e-15	6.566351738e-13	5.868251035e-14	4.999999912e-15	4.999999912e-15	1.369079589e-11	4.999999912e-15	2.258774331e-12	6.205056542e-13	3.358024969e-09	4.999999912e-15	4.999999912e-15	7.532947248e-14	9.548105037e-14	4.999999912e-15	1.656328205e-14	1.181814656e-13	4.999999912e-15	4.999999912e-15	1.707305358e-14	1	1	1	1	1	1	1	0	0	0	0	0	0	0	0	0	0
2523.768	1747389881.498	05/16/2025_12:04:41.498	1	3	3.565891166e-05	6.844365089e-06	0.0120000001	4.999999912e-15	1.010165476e-11	3.077099664e-13	4.999999912e-15	4.999999912e-15	1.003317777e-13	8.806558862e-14	4.999999912e-15	4.999999912e-15	1.413518282e-13	4.999999912e-15	6.368066231e-12	1.93878108e-11	4.128615852e-11	2.12411061e-10	2.547216882e-10	3.396574688e-12	4.587892132e-12	3.618512608e-12	5.946049209e-10	1.715553155e-13	4.999999912e-15	4.999999912e-15	6.283230094e-14	7.011233906e-14	4.999999912e-15	4.999999912e-15	1.760370148e-11	7.895356054e-14	4.999999912e-15	6.375982912e-15	7.930846192e-13	4.999999912e-15	4.999999912e-15	2.121770641e-13	1.339937883e-11	4.999999912e-15	2.383801706e-12	7.099294026e-13	3.362879308e-09	4.999999912e-15	6.678295747e-14	9.908922776e-14	4.999999912e-15	4.999999912e-15	2.040208822e-13	4.999999912e-15	4.999999912e-15	6.746795641e-14	1.078189255e-13	1	1	1	1	1	1	1	0	0	0	0	0	0	0	0	0	0
2532.787	1747389890.517	05/16/2025_12:04:50.517	1	3	3.561730409e-05	6.828654932e-06	0.01400000043	8.897360116e-14	1.032045456e-11	1.05891397e-13	4.999999912e-15	7.248593544e-14	1.645938431e-13	4.999999912e-15	4.999999912e-15	1.40188913e-13	1.768635965e-14	4.999999912e-15	6.508968278e-12	1.917146303e-11	4.048006375e-11	2.11080417e-10	2.54115784e-10	3.454767288e-12	4.266900635e-12	3.747960709e-12	5.958267213e-10	4.999999912e-15	4.999999912e-15	1.565650821e-13	9.395973854e-14	4.999999912e-15	5.974185719e-14	2.032721322e-13	1.751587937e-11	3.966991395e-14	1.241950878e-13	4.999999912e-15	4.329843233e-13	2.646827256e-13	1.296113282e-13	4.637648365e-14	1.285985814e-11	7.562418573e-14	2.58646468e-12	4.944905162e-13	3.311052765e-09	1.797752485e-13	9.685900357e-14	4.999999912e-15	8.667967331e-14	1.57058882e-13	4.999999912e-15	4.999999912e-15	1.042983652e-13	4.239395158e-14	4.999999912e-15	1	1	1	1	1	1	1	0	0	0	0	0	0	0	0	0	0
2541.806	1747389899.536	05/16/2025_12:04:59.536	1	3	3.558592653e-05	6.836508874e-06	0.0120000001	1.967846188e-13	1.010760746e-11	2.075688796e-14	1.517820429e-13	7.756366757e-14	4.999999912e-15	7.925224469e-14	1.449958046e-13	4.999999912e-15	4.999999912e-15	7.316695671e-14	6.485148356e-12	1.907532118e-11	4.047390201e-11	2.1261988e-10	2.545708366e-10	3.110099418e-12	4.499316718e-12	3.844079135e-12	5.882720422e-10	4.999999912e-15	9.779490721e-14	4.608575484e-14	4.999999912e-15	3.163714814e-14	1.13501988e-13	4.999999912e-15	1.722659862e-11	1.176438233e-13	7.208370321e-14	4.999999912e-15	5.400785613e-13	1.447568736e-13	4.999999912e-15	4.999999912e-15	1.294826399e-11	1.492332462e-13	2.050125694e-12	4.108375153e-13	3.285757888e-09	3.080877702e-14	4.999999912e-15	4.999999912e-15	2.410225069e-13	4.999999912e-15	4.999999912e-15	8.576766277e-14	7.19562688e-14	4.999999912e-15	3.18920373e-14	1	1	1	1	1	1	1	0	0	0	0	0	0	0	0	0	0
2550.825	1747389908.555	05/16/2025_12:05:08.555	1	3	3.556551019e-05	6.891759313e-06	0.01000000071	4.999999912e-15	9.923354673e-12	3.010412557e-13	1.641537655e-13	4.999999912e-15	1.574885648e-14	1.631502008e-13	4.999999912e-15	4.999999912e-15	8.364299921e-14	1.219389986e-13	6.321190099e-12	1.920855489e-11	4.061118802e-11	2.126415016e-10	2.544442435e-10	3.403446578e-12	4.665334091e-12	3.602190378e-12	5.955336779e-10	8.27827661e-14	4.999999912e-15	4.999999912e-15	4.999999912e-15	1.967945663e-13	4.999999912e-15	3.390918189e-14	1.747473867e-11	2.357755918e-13	4.999999912e-15	4.999999912e-15	6.441599099e-13	4.999999912e-15	4.999999912e-15	3.934134648e-14	1.340037196e-11	4.999999912e-15	2.232121172e-12	6.834594739e-13	3.342889521e-09	4.999999912e-15	4.999999912e-15	1.566029207e-13	9.82285813e-15	4.999999912e-15	9.992358232e-14	1.32421011e-13	4.999999912e-15	4.999999912e-15	1.102781332e-13	1	1	1	1	1	1	1	0	0	0	0	0	0	0	0	0	0
2559.844	1747389917.574	05/16/2025_12:05:17.574	1	3	3.56561759e-05	6.841757568e-06	0.01600000076	4.999999912e-15	1.016283845e-11	2.248057019e-13	4.999999912e-15	8.471627805e-14	2.539258951e-13	8.267681922e-15	4.999999912e-15	1.402645768e-13	1.747373405e-13	4.999999912e-15	6.412937455e-12	1.963801864e-11	4.067853693e-11	2.131910481e-10	2.542674404e-10	3.527579704e-12	4.398049199e-12	3.661711559e-12	5.927804914e-10	6.67152626e-14	4.999999912e-15	5.921217699e-14	1.606710641e-13	4.999999912e-15	4.999999912e-15	1.23808773e-13	1.733721847e-11	4.999999912e-15	4.999999912e-15	1.548565692e-13	6.26117051e-13	4.999999912e-15	8.581546931e-14	1.549043554e-13	1.311443228e-11	4.999999912e-15	2.572744752e-12	6.384629153e-13	3.326158016e-09	4.646808518e-14	1.949367181e-13	4.999999912e-15	4.999999912e-15	1.115107355e-13	7.971423001e-14	4.999999912e-15	1.321880295e-13	2.129696295e-13	4.999999912e-15	1	1	1	1	1	1	1	0	0	0	0	0	0	0	0	0	0
2568.863	1747389926.593	05/16/2025_12:05:26.593	1	3	3.560406185e-05	6.844365089e-06	0.0120000001	2.252318205e-13	1.007469282e-11	4.999999912e-15	2.901629403e-13	2.162153513e-13	2.102372706e-14	4.999999912e-15	1.167636815e-13	1.278032584e-13	4.999999912e-15	4.999999912e-15	6.597722802e-12	1.949324382e-11	4.029449691e-11	2.124625337e-10	2.541366839e-10	3.254597546e-12	4.49606281e-12	4.03592177e-12	5.953885718e-10	4.999999912e-15	4.999999912e-15	1.54868509e-13	4.999999912e-15	4.999999912e-15	1.163017301e-13	1.314034602e-13	1.707393775e-11	6.464036392e-14	1.646655495e-13	1.071693529e-14	4.531439243e-13	5.866657258e-14	1.207621378e-13	4.999999912e-15	1.313289148e-11	9.187641018e-15	2.506328261e-12	3.967194683e-13	3.376137148e-09	1.709579472e-13	4.999999912e-15	4.999999912e-15	1.8669689e-13	8.982586539e-14	4.999999912e-15	4.999999912e-15	1.86505691e-13	1.03983357e-14	4.999999912e-15	1	1	1	1	1	1	1	0	0	0	0	0	0	0	0	0	0
