PV MassSpec-24.10.00
EXPORTED RUN DATA
Run Path and Name: C:\Pfeiffer Vacuum\data\005-15-2025\1%oxygeninar.isi
05/15/2025 14:29:43
SensorID:  RGA PrismaPro A 200 47505932
72 Bins
291 TimePoints

Time Relative (sec)	Time Absolute (UTC)	Time Absolute (Date_Time)	Step	Ionizer_State	Pressure_(mBar)	External_Pressure_(mBar)	Analog_1	1_amu	2_amu	3_amu	4_amu	5_amu	6_amu	7_amu	8_amu	9_amu	10_amu	11_amu	12_amu	13_amu	14_amu	15_amu	16_amu	17_amu	18_amu	19_amu	20_amu	21_amu	22_amu	23_amu	24_amu	25_amu	26_amu	27_amu	28_amu	29_amu	30_amu	31_amu	32_amu	33_amu	34_amu	35_amu	36_amu	37_amu	38_amu	39_amu	40_amu	41_amu	42_amu	43_amu	44_amu	45_amu	46_amu	47_amu	48_amu	49_amu	50_amu	Periph:_Digital_In_0	Periph:_Digital_In_1	Periph:_Digital_In_13	Periph:_Digital_In_14	Periph:_Digital_In_15	Periph:_Digital_In_16	Periph:_Digital_In_17	Periph:_Digital_Out_2	Periph:_Digital_Out_3	Periph:_Digital_Out_4	Periph:_Digital_Out_5	Periph:_Digital_Out_6	Periph:_Digital_Out_7	Periph:_Digital_Out_8	Periph:_Digital_Out_9	Periph:_Digital_Out_10	Periph:_Digital_Out_11
9.597	1747312193.455	05/15/2025_14:29:53.455	1	3	3.88154258e-05	6.931493317e-06	0.0120000001	4.777438617e-14	1.137887798e-13	4.999999912e-15	4.999999912e-15	1.295595846e-13	8.106832398e-14	2.650044406e-09	1.267339185e-11	3.730832483e-12	1.200780035e-12	4.999999912e-15	3.451417754e-13	3.244326465e-13	1.018316508e-12	1.052343027e-13	1.339215891e-11	1.330514691e-12	6.554475712e-12	5.564531474e-12	7.839940919e-10	7.41705891e-14	3.369217882e-14	2.920467145e-13	3.252610041e-13	6.67471517e-14	1.394999703e-13	3.50111975e-13	5.348247886e-12	5.832012255e-14	4.135775381e-13	3.50239423e-13	5.650462043e-11	1.021916587e-13	5.526792674e-13	3.538396247e-13	1.754577386e-11	2.193098405e-13	3.637083473e-12	1.204093357e-12	4.462379355e-09	2.635158801e-13	2.97526706e-13	1.430045996e-13	2.338540331e-13	2.935282226e-13	2.710508413e-13	1.107461223e-13	1.937420087e-13	4.206186723e-13	4.632794799e-13	1	1	1	1	1	1	1	0	0	0	0	0	0	0	0	0	0
18.616	1747312202.474	05/15/2025_14:30:02.474	1	3	3.898945215e-05	6.852252227e-06	0.0120000001	4.161701908e-13	1.457425977e-12	7.999701704e-14	1.412136575e-12	3.529275938e-13	1.365967073e-13	5.251757755e-14	2.910072899e-13	3.437678202e-13	5.399907884e-14	1.414713344e-13	4.085555678e-13	2.712698772e-13	8.131485936e-13	2.364147831e-13	1.309390964e-11	1.184766261e-12	6.473196978e-12	5.73859623e-12	7.842732574e-10	4.66712274e-14	1.010406968e-13	3.642061696e-13	1.545021435e-13	4.999999912e-15	1.960319656e-13	2.806686361e-13	5.146505618e-12	1.228330859e-13	4.637056255e-13	3.119713147e-13	5.715958956e-11	2.424363878e-13	5.549213975e-13	2.497483015e-13	1.773334951e-11	3.190920835e-13	3.533915998e-12	9.407806565e-13	4.472184845e-09	3.624060687e-13	2.303454194e-13	4.374009022e-14	3.47415781e-13	3.123058452e-13	1.563659684e-13	9.587934559e-14	2.892549481e-13	3.03050445e-13	4.999999912e-15	1	1	1	1	1	1	1	0	0	0	0	0	0	0	0	0	0
27.635	1747312211.493	05/15/2025_14:30:11.493	1	3	3.896112685e-05	6.926183232e-06	0.01400000043	3.655403345e-13	1.298885478e-12	1.287948325e-14	1.486765138e-12	2.158928418e-13	2.651565829e-14	1.211086624e-13	2.54937537e-13	1.683892283e-13	4.999999912e-15	1.318455571e-13	4.068789576e-13	6.274073329e-14	5.794498453e-13	2.063347594e-13	1.29704962e-11	1.011665578e-12	6.354752662e-12	5.821189451e-12	7.864360274e-10	4.999999912e-15	1.074884132e-13	2.612617967e-13	1.291134016e-14	4.999999912e-15	2.119580553e-13	1.769596297e-13	4.741048266e-12	1.088584043e-13	4.123907704e-13	9.111225771e-14	5.693442245e-11	2.337664296e-13	4.609139134e-13	6.523366645e-15	1.769617959e-11	2.972160549e-13	3.336123695e-12	8.953280283e-13	4.512406004e-09	2.4925049e-13	5.547659906e-14	4.999999912e-15	4.042663827e-13	6.262921632e-14	4.999999912e-15	6.047865388e-14	2.458573709e-13	7.857526207e-14	4.999999912e-15	1	1	1	1	1	1	1	0	0	0	0	0	0	0	0	0	0
36.654	1747312220.512	05/15/2025_14:30:20.512	1	3	3.889860091e-05	6.839129583e-06	0.0120000001	2.391229304e-13	1.006173768e-12	4.999999912e-15	1.4193849e-12	1.145334912e-13	4.999999912e-15	1.301290889e-13	2.398397778e-13	4.999999912e-15	4.999999912e-15	1.980073007e-13	1.713402911e-13	4.999999912e-15	7.85366455e-13	2.500509836e-13	1.305024578e-11	1.01829645e-12	6.436016216e-12	5.553949661e-12	7.914374156e-10	4.999999912e-15	2.262354258e-13	1.190735878e-13	4.999999912e-15	4.013988171e-14	2.273664926e-13	4.999999912e-15	4.644770679e-12	1.968443854e-13	3.37666608e-13	4.999999912e-15	5.588017549e-11	1.92176868e-13	2.406999838e-13	7.992917987e-15	1.754534018e-11	2.009702897e-13	3.124018405e-12	8.142477578e-13	4.532227038e-09	1.794009277e-13	4.999999912e-15	8.295593352e-15	3.696382935e-13	5.698986747e-15	4.999999912e-15	1.639487157e-13	2.732292745e-13	4.999999912e-15	4.999999912e-15	1	1	1	1	1	1	1	0	0	0	0	0	0	0	0	0	0
45.673	1747312229.531	05/15/2025_14:30:29.531	1	3	3.872127854e-05	6.815575944e-06	0.01000000071	4.327611945e-14	1.089071975e-12	2.006178427e-13	1.206572494e-12	4.999999912e-15	4.999999912e-15	1.959184496e-13	6.865277932e-14	4.999999912e-15	5.154386575e-14	1.806414718e-13	4.999999912e-15	4.999999912e-15	7.916567792e-13	1.570489751e-13	1.291302135e-11	1.036916863e-12	6.542538213e-12	5.436207907e-12	7.856723605e-10	8.784856523e-14	8.673346329e-14	4.999999912e-15	4.999999912e-15	1.355592477e-13	9.057260963e-14	4.999999912e-15	4.827630049e-12	2.239395193e-13	9.608444953e-14	4.999999912e-15	5.5254714e-11	2.018125792e-13	5.312093267e-14	2.618311655e-14	1.725192385e-11	1.601970374e-14	2.940119285e-12	9.003002337e-13	4.466653269e-09	4.999999912e-15	4.999999912e-15	1.44352683e-13	2.427052157e-13	4.999999912e-15	1.776943935e-13	2.264246191e-13	4.999999912e-15	4.999999912e-15	8.047292758e-14	1	1	1	1	1	1	1	0	0	0	0	0	0	0	0	0	0
54.692	1747312238.550	05/15/2025_14:30:38.550	1	3	3.874675895e-05	6.910277534e-06	0.01400000043	4.999999912e-15	1.199652899e-12	2.378883223e-13	1.087393413e-12	4.999999912e-15	2.902187225e-13	1.885527325e-13	4.999999912e-15	4.999999912e-15	2.026509115e-13	2.045823092e-14	4.999999912e-15	7.318690603e-14	8.739140054e-13	4.999999912e-15	1.274011105e-11	1.028754664e-12	6.253783515e-12	5.40063003e-12	7.885029851e-10	2.057254107e-13	4.999999912e-15	4.999999912e-15	1.30551223e-13	1.024186636e-13	4.999999912e-15	4.999999912e-15	4.727407701e-12	7.312318204e-14	4.999999912e-15	5.094846935e-14	5.542585488e-11	4.999999912e-15	8.137496346e-14	1.749165862e-13	1.736516313e-11	4.999999912e-15	3.148622639e-12	1.080081554e-12	4.436987222e-09	4.999999912e-15	2.929943885e-14	1.529808181e-13	8.019613755e-14	4.999999912e-15	1.05110846e-13	1.775010396e-14	4.999999912e-15	2.901270803e-14	1.652629314e-13	1	1	1	1	1	1	1	0	0	0	0	0	0	0	0	0	0
63.711	1747312247.569	05/15/2025_14:30:47.569	1	3	3.876863047e-05	6.810354535e-06	0.01400000043	5.509425517e-14	1.269016576e-12	1.240557136e-13	9.198922006e-13	7.000485396e-14	2.322371353e-13	4.999999912e-15	4.999999912e-15	1.371662115e-13	4.23820389e-14	4.999999912e-15	7.100845926e-14	1.868681533e-13	6.722745732e-13	4.999999912e-15	1.274548349e-11	1.108026865e-12	6.108743719e-12	5.247736707e-12	7.830900373e-10	4.999999912e-15	4.999999912e-15	2.603774536e-14	1.811173824e-13	4.999999912e-15	4.999999912e-15	1.939251982e-13	4.725515985e-12	4.999999912e-15	1.007977407e-13	1.954704302e-13	5.55106551e-11	4.999999912e-15	3.016605791e-13	1.598825239e-13	1.697508627e-11	4.999999912e-15	3.322153533e-12	9.859703115e-13	4.444771662e-09	1.89010591e-14	2.107951942e-13	4.999999912e-15	8.200022286e-14	9.769139301e-14	1.289462786e-13	4.999999912e-15	4.999999912e-15	2.502222062e-13	5.579519187e-14	1	1	1	1	1	1	1	0	0	0	0	0	0	0	0	0	0
72.73	1747312256.588	05/15/2025_14:30:56.588	1	3	3.888167703e-05	6.883841252e-06	0.01400000043	2.674187369e-13	1.290163722e-12	4.999999912e-15	1.024035457e-12	2.160919555e-13	4.999999912e-15	4.999999912e-15	1.108576257e-13	1.81635116e-13	4.999999912e-15	4.999999912e-15	1.701016986e-13	4.621322314e-14	5.841093668e-13	5.550048539e-14	1.289491604e-11	8.302136647e-13	6.145725422e-12	5.438269626e-12	7.829932813e-10	4.999999912e-15	4.999999912e-15	1.752790079e-13	4.999999912e-15	4.999999912e-15	4.999999912e-15	5.573944355e-14	4.568596803e-12	4.999999912e-15	2.667337651e-13	1.769834008e-14	5.610415604e-11	6.29239228e-14	3.640667141e-13	4.999999912e-15	1.728879193e-11	1.600338785e-13	3.27545391e-12	7.81993231e-13	4.450142477e-09	1.389742542e-13	2.430933059e-14	4.999999912e-15	1.521803517e-13	1.531839434e-13	4.999999912e-15	4.999999912e-15	8.925640175e-14	5.145424288e-14	4.999999912e-15	1	1	1	1	1	1	1	0	0	0	0	0	0	0	0	0	0
81.749	1747312265.607	05/15/2025_14:31:05.607	1	3	3.876171832e-05	6.92087724e-06	0.0120000001	1.3439041e-13	9.243008919e-13	4.999999912e-15	1.017667287e-12	3.973366503e-14	4.999999912e-15	4.999999912e-15	1.50702828e-13	4.999999912e-15	4.999999912e-15	1.919974325e-14	9.309954608e-14	4.999999912e-15	6.221385169e-13	1.467362202e-13	1.253685697e-11	6.50924193e-13	6.175120311e-12	5.41571692e-12	7.778552247e-10	4.999999912e-15	7.785441671e-14	4.999999912e-15	4.999999912e-15	4.999999912e-15	4.769872919e-14	4.999999912e-15	4.487627717e-12	8.540531563e-14	1.987799031e-13	4.999999912e-15	5.622424054e-11	1.178549446e-13	1.04298433e-13	4.999999912e-15	1.711294127e-11	1.036452825e-13	2.926827617e-12	1.110508061e-12	4.437190171e-09	4.999999912e-15	4.999999912e-15	4.999999912e-15	2.129576897e-13	4.999999912e-15	4.999999912e-15	8.892965032e-15	7.170539119e-14	4.999999912e-15	4.999999912e-15	1	1	1	1	1	1	1	0	0	0	0	0	0	0	0	0	0
90.768	1747312274.626	05/15/2025_14:31:14.626	1	3	3.869023567e-05	6.918217878e-06	0.0120000001	4.999999912e-15	9.865656469e-13	1.224209129e-13	1.065818115e-12	4.999999912e-15	2.922975176e-14	8.646662759e-14	4.999999912e-15	4.999999912e-15	4.999999912e-15	1.449620182e-13	4.999999912e-15	4.999999912e-15	7.537471623e-13	4.999999912e-15	1.27813489e-11	8.841670885e-13	6.123580809e-12	5.281212533e-12	7.814959235e-10	4.999999912e-15	3.937724712e-14	4.999999912e-15	4.999999912e-15	5.47816458e-14	4.999999912e-15	4.999999912e-15	4.435164475e-12	1.187888356e-13	4.999999912e-15	4.999999912e-15	5.595647903e-11	7.686078607e-14	2.054785378e-14	4.999999912e-15	1.727329044e-11	4.999999912e-15	2.790794288e-12	9.646140223e-13	4.46772086e-09	4.999999912e-15	4.999999912e-15	6.782840619e-14	1.163196736e-13	4.999999912e-15	4.999999912e-15	6.42600529e-14	4.999999912e-15	4.999999912e-15	4.999999912e-15	1	1	1	1	1	1	1	0	0	0	0	0	0	0	0	0	0
99.787	1747312283.645	05/15/2025_14:31:23.645	1	3	3.865603503e-05	6.899686468e-06	0.0120000001	4.999999912e-15	1.154208239e-12	1.864699259e-13	8.418983826e-13	4.999999912e-15	7.79380629e-14	6.205576146e-14	4.999999912e-15	4.999999912e-15	1.142427895e-13	4.999999912e-15	4.999999912e-15	6.699407197e-14	6.429313462e-13	4.999999912e-15	1.248493062e-11	9.96388627e-13	5.804239468e-12	5.259620864e-12	7.761901677e-10	1.29663153e-13	4.999999912e-15	4.999999912e-15	8.000897037e-14	1.071298811e-14	4.999999912e-15	4.999999912e-15	4.591862914e-12	4.999999912e-15	4.999999912e-15	1.721965398e-13	5.522993521e-11	4.999999912e-15	1.292011745e-13	1.148640644e-13	1.721222297e-11	4.999999912e-15	3.054479196e-12	9.983320594e-13	4.392350483e-09	4.999999912e-15	6.613386596e-14	4.787794781e-14	4.999999912e-15	4.999999912e-15	2.352319728e-13	4.999999912e-15	4.999999912e-15	4.999999912e-15	4.999999912e-15	1	1	1	1	1	1	1	0	0	0	0	0	0	0	0	0	0
108.806	1747312292.664	05/15/2025_14:31:32.664	1	3	3.855595423e-05	6.886486972e-06	0.01600000076	4.999999912e-15	1.417648442e-12	1.083207824e-13	7.559912982e-13	7.058234748e-14	2.12232887e-13	4.999999912e-15	4.999999912e-15	1.65382424e-13	5.919230221e-14	4.999999912e-15	3.448471706e-14	1.633274543e-13	6.254599703e-13	4.999999912e-15	1.285451173e-11	1.088962579e-12	5.877028465e-12	5.240939627e-12	7.736181695e-10	1.581461335e-14	4.999999912e-15	1.230242714e-13	1.025381494e-13	4.999999912e-15	4.999999912e-15	1.575129594e-13	4.488432629e-12	4.999999912e-15	1.342549796e-13	1.460432795e-13	5.505812473e-11	4.999999912e-15	3.258305084e-13	1.32072562e-13	1.665679226e-11	4.999999912e-15	3.270463978e-12	8.72328956e-13	4.401899734e-09	2.730022426e-14	1.843870786e-13	4.999999912e-15	1.516148318e-14	1.770273788e-13	3.029508204e-14	4.999999912e-15	4.999999912e-15	9.729712966e-14	4.999999912e-15	1	1	1	1	1	1	1	0	0	0	0	0	0	0	0	0	0
117.825	1747312301.683	05/15/2025_14:31:41.683	1	3	3.858151831e-05	6.881195986e-06	0.01600000076	2.256062362e-13	1.203316852e-12	4.999999912e-15	8.346303249e-13	1.664736328e-13	4.999999912e-15	4.999999912e-15	9.198445093e-14	1.11913022e-13	4.999999912e-15	4.999999912e-15	6.389964377e-14	4.362061791e-14	3.800964263e-13	7.651630116e-14	1.303894406e-11	7.165723093e-13	5.973317761e-12	5.380080062e-12	7.721451811e-10	4.999999912e-15	4.824036271e-14	2.085450682e-13	4.999999912e-15	4.999999912e-15	1.161663539e-13	1.476761421e-13	4.378235188e-12	4.999999912e-15	2.781118706e-13	4.999999912e-15	5.525627178e-11	5.803737617e-14	4.023508143e-13	4.999999912e-15	1.695090249e-11	7.240633467e-14	3.478646624e-12	7.060584214e-13	4.391543573e-09	1.233030334e-13	4.999999912e-15	4.999999912e-15	3.749509926e-13	1.320327582e-13	4.999999912e-15	4.999999912e-15	1.396314162e-13	3.079689146e-14	4.999999912e-15	1	1	1	1	1	1	1	0	0	0	0	0	0	0	0	0	0
126.844	1747312310.702	05/15/2025_14:31:50.702	1	3	3.871964509e-05	6.942141226e-06	0.01400000043	1.497191314e-13	1.053816756e-12	4.999999912e-15	1.00140664e-12	4.999999912e-15	4.999999912e-15	4.999999912e-15	1.615233826e-13	4.999999912e-15	4.999999912e-15	7.519809428e-14	2.234277758e-13	4.999999912e-15	5.42252983e-13	2.195089542e-13	1.248983729e-11	7.624389943e-13	6.038842603e-12	5.455068255e-12	7.735819763e-10	4.999999912e-15	1.334704374e-13	4.999999912e-15	4.999999912e-15	4.999999912e-15	1.302525525e-13	4.999999912e-15	4.224307536e-12	1.383131619e-13	2.11241235e-13	4.999999912e-15	5.537756712e-11	1.650120741e-13	9.433016976e-14	4.999999912e-15	1.693530906e-11	1.184324177e-13	2.968950606e-12	7.130079404e-13	4.378481577e-09	2.124280027e-14	4.999999912e-15	4.999999912e-15	2.619149472e-13	4.999999912e-15	4.999999912e-15	4.999999912e-15	1.269391222e-13	4.999999912e-15	4.999999912e-15	1	1	1	1	1	1	1	0	0	0	0	0	0	0	0	0	0
135.863	1747312319.721	05/15/2025_14:31:59.721	1	3	3.86454376e-05	6.966115961e-06	0.01400000043	4.999999912e-15	1.017800753e-12	1.391754279e-13	8.800530834e-13	4.999999912e-15	4.999999912e-15	1.954246227e-13	4.999999912e-15	4.999999912e-15	6.032136325e-14	9.057266384e-14	4.999999912e-15	4.999999912e-15	6.61157381e-13	1.874376847e-14	1.24226289e-11	8.959194064e-13	6.097133649e-12	5.193799817e-12	7.795981638e-10	4.999999912e-15	2.372989229e-14	4.999999912e-15	4.999999912e-15	4.803926354e-14	1.106546224e-14	4.999999912e-15	4.43672139e-12	1.70255059e-13	1.127254486e-14	4.999999912e-15	5.529355793e-11	4.999999912e-15	3.945292443e-14	4.999999912e-15	1.725139649e-11	4.999999912e-15	2.917880564e-12	8.812159986e-13	4.389371089e-09	4.999999912e-15	4.999999912e-15	4.999999912e-15	8.364306697e-14	4.999999912e-15	4.999999912e-15	1.232293889e-13	4.999999912e-15	4.999999912e-15	5.544676317e-14	1	1	1	1	1	1	1	0	0	0	0	0	0	0	0	0	0
144.882	1747312328.740	05/15/2025_14:32:08.740	1	3	3.859028948e-05	6.990188922e-06	0.01400000043	4.999999912e-15	1.21271374e-12	1.833734987e-13	7.838112754e-13	4.999999912e-15	4.682057964e-14	8.188276988e-14	4.999999912e-15	4.999999912e-15	1.287809919e-13	4.999999912e-15	4.999999912e-15	3.848915002e-14	6.914804016e-13	4.999999912e-15	1.257963005e-11	1.005877131e-12	5.832732734e-12	5.03269041e-12	7.728824802e-10	1.950662125e-13	4.999999912e-15	4.999999912e-15	5.4403327e-14	2.611145078e-14	4.999999912e-15	4.999999912e-15	4.469545394e-12	2.392900602e-14	4.999999912e-15	4.999999912e-15	5.474578429e-11	4.999999912e-15	9.935808957e-14	1.23778971e-13	1.734966164e-11	4.999999912e-15	3.048882327e-12	9.120328191e-13	4.374241414e-09	4.999999912e-15	3.997064452e-14	5.038894649e-14	4.999999912e-15	4.999999912e-15	1.152085697e-13	4.999999912e-15	4.999999912e-15	2.26113968e-13	3.713507637e-14	1	1	1	1	1	1	1	0	0	0	0	0	0	0	0	0	0
153.901	1747312337.759	05/15/2025_14:32:17.759	1	3	3.856929106e-05	6.939473678e-06	0.0120000001	4.999999912e-15	1.325859127e-12	4.603404517e-14	7.308535829e-13	1.635624009e-14	1.702570783e-13	4.999999912e-15	4.999999912e-15	1.437971378e-13	7.638090464e-14	4.999999912e-15	4.561985284e-14	1.907113112e-13	6.070766719e-13	4.999999912e-15	1.283190741e-11	1.015843334e-12	5.717138134e-12	5.245892696e-12	7.720724615e-10	4.789785647e-14	4.999999912e-15	4.999999912e-15	1.591059776e-13	4.999999912e-15	4.999999912e-15	1.420925958e-13	4.291090486e-12	4.999999912e-15	8.882232786e-14	1.347806957e-13	5.469943248e-11	4.999999912e-15	2.598320322e-13	2.225556301e-13	1.708553438e-11	4.999999912e-15	3.439530345e-12	9.52712193e-13	4.338524207e-09	2.17246807e-14	1.83001143e-13	4.999999912e-15	4.999999912e-15	1.831604665e-13	1.001326978e-13	4.999999912e-15	4.999999912e-15	1.617503738e-13	2.957822789e-14	1	1	1	1	1	1	1	0	0	0	0	0	0	0	0	0	0
162.92	1747312346.778	05/15/2025_14:32:26.778	1	3	3.86570282e-05	6.833889984e-06	0.0120000001	1.282951474e-13	1.285060166e-12	4.999999912e-15	7.663599031e-13	1.7735989e-13	6.850944779e-14	4.999999912e-15	4.714716844e-14	1.954086849e-13	4.999999912e-15	4.999999912e-15	1.273552661e-13	1.454040881e-13	5.052493797e-13	4.999999912e-15	1.278188579e-11	8.729800736e-13	5.941320352e-12	5.465934563e-12	7.679245573e-10	4.999999912e-15	4.999999912e-15	4.486915125e-14	9.424651001e-15	4.999999912e-15	1.133626206e-14	1.570967884e-13	4.239825071e-12	4.999999912e-15	2.794718938e-13	1.454677985e-13	5.394719393e-11	4.999999912e-15	3.589313092e-13	7.375044043e-14	1.689996407e-11	8.561837491e-14	3.229282727e-12	7.602108504e-13	4.388175601e-09	1.393028623e-13	4.999999912e-15	4.999999912e-15	8.088713347e-14	1.484308146e-13	4.999999912e-15	4.999999912e-15	5.159166551e-14	4.373810477e-14	4.999999912e-15	1	1	1	1	1	1	1	0	0	0	0	0	0	0	0	0	0
171.939	1747312355.797	05/15/2025_14:32:35.797	1	3	3.863770689e-05	6.936815225e-06	0.0120000001	1.782639384e-13	1.131059872e-12	4.999999912e-15	8.522032364e-13	5.762519639e-14	4.999999912e-15	4.999999912e-15	2.21800944e-13	1.033764681e-13	4.999999912e-15	7.00665925e-14	1.967747119e-13	4.999999912e-15	5.674364516e-13	1.436159541e-13	1.24423952e-11	7.175459229e-13	5.679345015e-12	5.359771654e-12	7.65359387e-10	4.999999912e-15	4.461028443e-14	1.132690811e-13	4.999999912e-15	4.999999912e-15	1.410352548e-13	4.999999912e-15	4.143140692e-12	5.885180852e-14	2.544895176e-13	4.999999912e-15	5.462837127e-11	1.074705239e-13	2.475598936e-13	4.999999912e-15	1.690167971e-11	1.846678057e-13	3.029578541e-12	7.847710654e-13	4.34293046e-09	3.030604196e-13	4.999999912e-15	4.999999912e-15	2.310882063e-13	4.999999912e-15	4.999999912e-15	4.999999912e-15	8.102652121e-14	4.999999912e-15	4.999999912e-15	1	1	1	1	1	1	1	0	0	0	0	0	0	0	0	0	0
180.958	1747312364.816	05/15/2025_14:32:44.816	1	3	3.871694935e-05	6.899686468e-06	0.01400000043	4.306905039e-14	9.591461739e-13	5.776669833e-15	9.478676524e-13	4.999999912e-15	4.999999912e-15	1.272217737e-14	6.983165944e-14	4.999999912e-15	4.999999912e-15	1.669575394e-13	4.999999912e-15	4.999999912e-15	5.238716904e-13	6.140460319e-14	1.221378554e-11	7.631896959e-13	5.877743604e-12	5.362674714e-12	7.732974816e-10	4.999999912e-15	7.634705043e-14	4.999999912e-15	4.999999912e-15	8.803382827e-15	9.396574231e-14	4.999999912e-15	4.060053509e-12	7.373450266e-14	1.283747956e-13	4.999999912e-15	5.490834176e-11	1.427596919e-13	2.882753986e-14	4.999999912e-15	1.741082625e-11	4.999999912e-15	2.851324862e-12	7.969136961e-13	4.393976294e-09	4.999999912e-15	4.999999912e-15	4.999999912e-15	2.276512583e-13	4.999999912e-15	4.999999912e-15	4.265488516e-14	4.999999912e-15	4.999999912e-15	4.999999912e-15	1	1	1	1	1	1	1	0	0	0	0	0	0	0	0	0	0
189.977	1747312373.835	05/15/2025_14:32:53.835	1	3	3.861126243e-05	6.87592501e-06	0.01600000076	4.999999912e-15	1.125492278e-12	1.293186478e-13	7.226993526e-13	4.999999912e-15	4.999999912e-15	7.053653993e-14	4.999999912e-15	4.999999912e-15	4.568556904e-14	5.170716015e-14	4.999999912e-15	4.999999912e-15	6.753551711e-13	4.999999912e-15	1.251740031e-11	8.077662888e-13	5.730473821e-12	4.884186371e-12	7.720394324e-10	7.818298418e-14	4.999999912e-15	4.999999912e-15	4.999999912e-15	1.005966686e-13	4.999999912e-15	4.999999912e-15	4.181094707e-12	8.668967508e-14	4.999999912e-15	4.999999912e-15	5.515154652e-11	4.999999912e-15	1.318814036e-14	3.741784985e-14	1.734647322e-11	4.999999912e-15	3.000498287e-12	9.342193902e-13	4.402655573e-09	4.999999912e-15	4.999999912e-15	7.165166897e-14	1.658125948e-14	4.999999912e-15	2.40524831e-14	7.273489536e-14	4.999999912e-15	4.999999912e-15	6.613982907e-14	1	1	1	1	1	1	1	0	0	0	0	0	0	0	0	0	0
198.996	1747312382.854	05/15/2025_14:33:02.854	1	3	3.866319821e-05	6.918217878e-06	0.01400000043	4.999999912e-15	1.236869765e-12	1.876646625e-13	6.304262125e-13	4.999999912e-15	1.508820467e-13	8.585534085e-14	4.999999912e-15	1.520529172e-14	1.673856366e-13	4.999999912e-15	4.999999912e-15	1.12856881e-13	6.902279312e-13	4.999999912e-15	1.262227996e-11	9.888695765e-13	5.845705864e-12	5.097580344e-12	7.712673833e-10	1.598507297e-13	4.999999912e-15	4.999999912e-15	9.941185245e-14	8.289235184e-14	4.999999912e-15	4.999999912e-15	4.172582418e-12	4.999999912e-15	4.999999912e-15	4.999999912e-15	5.522161547e-11	4.999999912e-15	1.095274994e-13	1.417063081e-13	1.733622274e-11	4.999999912e-15	3.159379225e-12	1.114382892e-12	4.389150821e-09	4.999999912e-15	4.999999912e-15	1.244539953e-13	4.999999912e-15	4.999999912e-15	1.447489589e-13	4.999999912e-15	4.999999912e-15	1.459995455e-14	1.257284072e-13	1	1	1	1	1	1	1	0	0	0	0	0	0	0	0	0	0
208.015	1747312391.873	05/15/2025_14:33:11.873	1	3	3.846283289e-05	6.841757568e-06	0.0120000001	6.272482262e-14	1.408930698e-12	6.896943411e-14	5.805171881e-13	1.058317117e-13	2.197320152e-13	4.999999912e-15	4.999999912e-15	1.765135753e-13	7.473612929e-14	4.999999912e-15	4.364053335e-14	1.283728034e-13	5.900911812e-13	4.999999912e-15	1.280985734e-11	1.048304889e-12	5.847840441e-12	5.125887995e-12	7.689229253e-10	4.999999912e-15	4.999999912e-15	1.202803184e-13	2.614370309e-13	4.999999912e-15	4.999999912e-15	1.643589372e-13	4.278533257e-12	4.999999912e-15	5.867858012e-14	1.993095765e-13	5.474626308e-11	4.999999912e-15	2.694498812e-13	2.320459363e-13	1.675142663e-11	4.999999912e-15	3.138877179e-12	9.254200054e-13	4.393104991e-09	3.702954284e-14	1.258877036e-13	4.999999912e-15	4.999999912e-15	9.566830563e-14	1.820254152e-13	3.319038973e-14	4.999999912e-15	2.032124875e-13	4.999999912e-15	1	1	1	1	1	1	1	0	0	0	0	0	0	0	0	0	0
217.034	1747312400.892	05/15/2025_14:33:20.892	1	3	3.856210969e-05	6.854878848e-06	0.0120000001	1.989830284e-13	1.334624793e-12	4.999999912e-15	6.147111899e-13	1.744347126e-13	1.264851261e-14	4.999999912e-15	8.825290488e-15	1.907471848e-13	4.999999912e-15	4.999999912e-15	1.774773904e-13	7.815313473e-14	4.377435372e-13	4.999999912e-15	1.281327388e-11	8.695611505e-13	5.810794988e-12	5.380029321e-12	7.663503165e-10	4.999999912e-15	4.999999912e-15	1.749604151e-13	4.999999912e-15	4.999999912e-15	1.709300968e-14	1.789588985e-13	4.035352347e-12	4.999999912e-15	2.525560056e-13	2.372790549e-13	5.496830421e-11	4.895323919e-14	4.041788605e-13	6.730471622e-14	1.713821966e-11	7.867882371e-14	3.118383373e-12	7.869634848e-13	4.362698647e-09	1.315667952e-13	7.613001348e-14	4.999999912e-15	9.022816538e-14	2.561562074e-13	4.999999912e-15	4.999999912e-15	1.262461273e-13	7.041110452e-14	4.999999912e-15	1	1	1	1	1	1	1	0	0	0	0	0	0	0	0	0	0
226.053	1747312409.911	05/15/2025_14:33:29.911	1	3	3.846091931e-05	6.918217878e-06	0.01400000043	2.025394555e-13	1.06348231e-12	4.999999912e-15	7.372973217e-13	1.28894535e-13	4.999999912e-15	4.999999912e-15	2.305764358e-13	1.681024975e-14	4.999999912e-15	5.376812683e-14	1.923760359e-13	4.999999912e-15	5.146899617e-13	8.253790582e-14	1.256499158e-11	6.701519222e-13	5.633942531e-12	5.402399014e-12	7.665150181e-10	4.999999912e-15	4.999999912e-15	1.071339808e-13	4.999999912e-15	4.999999912e-15	1.731802364e-13	4.999999912e-15	4.233526724e-12	7.326656778e-14	2.539618364e-13	4.999999912e-15	5.47760344e-11	1.064012092e-13	2.731894572e-13	4.999999912e-15	1.695039074e-11	2.315481791e-13	2.930602592e-12	6.46065612e-13	4.360957373e-09	1.015743818e-13	4.999999912e-15	4.999999912e-15	2.031607033e-13	7.570787259e-15	4.999999912e-15	4.999999912e-15	8.852762138e-14	4.999999912e-15	4.999999912e-15	1	1	1	1	1	1	1	0	0	0	0	0	0	0	0	0	0
235.072	1747312418.930	05/15/2025_14:33:38.930	1	3	3.860101424e-05	6.928837593e-06	0.0120000001	9.601478954e-14	1.023656962e-12	2.687807659e-14	8.003646574e-13	4.999999912e-15	4.999999912e-15	5.593462705e-14	8.795411231e-14	4.999999912e-15	4.999999912e-15	9.415093759e-14	4.999999912e-15	4.999999912e-15	6.740707168e-13	1.445697538e-13	1.231560513e-11	7.596791577e-13	5.737998618e-12	5.232870127e-12	7.705235894e-10	4.999999912e-15	1.048400597e-13	4.999999912e-15	4.999999912e-15	4.057798748e-14	1.031036557e-13	4.999999912e-15	4.277605613e-12	1.11801505e-13	1.526781766e-13	4.999999912e-15	5.457313421e-11	9.859546176e-14	1.145574114e-13	4.999999912e-15	1.722905672e-11	2.340532282e-14	2.832043194e-12	8.436309377e-13	4.370315665e-09	4.999999912e-15	4.999999912e-15	4.999999912e-15	2.015198853e-13	4.999999912e-15	4.999999912e-15	7.943152429e-14	3.395105919e-14	4.999999912e-15	4.999999912e-15	1	1	1	1	1	1	1	0	0	0	0	0	0	0	0	0	0
244.091	1747312427.949	05/15/2025_14:33:47.949	1	3	3.863471284e-05	6.984834272e-06	0.01400000043	4.999999912e-15	1.115963984e-12	5.493897709e-14	8.279635116e-13	4.999999912e-15	4.999999912e-15	1.455016527e-13	4.999999912e-15	4.999999912e-15	1.388707129e-14	8.727708226e-14	4.999999912e-15	4.999999912e-15	6.512827929e-13	4.999999912e-15	1.253642155e-11	8.58724604e-13	5.809436699e-12	5.199010493e-12	7.685785341e-10	3.193589327e-14	3.225449964e-14	4.999999912e-15	4.999999912e-15	8.098469811e-14	4.999999912e-15	4.999999912e-15	4.19565294e-12	1.275802787e-13	4.999999912e-15	4.999999912e-15	5.544143269e-11	4.999999912e-15	5.253352549e-14	4.999999912e-15	1.699004999e-11	4.999999912e-15	2.898782559e-12	9.145118473e-13	4.32609415e-09	4.999999912e-15	3.153763871e-14	1.134502784e-13	2.933928328e-14	4.999999912e-15	4.999999912e-15	3.744770607e-14	4.999999912e-15	4.999999912e-15	4.999999912e-15	1	1	1	1	1	1	1	0	0	0	0	0	0	0	0	0	0
253.11	1747312436.968	05/15/2025_14:33:56.968	1	3	3.84297964e-05	6.936815225e-06	0.01600000076	4.999999912e-15	1.254068247e-12	1.647990013e-13	6.318698819e-13	4.999999912e-15	1.413498767e-13	7.664176368e-14	4.999999912e-15	4.999999912e-15	2.124778218e-13	4.999999912e-15	4.999999912e-15	7.562223417e-14	7.232290938e-13	4.999999912e-15	1.234520125e-11	9.276442461e-13	5.765905548e-12	4.996736098e-12	7.69312003e-10	1.36634573e-13	4.999999912e-15	4.999999912e-15	4.126099419e-14	1.51338035e-13	4.999999912e-15	4.999999912e-15	4.205567318e-12	3.348707488e-14	4.999999912e-15	2.392901957e-14	5.44445114e-11	4.999999912e-15	1.01747617e-13	1.96515845e-13	1.686227893e-11	4.999999912e-15	3.34838407e-12	1.044523517e-12	4.361837114e-09	4.999999912e-15	4.999999912e-15	1.214213056e-13	4.999999912e-15	4.999999912e-15	6.405698183e-14	1.749325646e-14	4.999999912e-15	4.999999912e-15	8.992746868e-14	1	1	1	1	1	1	1	0	0	0	0	0	0	0	0	0	0
262.129	1747312445.987	05/15/2025_14:34:05.987	1	3	3.835883035e-05	6.928837593e-06	0.01400000043	4.956256759e-14	1.370184673e-12	5.317867999e-14	4.374448937e-13	3.512987156e-14	2.05343121e-13	4.999999912e-15	4.999999912e-15	1.806355087e-13	1.25150934e-13	4.999999912e-15	4.851116253e-14	1.698508142e-13	5.209504703e-13	4.999999912e-15	1.247742274e-11	9.011544766e-13	5.590932231e-12	5.230003063e-12	7.657308121e-10	4.999999912e-15	4.999999912e-15	4.999999912e-15	1.103518589e-13	4.999999912e-15	4.999999912e-15	6.514220044e-14	3.958207026e-12	4.999999912e-15	8.167766593e-14	1.644983249e-13	5.482093252e-11	4.999999912e-15	2.403893599e-13	1.729571889e-13	1.699534784e-11	4.999999912e-15	3.30390923e-12	8.993065624e-13	4.364914208e-09	4.999999912e-15	1.567084678e-13	1.603405722e-13	1.590223721e-14	4.135855883e-14	1.556093037e-13	4.999999912e-15	4.999999912e-15	1.518498055e-13	1.090017562e-14	1	1	1	1	1	1	1	0	0	0	0	0	0	0	0	0	0
271.148	1747312455.006	05/15/2025_14:34:15.006	1	3	3.84443847e-05	6.891759313e-06	0.01400000043	1.664497397e-13	1.312924053e-12	4.999999912e-15	6.206012809e-13	1.207303436e-13	4.999999912e-15	4.999999912e-15	8.703813766e-14	1.939929201e-13	4.999999912e-15	4.999999912e-15	1.77314096e-13	4.91244686e-14	3.916537776e-13	3.657154874e-14	1.251263589e-11	7.295154606e-13	5.465171284e-12	5.309485924e-12	7.691448589e-10	4.999999912e-15	4.999999912e-15	1.315946999e-13	4.999999912e-15	4.999999912e-15	4.999999912e-15	1.608423545e-13	3.810271543e-12	4.999999912e-15	3.047390357e-13	4.999999912e-15	5.463499445e-11	4.999999912e-15	3.376347054e-13	4.999999912e-15	1.684984791e-11	4.999999912e-15	3.279703115e-12	7.490616742e-13	4.388365671e-09	1.170345423e-13	2.451245587e-14	4.999999912e-15	1.094358707e-13	1.490859438e-13	4.999999912e-15	4.999999912e-15	3.150577672e-14	8.461676184e-14	4.999999912e-15	1	1	1	1	1	1	1	0	0	0	0	0	0	0	0	0	0
280.167	1747312464.025	05/15/2025_14:34:24.025	1	3	3.856339026e-05	6.92087724e-06	0.0120000001	8.295805449e-14	1.025064907e-12	4.999999912e-15	8.130828909e-13	4.851715275e-14	4.999999912e-15	4.999999912e-15	1.447509647e-13	4.999999912e-15	4.999999912e-15	2.933730461e-14	3.364857492e-13	4.999999912e-15	4.166460742e-13	9.31055363e-14	1.27628498e-11	6.178275122e-13	5.58408788e-12	5.232605581e-12	7.59928287e-10	4.999999912e-15	6.247191891e-14	7.14724368e-14	4.999999912e-15	4.999999912e-15	1.054991598e-13	4.999999912e-15	3.497131838e-12	4.999999912e-15	2.792966867e-13	4.999999912e-15	5.363630026e-11	4.714716844e-14	2.199251523e-13	4.999999912e-15	1.671471121e-11	1.009750009e-13	2.822602829e-12	6.101173169e-13	4.359997696e-09	2.076688973e-14	1.175423149e-13	4.999999912e-15	1.860895877e-13	4.999999912e-15	4.999999912e-15	4.999999912e-15	9.643490433e-14	4.999999912e-15	4.999999912e-15	1	1	1	1	1	1	1	0	0	0	0	0	0	0	0	0	0
289.186	1747312473.044	05/15/2025_14:34:33.044	1	3	3.864712198e-05	6.865393971e-06	0.01400000043	4.999999912e-15	8.18076943e-13	4.999999912e-15	6.409499667e-13	4.999999912e-15	4.999999912e-15	6.110990349e-14	6.326047271e-14	4.999999912e-15	4.999999912e-15	1.451731259e-13	4.999999912e-15	4.999999912e-15	5.246921604e-13	1.174387735e-13	1.243775655e-11	7.274664812e-13	5.744177269e-12	5.214994669e-12	7.703900851e-10	4.999999912e-15	1.434685975e-13	4.999999912e-15	4.999999912e-15	1.04680804e-14	4.999999912e-15	4.999999912e-15	3.511954616e-12	4.999999912e-15	3.971576215e-14	4.999999912e-15	5.522997337e-11	5.878410009e-14	4.999999912e-15	4.999999912e-15	1.713046545e-11	9.337054242e-15	2.81601565e-12	7.908045963e-13	4.376218055e-09	4.999999912e-15	4.999999912e-15	4.999999912e-15	1.361885322e-13	4.999999912e-15	4.999999912e-15	4.556209197e-14	4.999999912e-15	4.999999912e-15	4.901894862e-14	1	1	1	1	1	1	1	0	0	0	0	0	0	0	0	0	0
298.205	1747312482.063	05/15/2025_14:34:42.063	1	3	3.847886546e-05	6.963447049e-06	0.0120000001	4.999999912e-15	1.085023781e-12	1.134622181e-13	6.711117122e-13	4.999999912e-15	1.113275596e-13	8.474022536e-14	4.999999912e-15	4.999999912e-15	8.338615172e-14	5.426591793e-14	4.999999912e-15	4.999999912e-15	6.427082716e-13	4.999999912e-15	1.215804454e-11	8.314960591e-13	6.003621645e-12	5.204264537e-12	7.658524925e-10	8.203210518e-14	4.999999912e-15	4.999999912e-15	4.999999912e-15	1.141153415e-13	4.999999912e-15	4.999999912e-15	3.744794839e-12	1.030916888e-13	4.999999912e-15	4.999999912e-15	5.422403498e-11	4.999999912e-15	4.999999912e-15	7.226695371e-14	1.707154383e-11	4.999999912e-15	2.932773599e-12	9.585865088e-13	4.324955061e-09	4.999999912e-15	2.066932508e-14	1.063255115e-13	4.999999912e-15	4.999999912e-15	4.999999912e-15	8.243826086e-15	4.999999912e-15	4.999999912e-15	1.200094982e-13	1	1	1	1	1	1	1	0	0	0	0	0	0	0	0	0	0
307.224	1747312491.082	05/15/2025_14:34:51.082	1	3	3.838652628e-05	6.926183232e-06	0.0120000001	4.999999912e-15	1.524234948e-12	1.320546455e-13	4.619194567e-13	4.999999912e-15	5.657778933e-14	4.999999912e-15	4.999999912e-15	8.928230063e-14	1.559976107e-13	4.999999912e-15	4.999999912e-15	1.746358592e-13	5.03258134e-13	4.999999912e-15	1.233901262e-11	1.036470822e-12	5.540342924e-12	5.026629286e-12	7.65996877e-10	1.334405676e-13	4.999999912e-15	4.999999912e-15	3.075088741e-13	4.999999912e-15	4.999999912e-15	3.5119924e-14	3.833543292e-12	4.999999912e-15	4.999999912e-15	1.423932857e-13	5.458471522e-11	4.999999912e-15	1.755916376e-13	2.191923672e-13	1.694385084e-11	4.999999912e-15	3.177414278e-12	9.302010117e-13	4.302763479e-09	4.999999912e-15	1.362442738e-13	4.999999912e-15	4.999999912e-15	4.999999912e-15	1.728994823e-13	4.999999912e-15	4.999999912e-15	8.421045708e-15	3.714304526e-14	1	1	1	1	1	1	1	0	0	0	0	0	0	0	0	0	0
316.243	1747312500.101	05/15/2025_14:35:00.101	1	3	3.847776316e-05	6.841757568e-06	0.0120000001	4.999999912e-15	1.382624158e-12	4.999999912e-15	7.224325847e-13	1.978221189e-13	1.163555472e-13	4.999999912e-15	4.999999912e-15	1.929315811e-13	4.999999912e-15	4.999999912e-15	1.473714542e-13	1.051566671e-13	4.132927995e-13	4.999999912e-15	1.271044641e-11	9.46521507e-13	5.515165581e-12	5.254135235e-12	7.671156488e-10	4.999999912e-15	4.999999912e-15	2.089732196e-13	1.34404342e-13	4.999999912e-15	8.444952365e-15	1.348503828e-13	3.956181736e-12	4.999999912e-15	1.916093965e-13	1.493308515e-13	5.424940358e-11	4.999999912e-15	3.514999164e-13	1.564994065e-13	1.681503201e-11	1.470548808e-14	3.219764299e-12	8.472926679e-13	4.309844925e-09	6.103024851e-14	1.038344825e-13	4.999999912e-15	4.565769149e-14	1.639228575e-13	8.804771284e-14	4.999999912e-15	6.158779948e-14	1.043920199e-13	4.999999912e-15	1	1	1	1	1	1	1	0	0	0	0	0	0	0	0	0	0
325.262	1747312509.120	05/15/2025_14:35:09.120	1	3	3.841059151e-05	6.992876024e-06	0.00800000038	2.121632134e-13	1.357410928e-12	4.999999912e-15	6.453348598e-13	1.180162332e-13	4.999999912e-15	4.999999912e-15	1.526801689e-13	2.059026777e-13	4.999999912e-15	4.999999912e-15	1.710316459e-13	4.999999912e-15	4.242726504e-13	6.033331658e-14	1.245346621e-11	6.827864554e-13	5.434834874e-12	5.481923509e-12	7.621062115e-10	4.999999912e-15	4.999999912e-15	1.481400994e-13	4.999999912e-15	4.999999912e-15	4.658561948e-14	1.019108842e-13	3.488764399e-12	4.999999912e-15	2.312156272e-13	4.164728187e-14	5.372038578e-11	4.999999912e-15	3.160912829e-13	8.835437265e-14	1.670886172e-11	9.45352466e-14	3.209652596e-12	7.572120014e-13	4.357517902e-09	1.559617778e-13	4.999999912e-15	4.999999912e-15	1.274627918e-13	1.35794235e-13	4.999999912e-15	4.999999912e-15	1.335003072e-13	5.975981428e-14	4.999999912e-15	1	1	1	1	1	1	1	0	0	0	0	0	0	0	0	0	0
334.281	1747312518.139	05/15/2025_14:35:18.139	1	3	3.855173782e-05	6.95278186e-06	0.01000000071	2.091803022e-13	1.121497751e-12	4.999999912e-15	6.593333735e-13	1.461926012e-13	4.999999912e-15	4.999999912e-15	1.286057578e-13	4.999999912e-15	4.999999912e-15	4.999999912e-15	4.999999912e-15	4.999999912e-15	3.416550896e-13	1.842655802e-13	1.249295372e-11	7.150251528e-13	5.783572406e-12	5.268058559e-12	7.670419855e-10	4.999999912e-15	4.533908513e-14	3.885554259e-14	4.999999912e-15	4.999999912e-15	1.189362194e-13	4.999999912e-15	3.296069364e-12	1.639407197e-14	1.846160486e-13	4.999999912e-15	5.501689729e-11	9.797218104e-14	2.176869524e-13	4.999999912e-15	1.703909062e-11	1.340698115e-13	3.134586124e-12	6.766175077e-13	4.314375524e-09	8.903538714e-14	4.999999912e-15	4.999999912e-15	2.110122515e-13	4.999999912e-15	4.999999912e-15	4.999999912e-15	9.819518788e-14	4.999999912e-15	4.999999912e-15	1	1	1	1	1	1	1	0	0	0	0	0	0	0	0	0	0
343.3	1747312527.158	05/15/2025_14:35:27.158	1	3	3.851905421e-05	6.960779501e-06	0.01600000076	6.454283993e-14	1.047685701e-12	5.026945386e-14	6.870597841e-13	4.999999912e-15	4.999999912e-15	7.411681945e-14	3.884756015e-14	4.999999912e-15	4.999999912e-15	1.555993561e-13	2.646987447e-14	4.999999912e-15	7.918638618e-13	1.438110427e-13	1.261188029e-11	7.655474019e-13	5.657556888e-12	5.174141497e-12	7.675082236e-10	4.999999912e-15	8.273502055e-14	4.999999912e-15	4.999999912e-15	7.894364687e-14	4.257520985e-14	4.999999912e-15	3.445740871e-12	1.72421566e-13	1.723041198e-14	4.999999912e-15	5.435800074e-11	1.074426193e-13	4.407262858e-14	4.999999912e-15	1.690916851e-11	9.026389662e-15	2.793594349e-12	8.771537099e-13	4.352874949e-09	4.999999912e-15	4.999999912e-15	5.382185583e-14	1.546435235e-13	4.999999912e-15	4.999999912e-15	7.53593829e-14	4.999999912e-15	4.999999912e-15	4.999999912e-15	1	1	1	1	1	1	1	0	0	0	0	0	0	0	0	0	0
352.319	1747312536.177	05/15/2025_14:35:36.177	1	3	3.84181476e-05	6.910277534e-06	0.01600000076	4.999999912e-15	9.768643143e-13	1.720909927e-13	6.422046055e-13	4.999999912e-15	4.999999912e-15	1.974836039e-13	4.999999912e-15	4.999999912e-15	1.141850557e-13	1.978318632e-14	4.999999912e-15	4.999999912e-15	6.581983764e-13	4.999999912e-15	1.220643031e-11	1.059095628e-12	5.752903362e-12	4.827777934e-12	7.624186837e-10	1.127194787e-13	4.999999912e-15	4.999999912e-15	4.999999912e-15	1.506012925e-13	4.999999912e-15	4.999999912e-15	3.730289081e-12	9.390602309e-14	4.999999912e-15	4.999999912e-15	5.408256482e-11	4.999999912e-15	4.999999912e-15	1.280282846e-13	1.701885334e-11	4.999999912e-15	3.012095347e-12	9.961237564e-13	4.303796874e-09	4.999999912e-15	4.999999912e-15	1.563201879e-13	4.999999912e-15	4.999999912e-15	1.345915024e-13	2.903860014e-14	4.999999912e-15	4.999999912e-15	8.684897826e-14	1	1	1	1	1	1	1	0	0	0	0	0	0	0	0	0	0
361.338	1747312545.196	05/15/2025_14:35:45.196	1	3	3.833970186e-05	6.904983366e-06	0.0120000001	4.999999912e-15	1.375820139e-12	1.989511529e-13	5.371951798e-13	2.693780257e-14	2.197877297e-13	8.24383354e-14	4.999999912e-15	2.953441257e-14	1.239043861e-13	4.999999912e-15	4.999999912e-15	1.674095162e-13	6.482758666e-13	4.999999912e-15	1.248662718e-11	9.670693066e-13	5.711565769e-12	4.991015847e-12	7.645467037e-10	1.253699835e-13	4.999999912e-15	4.999999912e-15	1.527219648e-13	4.943114196e-14	4.999999912e-15	2.247738128e-14	3.745360359e-12	4.999999912e-15	2.453237131e-14	1.22120223e-13	5.392222779e-11	4.999999912e-15	1.366166566e-13	2.006556813e-13	1.678197338e-11	4.999999912e-15	3.100875676e-12	1.038500015e-12	4.326929037e-09	4.999999912e-15	1.337173644e-13	7.738847405e-14	4.654777404e-14	1.409814512e-14	1.725071637e-13	4.999999912e-15	4.999999912e-15	1.411407612e-13	1.463021598e-13	1	1	1	1	1	1	1	0	0	0	0	0	0	0	0	0	0
370.357	1747312554.215	05/15/2025_14:35:54.215	1	3	3.832110087e-05	6.926183232e-06	0.0120000001	1.515491156e-13	1.485616317e-12	1.188982859e-14	4.940146599e-13	1.537952708e-13	1.467700879e-13	4.999999912e-15	1.515550652e-14	7.365676537e-15	3.382560345e-14	4.999999912e-15	9.687697422e-14	1.755557911e-13	4.540779103e-13	4.999999912e-15	1.248851196e-11	9.910340777e-13	5.532311154e-12	5.230355645e-12	7.616642317e-10	4.999999912e-15	4.999999912e-15	7.700213893e-15	1.5686977e-13	4.999999912e-15	4.999999912e-15	1.332454248e-13	3.445020094e-12	4.999999912e-15	2.001359554e-13	1.346632089e-13	5.464627362e-11	4.805118299e-14	2.646688749e-13	1.875193116e-13	1.67525091e-11	4.999999912e-15	3.228227364e-12	8.591647901e-13	4.329926639e-09	9.727524233e-14	2.124499442e-13	4.999999912e-15	3.699569541e-14	1.19848196e-13	1.318913647e-13	3.893916168e-14	1.916990058e-14	1.859103556e-13	4.999999912e-15	1	1	1	1	1	1	1	0	0	0	0	0	0	0	0	0	0
379.376	1747312563.234	05/15/2025_14:36:03.234	1	3	3.845160609e-05	7.017033568e-06	0.0120000001	2.096741156e-13	1.336156012e-12	4.999999912e-15	5.998504102e-13	1.996859573e-13	4.999999912e-15	4.999999912e-15	5.56777389e-14	1.576623082e-13	4.999999912e-15	4.999999912e-15	1.847753585e-13	4.999999912e-15	2.584043548e-13	5.306519113e-14	1.25828627e-11	7.082547981e-13	5.571239216e-12	5.369532943e-12	7.593813356e-10	4.999999912e-15	4.999999912e-15	2.748442207e-13	4.999999912e-15	4.999999912e-15	3.463405235e-14	1.655954968e-13	3.538159349e-12	4.025737534e-14	2.618771085e-13	9.469057212e-14	5.423602192e-11	4.999999912e-15	3.353627055e-13	4.999999912e-15	1.66342877e-11	8.076765439e-14	3.161635233e-12	7.424089555e-13	4.314458568e-09	1.352327132e-13	1.685744236e-13	4.999999912e-15	1.130261385e-13	1.602907667e-13	4.999999912e-15	4.999999912e-15	1.065744444e-13	9.333652557e-14	4.999999912e-15	1	1	1	1	1	1	1	0	0	0	0	0	0	0	0	0	0
388.395	1747312572.253	05/15/2025_14:36:12.253	1	3	3.841906437e-05	6.926183232e-06	0.0120000001	2.226451987e-13	1.326235562e-12	4.999999912e-15	7.693666667e-13	1.617125487e-13	4.999999912e-15	4.999999912e-15	1.617284594e-13	4.999999912e-15	4.999999912e-15	8.989958436e-14	1.472320529e-13	4.999999912e-15	3.639293727e-13	1.262680282e-13	1.233112397e-11	6.142710581e-13	5.835046422e-12	5.317715886e-12	7.697754656e-10	4.999999912e-15	1.026277519e-13	7.381607532e-15	4.999999912e-15	4.999999912e-15	5.888625633e-13	4.999999912e-15	3.49105792e-12	9.499721837e-14	2.116852971e-13	4.999999912e-15	5.450208687e-11	1.379607149e-13	1.528713408e-13	4.999999912e-15	1.699741736e-11	1.916292916e-13	3.119886511e-12	6.355218001e-13	4.351336624e-09	6.466628312e-14	4.999999912e-15	4.999999912e-15	3.753672178e-13	4.999999912e-15	4.999999912e-15	2.522333335e-14	7.492528868e-14	4.999999912e-15	4.999999912e-15	1	1	1	1	1	1	1	0	0	0	0	0	0	0	0	0	0
397.414	1747312581.272	05/15/2025_14:36:21.272	1	3	3.851764268e-05	6.886486972e-06	0.0120000001	4.837974368e-14	1.043916039e-12	4.999999912e-15	7.235933857e-13	4.999999912e-15	4.999999912e-15	1.303242182e-13	3.018754951e-14	4.999999912e-15	1.389104218e-14	2.031726295e-13	4.999999912e-15	4.999999912e-15	5.251520789e-13	1.233149867e-13	1.236385386e-11	7.470425103e-13	5.625735554e-12	5.061824657e-12	7.633106924e-10	4.999999912e-15	1.589984383e-13	4.999999912e-15	4.999999912e-15	6.692239265e-14	1.114152173e-13	4.999999912e-15	3.481350624e-12	1.107939153e-13	4.224665593e-14	4.999999912e-15	5.353964841e-11	1.692255548e-13	8.753596264e-14	4.999999912e-15	1.703284389e-11	2.029495007e-14	2.920117056e-12	9.284865628e-13	4.346182081e-09	4.999999912e-15	4.999999912e-15	5.336585395e-14	2.02407996e-13	4.999999912e-15	4.999999912e-15	8.540133119e-14	4.999999912e-15	4.999999912e-15	2.407039954e-14	1	1	1	1	1	1	1	0	0	0	0	0	0	0	0	0	0
406.433	1747312590.291	05/15/2025_14:36:30.291	1	3	3.835779353e-05	6.984834272e-06	0.0120000001	4.999999912e-15	1.177440307e-12	2.441588598e-13	5.008566803e-13	4.999999912e-15	6.37503017e-14	1.154753918e-13	4.999999912e-15	4.999999912e-15	1.567662151e-13	7.211360686e-14	4.999999912e-15	1.068710279e-14	6.593772295e-13	4.999999912e-15	1.216835833e-11	8.955091985e-13	5.770027685e-12	4.831791651e-12	7.597157903e-10	1.638232871e-13	4.999999912e-15	4.999999912e-15	3.327600782e-14	1.308319907e-13	4.999999912e-15	4.999999912e-15	3.531098374e-12	8.138493135e-14	4.999999912e-15	4.999999912e-15	5.422337232e-11	4.999999912e-15	4.999999912e-15	5.298154493e-14	1.705444119e-11	4.999999912e-15	2.943340884e-12	1.072986643e-12	4.302346479e-09	4.999999912e-15	4.999999912e-15	4.66254368e-14	6.067580249e-14	4.999999912e-15	4.999999912e-15	6.050055476e-14	4.999999912e-15	4.999999912e-15	8.958895366e-14	1	1	1	1	1	1	1	0	0	0	0	0	0	0	0	0	0
415.452	1747312599.310	05/15/2025_14:36:39.310	1	3	3.831298454e-05	6.823423064e-06	0.0120000001	5.712925521e-15	1.479567011e-12	1.775669862e-13	4.558979062e-13	4.340357419e-14	1.943413827e-13	2.29811626e-14	4.999999912e-15	4.713120356e-14	1.825530964e-13	4.999999912e-15	4.999999912e-15	1.682478348e-13	5.241425241e-13	4.999999912e-15	1.234915902e-11	1.004626612e-12	5.565129954e-12	5.156379664e-12	7.611576369e-10	9.610037375e-14	4.999999912e-15	4.999999912e-15	1.38761222e-13	4.999999912e-15	4.999999912e-15	1.064071655e-13	3.632553026e-12	4.850120143e-14	1.705516425e-14	1.397807515e-13	5.337152595e-11	4.999999912e-15	5.48095369e-14	2.001080914e-13	1.67014267e-11	4.999999912e-15	3.154617843e-12	1.051190168e-12	4.274012699e-09	4.999999912e-15	1.335520643e-13	5.152792797e-14	4.999999912e-15	4.999999912e-15	1.945803138e-13	4.999999912e-15	4.999999912e-15	5.989123314e-14	1.004333742e-13	1	1	1	1	1	1	1	0	0	0	0	0	0	0	0	0	0
424.471	1747312608.329	05/15/2025_14:36:48.329	1	3	3.832264701e-05	6.982158084e-06	0.0120000001	8.638899193e-14	1.362152145e-12	1.75390369e-14	4.762944596e-13	1.998272966e-13	9.768342412e-14	4.999999912e-15	4.999999912e-15	1.856972692e-13	4.999999912e-15	4.999999912e-15	1.597949746e-13	1.644146787e-13	4.791139816e-13	4.999999912e-15	1.247506178e-11	9.228951154e-13	5.61834303e-12	5.13632973e-12	7.563035198e-10	4.999999912e-15	4.999999912e-15	1.085637046e-13	1.708026353e-13	4.999999912e-15	4.999999912e-15	1.629968946e-13	3.395742021e-12	4.999999912e-15	5.064181632e-14	1.691777957e-13	5.420698612e-11	4.999999912e-15	3.176464083e-13	1.685246452e-13	1.689487092e-11	4.999999912e-15	3.193796356e-12	9.260970896e-13	4.255507058e-09	3.821632409e-14	1.332075726e-13	4.999999912e-15	4.632474688e-14	1.908586407e-13	5.564386435e-14	4.999999912e-15	4.999999912e-15	1.492969973e-13	4.999999912e-15	1	1	1	1	1	1	1	0	0	0	0	0	0	0	0	0	0
433.49	1747312617.348	05/15/2025_14:36:57.348	1	3	3.839963756e-05	6.873290204e-06	0.0120000001	2.029814847e-13	1.338256871e-12	4.999999912e-15	5.492224514e-13	1.880390375e-13	4.999999912e-15	4.999999912e-15	9.586741259e-14	1.610852836e-13	4.999999912e-15	4.999999912e-15	1.888833328e-13	4.999999912e-15	3.505261402e-13	7.773878655e-15	1.255197161e-11	7.620647277e-13	5.341398764e-12	5.177286117e-12	7.611947739e-10	4.999999912e-15	4.999999912e-15	2.283900066e-13	4.999999912e-15	4.999999912e-15	7.399536848e-14	1.340359572e-13	3.205664033e-12	4.999999912e-15	2.384259511e-13	4.160944999e-14	5.41513813e-11	2.591829339e-14	3.893160208e-13	7.536533924e-14	1.676298857e-11	1.039439734e-13	3.07092741e-12	7.941957096e-13	4.320355185e-09	1.450436722e-13	3.835970306e-14	4.999999912e-15	1.723319566e-13	2.200585634e-13	4.999999912e-15	4.999999912e-15	1.173093198e-13	7.066595979e-14	4.999999912e-15	1	1	1	1	1	1	1	0	0	0	0	0	0	0	0	0	0
442.509	1747312626.367	05/15/2025_14:37:06.367	1	3	3.83902734e-05	6.947448128e-06	0.01400000043	1.448226305e-13	1.238010562e-12	4.999999912e-15	6.946663839e-13	3.211709056e-14	4.999999912e-15	4.999999912e-15	1.127234699e-13	4.999999912e-15	4.999999912e-15	4.999999912e-15	1.330343713e-13	4.999999912e-15	3.828185056e-13	1.238745163e-13	1.216321575e-11	6.153025138e-13	5.692627793e-12	5.015534429e-12	7.605046037e-10	4.999999912e-15	7.214946685e-14	6.431183711e-14	4.999999912e-15	4.999999912e-15	1.299757556e-13	4.999999912e-15	3.107138245e-12	7.410886412e-14	8.936991772e-14	4.999999912e-15	5.385021248e-11	1.530425905e-13	2.937532216e-13	4.999999912e-15	1.67198963e-11	1.758225998e-13	2.947964789e-12	6.897598269e-13	4.326290437e-09	4.999999912e-15	4.999999912e-15	4.999999912e-15	2.588184929e-13	4.999999912e-15	4.999999912e-15	4.999999912e-15	1.602111456e-13	4.999999912e-15	4.999999912e-15	1	1	1	1	1	1	1	0	0	0	0	0	0	0	0	0	0
451.528	1747312635.386	05/15/2025_14:37:15.386	1	3	3.845131869e-05	6.92087724e-06	0.01400000043	4.999999912e-15	1.000170107e-12	6.641064922e-14	6.583576457e-13	4.999999912e-15	4.999999912e-15	1.410591343e-13	1.508381365e-14	4.999999912e-15	4.999999912e-15	1.202225575e-13	4.999999912e-15	4.999999912e-15	4.475066693e-13	7.531558114e-14	1.246782625e-11	7.01655639e-13	5.67060808e-12	5.145630883e-12	7.630834853e-10	4.999999912e-15	1.209872182e-13	4.999999912e-15	4.999999912e-15	7.111001512e-14	5.946511458e-14	4.999999912e-15	3.176876297e-12	1.285699384e-13	4.999999912e-15	4.999999912e-15	5.340870801e-11	9.014651818e-14	4.999999912e-15	4.999999912e-15	1.674560317e-11	4.999999912e-15	2.851408346e-12	8.107132045e-13	4.359738792e-09	4.999999912e-15	4.999999912e-15	2.979388654e-13	2.226053949e-13	4.999999912e-15	4.999999912e-15	4.999999912e-15	1.817924473e-13	4.999999912e-15	4.999999912e-15	1	1	1	1	1	1	1	0	0	0	0	0	0	0	0	0	0
460.547	1747312644.405	05/15/2025_14:37:24.405	1	3	3.836532051e-05	6.936815225e-06	0.0120000001	4.999999912e-15	1.269384988e-12	1.260330409e-13	5.056635449e-13	4.999999912e-15	1.384107537e-13	1.418835074e-13	4.999999912e-15	4.999999912e-15	6.159576159e-14	2.051200735e-14	4.999999912e-15	4.999999912e-15	5.836734091e-13	1.697551604e-14	1.237425006e-11	8.652539948e-13	5.716626391e-12	4.983108978e-12	7.713024108e-10	5.469804026e-14	4.999999912e-15	4.999999912e-15	4.999999912e-15	8.791230276e-14	4.999999912e-15	4.999999912e-15	3.434239655e-12	1.725011871e-13	4.999999912e-15	4.999999912e-15	5.44424783e-11	4.999999912e-15	3.190202551e-14	3.864046398e-14	1.686216271e-11	4.999999912e-15	2.837959251e-12	9.11992812e-13	4.340846349e-09	4.999999912e-15	4.999999912e-15	1.272278046e-13	3.719083147e-14	4.999999912e-15	2.474940825e-14	1.442889726e-13	4.999999912e-15	4.999999912e-15	4.999999912e-15	1	1	1	1	1	1	1	0	0	0	0	0	0	0	0	0	0
469.566	1747312653.424	05/15/2025_14:37:33.424	1	3	3.834683957e-05	6.891759313e-06	0.0120000001	4.999999912e-15	1.286716935e-12	2.212791988e-13	4.098916844e-13	4.999999912e-15	3.442437307e-13	4.550633687e-14	4.999999912e-15	4.055207504e-14	2.101918222e-13	2.68840397e-14	4.999999912e-15	8.571394733e-14	6.34888626e-13	4.999999912e-15	1.200510004e-11	9.461629613e-13	5.609400097e-12	4.960710228e-12	7.548148773e-10	1.452766537e-13	4.999999912e-15	4.999999912e-15	4.119307976e-13	7.502485232e-14	4.999999912e-15	4.999999912e-15	3.438062769e-12	1.890306488e-14	4.999999912e-15	6.084705222e-14	5.407178871e-11	4.999999912e-15	8.767335816e-14	2.055243318e-13	1.685755702e-11	4.999999912e-15	3.289625733e-12	1.06825139e-12	4.31218572e-09	4.999999912e-15	8.945752125e-14	6.216923677e-14	9.998126188e-15	4.999999912e-15	5.358289767e-14	1.356647271e-14	4.999999912e-15	5.028537808e-14	6.699607774e-14	1	1	1	1	1	1	1	0	0	0	0	0	0	0	0	0	0
478.585	1747312662.443	05/15/2025_14:37:42.443	1	3	3.836203905e-05	6.891759313e-06	0.0120000001	5.777850258e-14	1.47909495e-12	9.127953656e-14	3.491083833e-13	1.390697995e-14	1.961155983e-13	4.999999912e-15	4.999999912e-15	1.588391555e-13	1.402327825e-13	4.999999912e-15	2.236587787e-14	2.030451951e-13	4.319290693e-13	4.999999912e-15	1.213664239e-11	9.216046979e-13	5.439591486e-12	4.988768947e-12	7.606070773e-10	5.875024588e-14	4.999999912e-15	4.999999912e-15	1.12020541e-13	4.999999912e-15	4.999999912e-15	1.09885896e-13	3.402544305e-12	4.999999912e-15	3.265671831e-14	1.319331742e-13	5.393432576e-11	4.999999912e-15	2.415642556e-13	1.782419833e-13	1.684988434e-11	4.999999912e-15	3.230116695e-12	1.004345804e-12	4.287425082e-09	4.999999912e-15	5.722255352e-13	4.999999912e-15	4.999999912e-15	4.345733029e-14	1.095195169e-13	4.999999912e-15	4.999999912e-15	1.042147732e-13	9.147069495e-14	1	1	1	1	1	1	1	0	0	0	0	0	0	0	0	0	0
487.604	1747312671.462	05/15/2025_14:37:51.462	1	3	3.835281677e-05	6.910277534e-06	0.0120000001	7.422236653e-14	1.374836226e-12	4.999999912e-15	3.751740401e-13	2.134833922e-13	1.265246995e-14	4.999999912e-15	3.07331607e-14	1.830409468e-13	4.999999912e-15	4.999999912e-15	1.191771562e-13	3.093189496e-13	3.287696179e-13	4.999999912e-15	1.247591006e-11	8.024514213e-13	5.502073623e-12	4.988327459e-12	7.60812191e-10	4.999999912e-15	4.999999912e-15	1.457326555e-13	1.001565909e-13	4.999999912e-15	4.999999912e-15	2.118744362e-13	3.23157061e-12	4.999999912e-15	1.050471559e-13	1.646575942e-13	5.429815972e-11	4.999999912e-15	3.472804455e-13	7.468433153e-14	1.695870527e-11	4.999999912e-15	3.239886007e-12	8.097632807e-13	4.364962169e-09	4.169307586e-14	9.646078966e-14	4.999999912e-15	7.538525468e-14	1.346293411e-13	2.966583142e-14	4.999999912e-15	1.293922109e-14	1.124864768e-13	4.999999912e-15	1	1	1	1	1	1	1	0	0	0	0	0	0	0	0	0	0
496.623	1747312680.481	05/15/2025_14:38:00.481	1	3	3.840089266e-05	6.936815225e-06	0.0120000001	1.808445836e-13	1.285295221e-12	4.999999912e-15	5.217808607e-13	1.858785071e-13	4.999999912e-15	4.999999912e-15	2.468271356e-13	4.537491802e-14	4.999999912e-15	4.999999912e-15	1.437752234e-13	4.999999912e-15	2.813955124e-13	1.061542347e-14	1.260639509e-11	7.335716236e-13	5.528996965e-12	5.235389379e-12	7.649276768e-10	4.999999912e-15	4.999999912e-15	1.233528118e-13	4.999999912e-15	4.999999912e-15	1.940883164e-14	1.09557342e-13	3.210767589e-12	4.999999912e-15	2.204787324e-13	4.999999912e-15	5.468936762e-11	6.23463683e-15	2.971662087e-13	4.999999912e-15	1.67304625e-11	9.420071602e-14	3.097823213e-12	8.28977078e-13	4.355892091e-09	1.09557342e-13	1.235180036e-14	4.999999912e-15	1.003019282e-13	5.509226972e-14	4.999999912e-15	4.999999912e-15	8.599670726e-14	1.005785895e-14	4.999999912e-15	1	1	1	1	1	1	1	0	0	0	0	0	0	0	0	0	0
505.642	1747312689.500	05/15/2025_14:38:09.500	1	3	3.845610263e-05	6.958112408e-06	0.01600000076	1.988854502e-13	1.106901788e-12	4.999999912e-15	5.516259107e-13	2.33993326e-14	4.999999912e-15	4.999999912e-15	1.064907982e-13	4.999999912e-15	4.999999912e-15	1.847076637e-13	1.438787782e-13	4.999999912e-15	3.020807346e-13	4.999999912e-15	1.246480176e-11	5.752502424e-13	5.675020783e-12	5.181664993e-12	7.639276989e-10	4.999999912e-15	6.319275073e-14	9.944967755e-14	4.999999912e-15	4.999999912e-15	1.60828409e-13	1.199337667e-14	3.259251159e-12	2.155144552e-14	1.980092793e-13	4.999999912e-15	5.349673829e-11	1.234722773e-13	3.20161405e-13	4.999999912e-15	1.680843312e-11	2.64597155e-13	3.042983834e-12	7.443802519e-13	4.340783732e-09	1.150452346e-13	4.999999912e-15	4.999999912e-15	1.729512258e-13	4.312082104e-14	4.999999912e-15	6.676111758e-14	1.760097873e-13	4.999999912e-15	4.999999912e-15	1	1	1	1	1	1	1	0	0	0	0	0	0	0	0	0	0
514.661	1747312698.519	05/15/2025_14:38:18.519	1	3	3.834942254e-05	6.960779501e-06	0.01400000043	1.099197502e-13	1.066538784e-12	4.999999912e-15	6.365691936e-13	4.999999912e-15	4.999999912e-15	9.101070863e-14	8.927431819e-14	4.999999912e-15	4.999999912e-15	1.118791474e-13	6.705183284e-14	4.999999912e-15	5.790615383e-13	1.018432029e-13	1.227267333e-11	6.599546755e-13	5.772931178e-12	5.039779358e-12	7.635717614e-10	4.999999912e-15	1.298483348e-13	4.999999912e-15	4.999999912e-15	4.999999912e-15	9.636321146e-14	4.999999912e-15	3.172197097e-12	8.58652884e-14	6.364280305e-14	4.999999912e-15	5.473373144e-11	1.654361869e-13	8.373065696e-14	4.999999912e-15	1.701976407e-11	3.116128503e-14	2.917665892e-12	7.881282974e-13	4.302363799e-09	4.999999912e-15	4.999999912e-15	4.342747407e-14	1.969300374e-13	4.999999912e-15	4.999999912e-15	6.985552544e-14	5.144032444e-14	4.999999912e-15	1.92756374e-13	1	1	1	1	1	1	1	0	0	0	0	0	0	0	0	0	0
523.68	1747312707.538	05/15/2025_14:38:27.538	1	3	3.837571057e-05	6.897043022e-06	0.0120000001	4.999999912e-15	1.293829627e-12	1.414613733e-13	6.008220722e-13	4.999999912e-15	4.999999912e-15	1.039141104e-13	4.999999912e-15	4.999999912e-15	3.611554686e-14	1.201946935e-13	4.999999912e-15	4.999999912e-15	5.598976144e-13	1.505594965e-14	1.230719259e-11	7.6695719e-13	5.532068293e-12	4.837642439e-12	7.62377772e-10	2.741771111e-14	1.161484239e-13	4.999999912e-15	4.999999912e-15	1.650379459e-13	4.999999912e-15	4.999999912e-15	3.28616084e-12	1.213257332e-13	4.999999912e-15	4.999999912e-15	5.39472321e-11	6.595265512e-14	4.999999912e-15	5.144031089e-14	1.694446493e-11	4.999999912e-15	2.832662273e-12	1.12662722e-12	4.309440804e-09	4.999999912e-15	4.999999912e-15	8.208986605e-14	4.999067837e-14	4.999999912e-15	4.999999912e-15	5.115359362e-14	4.999999912e-15	4.999999912e-15	6.846960336e-14	1	1	1	1	1	1	1	0	0	0	0	0	0	0	0	0	0
532.699	1747312716.557	05/15/2025_14:38:36.557	1	3	3.836961696e-05	6.984834272e-06	0.006000000052	4.999999912e-15	1.419918545e-12	2.300826359e-13	4.470188325e-13	4.999999912e-15	1.532676167e-13	8.529381221e-14	4.999999912e-15	4.999999912e-15	1.401570917e-13	4.999999912e-15	4.999999912e-15	7.079740575e-14	4.772860709e-13	4.999999912e-15	1.232643848e-11	9.521785487e-13	5.606304483e-12	4.842790231e-12	7.60249419e-10	1.623477828e-13	4.999999912e-15	4.999999912e-15	6.699010785e-14	7.645259073e-14	4.999999912e-15	4.999999912e-15	3.32746981e-12	1.700101377e-13	4.999999912e-15	8.816122881e-14	5.403025596e-11	4.999999912e-15	9.493151572e-14	1.53920713e-13	1.681427046e-11	4.999999912e-15	3.102982931e-12	1.055931384e-12	4.354231198e-09	4.999999912e-15	7.559237118e-14	7.916072447e-14	4.999999912e-15	4.999999912e-15	1.617264536e-13	4.999999912e-15	4.999999912e-15	1.564735483e-14	1.63749602e-13	1	1	1	1	1	1	1	0	0	0	0	0	0	0	0	0	0
541.718	1747312725.576	05/15/2025_14:38:45.576	1	3	3.838839257e-05	6.92087724e-06	0.0120000001	4.500654678e-14	1.426051551e-12	4.999999912e-15	3.293590444e-13	2.853480527e-14	2.239176726e-13	4.999999912e-15	4.999999912e-15	1.75553826e-13	8.245823729e-14	4.999999912e-15	4.999999912e-15	1.228729304e-13	4.059510161e-13	4.999999912e-15	1.243880866e-11	9.641739447e-13	5.603532829e-12	4.958267737e-12	7.649896827e-10	5.42300986e-14	4.999999912e-15	4.999999912e-15	2.533564992e-13	4.999999912e-15	4.999999912e-15	4.296748775e-14	3.388784696e-12	4.999999912e-15	8.550088805e-14	1.273493165e-13	5.401728717e-11	4.999999912e-15	2.133241229e-13	2.233441025e-13	1.671118625e-11	4.999999912e-15	3.086574616e-12	9.303225508e-13	4.333352788e-09	4.999999912e-15	1.179346063e-13	4.999999912e-15	4.999999912e-15	8.384415937e-14	2.099985767e-14	4.999999912e-15	4.999999912e-15	8.784261567e-14	4.519770517e-14	1	1	1	1	1	1	1	0	0	0	0	0	0	0	0	0	0
550.737	1747312734.595	05/15/2025_14:38:54.595	1	3	3.848431152e-05	6.889119049e-06	0.01400000043	1.463320296e-13	1.608907452e-12	4.999999912e-15	4.186891448e-13	9.77929692e-14	1.055349994e-13	4.999999912e-15	1.610334994e-14	1.066182529e-13	4.999999912e-15	4.999999912e-15	3.775237366e-14	5.075134784e-14	3.080863201e-13	4.999999912e-15	1.264439768e-11	8.064121744e-13	5.502067985e-12	5.058334394e-12	7.662023238e-10	4.999999912e-15	4.999999912e-15	1.046588421e-13	4.999999912e-15	4.999999912e-15	9.77929692e-14	1.688890455e-13	3.132255956e-12	4.999999912e-15	3.788001e-13	1.669296483e-13	5.431115627e-11	4.999999912e-15	3.640647625e-13	7.565011849e-14	1.692011808e-11	4.999999912e-15	3.158110926e-12	8.829564141e-13	4.370377393e-09	6.043685111e-14	7.27030266e-14	4.999999912e-15	4.999999912e-15	1.045314077e-13	3.389728954e-14	4.999999912e-15	4.999999912e-15	1.280283117e-13	1.475427311e-13	1	1	1	1	1	1	1	0	0	0	0	0	0	0	0	0	0
559.756	1747312743.614	05/15/2025_14:39:03.614	1	3	3.842629303e-05	6.889119049e-06	0.01400000043	1.96382434e-13	1.498222987e-12	4.999999912e-15	5.033716499e-13	1.814240761e-13	4.999999912e-15	4.999999912e-15	9.527403551e-14	1.092925257e-13	4.999999912e-15	2.879765653e-14	9.775912176e-14	4.999999912e-15	2.779446053e-13	2.929148352e-14	1.2412852e-11	6.340144338e-13	5.581445462e-12	5.097631518e-12	7.646315248e-10	4.999999912e-15	4.999999912e-15	1.293007585e-13	4.999999912e-15	4.999999912e-15	4.592253498e-14	8.391585224e-14	3.080322239e-12	4.999999912e-15	1.090535675e-13	6.142253318e-14	5.421811264e-11	4.999999912e-15	2.298197711e-13	4.999999912e-15	1.678213124e-11	8.259365414e-14	3.165548336e-12	7.236850008e-13	4.327379788e-09	9.963885728e-14	4.999999912e-15	4.999999912e-15	8.265737812e-14	1.24378318e-13	4.999999912e-15	4.999999912e-15	5.074934884e-14	1.253181857e-13	4.999999912e-15	1	1	1	1	1	1	1	0	0	0	0	0	0	0	0	0	0
568.775	1747312752.633	05/15/2025_14:39:12.633	1	3	3.837663462e-05	6.928837593e-06	0.01400000043	1.675788008e-13	1.281507886e-12	4.999999912e-15	4.338665386e-13	6.817491721e-14	4.999999912e-15	4.999999912e-15	1.65029977e-13	1.850482387e-14	4.999999912e-15	4.999999912e-15	1.909005045e-13	4.999999912e-15	3.505839282e-13	4.085477074e-14	1.2417436e-11	6.996923115e-13	5.385359259e-12	5.159853014e-12	7.59518004e-10	4.999999912e-15	4.999999912e-15	6.089485199e-14	4.999999912e-15	4.999999912e-15	5.004643347e-14	6.901919899e-14	2.929621389e-12	4.999999912e-15	2.038994651e-13	4.999999912e-15	5.389073562e-11	3.891129769e-14	3.069991635e-13	4.999999912e-15	1.665430467e-11	1.407046815e-13	3.022079765e-12	8.168104322e-13	4.260346298e-09	1.601075907e-13	4.999999912e-15	4.999999912e-15	1.34061829e-13	9.813944633e-14	4.999999912e-15	4.999999912e-15	9.415691425e-14	3.973965525e-14	4.999999912e-15	1	1	1	1	1	1	1	0	0	0	0	0	0	0	0	0	0
577.794	1747312761.652	05/15/2025_14:39:21.652	1	3	3.830301284e-05	6.963447049e-06	0.01000000071	1.788393923e-13	1.244882561e-12	4.999999912e-15	6.416887421e-13	4.540878578e-14	4.999999912e-15	4.999999912e-15	1.026456616e-13	4.999999912e-15	4.999999912e-15	2.50341604e-14	1.168872128e-13	4.999999912e-15	3.573044367e-13	1.267320125e-13	1.246694414e-11	5.93133832e-13	5.547940579e-12	5.228875926e-12	7.561488657e-10	4.999999912e-15	1.550796709e-14	8.636510561e-14	4.999999912e-15	4.999999912e-15	1.32259763e-13	4.999999912e-15	2.949547941e-12	4.999999912e-15	1.791261367e-13	4.999999912e-15	5.327187996e-11	1.576842227e-13	9.238668316e-14	4.999999912e-15	1.647105889e-11	7.99930597e-14	3.034375702e-12	6.497653977e-13	4.339402615e-09	1.623358024e-13	4.999999912e-15	4.999999912e-15	1.719097954e-13	4.38317053e-14	4.999999912e-15	4.999999912e-15	1.326261692e-13	4.999999912e-15	4.999999912e-15	1	1	1	1	1	1	1	0	0	0	0	0	0	0	0	0	0
586.813	1747312770.671	05/15/2025_14:39:30.671	1	3	3.832810762e-05	7.006286069e-06	0.0120000001	1.176139942e-13	1.233980257e-12	1.260271184e-14	6.641920629e-13	2.413610219e-14	4.999999912e-15	9.539149527e-14	1.438349629e-13	4.999999912e-15	4.999999912e-15	1.407764015e-13	1.036114282e-13	4.999999912e-15	4.302902435e-13	5.766899816e-14	1.230894553e-11	6.235703143e-13	5.647879733e-12	5.064964941e-12	7.598529583e-10	4.999999912e-15	1.303899615e-13	4.999999912e-15	4.999999912e-15	4.999999912e-15	1.871648859e-13	4.999999912e-15	3.086843715e-12	1.350415412e-13	1.656432831e-13	4.999999912e-15	5.394720781e-11	2.08718283e-13	2.4263355e-13	4.999999912e-15	1.685238754e-11	1.401073132e-13	2.900333836e-12	7.508359711e-13	4.319777869e-09	5.695212368e-14	4.999999912e-15	4.999999912e-15	2.582131557e-13	4.999999912e-15	4.999999912e-15	1.196371154e-13	7.654617771e-14	4.999999912e-15	4.999999912e-15	1	1	1	1	1	1	1	0	0	0	0	0	0	0	0	0	0
595.832	1747312779.690	05/15/2025_14:39:39.690	1	3	3.844682942e-05	6.823423064e-06	0.01400000043	1.806074821e-14	1.204806328e-12	9.920875428e-14	5.444394935e-13	4.999999912e-15	4.999999912e-15	1.15107007e-13	1.032868588e-13	4.999999912e-15	4.999999912e-15	1.592015365e-13	4.999999912e-15	4.999999912e-15	5.11941997e-13	4.851913142e-14	1.209009108e-11	8.156496312e-13	5.889103875e-12	5.054779512e-12	7.627914966e-10	4.999999912e-15	1.537215993e-13	4.999999912e-15	4.999999912e-15	2.109425644e-13	1.054173838e-14	4.999999912e-15	3.121804031e-12	1.567801607e-13	5.777453169e-14	4.999999912e-15	5.422247373e-11	1.051984834e-13	9.94955122e-14	4.999999912e-15	1.67947635e-11	3.931153092e-14	2.932522281e-12	8.730457763e-13	4.360793948e-09	4.999999912e-15	4.999999912e-15	7.233464858e-14	2.273346713e-13	4.999999912e-15	4.999999912e-15	5.731253959e-14	4.999999912e-15	4.999999912e-15	4.999999912e-15	1	1	1	1	1	1	1	0	0	0	0	0	0	0	0	0	0
604.851	1747312788.709	05/15/2025_14:39:48.709	1	3	3.846310938e-05	6.984834272e-06	0.0120000001	4.999999912e-15	1.318374012e-12	2.057035369e-13	4.06932734e-13	4.999999912e-15	8.302572226e-14	1.31102838e-13	4.999999912e-15	4.999999912e-15	1.538191774e-13	4.999999912e-15	4.999999912e-15	4.999999912e-15	5.364126569e-13	4.999999912e-15	1.213968336e-11	8.700209064e-13	5.73154111e-12	5.039249833e-12	7.688603088e-10	7.550673953e-14	4.999999912e-15	4.999999912e-15	4.999999912e-15	1.3709254e-13	4.999999912e-15	4.999999912e-15	3.24117057e-12	9.153242671e-14	4.999999912e-15	4.999999912e-15	5.43902319e-11	4.999999912e-15	4.999999912e-15	7.14445457e-14	1.68687269e-11	4.999999912e-15	3.03925613e-12	9.651715191e-13	4.294084643e-09	4.999999912e-15	4.999999912e-15	1.05264186e-13	6.911666877e-15	4.999999912e-15	6.865679086e-14	5.070355485e-14	4.999999912e-15	4.999999912e-15	6.28582337e-14	1	1	1	1	1	1	1	0	0	0	0	0	0	0	0	0	0
613.87	1747312797.728	05/15/2025_14:39:57.728	1	3	3.833126539e-05	6.995547665e-06	0.0120000001	4.999999912e-15	1.390011804e-12	1.81585324e-13	2.95310407e-13	4.999999912e-15	1.230899605e-13	4.999999912e-15	4.999999912e-15	7.048874017e-14	1.260529767e-13	4.999999912e-15	4.999999912e-15	1.448345567e-13	4.462004225e-13	4.999999912e-15	1.26209156e-11	9.175566123e-13	5.520753559e-12	4.781819038e-12	7.622105169e-10	1.713263591e-13	4.999999912e-15	4.999999912e-15	1.110308406e-13	4.999999912e-15	4.999999912e-15	2.696767234e-14	3.266276138e-12	4.999999912e-15	4.999999912e-15	5.624721609e-14	5.383959945e-11	4.999999912e-15	1.567662016e-13	1.967189432e-13	1.684927718e-11	4.999999912e-15	3.175076521e-12	9.041592887e-13	4.331794479e-09	4.999999912e-15	2.677651395e-14	4.999999912e-15	4.999999912e-15	4.999999912e-15	9.022615283e-14	4.999999912e-15	4.999999912e-15	2.01017859e-14	3.614342441e-14	1	1	1	1	1	1	1	0	0	0	0	0	0	0	0	0	0
622.889	1747312806.747	05/15/2025_14:40:06.747	1	3	3.822751387e-05	6.915575341e-06	0.01600000076	2.991874191e-14	1.553538331e-12	4.999999912e-15	2.581016726e-13	8.102252999e-14	1.24575453e-13	4.999999912e-15	4.999999912e-15	1.343087425e-13	4.999999912e-15	4.999999912e-15	1.76047531e-14	1.237311306e-13	2.931000982e-13	4.999999912e-15	1.253027803e-11	7.073945379e-13	5.257687948e-12	4.95600349e-12	7.671162594e-10	4.999999912e-15	4.999999912e-15	4.999999912e-15	1.997832916e-14	4.999999912e-15	4.999999912e-15	6.278253606e-14	3.16246378e-12	4.999999912e-15	8.344391936e-14	1.260888095e-13	5.435769196e-11	4.999999912e-15	2.205862175e-13	1.285579716e-13	1.678739266e-11	4.999999912e-15	3.347396579e-12	9.827146692e-13	4.314800961e-09	4.999999912e-15	1.906376261e-13	4.999999912e-15	1.161501044e-14	6.174708233e-14	9.725531334e-14	4.999999912e-15	4.999999912e-15	9.902355222e-14	4.999999912e-15	1	1	1	1	1	1	1	0	0	0	0	0	0	0	0	0	0
631.908	1747312815.766	05/15/2025_14:40:15.766	1	3	3.82738217e-05	6.910277534e-06	0.0120000001	1.767087182e-13	1.476701465e-12	4.999999912e-15	4.131275129e-13	1.628973378e-13	3.861060777e-14	4.999999912e-15	5.310700068e-14	1.795443134e-13	4.999999912e-15	4.999999912e-15	1.085915754e-13	3.166508668e-14	2.134754504e-13	4.999999912e-15	1.227645763e-11	6.876670457e-13	5.234949193e-12	5.136166666e-12	7.559921023e-10	1.263217775e-13	4.999999912e-15	6.71095666e-14	2.816045736e-14	4.999999912e-15	4.999999912e-15	4.999999912e-15	3.012555483e-12	4.999999912e-15	1.417739895e-13	2.806487139e-14	5.353188379e-11	4.999999912e-15	3.261969145e-13	6.411470205e-14	1.676906704e-11	4.839169701e-14	3.222195514e-12	7.003315029e-13	4.347570304e-09	1.677400894e-13	7.690246009e-15	4.999999912e-15	1.088942575e-13	9.90335201e-14	4.999999912e-15	1.990864884e-14	5.718511873e-14	3.703352729e-14	4.999999912e-15	1	1	1	1	1	1	1	0	0	0	0	0	0	0	0	0	0
640.927	1747312824.785	05/15/2025_14:40:24.785	1	3	3.827017281e-05	6.904983366e-06	0.0120000001	2.484201267e-13	1.240324575e-12	4.999999912e-15	4.648466399e-13	1.160567953e-13	4.999999912e-15	4.999999912e-15	1.578255755e-13	1.824594349e-14	4.999999912e-15	4.999999912e-15	1.469293708e-13	4.999999912e-15	4.493784901e-13	1.149735689e-13	1.274151444e-11	6.042510242e-13	5.527531991e-12	5.034192681e-12	7.601606566e-10	4.999999912e-15	4.999999912e-15	9.934613624e-14	4.999999912e-15	4.999999912e-15	7.83820979e-14	4.193399913e-14	2.917510417e-12	4.999999912e-15	2.911605961e-13	4.999999912e-15	5.412683496e-11	5.881993297e-14	3.137813902e-13	4.999999912e-15	1.690347862e-11	1.065943259e-13	3.052294962e-12	6.557052535e-13	4.317628477e-09	1.070881665e-13	4.999999912e-15	4.999999912e-15	1.561688333e-13	1.187490319e-13	4.999999912e-15	4.999999912e-15	9.991962498e-14	4.999999912e-15	4.999999912e-15	1	1	1	1	1	1	1	0	0	0	0	0	0	0	0	0	0
649.946	1747312833.804	05/15/2025_14:40:33.804	1	3	3.832348011e-05	6.92087724e-06	0.01400000043	1.942298996e-13	1.187679512e-12	4.999999912e-15	5.488978412e-13	4.999999912e-15	4.999999912e-15	4.999999912e-15	1.698567909e-13	4.999999912e-15	4.999999912e-15	2.159524729e-14	1.166820682e-13	4.999999912e-15	2.944621543e-13	1.157262627e-13	1.220510498e-11	4.938912235e-13	5.4160244e-12	5.014857453e-12	7.631458798e-10	4.999999912e-15	1.265746812e-13	3.816257477e-14	4.999999912e-15	4.999999912e-15	1.065027108e-13	4.999999912e-15	2.850783195e-12	2.258511168e-13	2.044410512e-13	4.999999912e-15	5.410797158e-11	1.429667609e-13	2.04520713e-13	4.999999912e-15	1.703305899e-11	8.60006646e-14	3.047774923e-12	7.265664307e-13	4.360471539e-09	1.24296664e-13	4.999999912e-15	4.999999912e-15	2.146203815e-13	1.737377061e-14	4.999999912e-15	4.999999912e-15	6.49888536e-14	4.999999912e-15	4.999999912e-15	1	1	1	1	1	1	1	0	0	0	0	0	0	0	0	0	0
658.965	1747312842.823	05/15/2025_14:40:42.823	1	3	3.835101597e-05	6.873290204e-06	0.01400000043	1.237929301e-13	1.175212054e-12	4.999999912e-15	4.981186362e-13	4.999999912e-15	4.999999912e-15	4.957449382e-14	8.559247603e-14	4.999999912e-15	4.999999912e-15	5.115158785e-14	4.999999912e-15	4.999999912e-15	4.347327619e-13	7.751591524e-14	1.208278356e-11	6.520035163e-13	5.691765202e-12	5.01599413e-12	7.574851302e-10	4.999999912e-15	1.192368957e-13	4.999999912e-15	4.999999912e-15	7.885388848e-15	2.463273184e-13	4.999999912e-15	3.016047915e-12	1.256248252e-13	1.285241445e-13	4.999999912e-15	5.382485777e-11	1.66867903e-13	6.814900478e-14	4.999999912e-15	1.667763323e-11	1.071937135e-13	2.938818893e-12	7.519491215e-13	4.32492353e-09	4.999999912e-15	4.999999912e-15	4.999999912e-15	2.398597e-13	4.999999912e-15	4.999999912e-15	6.023174039e-14	4.999999912e-15	4.999999912e-15	4.999999912e-15	1	1	1	1	1	1	1	0	0	0	0	0	0	0	0	0	0
667.984	1747312851.842	05/15/2025_14:40:51.842	1	3	3.822371946e-05	6.881195986e-06	0.01400000043	4.999999912e-15	1.231210446e-12	1.2524652e-13	4.350553121e-13	4.999999912e-15	4.999999912e-15	1.186036946e-13	4.999999912e-15	4.999999912e-15	4.999999912e-15	1.303441675e-13	4.999999912e-15	4.999999912e-15	4.707706122e-13	6.057423985e-15	1.20190663e-11	7.449916335e-13	5.532851087e-12	4.83673648e-12	7.60002894e-10	4.999999912e-15	1.153220585e-13	4.999999912e-15	4.999999912e-15	6.122339235e-14	2.197161452e-14	4.999999912e-15	2.926397406e-12	1.080897795e-13	4.999999912e-15	4.999999912e-15	5.346872944e-11	1.121997731e-13	7.001684117e-14	4.999999912e-15	1.699751104e-11	1.886523977e-14	2.795499509e-12	9.027156193e-13	4.333467807e-09	4.999999912e-15	4.999999912e-15	4.053018771e-14	2.127506613e-13	4.999999912e-15	4.999999912e-15	1.383888934e-13	4.999999912e-15	4.999999912e-15	4.999999912e-15	1	1	1	1	1	1	1	0	0	0	0	0	0	0	0	0	0
677.003	1747312860.861	05/15/2025_14:41:00.861	1	3	3.81586251e-05	6.942141226e-06	0.0120000001	4.999999912e-15	1.201839192e-12	1.969997516e-13	3.898974785e-13	4.999999912e-15	4.999999912e-15	1.062299662e-13	4.999999912e-15	4.999999912e-15	1.088583976e-13	1.350077005e-14	4.999999912e-15	4.999999912e-15	5.893424854e-13	4.999999912e-15	1.207875987e-11	8.75192334e-13	5.658893493e-12	4.840499963e-12	7.568535798e-10	2.051001513e-14	4.806911976e-14	1.644863716e-13	4.999999912e-15	7.553263841e-14	4.999999912e-15	4.999999912e-15	3.008839705e-12	1.440321115e-13	4.999999912e-15	4.999999912e-15	5.316351179e-11	3.911638808e-14	4.999999912e-15	4.999999912e-15	1.683882374e-11	4.999999912e-15	2.957751882e-12	9.310911417e-13	4.296754508e-09	4.999999912e-15	4.999999912e-15	3.266468042e-14	7.390775817e-14	4.999999912e-15	4.999999912e-15	2.594617229e-13	4.999999912e-15	4.999999912e-15	4.999999912e-15	1	1	1	1	1	1	1	0	0	0	0	0	0	0	0	0	0
686.022	1747312869.880	05/15/2025_14:41:09.880	1	3	3.816349999e-05	6.912925983e-06	0.0120000001	4.999999912e-15	1.425217474e-12	1.942975674e-13	3.381624137e-13	4.999999912e-15	1.103140474e-13	7.413675522e-14	4.999999912e-15	4.999999912e-15	6.849749446e-14	4.999999912e-15	4.999999912e-15	4.999999912e-15	5.622831844e-13	4.999999912e-15	1.217517493e-11	8.454409048e-13	5.498356111e-12	4.809777143e-12	7.526566037e-10	9.674159802e-14	4.999999912e-15	4.999999912e-15	4.999999912e-15	6.206172457e-14	4.999999912e-15	4.999999912e-15	2.997662448e-12	4.999999912e-15	4.999999912e-15	4.999999912e-15	5.350831236e-11	4.999999912e-15	8.772514236e-14	6.583717404e-14	1.709616129e-11	4.999999912e-15	2.743147072e-12	9.698550556e-13	4.295204192e-09	4.999999912e-15	4.999999912e-15	2.001120623e-13	4.999999912e-15	4.999999912e-15	4.383769552e-14	1.959384261e-13	4.999999912e-15	4.999999912e-15	1.064270742e-13	1	1	1	1	1	1	1	0	0	0	0	0	0	0	0	0	0
695.041	1747312878.899	05/15/2025_14:41:18.899	1	3	3.817664765e-05	7.025112609e-06	0.01400000043	4.999999912e-15	1.509756404e-12	1.426183119e-13	3.420155055e-13	4.999999912e-15	4.999999912e-15	4.999999912e-15	4.999999912e-15	2.935522105e-14	6.664760161e-14	4.999999912e-15	4.999999912e-15	4.977763265e-14	4.636100531e-13	4.999999912e-15	1.210162526e-11	8.784779544e-13	5.43738882e-12	4.729661975e-12	7.56752383e-10	5.965429431e-14	4.999999912e-15	4.999999912e-15	4.999999912e-15	4.999999912e-15	4.999999912e-15	4.999999912e-15	3.027863984e-12	4.999999912e-15	4.999999912e-15	1.156964336e-13	5.318170557e-11	4.999999912e-15	1.448485429e-13	2.077087417e-13	1.674705166e-11	4.999999912e-15	3.196946397e-12	1.057436907e-12	4.331767389e-09	4.999999912e-15	8.985775448e-14	4.999999912e-15	1.029842173e-13	4.999999912e-15	3.649191409e-14	4.999999912e-15	4.999999912e-15	3.947082732e-14	3.714506458e-14	1	1	1	1	1	1	1	0	0	0	0	0	0	0	0	0	0
704.06	1747312887.918	05/15/2025_14:41:27.918	1	3	3.825116073e-05	6.931493317e-06	0.01400000043	2.52392779e-14	1.514911785e-12	4.999999912e-15	3.054021608e-13	1.002223207e-13	1.29995705e-13	4.999999912e-15	5.096640612e-14	1.052562307e-13	4.999999912e-15	4.999999912e-15	5.95367939e-14	8.625160319e-14	1.098441e-13	4.999999912e-15	1.237281198e-11	8.080131616e-13	5.272681597e-12	5.026831815e-12	7.630084342e-10	4.999999912e-15	4.999999912e-15	4.999999912e-15	1.093343352e-13	4.999999912e-15	4.999999912e-15	1.130141716e-13	2.949498068e-12	4.999999912e-15	4.999999912e-15	1.696297996e-13	5.309501103e-11	4.999999912e-15	2.803759557e-13	1.276061776e-13	1.643776261e-11	4.999999912e-15	3.408285373e-12	7.566543963e-13	4.306082602e-09	1.220844172e-14	1.199597333e-13	4.999999912e-15	4.999999912e-15	4.964420802e-14	4.999999912e-15	4.999999912e-15	4.999999912e-15	6.300957477e-14	4.999999912e-15	1	1	1	1	1	1	1	0	0	0	0	0	0	0	0	0	0
713.079	1747312896.937	05/15/2025_14:41:36.937	1	3	3.823365842e-05	6.95545441e-06	0.01400000043	2.731416981e-13	1.452893903e-12	4.999999912e-15	4.311843309e-13	2.124639034e-13	4.999999912e-15	4.999999912e-15	9.955128085e-14	3.581488404e-14	4.999999912e-15	4.999999912e-15	1.546694494e-13	4.999999912e-15	3.068179391e-13	4.699781959e-14	1.251219961e-11	6.962454701e-13	5.426963132e-12	5.074110836e-12	7.576871908e-10	4.999999912e-15	4.999999912e-15	4.876605847e-14	4.999999912e-15	4.999999912e-15	6.477582143e-14	9.568024541e-14	2.838001318e-12	4.999999912e-15	1.885209247e-13	6.004456643e-14	5.424640598e-11	5.056615933e-14	3.471849002e-13	4.999999912e-15	1.665840903e-11	6.836011249e-14	3.22970665e-12	5.080630469e-13	4.29166036e-09	1.077871109e-13	4.999999912e-15	4.999999912e-15	1.481221694e-13	1.334505287e-13	4.999999912e-15	4.999999912e-15	6.692639064e-14	4.999999912e-15	4.999999912e-15	1	1	1	1	1	1	1	0	0	0	0	0	0	0	0	0	0
722.098	1747312905.956	05/15/2025_14:41:45.956	1	3	3.81533464e-05	6.886486972e-06	0.0120000001	2.345012205e-13	1.26357052e-12	4.999999912e-15	5.193793529e-13	7.543904466e-14	4.999999912e-15	9.360927018e-15	1.170644256e-13	4.999999912e-15	4.999999912e-15	2.538662097e-14	2.206738481e-13	4.999999912e-15	3.65988354e-13	1.547869092e-13	1.218541414e-11	6.718942893e-13	5.640958187e-12	5.17688236e-12	7.530580048e-10	4.999999912e-15	7.754181412e-14	6.846164803e-14	3.293749279e-14	4.999999912e-15	2.204827033e-13	4.999999912e-15	2.653137909e-12	5.434755835e-14	2.157195863e-13	4.999999912e-15	5.403499176e-11	3.661735628e-14	2.336569252e-13	4.999999912e-15	1.654198133e-11	1.718321666e-13	3.017507685e-12	7.520704979e-13	4.278128074e-09	1.428871398e-13	4.999999912e-15	4.999999912e-15	2.193198151e-13	9.627563503e-14	4.999999912e-15	4.999999912e-15	8.765742038e-14	4.999999912e-15	1.04495568e-13	1	1	1	1	1	1	1	0	0	0	0	0	0	0	0	0	0
731.117	1747312914.975	05/15/2025_14:41:54.975	1	3	3.811900024e-05	6.939473678e-06	0.0120000001	4.999999912e-15	1.244944035e-12	5.627112274e-14	6.180465211e-13	4.999999912e-15	4.999999912e-15	1.068332976e-13	1.727839334e-13	4.999999912e-15	4.999999912e-15	1.694705032e-13	4.056404193e-14	4.999999912e-15	4.640820063e-13	1.384067557e-13	1.213016493e-11	6.344386279e-13	5.571913157e-12	5.047047849e-12	7.484032283e-10	2.092220169e-14	1.125362959e-13	4.999999912e-15	4.999999912e-15	1.066320968e-14	1.676704294e-13	4.999999912e-15	2.840663468e-12	1.404139934e-13	1.521863148e-13	4.999999912e-15	5.410652829e-11	3.356215588e-13	9.431222621e-14	4.999999912e-15	1.661366357e-11	1.5594584e-13	2.943364953e-12	7.830824747e-13	4.269962606e-09	4.999999912e-15	4.999999912e-15	6.537318972e-15	2.779386422e-13	4.999999912e-15	4.999999912e-15	1.032968199e-13	5.641449493e-14	4.999999912e-15	4.999999912e-15	1	1	1	1	1	1	1	0	0	0	0	0	0	0	0	0	0
740.136	1747312923.994	05/15/2025_14:42:03.994	1	3	3.815425589e-05	6.836508874e-06	0.01400000043	4.999999912e-15	1.255177386e-12	7.974214144e-14	5.323485251e-13	4.999999912e-15	4.999999912e-15	1.515391545e-13	4.999999912e-15	4.999999912e-15	5.031923906e-14	1.142626846e-13	4.999999912e-15	4.999999912e-15	5.080709616e-13	1.463300238e-13	1.209389793e-11	7.910056616e-13	5.606933754e-12	4.959342399e-12	7.537224178e-10	1.46568982e-13	1.78397336e-13	4.999999912e-15	4.999999912e-15	1.230561334e-13	5.64045406e-14	4.999999912e-15	2.831876227e-12	2.038058578e-13	7.824473627e-14	4.999999912e-15	5.409992593e-11	1.415191206e-13	9.535366339e-14	4.999999912e-15	1.692639258e-11	1.173213002e-13	2.922072306e-12	8.966383408e-13	4.276931698e-09	1.712088723e-14	4.999999912e-15	6.680690479e-14	2.451922942e-13	4.999999912e-15	4.999999912e-15	1.241712354e-13	7.278068258e-14	4.999999912e-15	4.999999912e-15	1	1	1	1	1	1	1	0	0	0	0	0	0	0	0	0	0
749.155	1747312933.013	05/15/2025_14:42:13.013	1	3	3.819375343e-05	6.947448128e-06	0.0120000001	5.446702388e-14	1.35595723e-12	1.94078545e-13	5.074876066e-13	4.999999912e-15	2.25749527e-14	1.418755657e-13	4.999999912e-15	4.999999912e-15	1.200353971e-13	1.825789682e-14	4.999999912e-15	4.999999912e-15	5.624464653e-13	4.119725665e-14	1.216687948e-11	7.664633902e-13	5.710038779e-12	4.868817589e-12	7.54562357e-10	1.606890212e-13	1.058097837e-13	4.999999912e-15	4.999999912e-15	1.450615751e-13	2.1443913e-14	4.999999912e-15	2.935125233e-12	1.684629134e-13	4.999999912e-15	4.999999912e-15	5.305361359e-11	1.291633358e-13	4.999999912e-15	4.999999912e-15	1.68373978e-11	4.999999912e-15	2.95858997e-12	9.094361006e-13	4.297488587e-09	4.999999912e-15	4.999999912e-15	1.514814072e-13	1.764916745e-13	4.999999912e-15	1.301689063e-14	6.506056002e-14	4.999999912e-15	4.999999912e-15	4.999999912e-15	1	1	1	1	1	1	1	0	0	0	0	0	0	0	0	0	0
758.174	1747312942.032	05/15/2025_14:42:22.032	1	3	3.830361675e-05	6.915575341e-06	0.01400000043	4.999999912e-15	1.403353345e-12	2.145527137e-13	3.826950963e-13	4.999999912e-15	2.837749431e-14	1.153877612e-13	4.999999912e-15	4.999999912e-15	6.017399984e-14	1.093403661e-14	4.999999912e-15	4.999999912e-15	5.929884405e-13	4.999999912e-15	1.201629594e-11	8.63656965e-13	5.578698961e-12	4.861270241e-12	7.569762595e-10	1.862608375e-13	4.999999912e-15	4.999999912e-15	4.999999912e-15	2.426693286e-13	4.999999912e-15	4.999999912e-15	2.964456371e-12	1.493189253e-13	4.999999912e-15	4.999999912e-15	5.359643285e-11	4.999999912e-15	3.177061343e-14	1.640064766e-13	1.688868143e-11	4.999999912e-15	3.009012961e-12	9.197468091e-13	4.283921218e-09	4.999999912e-15	4.999999912e-15	1.460372892e-13	2.124080805e-14	4.999999912e-15	8.007070891e-14	8.477010191e-14	4.999999912e-15	4.999999912e-15	1.331657766e-13	1	1	1	1	1	1	1	0	0	0	0	0	0	0	0	0	0
767.193	1747312951.051	05/15/2025_14:42:31.051	1	3	3.819191625e-05	6.936815225e-06	0.0120000001	4.999999912e-15	1.48442955e-12	1.482117651e-13	2.170298446e-13	4.999999912e-15	2.33644999e-13	4.999999912e-15	4.999999912e-15	6.174310466e-14	2.266516239e-13	4.999999912e-15	4.999999912e-15	1.377775389e-13	4.524768689e-13	4.999999912e-15	1.222447837e-11	9.971275108e-13	5.325529948e-12	4.933059603e-12	7.555496784e-10	1.730149227e-13	4.999999912e-15	4.999999912e-15	1.594265627e-13	4.999999912e-15	4.999999912e-15	4.999999912e-15	3.136780115e-12	4.999999912e-15	4.999999912e-15	9.371485792e-14	5.392808075e-11	4.999999912e-15	2.20215854e-13	1.733972395e-13	1.661379714e-11	4.999999912e-15	3.053513822e-12	1.005299576e-12	4.317816771e-09	4.999999912e-15	1.478612968e-13	1.163356249e-13	4.999999912e-15	4.999999912e-15	2.111675635e-13	4.999999912e-15	4.999999912e-15	6.156788404e-14	1.266742516e-13	1	1	1	1	1	1	1	0	0	0	0	0	0	0	0	0	0
776.212	1747312960.070	05/15/2025_14:42:40.070	1	3	3.810849012e-05	6.870664947e-06	0.01400000043	2.13861589e-14	1.540657033e-12	4.999999912e-15	3.455161504e-13	1.220804057e-13	9.987383099e-14	4.999999912e-15	4.999999912e-15	1.41801867e-13	2.461998162e-14	4.999999912e-15	1.053776071e-14	1.627181327e-13	2.793584049e-13	4.999999912e-15	1.239462179e-11	9.223613626e-13	5.397559569e-12	4.82783518e-12	7.579353256e-10	1.461587199e-14	4.999999912e-15	4.783014805e-14	1.080619155e-13	4.999999912e-15	4.999999912e-15	1.992936659e-13	2.970511857e-12	4.999999912e-15	1.757886778e-14	1.597391788e-13	5.327012789e-11	4.999999912e-15	2.667576988e-13	1.473455554e-13	1.657487689e-11	3.479932542e-14	3.605183209e-12	8.892108512e-13	4.330370285e-09	6.073354981e-14	1.008933741e-13	4.999999912e-15	1.057679741e-13	6.176900354e-14	9.757990314e-14	4.999999912e-15	4.999999912e-15	2.356939513e-13	4.999999912e-15	1	1	1	1	1	1	1	0	0	0	0	0	0	0	0	0	0
785.231	1747312969.089	05/15/2025_14:42:49.089	1	3	3.808486508e-05	6.95278186e-06	0.01400000043	1.927423743e-13	1.498804553e-12	4.999999912e-15	4.454417521e-13	2.087043781e-13	4.999999912e-15	4.999999912e-15	9.448546817e-14	1.858924391e-13	4.999999912e-15	4.999999912e-15	2.037979025e-13	1.247686172e-13	2.434320107e-13	8.484775111e-14	1.26291564e-11	8.059242835e-13	5.392824642e-12	5.06914042e-12	7.510491673e-10	4.999999912e-15	4.999999912e-15	1.194798248e-13	4.999999912e-15	4.999999912e-15	2.012370712e-14	1.938893788e-13	2.767399157e-12	4.999999912e-15	1.128847585e-13	1.093801427e-13	5.395382752e-11	7.594283275e-14	1.559597585e-13	7.812525041e-14	1.626340555e-11	6.249780424e-14	3.153751782e-12	7.70288618e-13	4.254290253e-09	6.128712988e-14	7.702607269e-14	4.999999912e-15	4.454458178e-14	1.073410702e-13	4.999999912e-15	4.999999912e-15	5.147417865e-14	5.587087596e-14	4.999999912e-15	1	1	1	1	1	1	1	0	0	0	0	0	0	0	0	0	0
794.25	1747312978.108	05/15/2025_14:42:58.108	1	3	3.8103728e-05	6.870664947e-06	0.01400000043	2.795057751e-13	1.302410111e-12	4.999999912e-15	4.922045844e-13	1.57385525e-13	4.999999912e-15	4.999999912e-15	1.943274372e-13	1.595798553e-14	4.999999912e-15	6.385984e-14	2.177606782e-13	4.999999912e-15	1.884492725e-13	1.235180849e-13	1.204214072e-11	7.338484204e-13	5.386269989e-12	5.131754396e-12	7.514873168e-10	4.999999912e-15	4.999999912e-15	1.252544889e-13	4.999999912e-15	4.999999912e-15	1.116979569e-13	3.679456235e-14	2.681766701e-12	4.999999912e-15	2.685139979e-13	4.999999912e-15	5.307552661e-11	1.167318737e-13	2.749975269e-13	4.999999912e-15	1.64421185e-11	1.245057659e-13	2.890227987e-12	6.564121534e-13	4.272724841e-09	1.133228236e-13	4.999999912e-15	4.999999912e-15	3.190921106e-13	6.887782581e-14	4.999999912e-15	4.999999912e-15	6.276066228e-14	1.406111284e-13	4.999999912e-15	1	1	1	1	1	1	1	0	0	0	0	0	0	0	0	0	0
803.269	1747312987.127	05/15/2025_14:43:07.127	1	3	3.826928514e-05	7.008972261e-06	0.01000000071	7.625943334e-14	1.223673398e-12	4.999999912e-15	5.409089517e-13	4.999999912e-15	4.999999912e-15	5.290588117e-14	1.574870741e-13	4.999999912e-15	4.999999912e-15	1.27888924e-13	4.999999912e-15	4.999999912e-15	3.882984429e-13	8.34120506e-14	1.219920172e-11	6.377162253e-13	5.780402632e-12	5.113106119e-12	7.541269831e-10	4.999999912e-15	1.352008376e-13	9.886427614e-14	4.999999912e-15	1.142388593e-14	1.103976665e-13	4.999999912e-15	2.665412379e-12	1.409993948e-13	1.503026084e-13	4.999999912e-15	5.343182841e-11	1.828637475e-13	1.46861703e-13	4.999999912e-15	1.69457226e-11	4.363457024e-14	2.880420728e-12	8.182680336e-13	4.256131891e-09	4.999999912e-15	4.999999912e-15	4.019365136e-14	2.855651913e-13	4.999999912e-15	4.999999912e-15	9.504104047e-14	5.476970602e-14	4.999999912e-15	4.999999912e-15	1	1	1	1	1	1	1	0	0	0	0	0	0	0	0	0	0
812.288	1747312996.146	05/15/2025_14:43:16.146	1	3	3.822351209e-05	6.982158084e-06	0.01400000043	4.999999912e-15	1.267357963e-12	1.347747326e-13	4.894905553e-13	4.999999912e-15	4.999999912e-15	1.471205427e-13	2.374183207e-14	4.999999912e-15	5.377009873e-14	1.66396004e-13	4.999999912e-15	4.999999912e-15	5.310840743e-13	3.406454806e-14	1.207496689e-11	7.319786595e-13	5.689716927e-12	4.922410569e-12	7.556240078e-10	3.500442937e-14	8.599670726e-14	4.999999912e-15	4.999999912e-15	7.941759229e-14	3.739392964e-14	4.999999912e-15	3.111825901e-12	2.019679183e-13	4.999999912e-15	4.999999912e-15	5.365710654e-11	1.046190315e-13	4.999999912e-15	4.999999912e-15	1.687765726e-11	4.999999912e-15	2.938442458e-12	9.322202298e-13	4.305118484e-09	4.999999912e-15	4.999999912e-15	1.337132987e-14	1.689288629e-13	4.999999912e-15	4.999999912e-15	1.4388672e-13	4.999999912e-15	4.999999912e-15	4.821048617e-14	1	1	1	1	1	1	1	0	0	0	0	0	0	0	0	0	0
821.307	1747313005.165	05/15/2025_14:43:25.165	1	3	3.810219641e-05	6.982158084e-06	0.0120000001	4.999999912e-15	1.502910426e-12	2.022168376e-13	4.153458718e-13	4.999999912e-15	1.143463444e-13	1.146649507e-13	4.999999912e-15	4.999999912e-15	1.431957715e-13	4.999999912e-15	4.999999912e-15	4.999999912e-15	5.168046438e-13	4.999999912e-15	1.212671803e-11	9.470928816e-13	5.65504631e-12	4.932807201e-12	7.580078787e-10	1.728894941e-13	4.999999912e-15	4.999999912e-15	3.361253062e-14	1.786084437e-13	4.999999912e-15	4.999999912e-15	2.885038996e-12	7.732475684e-14	4.999999912e-15	4.999999912e-15	5.299762365e-11	6.037515323e-15	4.092445783e-14	7.80257071e-14	1.682876061e-11	4.999999912e-15	2.99503651e-12	1.009969018e-12	4.251007102e-09	4.999999912e-15	5.148611843e-14	1.214830374e-13	3.898098478e-14	4.999999912e-15	6.512229178e-14	4.707348335e-14	4.999999912e-15	4.999999912e-15	1.171659883e-13	1	1	1	1	1	1	1	0	0	0	0	0	0	0	0	0	0
830.326	1747313014.184	05/15/2025_14:43:34.184	1	3	3.804943481e-05	6.95545441e-06	0.0120000001	4.679869231e-14	1.656616142e-12	1.439882827e-13	3.412508991e-13	4.999999912e-15	1.825232673e-13	4.999999912e-15	4.999999912e-15	4.999999912e-15	1.569872704e-13	4.999999912e-15	4.999999912e-15	1.182771058e-13	4.468197459e-13	4.999999912e-15	1.229533402e-11	1.060240437e-12	5.713999586e-12	4.847895523e-12	7.538212277e-10	1.043064018e-13	4.999999912e-15	4.999999912e-15	1.668798563e-13	4.999999912e-15	4.999999912e-15	7.308338505e-14	3.047999787e-12	4.999999912e-15	4.999999912e-15	1.618141114e-13	5.362677663e-11	4.999999912e-15	1.318973414e-13	2.171712246e-13	1.662544234e-11	4.999999912e-15	3.026541908e-12	9.676546673e-13	4.246834884e-09	4.999999912e-15	1.19838262e-13	4.999999912e-15	4.999999912e-15	4.999999912e-15	1.822524336e-13	4.999999912e-15	4.999999912e-15	8.589120084e-14	4.999999912e-15	1	1	1	1	1	1	1	0	0	0	0	0	0	0	0	0	0
839.345	1747313023.203	05/15/2025_14:43:43.203	1	3	3.806717359e-05	6.923537512e-06	0.01000000071	8.627351085e-14	1.572775981e-12	4.999999912e-15	3.250021779e-13	1.709101881e-13	8.727708904e-14	4.999999912e-15	7.61061136e-15	1.466964029e-13	3.800526381e-14	4.999999912e-15	1.039400025e-13	1.675011583e-13	3.09486242e-13	4.999999912e-15	1.218629277e-11	8.732528047e-13	5.49336748e-12	5.104672327e-12	7.488258347e-10	4.999999912e-15	4.999999912e-15	1.323115337e-13	1.145972423e-13	4.999999912e-15	4.999999912e-15	1.568598495e-13	2.831191228e-12	4.999999912e-15	1.280103953e-13	1.529888412e-13	5.31453874e-11	4.999999912e-15	2.839183966e-13	1.39958005e-13	1.643896304e-11	5.447700532e-14	3.113281551e-12	8.487205621e-13	4.252545427e-09	4.999999912e-15	5.879406798e-14	4.999999912e-15	2.651964613e-14	1.061702064e-13	4.999999912e-15	4.999999912e-15	4.999999912e-15	1.285998218e-13	4.999999912e-15	1	1	1	1	1	1	1	0	0	0	0	0	0	0	0	0	0
848.364	1747313032.222	05/15/2025_14:43:52.222	1	3	3.81361242e-05	6.95278186e-06	0.0120000001	2.311379441e-13	1.379491898e-12	4.999999912e-15	3.938003352e-13	1.082530807e-13	4.999999912e-15	4.999999912e-15	5.71333413e-14	4.961431792e-14	4.999999912e-15	4.999999912e-15	1.852432866e-13	5.34455428e-15	2.672037125e-13	9.6831187e-14	1.242711923e-11	6.865001731e-13	5.62623689e-12	4.99355635e-12	7.503502264e-10	4.999999912e-15	2.375975529e-14	1.090177278e-13	4.999999912e-15	4.999999912e-15	2.468371238e-14	1.167278893e-13	2.706294824e-12	4.999999912e-15	2.405845163e-13	3.707733583e-14	5.343590501e-11	4.999999912e-15	2.827674618e-13	4.999999912e-15	1.66836614e-11	1.005110369e-13	3.302622498e-12	6.883959548e-13	4.319391955e-09	1.086672595e-13	4.999999912e-15	4.999999912e-15	2.008707599e-13	4.978956565e-14	4.999999912e-15	4.999999912e-15	1.676086841e-13	4.368833989e-14	4.999999912e-15	1	1	1	1	1	1	1	0	0	0	0	0	0	0	0	0	0
857.383	1747313041.241	05/15/2025_14:44:01.241	1	3	3.811302668e-05	6.944786492e-06	0.01400000043	1.262899561e-13	1.332040056e-12	4.999999912e-15	4.883335489e-13	4.999999912e-15	4.999999912e-15	6.192840836e-15	9.285263259e-14	4.999999912e-15	4.999999912e-15	4.225859571e-14	9.204018569e-14	4.999999912e-15	3.217524175e-13	1.666249875e-13	1.221101605e-11	5.4673334e-13	5.743852442e-12	5.100674223e-12	7.501193555e-10	4.999999912e-15	5.931976373e-14	4.999999912e-15	4.999999912e-15	4.999999912e-15	1.615432777e-13	4.999999912e-15	2.639392611e-12	5.234235354e-14	1.512364995e-13	4.999999912e-15	5.330184211e-11	1.094518085e-13	1.202842893e-13	4.999999912e-15	1.684951484e-11	1.205869714e-13	2.894194433e-12	7.592570236e-13	4.265360509e-09	3.411831093e-14	4.999999912e-15	4.999999912e-15	2.468171609e-13	4.999999912e-15	4.999999912e-15	4.999999912e-15	1.430126362e-14	4.999999912e-15	4.999999912e-15	1	1	1	1	1	1	1	0	0	0	0	0	0	0	0	0	0
866.402	1747313050.260	05/15/2025_14:44:10.260	1	3	3.811581337e-05	6.95278186e-06	0.01600000076	2.813855648e-14	1.216062841e-12	7.712363734e-14	5.451344129e-13	4.999999912e-15	4.999999912e-15	1.851616598e-13	9.703629773e-14	4.999999912e-15	8.910895025e-15	1.41019317e-13	4.999999912e-15	4.999999912e-15	4.014128981e-13	1.14320459e-13	1.197295041e-11	6.712531464e-13	5.837658915e-12	4.801692464e-12	7.507496291e-10	2.686414459e-14	3.048605205e-13	4.999999912e-15	4.999999912e-15	4.999999912e-15	1.053577527e-14	4.999999912e-15	2.813646234e-12	1.320347233e-13	1.91061766e-14	4.999999912e-15	5.34479648e-11	1.832022625e-13	4.5438642e-14	4.999999912e-15	1.690386026e-11	4.999999912e-15	2.803227702e-12	8.992448713e-13	4.25622293e-09	4.999999912e-15	4.999999912e-15	5.645250977e-15	1.564237428e-13	4.999999912e-15	4.999999912e-15	1.191950591e-13	5.947919566e-15	4.999999912e-15	4.999999912e-15	1	1	1	1	1	1	1	0	0	0	0	0	0	0	0	0	0
875.421	1747313059.279	05/15/2025_14:44:19.279	1	3	3.807305256e-05	6.836508874e-06	0.0120000001	4.999999912e-15	1.405525652e-12	1.445139852e-13	4.487472676e-13	4.999999912e-15	4.999999912e-15	1.700340172e-13	4.999999912e-15	4.999999912e-15	1.087349544e-13	8.566814657e-14	4.999999912e-15	4.999999912e-15	6.361172439e-13	4.999999912e-15	1.226342552e-11	8.937549052e-13	5.813308168e-12	4.748714876e-12	7.511239963e-10	4.999999912e-15	4.999999912e-15	4.999999912e-15	4.999999912e-15	1.301131783e-13	4.999999912e-15	4.999999912e-15	3.203318253e-12	9.766352901e-14	4.999999912e-15	4.999999912e-15	5.313267187e-11	4.944308174e-14	4.077710798e-14	3.399086974e-14	1.672036815e-11	4.999999912e-15	2.944597474e-12	9.890967169e-13	4.285572786e-09	4.999999912e-15	4.999999912e-15	1.243305318e-13	7.360905369e-14	4.999999912e-15	1.963784902e-14	9.514656722e-14	4.999999912e-15	4.999999912e-15	8.979406438e-14	1	1	1	1	1	1	1	0	0	0	0	0	0	0	0	0	0
884.44	1747313068.298	05/15/2025_14:44:28.298	1	3	3.803285654e-05	6.910277534e-06	0.01600000076	4.999999912e-15	1.52490195e-12	2.898722657e-13	3.012145383e-13	4.190415647e-14	1.385362094e-13	1.38440637e-13	4.999999912e-15	4.999999912e-15	2.719668024e-13	4.999999912e-15	4.999999912e-15	1.595639582e-13	5.262751498e-13	4.999999912e-15	1.222713337e-11	1.021605977e-12	5.627845846e-12	4.81811856e-12	7.551112513e-10	1.961235807e-13	4.999999912e-15	4.999999912e-15	1.309694269e-13	2.497044319e-14	4.999999912e-15	2.348894191e-14	3.130386358e-12	1.080858086e-14	4.999999912e-15	8.287640729e-14	5.362590233e-11	4.999999912e-15	1.098938581e-13	1.84860997e-13	1.688500381e-11	4.999999912e-15	3.017585747e-12	1.130982135e-12	4.291856648e-09	4.999999912e-15	7.248996732e-14	4.760712766e-14	1.056962948e-14	4.999999912e-15	8.763951072e-14	9.996140742e-15	4.999999912e-15	6.524176409e-14	1.604241913e-13	1	1	1	1	1	1	1	0	0	0	0	0	0	0	0	0	0
893.459	1747313077.317	05/15/2025_14:44:37.317	1	3	3.801960702e-05	6.942141226e-06	0.0120000001	4.999999912e-15	1.598668246e-12	9.058060562e-14	3.48871458e-13	9.787659507e-14	2.450867471e-13	4.999999912e-15	4.999999912e-15	1.455076294e-13	1.317918078e-13	4.999999912e-15	1.792336285e-14	3.764146113e-13	3.435189416e-13	4.999999912e-15	1.211147502e-11	1.022794805e-12	5.612133154e-12	4.91068167e-12	7.522694134e-10	9.60764942e-14	4.999999912e-15	4.999999912e-15	1.81031744e-13	1.022911885e-14	5.241205758e-14	1.095692954e-13	2.977084941e-12	4.999999912e-15	4.165922503e-14	1.860816324e-13	5.321771843e-11	4.999999912e-15	2.603796627e-13	1.932820359e-13	1.696998445e-11	4.999999912e-15	3.219286383e-12	9.136735422e-13	4.285615862e-09	1.808266603e-14	1.868781144e-13	4.999999912e-15	4.999999912e-15	4.999999912e-15	1.37494779e-13	4.999999912e-15	4.999999912e-15	1.673796735e-13	9.884831126e-14	1	1	1	1	1	1	1	0	0	0	0	0	0	0	0	0	0
902.478	1747313086.336	05/15/2025_14:44:46.336	1	3	3.801644561e-05	6.963447049e-06	0.01400000043	1.300175787e-13	1.457680764e-12	4.999999912e-15	5.778608386e-13	1.489266338e-13	5.562395569e-14	4.999999912e-15	3.273238207e-14	2.439816198e-13	4.028326744e-14	4.999999912e-15	1.620689531e-13	7.485161715e-14	2.547025904e-13	4.999999912e-15	1.232314771e-11	7.913721219e-13	5.450738385e-12	4.972245272e-12	7.494687648e-10	4.999999912e-15	4.999999912e-15	1.396075367e-13	1.057719654e-13	4.999999912e-15	4.999999912e-15	1.980710246e-13	2.76721571e-12	4.999999912e-15	1.525268356e-13	1.161902334e-13	5.298106398e-11	4.999999912e-15	3.86301207e-13	2.042678635e-13	1.637868487e-11	4.999999912e-15	3.342451966e-12	8.783345687e-13	4.280215737e-09	1.177195277e-13	1.432236491e-13	4.999999912e-15	1.066481091e-13	1.607945548e-13	5.826434712e-15	4.999999912e-15	3.410238671e-14	1.674055588e-13	4.999999912e-15	1	1	1	1	1	1	1	0	0	0	0	0	0	0	0	0	0
911.497	1747313095.355	05/15/2025_14:44:55.355	1	3	3.818617552e-05	6.910277534e-06	0.0120000001	2.131787585e-13	1.431816471e-12	4.999999912e-15	4.124166286e-13	1.79152022e-13	4.999999912e-15	4.999999912e-15	2.423627163e-13	8.556261981e-14	4.999999912e-15	4.999999912e-15	1.994947718e-13	4.999999912e-15	2.795435866e-13	9.346395999e-14	1.23983445e-11	6.237773969e-13	5.682735098e-12	5.11764589e-12	7.531297808e-10	4.999999912e-15	6.103217974e-15	1.657866823e-13	4.999999912e-15	4.999999912e-15	1.03563642e-13	1.924696025e-13	2.581157944e-12	1.962788791e-14	2.492444998e-13	4.999999912e-15	5.390881838e-11	4.999999912e-15	3.885214633e-13	4.999999912e-15	1.632134185e-11	1.259135889e-13	3.029192132e-12	7.097043764e-13	4.287115107e-09	1.857470883e-13	4.999999912e-15	4.999999912e-15	2.050224953e-13	1.160528515e-13	4.999999912e-15	1.299439343e-13	1.484547213e-13	7.273887981e-14	4.999999912e-15	1	1	1	1	1	1	1	0	0	0	0	0	0	0	0	0	0
920.516	1747313104.374	05/15/2025_14:45:04.374	1	3	3.811868737e-05	6.936815225e-06	0.0120000001	1.457744515e-13	1.437387752e-12	4.999999912e-15	4.692035606e-13	2.03839712e-13	4.999999912e-15	4.999999912e-15	2.154846668e-13	4.999999912e-15	4.999999912e-15	6.81788881e-14	1.340339515e-13	4.999999912e-15	2.506742643e-13	1.621028073e-13	1.233766214e-11	6.146135575e-13	5.686187198e-12	5.144866737e-12	7.557879322e-10	4.999999912e-15	7.279860579e-14	9.01624424e-14	4.999999912e-15	4.999999912e-15	1.481002549e-13	3.66850376e-14	2.446974698e-12	8.888803051e-14	1.978340723e-13	4.999999912e-15	5.29439062e-11	1.417600575e-13	2.405267825e-13	4.999999912e-15	1.667124251e-11	1.602230447e-13	3.37318346e-12	7.564234612e-13	4.290551026e-09	1.648587408e-13	4.999999912e-15	4.999999912e-15	2.258232663e-13	2.102575655e-14	4.999999912e-15	4.999999912e-15	6.819481232e-14	4.999999912e-15	4.999999912e-15	1	1	1	1	1	1	1	0	0	0	0	0	0	0	0	0	0
929.535	1747313113.393	05/15/2025_14:45:13.393	1	3	3.797459794e-05	6.865393971e-06	0.01400000043	1.725549499e-13	1.407473205e-12	4.999999912e-15	5.981120005e-13	5.065778797e-15	4.999999912e-15	1.390857915e-13	1.570231033e-13	4.999999912e-15	4.999999912e-15	1.686520661e-13	8.822095479e-14	4.999999912e-15	4.287270408e-13	1.445976043e-13	1.210016202e-11	6.981212483e-13	5.713923692e-12	4.943161332e-12	7.530968071e-10	4.999999912e-15	1.747055191e-13	6.169731745e-14	4.999999912e-15	2.214284393e-14	1.55430085e-13	4.999999912e-15	2.566564149e-12	1.076238233e-13	2.282147724e-13	4.999999912e-15	5.260334876e-11	4.503124219e-13	1.075760236e-13	4.999999912e-15	1.67953082e-11	1.158596873e-13	2.868821933e-12	7.313992077e-13	4.285659827e-09	2.800513863e-14	4.999999912e-15	2.438899234e-14	3.016207347e-13	4.999999912e-15	4.999999912e-15	1.222635816e-13	6.70179854e-14	4.999999912e-15	4.999999912e-15	1	1	1	1	1	1	1	0	0	0	0	0	0	0	0	0	0
938.554	1747313122.412	05/15/2025_14:45:22.412	1	3	3.791742711e-05	6.841757568e-06	0.01400000043	5.807720028e-14	1.416262507e-12	1.964939442e-13	4.711131116e-13	4.999999912e-15	4.999999912e-15	1.810098837e-13	1.979714542e-14	4.999999912e-15	1.014349737e-14	1.652231412e-13	4.999999912e-15	4.999999912e-15	3.830515007e-13	1.139759673e-13	1.19568036e-11	8.489275363e-13	5.621110782e-12	4.794943522e-12	7.493266008e-10	2.266455524e-14	1.437652623e-13	4.999999912e-15	4.999999912e-15	1.595360671e-13	6.712549082e-14	4.999999912e-15	2.571450431e-12	1.914122344e-13	5.678686416e-14	4.999999912e-15	5.435683154e-11	8.926836863e-14	8.531769854e-14	4.999999912e-15	1.679466635e-11	3.668305893e-14	2.920192733e-12	9.185421521e-13	4.244005147e-09	4.999999912e-15	4.999999912e-15	7.254174475e-14	2.593382323e-13	4.999999912e-15	4.999999912e-15	2.640813593e-14	4.999999912e-15	4.999999912e-15	6.027556926e-14	1	1	1	1	1	1	1	0	0	0	0	0	0	0	0	0	0
947.573	1747313131.431	05/15/2025_14:45:31.431	1	3	3.798562102e-05	6.878559816e-06	0.01400000043	4.999999912e-15	1.362104006e-12	2.555189946e-13	3.934259873e-13	4.999999912e-15	2.505806028e-14	2.028700016e-13	4.999999912e-15	4.999999912e-15	5.381190827e-14	9.008477287e-14	4.999999912e-15	4.999999912e-15	5.264742635e-13	8.761566505e-15	1.20343709e-11	8.282224732e-13	5.721825357e-12	4.77525788e-12	7.457174322e-10	7.34856105e-14	4.999999912e-15	4.999999912e-15	4.999999912e-15	1.882302094e-13	4.999999912e-15	4.999999912e-15	2.677915615e-12	1.613720008e-13	4.999999912e-15	4.999999912e-15	5.285168136e-11	8.892188472e-14	6.136279364e-14	1.487872325e-14	1.687036968e-11	3.772249711e-14	2.863676527e-12	9.520471434e-13	4.259355535e-09	4.999999912e-15	4.999999912e-15	1.447728656e-13	1.797553805e-13	4.999999912e-15	4.999999912e-15	7.029958755e-14	3.727645634e-14	4.999999912e-15	4.643627063e-14	1	1	1	1	1	1	1	0	0	0	0	0	0	0	0	0	0
956.592	1747313140.450	05/15/2025_14:45:40.450	1	3	3.80613892e-05	6.915575341e-06	0.01400000043	4.999999912e-15	1.395159162e-12	2.479521579e-13	2.637708032e-13	4.999999912e-15	9.752414805e-14	1.043740967e-13	4.999999912e-15	4.999999912e-15	1.810775922e-13	2.088437658e-14	4.999999912e-15	2.510586682e-14	5.562475393e-13	4.999999912e-15	1.207733479e-11	8.967378706e-13	5.784048587e-12	4.867126667e-12	7.486690712e-10	1.328730691e-13	2.289157362e-14	4.999999912e-15	5.298356426e-14	1.146968127e-13	4.999999912e-15	4.999999912e-15	2.668659998e-12	7.012433982e-14	4.999999912e-15	4.999999912e-15	5.270281433e-11	4.999999912e-15	6.380012079e-14	1.964023562e-13	1.685957103e-11	4.999999912e-15	2.869331509e-12	1.030152526e-12	4.30892344e-09	4.999999912e-15	3.068139005e-14	1.678714947e-13	4.337770919e-14	4.999999912e-15	7.194037846e-14	5.730061336e-14	4.999999912e-15	4.999999912e-15	1.283966965e-13	1	1	1	1	1	1	1	0	0	0	0	0	0	0	0	0	0
965.611	1747313149.469	05/15/2025_14:45:49.469	1	3	3.810698763e-05	6.836508874e-06	0.01400000043	1.321801284e-13	1.57345686e-12	1.545619101e-13	1.768959328e-13	4.999999912e-15	2.14395396e-13	4.999999912e-15	4.999999912e-15	4.999999912e-15	9.48877275e-14	4.999999912e-15	4.999999912e-15	1.333908027e-13	5.031923771e-13	4.999999912e-15	1.202499645e-11	9.915299918e-13	5.642517269e-12	4.723955168e-12	7.567337312e-10	1.736939856e-13	4.999999912e-15	4.999999912e-15	6.83959386e-14	4.676285265e-14	4.999999912e-15	4.999999912e-15	2.801700495e-12	4.999999912e-15	4.999999912e-15	1.489067387e-13	5.319188492e-11	4.999999912e-15	1.057520567e-13	2.015876073e-13	1.667377e-11	4.999999912e-15	2.984243495e-12	9.765715797e-13	4.266084819e-09	4.999999912e-15	1.214910063e-13	1.029483641e-13	4.999999912e-15	4.999999912e-15	1.304915106e-13	4.999999912e-15	4.999999912e-15	4.999999912e-15	1.496394968e-13	1	1	1	1	1	1	1	0	0	0	0	0	0	0	0	0	0
974.63	1747313158.488	05/15/2025_14:45:58.488	1	3	3.804448716e-05	6.862755981e-06	0.0120000001	1.387712373e-14	1.684181223e-12	4.999999912e-15	2.269105043e-13	2.29413656e-14	4.285399889e-14	4.999999912e-15	4.999999912e-15	1.308041403e-13	6.316487318e-14	4.999999912e-15	4.999999912e-15	8.750611997e-14	3.093010602e-13	4.999999912e-15	1.215534617e-11	8.86990622e-13	5.275306234e-12	4.936982247e-12	7.562792614e-10	4.999999912e-15	4.999999912e-15	3.071525781e-14	6.421627824e-14	4.999999912e-15	4.999999912e-15	3.592438846e-14	2.723461647e-12	4.999999912e-15	4.999999912e-15	2.130513105e-13	5.303052789e-11	4.999999912e-15	3.601977657e-13	1.501592362e-13	1.652413102e-11	4.999999912e-15	3.157175042e-12	8.920883238e-13	4.286956568e-09	1.352665538e-14	1.491715822e-13	4.999999912e-15	4.999999912e-15	4.683651741e-14	5.163149639e-14	4.999999912e-15	4.999999912e-15	8.57856402e-14	4.999999912e-15	1	1	1	1	1	1	1	0	0	0	0	0	0	0	0	0	0
983.649	1747313167.507	05/15/2025_14:46:07.507	1	3	3.798086982e-05	6.918217878e-06	0.01400000043	1.523078132e-13	1.559701261e-12	4.999999912e-15	3.350102856e-13	1.964023697e-13	1.008375783e-14	4.999999912e-15	2.203135406e-14	7.111203445e-14	4.999999912e-15	4.999999912e-15	1.456968091e-13	6.977396634e-15	1.749923042e-13	2.148972732e-14	1.243633582e-11	7.573175485e-13	5.274842195e-12	5.025679525e-12	7.537514501e-10	4.999999912e-15	4.999999912e-15	7.262539094e-14	4.999999912e-15	4.999999912e-15	4.999999912e-15	1.377158343e-13	2.386489877e-12	4.999999912e-15	1.238088408e-13	8.881037453e-14	5.29830381e-11	4.999999912e-15	2.76881274e-13	8.536948275e-14	1.641349383e-11	3.655960896e-14	3.088275295e-12	6.978185933e-13	4.287846522e-09	6.317883228e-14	4.922405257e-14	4.999999912e-15	7.713359845e-14	1.109532388e-13	4.999999912e-15	4.999999912e-15	4.487512792e-14	1.220087264e-13	4.999999912e-15	1	1	1	1	1	1	1	0	0	0	0	0	0	0	0	0	0
992.668	1747313176.526	05/15/2025_14:46:16.526	1	3	3.795599696e-05	6.936815225e-06	0.01400000043	2.070396941e-13	1.50813151e-12	4.999999912e-15	5.176768302e-13	1.210648742e-13	4.999999912e-15	4.999999912e-15	2.100823178e-13	4.979354331e-14	4.999999912e-15	9.984200966e-15	1.307025912e-13	4.999999912e-15	3.067940325e-13	3.864246976e-14	1.21643572e-11	6.646958916e-13	5.424740084e-12	5.000919817e-12	7.510843059e-10	4.999999912e-15	1.829971992e-14	9.196055104e-14	4.999999912e-15	4.999999912e-15	9.546518036e-14	9.457309881e-14	2.333470656e-12	1.33932443e-14	2.361280659e-13	4.999999912e-15	5.318741975e-11	1.246013519e-13	3.559384233e-13	4.999999912e-15	1.654405432e-11	1.325982781e-13	2.979086379e-12	7.711886685e-13	4.233527306e-09	1.351470883e-13	4.999999912e-15	4.999999912e-15	2.894939605e-13	4.999999912e-15	4.999999912e-15	4.999999912e-15	1.010247929e-13	4.999999912e-15	4.999999912e-15	1	1	1	1	1	1	1	0	0	0	0	0	0	0	0	0	0
1001.687	1747313185.545	05/15/2025_14:46:25.545	1	3	3.806610039e-05	6.92087724e-06	0.0120000001	1.558482889e-13	1.358985841e-12	6.009637774e-15	6.17582591e-13	9.577984293e-15	4.999999912e-15	5.364067209e-14	1.110687199e-13	4.999999912e-15	4.999999912e-15	1.663621498e-13	1.053498245e-13	4.999999912e-15	3.852577708e-13	2.27215138e-13	1.198233266e-11	5.692187173e-13	5.5783312e-12	4.914060912e-12	7.45313089e-10	4.999999912e-15	1.29754741e-13	7.730090439e-15	4.999999912e-15	1.139401616e-14	9.959905351e-14	4.999999912e-15	2.505651285e-12	1.177275237e-13	1.202285477e-13	4.999999912e-15	5.238667486e-11	2.482588787e-13	1.909901003e-13	4.999999912e-15	1.691614383e-11	1.237013015e-13	2.953462561e-12	7.560151507e-13	4.238701834e-09	5.454870496e-14	4.999999912e-15	4.999999912e-15	1.573616183e-13	4.999999912e-15	4.999999912e-15	8.994539868e-14	1.05652493e-13	4.999999912e-15	4.999999912e-15	1	1	1	1	1	1	1	0	0	0	0	0	0	0	0	0	0
1010.706	1747313194.564	05/15/2025_14:46:34.564	1	3	3.81223399e-05	6.833889984e-06	0.01400000043	4.070543544e-14	1.432312168e-12	1.846180272e-13	6.067022969e-13	4.999999912e-15	4.999999912e-15	1.422598882e-13	3.874602462e-14	4.999999912e-15	5.290788695e-14	1.826586571e-13	4.999999912e-15	4.999999912e-15	4.516385909e-13	4.999999912e-15	1.185071659e-11	8.035666316e-13	5.687690336e-12	4.865968739e-12	7.539451286e-10	4.999999912e-15	1.669356385e-13	4.999999912e-15	4.999999912e-15	1.393765339e-13	5.610984767e-14	4.999999912e-15	2.535249571e-12	2.090548329e-13	5.841971329e-14	4.999999912e-15	5.362755379e-11	1.423235987e-13	1.507506142e-13	6.10641095e-14	1.668067941e-11	1.254536297e-13	2.810712817e-12	8.858137748e-13	4.287075139e-09	4.999999912e-15	4.999999912e-15	1.692455041e-13	1.877403398e-13	4.999999912e-15	4.999999912e-15	4.551632508e-14	4.999999912e-15	4.999999912e-15	1.247726288e-14	1	1	1	1	1	1	1	0	0	0	0	0	0	0	0	0	0
1019.725	1747313203.583	05/15/2025_14:46:43.583	1	3	3.807684334e-05	6.95011795e-06	0.01400000043	4.999999912e-15	1.368512183e-12	3.182398193e-13	4.528333004e-13	4.999999912e-15	9.322700083e-14	1.382455077e-13	4.999999912e-15	4.999999912e-15	8.126349393e-14	1.25867822e-13	4.999999912e-15	4.999999912e-15	5.324838877e-13	1.795841308e-13	1.244344471e-11	9.059016558e-13	5.756190229e-12	4.691310274e-12	7.536415381e-10	1.259952429e-13	6.179690142e-14	4.999999912e-15	4.999999912e-15	1.004751905e-13	4.999999912e-15	4.999999912e-15	2.596484659e-12	1.360949385e-13	4.999999912e-15	4.999999912e-15	5.359975658e-11	1.177753099e-13	4.999999912e-15	8.717354773e-14	1.680795954e-11	4.999999912e-15	2.950292571e-12	1.010275847e-12	4.275084731e-09	4.999999912e-15	4.999999912e-15	1.420050058e-13	2.383544615e-14	4.999999912e-15	9.992169852e-15	1.352506432e-13	4.999999912e-15	4.999999912e-15	1.207861122e-13	1	1	1	1	1	1	1	0	0	0	0	0	0	0	0	0	0
1028.744	1747313212.602	05/15/2025_14:46:52.602	1	3	3.804028165e-05	6.995547665e-06	0.01400000043	4.999999912e-15	1.657008298e-12	2.020316423e-13	4.224407011e-13	4.999999912e-15	1.781524147e-13	1.094458522e-13	4.999999912e-15	2.218070291e-14	1.955321755e-13	4.999999912e-15	4.999999912e-15	1.270486266e-13	5.241703881e-13	4.999999912e-15	1.239807736e-11	8.531431312e-13	5.4136951e-12	4.891744995e-12	7.555653325e-10	1.536996984e-13	4.999999912e-15	4.999999912e-15	1.446354701e-13	1.141452113e-13	4.999999912e-15	4.999999912e-15	2.724119107e-12	4.999999912e-15	3.459025059e-14	2.74695021e-14	5.356109306e-11	4.999999912e-15	7.487750247e-14	1.79060434e-13	1.671034144e-11	4.999999912e-15	3.105677174e-12	1.071863518e-12	4.24997415e-09	4.999999912e-15	7.145253492e-14	1.35125201e-13	4.338369263e-14	4.999999912e-15	1.008595266e-13	4.921409824e-14	4.999999912e-15	8.338419338e-14	1.585902362e-13	1	1	1	1	1	1	1	0	0	0	0	0	0	0	0	0	0
1037.763	1747313221.621	05/15/2025_14:47:01.621	1	3	3.7988033e-05	6.910277534e-06	0.01400000043	4.999999912e-15	1.578329589e-12	3.682046123e-14	2.656565018e-13	1.585644322e-14	1.327834598e-13	4.999999912e-15	4.999999912e-15	1.158178913e-13	1.325763772e-13	4.999999912e-15	3.380968601e-14	2.087223081e-13	3.614443272e-13	4.999999912e-15	1.212839551e-11	8.957880011e-13	5.380783492e-12	4.811090762e-12	7.501926858e-10	1.226519158e-13	4.999999912e-15	4.999999912e-15	8.610822423e-14	4.999999912e-15	4.999999912e-15	1.269849026e-13	2.684022926e-12	4.999999912e-15	4.620330946e-14	1.623975748e-13	5.318951876e-11	4.999999912e-15	1.827402975e-13	2.900455212e-13	1.672189297e-11	4.999999912e-15	2.975352603e-12	1.009529049e-12	4.259791631e-09	4.999999912e-15	1.70410398e-13	1.026496867e-14	4.999999912e-15	7.792016679e-14	1.187809074e-13	4.999999912e-15	4.999999912e-15	6.84098977e-14	6.899929711e-14	1	1	1	1	1	1	1	0	0	0	0	0	0	0	0	0	0
1046.782	1747313230.640	05/15/2025_14:47:10.640	1	3	3.794141958e-05	6.889119049e-06	0.0120000001	8.98657708e-14	1.704988039e-12	4.999999912e-15	2.777454644e-13	1.267758142e-13	9.112424492e-14	4.999999912e-15	4.999999912e-15	8.207592727e-14	4.999999912e-15	4.999999912e-15	4.948292617e-14	1.34581582e-13	1.923122848e-13	4.999999912e-15	1.215399482e-11	6.954170313e-13	5.308745631e-12	4.877437863e-12	7.553970782e-10	4.999999912e-15	4.999999912e-15	9.706614717e-14	1.204356439e-13	4.999999912e-15	4.999999912e-15	1.058755067e-13	2.521979587e-12	4.999999912e-15	6.22110802e-14	1.578235969e-13	5.333905193e-11	4.999999912e-15	2.035271094e-13	1.680666782e-13	1.645647854e-11	4.999999912e-15	3.138777649e-12	8.11276827e-13	4.241941465e-09	2.323009542e-14	1.466566126e-13	4.999999912e-15	4.999999912e-15	1.557526623e-13	4.452865079e-14	4.999999912e-15	4.999999912e-15	1.952752738e-13	4.999999912e-15	1	1	1	1	1	1	1	0	0	0	0	0	0	0	0	0	0
1055.801	1747313239.659	05/15/2025_14:47:19.659	1	3	3.805651068e-05	6.907622719e-06	0.01400000043	2.724089129e-13	1.522779407e-12	4.999999912e-15	4.008852441e-13	1.586041953e-13	4.999999912e-15	4.999999912e-15	9.402350995e-14	2.613533847e-13	4.999999912e-15	4.999999912e-15	1.656293646e-13	3.436524475e-14	1.440600026e-13	4.999999912e-15	1.215135024e-11	7.713877822e-13	5.235371598e-12	4.91590926e-12	7.546288039e-10	4.999999912e-15	4.999999912e-15	1.624433281e-13	4.999999912e-15	4.999999912e-15	8.575579076e-14	2.032722135e-13	2.548009546e-12	4.999999912e-15	2.124798276e-13	7.712166544e-14	5.302555617e-11	4.999999912e-15	3.253924365e-13	6.127119889e-14	1.673670404e-11	6.5556386e-14	3.243948296e-12	8.350125604e-13	4.272184384e-09	4.999999912e-15	2.136627735e-14	4.999999912e-15	5.051836635e-14	1.762707005e-13	4.999999912e-15	4.999999912e-15	5.771879692e-14	1.485682237e-13	4.999999912e-15	1	1	1	1	1	1	1	0	0	0	0	0	0	0	0	0	0
1064.82	1747313248.678	05/15/2025_14:47:28.678	1	3	3.806207314e-05	6.934149951e-06	0.0120000001	2.640794213e-13	1.48395944e-12	4.999999912e-15	3.857536577e-13	1.874715118e-13	4.999999912e-15	4.999999912e-15	1.635763736e-13	4.41960921e-14	4.999999912e-15	4.999999912e-15	2.139792521e-13	4.999999912e-15	2.430038863e-13	5.060001355e-14	1.258240474e-11	5.975604126e-13	5.243641025e-12	5.084802371e-12	7.511923306e-10	4.999999912e-15	4.999999912e-15	1.413219856e-13	4.999999912e-15	4.999999912e-15	7.443146848e-14	6.522386797e-14	2.237963721e-12	4.999999912e-15	1.766072098e-13	3.09900624e-14	5.327921784e-11	7.392170372e-14	3.574139682e-13	4.999999912e-15	1.670027484e-11	1.24579451e-13	3.12711879e-12	7.898209539e-13	4.298738698e-09	1.535244642e-13	4.999999912e-15	4.999999912e-15	1.833137862e-13	1.186215839e-13	4.999999912e-15	4.999999912e-15	2.358991095e-13	4.999999912e-15	4.999999912e-15	1	1	1	1	1	1	1	0	0	0	0	0	0	0	0	0	0
1073.839	1747313257.697	05/15/2025_14:47:37.697	1	3	3.809701593e-05	6.923537512e-06	0.01400000043	1.8269449e-13	1.328420121e-12	4.999999912e-15	5.468090715e-13	4.509017264e-14	4.999999912e-15	4.999999912e-15	1.928738202e-13	4.999999912e-15	4.999999912e-15	7.803365565e-14	9.527003074e-14	4.999999912e-15	2.733049789e-13	2.079437154e-13	1.217802074e-11	5.632808673e-13	5.35845153e-12	4.893403825e-12	7.585976847e-10	4.999999912e-15	4.749563779e-14	1.469473143e-13	4.999999912e-15	4.999999912e-15	1.128887362e-13	4.999999912e-15	2.24551649e-12	9.358934797e-15	1.74283385e-13	4.999999912e-15	5.267083991e-11	4.834709564e-13	2.523887132e-13	4.999999912e-15	1.678491374e-11	1.726903668e-13	3.050688174e-12	7.444221021e-13	4.290501288e-09	1.51790066e-13	4.999999912e-15	4.999999912e-15	1.648049915e-13	4.451669746e-14	4.999999912e-15	4.999999912e-15	8.546508228e-15	4.999999912e-15	4.999999912e-15	1	1	1	1	1	1	1	0	0	0	0	0	0	0	0	0	0
1082.858	1747313266.716	05/15/2025_14:47:46.716	1	3	3.801435741e-05	6.912925983e-06	0.01000000071	1.499282198e-13	1.262519169e-12	4.999999912e-15	4.403978538e-13	4.999999912e-15	4.999999912e-15	7.110604423e-14	1.438110698e-13	4.999999912e-15	4.999999912e-15	7.257161452e-14	4.024943356e-14	4.999999912e-15	2.778789026e-13	1.096410018e-13	1.202851881e-11	5.565443939e-13	5.334654159e-12	4.91809718e-12	7.540282843e-10	4.999999912e-15	7.563021661e-14	4.999999912e-15	4.999999912e-15	4.999999912e-15	1.07649729e-13	4.999999912e-15	2.329422245e-12	9.603669043e-14	9.769341911e-14	4.999999912e-15	5.29331648e-11	1.442093515e-13	1.258578474e-13	4.999999912e-15	1.663093448e-11	1.043521958e-13	2.850926526e-12	6.699029352e-13	4.241355711e-09	4.999999912e-15	4.999999912e-15	4.999999912e-15	2.005063325e-13	4.999999912e-15	4.999999912e-15	4.999999912e-15	1.004015393e-13	4.999999912e-15	4.999999912e-15	1	1	1	1	1	1	1	0	0	0	0	0	0	0	0	0	0
1091.877	1747313275.735	05/15/2025_14:47:55.735	1	3	3.796452802e-05	6.891759313e-06	0.01000000071	1.540242001e-14	1.295546244e-12	2.688805125e-14	4.676583014e-13	4.999999912e-15	4.999999912e-15	1.157780604e-13	5.148412621e-14	4.999999912e-15	4.999999912e-15	1.147744687e-13	4.999999912e-15	4.999999912e-15	4.712744409e-13	7.506069876e-14	1.20006444e-11	6.136258494e-13	5.383483589e-12	4.855225163e-12	7.536498647e-10	4.999999912e-15	1.311824591e-13	4.999999912e-15	4.999999912e-15	7.370662511e-14	5.971812671e-15	4.999999912e-15	2.421119945e-12	1.538669501e-13	4.999999912e-15	4.999999912e-15	5.296948991e-11	1.693669754e-13	4.950879116e-14	4.999999912e-15	1.718567302e-11	4.999999912e-15	2.792259696e-12	7.815293009e-13	4.281929478e-09	4.999999912e-15	4.999999912e-15	9.137313031e-14	1.040853737e-13	4.999999912e-15	4.999999912e-15	1.369651056e-13	4.999999912e-15	4.999999912e-15	4.447489469e-14	1	1	1	1	1	1	1	0	0	0	0	0	0	0	0	0	0
1100.896	1747313284.754	05/15/2025_14:48:04.754	1	3	3.795840894e-05	6.836508874e-06	0.0120000001	4.999999912e-15	1.424036561e-12	1.658444161e-13	2.651527001e-13	4.999999912e-15	7.125138153e-14	8.088912569e-14	4.999999912e-15	4.999999912e-15	2.986497226e-14	4.999999912e-15	4.999999912e-15	4.999999912e-15	4.296789704e-13	4.999999912e-15	1.21118662e-11	7.285119773e-13	5.361291272e-12	4.454772055e-12	7.485057574e-10	1.313397633e-13	4.999999912e-15	4.999999912e-15	4.999999912e-15	2.347701569e-14	4.999999912e-15	4.999999912e-15	2.510343062e-12	4.999999912e-15	4.999999912e-15	4.999999912e-15	5.340124523e-11	4.999999912e-15	4.999999912e-15	3.760700247e-14	1.659240453e-11	4.999999912e-15	2.935644783e-12	9.599605182e-13	4.239190332e-09	4.999999912e-15	4.999999912e-15	9.254999111e-14	4.999999912e-15	4.999999912e-15	7.817693975e-15	9.617808394e-15	4.999999912e-15	4.999999912e-15	4.999999912e-15	1	1	1	1	1	1	1	0	0	0	0	0	0	0	0	0	0
1109.915	1747313293.773	05/15/2025_14:48:13.773	1	3	3.802509309e-05	6.939473678e-06	0.0120000001	4.999999912e-15	1.683807065e-12	1.045433136e-13	1.147545465e-13	4.999999912e-15	1.119986401e-13	4.999999912e-15	4.999999912e-15	4.999999912e-15	4.926584856e-14	4.999999912e-15	4.999999912e-15	7.430801851e-14	3.179112247e-13	4.999999912e-15	1.204472026e-11	7.782914938e-13	5.136817621e-12	4.688146139e-12	7.484488584e-10	4.999999912e-15	4.999999912e-15	4.999999912e-15	1.309873298e-13	4.999999912e-15	4.999999912e-15	4.999999912e-15	2.581388879e-12	4.999999912e-15	4.999999912e-15	2.406442287e-14	5.323489219e-11	4.999999912e-15	6.341180022e-14	1.242489049e-13	1.673290499e-11	4.999999912e-15	3.075588829e-12	1.004228276e-12	4.317740387e-09	4.999999912e-15	5.700787878e-14	4.999999912e-15	4.999999912e-15	4.999999912e-15	6.764920113e-14	4.999999912e-15	4.999999912e-15	7.831639525e-15	7.397346082e-14	1	1	1	1	1	1	1	0	0	0	0	0	0	0	0	0	0
1118.934	1747313302.792	05/15/2025_14:48:22.792	1	3	3.804719017e-05	6.976801615e-06	0.0120000001	7.132906462e-14	1.711158992e-12	9.090113644e-15	1.457226944e-13	7.505670076e-14	9.898374167e-14	4.999999912e-15	4.999999912e-15	5.441126878e-14	1.523913916e-14	4.999999912e-15	4.999999912e-15	1.130341074e-13	2.194313118e-13	4.999999912e-15	1.241837536e-11	7.967545352e-13	5.072540044e-12	4.823902562e-12	7.548084935e-10	4.999999912e-15	4.999999912e-15	4.999999912e-15	9.549505013e-14	4.999999912e-15	4.999999912e-15	7.402123348e-14	2.528373561e-12	4.999999912e-15	4.999999912e-15	1.104693458e-13	5.292084826e-11	4.999999912e-15	2.298018004e-13	1.506291701e-13	1.651725631e-11	4.999999912e-15	3.067353012e-12	9.304718454e-13	4.252638686e-09	4.999999912e-15	8.249607594e-14	4.999999912e-15	4.999999912e-15	4.999999912e-15	7.814715129e-14	4.999999912e-15	4.999999912e-15	3.328794759e-14	4.999999912e-15	1	1	1	1	1	1	1	0	0	0	0	0	0	0	0	0	0
1127.953	1747313311.811	05/15/2025_14:48:31.811	1	3	3.799300612e-05	6.912925983e-06	0.01600000076	9.158021292e-14	1.628103251e-12	4.999999912e-15	3.020647426e-13	8.396560357e-14	4.999999912e-15	4.999999912e-15	4.999999912e-15	1.444681641e-13	4.999999912e-15	4.999999912e-15	1.523535936e-13	4.371022045e-14	1.406130935e-13	4.999999912e-15	1.219058101e-11	6.184049583e-13	4.969602854e-12	4.889745726e-12	7.489263099e-10	4.999999912e-15	4.999999912e-15	5.487723177e-14	4.999999912e-15	4.999999912e-15	4.999999912e-15	1.160648048e-13	2.328598252e-12	4.999999912e-15	8.817118314e-14	5.647023647e-14	5.269880712e-11	4.999999912e-15	3.060314046e-13	4.999999912e-15	1.682433186e-11	1.009768983e-14	3.003652448e-12	6.703530417e-13	4.284192112e-09	4.999999912e-15	4.999999912e-15	4.999999912e-15	4.299334597e-14	1.239183317e-13	4.999999912e-15	4.999999912e-15	4.999999912e-15	8.128935892e-14	4.999999912e-15	1	1	1	1	1	1	1	0	0	0	0	0	0	0	0	0	0
1136.972	1747313320.830	05/15/2025_14:48:40.830	1	3	3.795254088e-05	6.881195986e-06	0.0120000001	2.464029686e-13	1.40372566e-12	4.999999912e-15	4.280858979e-13	4.409057212e-14	4.999999912e-15	4.999999912e-15	1.84450762e-13	4.999999912e-15	4.999999912e-15	9.283264261e-15	1.263058397e-13	4.999999912e-15	1.910139798e-13	8.703813766e-14	1.222731204e-11	5.106676258e-13	5.187780327e-12	4.96369135e-12	7.485310705e-10	4.999999912e-15	4.999999912e-15	1.261306597e-13	4.999999912e-15	4.999999912e-15	8.534954698e-14	4.999999912e-15	2.254059352e-12	4.999999912e-15	1.66338216e-13	4.999999912e-15	5.342667281e-11	4.627297623e-14	3.258942595e-13	4.999999912e-15	1.659104798e-11	1.296033864e-13	3.036148156e-12	6.773762324e-13	4.241516027e-09	1.304476817e-13	4.999999912e-15	4.999999912e-15	1.599343216e-13	1.426938808e-14	4.999999912e-15	4.999999912e-15	1.10296131e-13	4.999999912e-15	4.999999912e-15	1	1	1	1	1	1	1	0	0	0	0	0	0	0	0	0	0
1145.991	1747313329.849	05/15/2025_14:48:49.849	1	3	3.79098783e-05	6.883841252e-06	0.01400000043	2.355066012e-14	1.297178944e-12	4.999999912e-15	5.170973242e-13	4.999999912e-15	4.999999912e-15	4.999999912e-15	6.442733174e-14	4.999999912e-15	4.999999912e-15	9.154036849e-14	4.999999912e-15	4.999999912e-15	3.270989978e-13	1.58606174e-13	1.199530059e-11	5.171291997e-13	5.253915792e-12	4.919113294e-12	7.513005773e-10	4.999999912e-15	1.163435396e-13	4.999999912e-15	4.999999912e-15	2.558971915e-14	1.283070601e-13	4.999999912e-15	2.374245982e-12	1.22811185e-13	6.046075099e-14	4.999999912e-15	5.319525376e-11	1.166780702e-13	4.999999912e-15	4.999999912e-15	1.644499467e-11	8.258766392e-14	2.784238985e-12	8.43760283e-13	4.265972464e-09	4.999999912e-15	4.999999912e-15	4.814674863e-14	1.998651624e-13	4.999999912e-15	4.999999912e-15	5.330810663e-14	4.999999912e-15	4.999999912e-15	4.999999912e-15	1	1	1	1	1	1	1	0	0	0	0	0	0	0	0	0	0
1155.01	1747313338.868	05/15/2025_14:48:58.868	1	3	3.788758477e-05	6.923537512e-06	0.0120000001	4.999999912e-15	1.478166873e-12	2.029137763e-13	4.663022355e-13	4.999999912e-15	3.700165174e-14	2.560884718e-13	4.999999912e-15	4.999999912e-15	8.831253599e-14	9.385622433e-14	4.999999912e-15	4.999999912e-15	4.95629579e-13	4.999999912e-15	1.210066769e-11	7.848884303e-13	5.387910604e-12	4.784334387e-12	7.50280893e-10	9.919280295e-14	4.999999912e-15	4.999999912e-15	7.578735816e-15	1.225463551e-13	4.999999912e-15	4.999999912e-15	2.585198115e-12	8.045900914e-14	4.999999912e-15	4.999999912e-15	5.280689427e-11	4.999999912e-15	1.081254498e-14	1.053896011e-13	1.665521367e-11	4.999999912e-15	2.912227317e-12	1.039276412e-12	4.237806106e-09	4.999999912e-15	4.999999912e-15	7.244615877e-14	3.242972026e-14	4.999999912e-15	4.999999912e-15	1.427457328e-13	4.999999912e-15	4.999999912e-15	7.540914778e-14	1	1	1	1	1	1	1	0	0	0	0	0	0	0	0	0	0
1164.029	1747313347.887	05/15/2025_14:49:07.887	1	3	3.793889482e-05	6.897043022e-06	0.0120000001	4.999999912e-15	1.792575745e-12	2.522135062e-13	2.819868904e-13	1.936303765e-14	1.222396885e-13	3.46877949e-14	4.999999912e-15	8.562412118e-15	2.71313679e-13	4.999999912e-15	4.999999912e-15	1.998830653e-13	4.291173536e-13	4.999999912e-15	1.197572423e-11	8.542283634e-13	5.134187346e-12	4.68666295e-12	7.514773248e-10	1.483491471e-13	4.999999912e-15	4.999999912e-15	2.13248432e-13	6.551256391e-14	4.999999912e-15	3.158142693e-14	2.573119018e-12	4.999999912e-15	4.999999912e-15	1.373573699e-13	5.33252574e-11	4.999999912e-15	1.755259214e-13	2.809673609e-13	1.665627705e-11	4.999999912e-15	3.081688116e-12	9.731943983e-13	4.232728834e-09	4.999999912e-15	9.577977517e-14	3.819242421e-14	4.999999912e-15	4.999999912e-15	1.498147174e-13	4.999999912e-15	4.999999912e-15	3.682243312e-14	1.231636321e-13	1	1	1	1	1	1	1	0	0	0	0	0	0	0	0	0	0
1173.048	1747313356.906	05/15/2025_14:49:16.906	1	3	3.802129868e-05	6.897043022e-06	0.01000000071	1.402387456e-13	1.655670284e-12	4.365446535e-14	2.447084419e-13	1.683553877e-13	2.187104529e-13	4.999999912e-15	4.999999912e-15	2.480696312e-13	4.999999912e-15	4.999999912e-15	1.418635988e-13	1.095573285e-13	2.628368443e-13	4.999999912e-15	1.231565631e-11	8.72291009e-13	5.176495951e-12	4.97807004e-12	7.541235414e-10	2.261077881e-14	4.999999912e-15	9.128548611e-14	1.828995533e-13	4.999999912e-15	4.999999912e-15	2.114781738e-13	2.532081099e-12	4.999999912e-15	1.519633079e-13	1.952613554e-13	5.340023909e-11	4.999999912e-15	4.121339229e-13	1.786621659e-13	1.660607936e-11	4.999999912e-15	3.147955421e-12	8.976199233e-13	4.279856913e-09	8.867296545e-14	1.361287656e-13	4.999999912e-15	3.116525592e-14	1.555634961e-13	1.24451976e-13	4.999999912e-15	4.999999912e-15	1.488409954e-13	1.21606318e-14	1	1	1	1	1	1	1	0	0	0	0	0	0	0	0	0	0
1182.067	1747313365.925	05/15/2025_14:49:25.925	1	3	3.795832527e-05	6.928837593e-06	0.01000000071	1.89118293e-13	1.718520508e-12	4.999999912e-15	4.20057164e-13	1.373772651e-13	1.555971741e-14	4.999999912e-15	1.697631971e-13	1.385720423e-13	4.999999912e-15	4.999999912e-15	2.286887043e-13	2.575062559e-13	2.17362383e-13	3.27323753e-14	1.233138418e-11	5.843603054e-13	5.251436872e-12	4.95461094e-12	7.593997098e-10	4.999999912e-15	3.714501715e-14	1.487035999e-13	4.999999912e-15	4.999999912e-15	5.645232003e-14	2.213289637e-13	2.31914943e-12	4.999999912e-15	2.639898391e-13	3.343330522e-14	5.353147439e-11	1.132230296e-14	3.363922097e-13	4.579507346e-14	1.639545964e-11	1.261306191e-13	3.172668942e-12	7.306305626e-13	4.263279951e-09	1.401969225e-13	4.999999912e-15	4.999999912e-15	2.045864156e-13	1.223551832e-13	4.999999912e-15	4.999999912e-15	7.920050791e-14	1.403042992e-14	4.999999912e-15	1	1	1	1	1	1	1	0	0	0	0	0	0	0	0	0	0
1191.086	1747313374.944	05/15/2025_14:49:34.944	1	3	3.789910261e-05	6.823423064e-06	0.01400000043	1.654740255e-13	1.44700365e-12	4.999999912e-15	4.787715363e-13	5.031523429e-14	4.999999912e-15	4.999999912e-15	1.488907738e-13	4.999999912e-15	4.999999912e-15	9.640105012e-14	1.44494063e-13	4.999999912e-15	2.628070016e-13	1.505793645e-13	1.189502229e-11	5.491984905e-13	5.338666141e-12	5.003783846e-12	7.473808239e-10	4.999999912e-15	1.424390662e-13	4.999999912e-15	4.999999912e-15	4.999999912e-15	1.380264311e-13	4.999999912e-15	2.177462854e-12	4.892932576e-14	1.759082246e-13	4.999999912e-15	5.24486149e-11	1.540202698e-13	1.945464731e-13	4.999999912e-15	1.638363577e-11	2.271554255e-13	2.855034351e-12	7.317257694e-13	4.277816323e-09	6.409477983e-14	4.999999912e-15	2.377567273e-14	3.174472946e-13	4.999999912e-15	4.999999912e-15	6.334605692e-14	1.575248721e-13	4.999999912e-15	1.532237336e-13	1	1	1	1	1	1	1	0	0	0	0	0	0	0	0	0	0
1200.105	1747313383.963	05/15/2025_14:49:43.963	1	3	3.786436355e-05	6.904983366e-06	0.0120000001	4.999999912e-15	1.527438874e-12	6.014810096e-14	5.062708607e-13	4.999999912e-15	4.999999912e-15	1.440042204e-13	4.999999912e-15	4.999999912e-15	4.999999912e-15	1.300335165e-13	4.999999912e-15	4.999999912e-15	4.74235397e-13	1.493567368e-13	1.199256579e-11	6.821074196e-13	5.279155585e-12	4.761984643e-12	7.488047404e-10	1.861830595e-14	8.980997505e-14	4.999999912e-15	4.999999912e-15	1.336018698e-13	4.999999912e-15	4.999999912e-15	2.46752228e-12	1.66959518e-13	4.999999912e-15	4.999999912e-15	5.274643916e-11	1.122395701e-13	2.440092534e-14	4.999999912e-15	1.669320931e-11	1.014349059e-14	2.878726554e-12	8.5289409e-13	4.243994933e-09	4.999999912e-15	4.999999912e-15	9.027192649e-14	7.826063338e-14	4.999999912e-15	4.999999912e-15	1.336177805e-13	4.999999912e-15	4.999999912e-15	4.999999912e-15	1	1	1	1	1	1	1	0	0	0	0	0	0	0	0	0	0
1209.124	1747313392.982	05/15/2025_14:49:52.982	1	3	3.788988397e-05	6.918217878e-06	0.01400000043	4.999999912e-15	1.532940767e-12	2.085749244e-13	3.070708293e-13	4.999999912e-15	1.640502648e-13	7.399735393e-14	4.999999912e-15	3.147013357e-13	1.533292942e-13	4.999999912e-15	4.999999912e-15	2.470958415e-14	5.491447683e-13	1.910217861e-14	1.208098465e-11	8.218204763e-13	5.389270193e-12	4.757848629e-12	7.510029265e-10	1.932342226e-13	4.999999912e-15	4.999999912e-15	1.304873229e-14	1.832619749e-13	4.999999912e-15	4.999999912e-15	2.468420433e-12	1.357442804e-14	4.999999912e-15	3.065150672e-14	5.256920246e-11	4.999999912e-15	1.306288926e-13	2.02728581e-13	1.668943629e-11	4.999999912e-15	3.047910448e-12	1.015052734e-12	4.234122386e-09	4.999999912e-15	3.845727447e-14	1.627758394e-13	2.97434874e-14	4.999999912e-15	8.666179753e-14	1.066222035e-13	4.999999912e-15	4.999999912e-15	4.986323041e-14	1	1	1	1	1	1	1	0	0	0	0	0	0	0	0	0	0
1218.143	1747313402.001	05/15/2025_14:50:02.001	1	3	3.796572491e-05	6.779103387e-06	0.0120000001	1.717065211e-14	1.827739349e-12	2.02533411e-13	3.157487292e-13	8.425023374e-15	2.687230321e-13	4.95406396e-14	4.999999912e-15	9.58972688e-14	2.283083661e-13	4.999999912e-15	4.999999912e-15	1.822384745e-13	4.873160252e-13	4.999999912e-15	1.214925816e-11	9.428374964e-13	5.39152837e-12	4.764949286e-12	7.507169331e-10	1.804543114e-13	4.999999912e-15	4.999999912e-15	1.688253216e-13	4.999999912e-15	4.999999912e-15	2.613931478e-14	2.659227439e-12	4.999999912e-15	4.999999912e-15	1.33014422e-13	5.343335496e-11	4.999999912e-15	1.430026074e-13	2.432508134e-13	1.688417808e-11	4.999999912e-15	2.949601501e-12	1.156221494e-12	4.280925836e-09	4.999999912e-15	1.192189522e-13	1.377775389e-13	9.667569886e-15	1.634228777e-14	1.60573513e-13	1.858843279e-14	4.999999912e-15	1.022533905e-13	1.484188748e-13	1	1	1	1	1	1	1	0	0	0	0	0	0	0	0	0	0
1227.162	1747313411.020	05/15/2025_14:50:11.020	1	3	3.79670455e-05	6.904983366e-06	0.01400000043	4.636457437e-14	1.75748153e-12	1.396035116e-13	3.401158749e-13	8.577567909e-14	2.65387701e-13	3.094423115e-14	4.999999912e-15	1.860238715e-13	2.618193477e-13	4.999999912e-15	3.945090172e-14	2.296086498e-13	3.316888051e-13	4.999999912e-15	1.218708641e-11	8.956466211e-13	5.357591541e-12	4.812462928e-12	7.532462987e-10	8.513847992e-14	4.999999912e-15	7.860712407e-14	2.340850224e-13	8.896956251e-15	4.999999912e-15	1.044298383e-13	2.577404436e-12	4.999999912e-15	4.68902769e-14	1.854981555e-13	5.286326585e-11	4.999999912e-15	3.537361105e-13	2.625202573e-13	1.654658355e-11	4.999999912e-15	3.211837263e-12	1.011299226e-12	4.224549155e-09	4.999999912e-15	1.860079473e-13	4.999999912e-15	4.276436586e-14	8.979005961e-14	1.488429876e-13	4.999999912e-15	4.999999912e-15	2.293378432e-13	8.06143211e-14	1	1	1	1	1	1	1	0	0	0	0	0	0	0	0	0	0
1236.181	1747313420.039	05/15/2025_14:50:20.039	1	3	3.794954318e-05	6.910277534e-06	0.01400000043	1.605177715e-13	1.770972366e-12	4.999999912e-15	3.112962904e-13	1.79984364e-13	1.439026578e-13	4.999999912e-15	1.586220982e-13	2.052017275e-13	3.984716745e-14	4.999999912e-15	1.342330788e-13	1.56407805e-13	1.345357473e-13	4.999999912e-15	1.251662749e-11	7.933733423e-13	5.290093016e-12	4.921423078e-12	7.492669818e-10	4.999999912e-15	4.999999912e-15	1.798091434e-13	1.21950979e-13	4.999999912e-15	9.277287597e-15	2.106339056e-13	2.340394155e-12	4.999999912e-15	7.804758088e-14	1.238365896e-14	5.282827301e-11	4.999999912e-15	3.498790342e-13	2.247639059e-13	1.694220458e-11	4.999999912e-15	3.188879716e-12	8.552778169e-13	4.245343632e-09	1.482096238e-14	1.608363643e-13	4.999999912e-15	6.982764112e-14	4.999999912e-15	1.113096567e-13	4.999999912e-15	4.999999912e-15	1.61999266e-13	2.723053038e-14	1	1	1	1	1	1	1	0	0	0	0	0	0	0	0	0	0
1245.2	1747313429.058	05/15/2025_14:50:29.058	1	3	3.787112655e-05	6.904983366e-06	0.01400000043	1.840704238e-13	1.682982529e-12	4.999999912e-15	3.039763807e-13	2.065159838e-13	7.246197457e-15	4.999999912e-15	6.583713338e-14	5.621536765e-14	4.999999912e-15	4.999999912e-15	1.994270634e-13	4.999999912e-15	1.717564892e-13	9.766551446e-14	1.223328903e-11	6.52718385e-13	5.17986435e-12	4.944226452e-12	7.505607247e-10	4.999999912e-15	4.999999912e-15	1.621824691e-13	1.243941744e-14	4.999999912e-15	8.347177658e-14	1.44850508e-13	2.336260525e-12	4.999999912e-15	1.768700204e-13	9.914702251e-14	5.305344011e-11	5.111772008e-14	3.844234501e-13	4.999999912e-15	1.649863926e-11	1.919558262e-13	3.10052331e-12	5.414306156e-13	4.206308635e-09	1.542014942e-13	4.999999912e-15	4.999999912e-15	1.280920086e-13	1.777302264e-13	4.999999912e-15	8.648256536e-14	1.318993336e-13	1.229784503e-13	4.999999912e-15	1	1	1	1	1	1	1	0	0	0	0	0	0	0	0	0	0
1254.219	1747313438.077	05/15/2025_14:50:38.077	1	3	3.788141839e-05	6.934149951e-06	0.01400000043	2.768891887e-13	1.594580262e-12	4.999999912e-15	4.846975143e-13	1.128568674e-13	4.999999912e-15	3.962613928e-14	2.036903767e-13	5.912459378e-14	4.999999912e-15	9.697453886e-14	2.333999964e-13	4.999999912e-15	2.370639492e-13	1.246132917e-13	1.212318874e-11	5.642844048e-13	5.395297924e-12	4.967239727e-12	7.467771401e-10	4.999999912e-15	6.450898572e-14	1.186076384e-13	4.999999912e-15	4.999999912e-15	1.451631377e-13	4.999999912e-15	2.211410092e-12	4.999999912e-15	2.05522326e-13	4.999999912e-15	5.280604426e-11	1.232910936e-13	3.209359861e-13	4.999999912e-15	1.644544396e-11	2.291148499e-13	3.026092181e-12	7.053933175e-13	4.224637973e-09	2.057294358e-13	4.999999912e-15	4.999999912e-15	2.098234645e-13	4.539283446e-14	4.999999912e-15	4.999999912e-15	2.551605303e-13	4.999999912e-15	4.999999912e-15	1	1	1	1	1	1	1	0	0	0	0	0	0	0	0	0	0
1263.238	1747313447.096	05/15/2025_14:50:47.096	1	3	3.78983168e-05	6.899686468e-06	0.00800000038	1.398624055e-13	1.544420299e-12	6.360493729e-14	6.53178412e-13	4.999999912e-15	4.999999912e-15	7.268510338e-14	1.585006269e-13	4.999999912e-15	4.999999912e-15	1.933556939e-13	1.189461669e-13	4.999999912e-15	3.549348315e-13	1.537853097e-13	1.198848833e-11	6.193746687e-13	5.481244365e-12	4.980832153e-12	7.454072914e-10	4.999999912e-15	2.611861194e-13	2.67108113e-14	4.999999912e-15	5.661164354e-14	2.125992795e-13	4.999999912e-15	2.263394116e-12	1.817585795e-13	1.841958931e-13	4.999999912e-15	5.314370471e-11	1.851835742e-13	2.579045376e-13	4.999999912e-15	1.670056628e-11	1.43844924e-13	3.031528154e-12	7.907348821e-13	4.242516116e-09	5.119538962e-14	4.999999912e-15	3.523341287e-14	2.224918654e-13	4.999999912e-15	1.120643427e-13	6.413063982e-14	1.059471928e-13	4.999999912e-15	4.999999912e-15	1	1	1	1	1	1	1	0	0	0	0	0	0	0	0	0	0
1272.257	1747313456.115	05/15/2025_14:50:56.115	1	3	3.799676051e-05	6.873290204e-06	0.01800000109	2.771640204e-14	1.3695734e-12	1.167657279e-13	5.079455194e-13	4.999999912e-15	4.999999912e-15	1.504738445e-13	1.989471007e-14	4.999999912e-15	7.985565741e-14	1.461249199e-13	4.999999912e-15	4.999999912e-15	5.044090146e-13	8.662594432e-14	1.207393907e-11	7.397604664e-13	5.53364082e-12	4.864894078e-12	7.543884961e-10	2.891115217e-14	1.676942819e-13	4.999999912e-15	4.999999912e-15	1.523535801e-13	4.999999912e-15	3.133252799e-14	2.376500038e-12	2.480139304e-13	4.183047138e-14	4.999999912e-15	5.298569222e-11	1.623417926e-13	4.087467262e-14	5.075133429e-14	1.690590723e-11	4.574927947e-14	2.906128463e-12	8.604310298e-13	4.289421263e-09	4.999999912e-15	4.999999912e-15	8.683304049e-14	2.358433002e-13	4.999999912e-15	4.999999912e-15	1.102503031e-13	1.799902322e-14	4.999999912e-15	4.999999912e-15	1	1	1	1	1	1	1	0	0	0	0	0	0	0	0	0	0
1281.276	1747313465.134	05/15/2025_14:51:05.134	1	3	3.795010343e-05	6.942141226e-06	0.0120000001	4.999999912e-15	1.564651512e-12	1.707986779e-13	4.116300942e-13	4.999999912e-15	9.922466494e-14	1.846419339e-13	4.999999912e-15	4.999999912e-15	1.715792493e-13	1.239800499e-13	4.999999912e-15	4.999999912e-15	5.228222911e-13	4.1127556e-14	1.192588389e-11	8.382543791e-13	5.684099025e-12	4.670848344e-12	7.524870727e-10	1.604281486e-13	5.039888049e-14	4.999999912e-15	4.999999912e-15	1.498824258e-13	2.865427757e-14	4.999999912e-15	2.438689008e-12	1.671825384e-13	4.999999912e-15	4.999999912e-15	5.300804587e-11	1.275324789e-13	7.309929571e-14	1.018690611e-13	1.673762171e-11	4.999999912e-15	2.77825549e-12	9.840149529e-13	4.300455991e-09	4.999999912e-15	4.999999912e-15	7.767124075e-14	1.116182884e-13	4.999999912e-15	8.534548122e-15	1.806434776e-13	4.999999912e-15	4.999999912e-15	1.125263348e-13	1	1	1	1	1	1	1	0	0	0	0	0	0	0	0	0	0
1290.295	1747313474.153	05/15/2025_14:51:14.153	1	3	3.787265814e-05	6.928837593e-06	0.01600000076	4.999999912e-15	1.788413818e-12	1.731802093e-13	3.402870704e-13	4.999999912e-15	1.615990328e-13	1.243544113e-13	4.999999912e-15	4.999999912e-15	2.358014771e-13	4.999999912e-15	4.999999912e-15	3.19597796e-14	4.216740076e-13	4.999999912e-15	1.204891829e-11	9.260532879e-13	5.48373803e-12	4.789726341e-12	7.480202013e-10	1.273970892e-13	4.999999912e-15	4.999999912e-15	9.953530919e-14	1.360949114e-13	4.999999912e-15	4.999999912e-15	2.509155861e-12	7.363296035e-14	4.999999912e-15	4.999999912e-15	5.328914046e-11	4.999999912e-15	1.212161881e-13	1.339124937e-13	1.685847469e-11	4.999999912e-15	2.975255242e-12	1.10999827e-12	4.325464875e-09	4.999999912e-15	6.360085798e-15	1.667125639e-13	4.999999912e-15	4.999999912e-15	1.012876239e-13	4.319051491e-14	4.999999912e-15	4.999999912e-15	1.585404442e-13	1	1	1	1	1	1	1	0	0	0	0	0	0	0	0	0	0
1299.314	1747313483.172	05/15/2025_14:51:23.172	1	3	3.783933062e-05	6.807738828e-06	0.0120000001	4.999999912e-15	1.723637942e-12	1.849963596e-13	2.014681011e-13	4.999999912e-15	1.76633068e-13	5.470398982e-14	4.999999912e-15	4.999999912e-15	1.396592802e-13	4.999999912e-15	4.999999912e-15	1.270266986e-13	5.202614598e-13	4.999999912e-15	1.240978067e-11	9.914741554e-13	5.352517041e-12	4.345686571e-12	7.43137718e-10	1.150472404e-13	4.999999912e-15	4.999999912e-15	1.132630773e-13	1.012517571e-13	4.999999912e-15	1.38113872e-14	2.581697443e-12	4.999999912e-15	4.999999912e-15	1.497271138e-13	5.291511673e-11	4.999999912e-15	1.157003909e-13	3.578381081e-13	1.665416589e-11	4.999999912e-15	3.157794339e-12	1.036731681e-12	4.277862065e-09	4.999999912e-15	7.754777723e-14	1.027173409e-13	4.999999912e-15	4.999999912e-15	1.750082013e-13	4.999999912e-15	4.999999912e-15	5.059402333e-14	1.567363725e-13	1	1	1	1	1	1	1	0	0	0	0	0	0	0	0	0	0
1308.333	1747313492.191	05/15/2025_14:51:32.191	1	3	3.786896195e-05	6.779103387e-06	0.01000000071	7.003261632e-15	1.886230755e-12	7.666564323e-14	1.824415863e-13	1.805458859e-13	3.221327285e-13	4.999999912e-15	4.999999912e-15	4.999999912e-15	3.8130706e-14	4.999999912e-15	7.518414873e-14	2.454929706e-13	2.973614193e-13	4.999999912e-15	1.227986376e-11	9.031517396e-13	5.378206561e-12	4.690567813e-12	7.517364509e-10	8.434394947e-14	4.999999912e-15	4.999999912e-15	2.848244102e-13	4.999999912e-15	4.999999912e-15	1.667185406e-13	2.677097259e-12	4.999999912e-15	1.01096296e-14	2.569466992e-13	5.280794205e-11	4.999999912e-15	2.601327357e-13	2.789780668e-13	1.639919971e-11	4.999999912e-15	3.129687481e-12	9.530448262e-13	4.23375246e-09	4.091847439e-14	1.719754845e-13	4.999999912e-15	1.627458612e-14	1.291234914e-13	1.44320821e-13	4.999999912e-15	4.999999912e-15	1.618598918e-13	4.999999912e-15	1	1	1	1	1	1	1	0	0	0	0	0	0	0	0	0	0
1317.352	1747313501.210	05/15/2025_14:51:41.210	1	3	3.788794493e-05	6.760936685e-06	0.0120000001	2.057612707e-13	1.800461039e-12	4.999999912e-15	2.490274425e-13	2.23411811e-13	6.003260633e-14	4.999999912e-15	6.433374477e-14	1.834750342e-13	4.999999912e-15	4.999999912e-15	1.892895291e-13	1.263974548e-13	1.906276515e-13	7.83840969e-14	1.211915984e-11	8.560124723e-13	5.416006619e-12	4.880739476e-12	7.513666356e-10	4.999999912e-15	4.999999912e-15	1.429010718e-13	8.52181078e-14	4.999999912e-15	3.84154446e-14	2.606086191e-13	2.293896193e-12	4.999999912e-15	1.3108091e-13	7.053055649e-14	5.20948458e-11	4.999999912e-15	3.814703544e-13	7.532550836e-14	1.632829462e-11	7.04986945e-14	3.245194695e-12	8.584020539e-13	4.23442037e-09	1.031394818e-13	5.89812216e-14	4.999999912e-15	4.999999912e-15	1.727062774e-13	4.999999912e-15	4.999999912e-15	6.153003861e-14	2.209585867e-13	4.999999912e-15	1	1	1	1	1	1	1	0	0	0	0	0	0	0	0	0	0
1326.371	1747313510.229	05/15/2025_14:51:50.229	1	3	3.796057354e-05	6.912925983e-06	0.01400000043	2.989802958e-13	1.561107146e-12	4.999999912e-15	4.731919609e-13	1.792495731e-13	4.999999912e-15	4.999999912e-15	1.923441332e-13	6.681483979e-14	4.999999912e-15	3.361649812e-14	2.556981861e-13	2.711701103e-14	2.600152624e-13	5.790993499e-14	1.223788171e-11	6.452849865e-13	5.544893537e-12	4.98157288e-12	7.45606632e-10	4.999999912e-15	8.574362059e-15	1.349001341e-13	1.037567927e-13	4.999999912e-15	1.341195628e-13	8.905329002e-14	2.281928769e-12	4.999999912e-15	2.223724135e-13	2.821618874e-14	5.240347045e-11	8.569204645e-14	4.205748434e-13	4.999999912e-15	1.631837894e-11	4.999999912e-15	3.148749924e-12	8.267289305e-13	4.248117413e-09	2.198873137e-13	4.999999912e-15	4.999999912e-15	2.043713777e-13	2.129895652e-13	4.999999912e-15	4.999999912e-15	5.126706554e-14	1.537651774e-14	4.999999912e-15	1	1	1	1	1	1	1	0	0	0	0	0	0	0	0	0	0
1335.39	1747313519.248	05/15/2025_14:51:59.248	1	3	3.792536518e-05	6.841757568e-06	0.01400000043	2.231071773e-13	1.604056731e-12	4.999999912e-15	6.489031317e-13	1.071040907e-13	4.999999912e-15	4.022949102e-14	1.641020219e-13	4.999999912e-15	4.999999912e-15	9.518836999e-14	2.10952512e-13	4.999999912e-15	2.944740534e-13	1.376739705e-13	1.207655937e-11	6.212802625e-13	5.618428466e-12	4.986592736e-12	7.468743957e-10	4.999999912e-15	1.807967567e-13	3.928960293e-14	4.999999912e-15	4.999999912e-15	2.060619741e-13	7.062994395e-15	2.20185003e-12	7.008250317e-14	2.293199268e-13	4.999999912e-15	5.247270327e-11	2.156200294e-13	2.906826797e-13	4.999999912e-15	1.640795659e-11	1.769894994e-13	2.90956083e-12	7.7051359e-13	4.285459099e-09	1.563599917e-13	4.999999912e-15	4.999999912e-15	3.103723604e-13	4.999999912e-15	4.999999912e-15	4.921406436e-14	2.698938891e-13	4.999999912e-15	4.999999912e-15	1	1	1	1	1	1	1	0	0	0	0	0	0	0	0	0	0
1344.409	1747313528.267	05/15/2025_14:52:08.267	1	3	3.786037269e-05	6.862755981e-06	0.01400000043	6.998693752e-14	1.346641982e-12	7.619967347e-14	5.556960057e-13	4.999999912e-15	4.999999912e-15	1.630187955e-13	1.410989652e-13	4.999999912e-15	4.999999912e-15	1.358898074e-13	4.394120294e-14	4.999999912e-15	3.952639268e-13	1.132690472e-13	1.203036368e-11	6.959128911e-13	5.754790307e-12	4.865460031e-12	7.39964201e-10	4.999999912e-15	1.910876784e-13	4.999999912e-15	4.999999912e-15	7.629525944e-14	1.533332651e-13	4.999999912e-15	2.387101367e-12	2.065238985e-13	8.92782823e-14	4.999999912e-15	5.28630334e-11	1.960578509e-13	1.415927922e-13	4.999999912e-15	1.683620604e-11	9.40891855e-14	2.889361927e-12	8.511198473e-13	4.233920325e-09	4.999999912e-15	4.999999912e-15	5.402496077e-14	2.406621452e-13	4.999999912e-15	4.999999912e-15	9.496534283e-14	6.109792983e-14	4.999999912e-15	7.830244293e-14	1	1	1	1	1	1	1	0	0	0	0	0	0	0	0	0	0
1353.428	1747313537.286	05/15/2025_14:52:17.286	1	3	3.779782492e-05	6.844365089e-06	0.0120000001	4.999999912e-15	1.546610713e-12	2.009782586e-13	3.565676671e-13	4.999999912e-15	6.276859051e-14	1.616786674e-13	4.999999912e-15	4.999999912e-15	1.551473251e-13	9.813343579e-14	4.999999912e-15	4.999999912e-15	4.311524282e-13	6.39633542e-14	1.204574981e-11	8.604370471e-13	5.694573285e-12	4.713787954e-12	7.46114448e-10	1.021159814e-13	8.712574797e-14	4.999999912e-15	4.999999912e-15	1.667762879e-13	4.999999912e-15	4.999999912e-15	2.33335096e-12	1.782459813e-13	4.999999912e-15	5.563191102e-14	5.24931279e-11	5.399110656e-14	4.999999912e-15	1.835544114e-14	1.662790218e-11	4.999999912e-15	3.013328085e-12	9.913507732e-13	4.264903541e-09	4.999999912e-15	4.999999912e-15	1.8525524e-13	1.443945061e-13	4.999999912e-15	4.999999912e-15	1.499062918e-13	4.999999912e-15	4.999999912e-15	9.373673848e-14	1	1	1	1	1	1	1	0	0	0	0	0	0	0	0	0	0
1362.447	1747313546.305	05/15/2025_14:52:26.305	1	3	3.782797285e-05	6.810354535e-06	0.0120000001	4.999999912e-15	1.678199355e-12	1.438110427e-13	3.25987799e-13	4.999999912e-15	1.037786868e-13	6.672522371e-14	4.999999912e-15	1.869594838e-14	2.165797923e-13	4.999999912e-15	4.999999912e-15	7.902327474e-14	4.950062712e-13	4.999999912e-15	1.196478073e-11	9.619338746e-13	5.5803283e-12	4.69251157e-12	7.475023933e-10	1.452925508e-13	4.999999912e-15	4.999999912e-15	8.006853373e-15	1.311306749e-13	4.999999912e-15	4.999999912e-15	2.485792605e-12	6.92421855e-14	4.999999912e-15	2.006974773e-13	5.277375065e-11	4.999999912e-15	1.230063143e-13	9.312144019e-14	1.656117778e-11	4.999999912e-15	2.854207756e-12	1.093134155e-12	4.265666487e-09	4.999999912e-15	4.999999912e-15	1.384107672e-13	5.075699247e-15	4.999999912e-15	1.310350754e-13	9.965279605e-14	4.999999912e-15	4.999999912e-15	1.007200847e-13	1	1	1	1	1	1	1	0	0	0	0	0	0	0	0	0	0
1371.466	1747313555.324	05/15/2025_14:52:35.324	1	3	3.787755122e-05	6.92087724e-06	0.0120000001	4.999999912e-15	1.85474097e-12	1.258777289e-13	2.456562514e-13	4.999999912e-15	2.974290736e-13	4.999999912e-15	4.999999912e-15	5.984741782e-14	1.192189386e-13	4.999999912e-15	4.999999912e-15	1.418874919e-13	3.904450548e-13	4.999999912e-15	1.228698913e-11	9.781069184e-13	5.561565965e-12	4.580351289e-12	7.478381803e-10	9.460692592e-14	4.999999912e-15	4.999999912e-15	9.645482655e-14	2.000619993e-14	4.999999912e-15	4.999999912e-15	2.4818138e-12	4.999999912e-15	4.999999912e-15	9.908327143e-14	5.305833203e-11	4.999999912e-15	1.08322761e-13	2.140986905e-13	1.657542333e-11	4.999999912e-15	3.128640142e-12	1.107666367e-12	4.276262455e-09	4.999999912e-15	1.044835876e-13	9.973642192e-14	4.999999912e-15	3.856478667e-14	1.147266283e-13	4.999999912e-15	4.999999912e-15	8.963672632e-14	1.227872919e-13	1	1	1	1	1	1	1	0	0	0	0	0	0	0	0	0	0
1380.485	1747313564.343	05/15/2025_14:52:44.343	1	3	3.792866846e-05	6.860133908e-06	0.0120000001	2.443875722e-14	1.810284127e-12	4.999999912e-15	1.72907397e-13	5.672908974e-14	1.916730663e-13	4.999999912e-15	8.396958801e-14	9.429227689e-14	7.503278055e-14	4.999999912e-15	2.542641797e-14	1.655636349e-13	2.967003e-13	4.999999912e-15	1.204300722e-11	9.842599825e-13	5.288002675e-12	4.641558405e-12	7.510555511e-10	2.811861394e-14	4.999999912e-15	3.582878216e-14	1.721746118e-13	4.999999912e-15	4.999999912e-15	7.296187309e-14	2.402246804e-12	4.999999912e-15	4.999999912e-15	1.144279441e-13	5.339666556e-11	4.999999912e-15	2.724706311e-13	2.833189954e-13	1.655106954e-11	4.999999912e-15	3.080853715e-12	9.744149931e-13	4.277982413e-09	1.430719963e-14	1.999248748e-13	2.813454493e-14	4.999999912e-15	4.995880283e-14	1.742773677e-13	3.221264266e-14	4.999999912e-15	9.888017326e-14	8.353948501e-14	1	1	1	1	1	1	1	0	0	0	0	0	0	0	0	0	0
1389.504	1747313573.362	05/15/2025_14:52:53.362	1	3	3.784844375e-05	6.942141226e-06	0.01400000043	2.948762924e-13	1.900934271e-12	4.999999912e-15	2.68129594e-13	1.861532846e-13	5.791588454e-14	4.999999912e-15	1.221239906e-14	2.098413674e-13	4.999999912e-15	4.999999912e-15	1.546913097e-13	1.952971476e-13	1.302704553e-13	4.999999912e-15	1.229811999e-11	8.752261069e-13	5.205460629e-12	4.859936672e-12	7.464692753e-10	4.999999912e-15	4.999999912e-15	1.046388995e-13	1.12030475e-13	4.999999912e-15	4.999999912e-15	2.475001541e-13	2.327685787e-12	4.999999912e-15	1.655716037e-13	1.728357312e-13	5.378211418e-11	4.999999912e-15	2.862740698e-13	6.36666555e-14	1.642001812e-11	4.999999912e-15	3.065361333e-12	8.477149104e-13	4.283807975e-09	4.01697447e-14	4.657363904e-14	4.999999912e-15	4.999999912e-15	1.289960434e-13	2.294930061e-14	4.999999912e-15	4.999999912e-15	2.167868749e-13	4.999999912e-15	1	1	1	1	1	1	1	0	0	0	0	0	0	0	0	0	0
1398.523	1747313582.381	05/15/2025_14:53:02.381	1	3	3.776576705e-05	6.915575341e-06	0.0120000001	2.094192333e-13	1.729486454e-12	4.999999912e-15	3.633678102e-13	1.75440283e-13	4.999999912e-15	4.999999912e-15	1.135677313e-13	4.999999912e-15	4.999999912e-15	4.999999912e-15	1.57518936e-13	5.927977022e-15	1.379567305e-13	2.682827783e-14	1.228659448e-11	7.237069559e-13	5.521713295e-12	4.913453325e-12	7.491234855e-10	4.999999912e-15	4.999999912e-15	9.023010339e-14	7.133701317e-14	3.302508278e-14	6.160371014e-14	1.72668493e-13	2.296503048e-12	4.999999912e-15	1.388169636e-13	1.233010276e-13	5.312891793e-11	4.999999912e-15	3.845389447e-13	3.143207808e-14	1.659232821e-11	2.219261558e-14	3.116441567e-12	8.05332797e-13	4.252001418e-09	7.261141151e-14	7.549476587e-14	4.999999912e-15	6.963248473e-14	1.064469761e-13	4.999999912e-15	4.999999912e-15	4.999999912e-15	1.369212903e-13	4.999999912e-15	1	1	1	1	1	1	1	0	0	0	0	0	0	0	0	0	0
1407.542	1747313591.400	05/15/2025_14:53:11.400	1	3	3.775175355e-05	6.857506378e-06	0.01400000043	2.551366778e-13	1.603732229e-12	4.999999912e-15	4.353061965e-13	1.417938981e-13	4.999999912e-15	4.999999912e-15	1.492651353e-13	2.483503312e-14	4.999999912e-15	4.452464601e-14	2.411022228e-13	4.999999912e-15	2.317671879e-13	1.220724368e-13	1.243060169e-11	6.996345235e-13	5.404624664e-12	4.978128153e-12	7.477679587e-10	4.999999912e-15	1.462382055e-14	2.539100657e-13	4.999999912e-15	4.999999912e-15	1.877841551e-13	1.17086313e-13	2.025131365e-12	4.999999912e-15	2.16267149e-13	4.999999912e-15	5.321532798e-11	1.013792051e-13	2.892430219e-13	4.999999912e-15	1.646721128e-11	1.119408792e-13	3.074989482e-12	7.195949565e-13	4.246937468e-09	1.621685235e-13	4.999999912e-15	4.999999912e-15	1.542990318e-13	1.323314152e-13	4.999999912e-15	4.999999912e-15	1.28269235e-13	4.125897486e-14	4.999999912e-15	1	1	1	1	1	1	1	0	0	0	0	0	0	0	0	0	0
1416.561	1747313600.419	05/15/2025_14:53:20.419	1	3	3.778730388e-05	6.854878848e-06	0.0120000001	1.662028262e-13	1.505893283e-12	4.999999912e-15	5.531770788e-13	1.758405433e-13	4.999999912e-15	8.570797067e-14	1.135697168e-13	4.999999912e-15	4.999999912e-15	8.793817454e-14	1.587156784e-13	4.999999912e-15	1.670630322e-13	1.762547085e-13	1.224141882e-11	6.616930311e-13	5.637176489e-12	4.970326668e-12	7.468788921e-10	4.999999912e-15	4.26966676e-14	5.587086241e-14	4.999999912e-15	4.999999912e-15	9.325884249e-14	4.999999912e-15	2.105837206e-12	6.21951221e-14	2.393061064e-13	4.999999912e-15	5.332760275e-11	1.75856454e-13	2.369962408e-13	4.999999912e-15	1.633536188e-11	2.092778262e-13	2.83065715e-12	8.713015118e-13	4.226939687e-09	1.161982023e-13	4.999999912e-15	4.999999912e-15	2.144232329e-13	9.466453771e-15	4.999999912e-15	4.999999912e-15	1.38404777e-13	4.999999912e-15	4.999999912e-15	1	1	1	1	1	1	1	0	0	0	0	0	0	0	0	0	0
1425.58	1747313609.438	05/15/2025_14:53:29.438	1	3	3.783206193e-05	6.831264272e-06	0.01000000071	1.276857987e-13	1.504397843e-12	2.155940086e-14	4.675547601e-13	4.999999912e-15	4.999999912e-15	4.999999912e-15	7.294993331e-14	4.999999912e-15	4.999999912e-15	1.882680074e-13	4.999999912e-15	4.999999912e-15	4.079919996e-13	1.034242272e-13	1.2037993e-11	6.069910199e-13	5.643773643e-12	4.853830879e-12	7.454974971e-10	4.999999912e-15	8.20300994e-14	4.999999912e-15	4.999999912e-15	4.999999912e-15	6.090676466e-14	4.999999912e-15	2.13432245e-12	1.329108671e-13	5.130090959e-14	4.999999912e-15	5.274333054e-11	1.615213903e-13	8.019813654e-14	4.999999912e-15	1.664479145e-11	7.917859348e-14	2.842177015e-12	8.616975406e-13	4.226841099e-09	4.999999912e-15	4.999999912e-15	2.312055712e-14	2.366000191e-13	4.999999912e-15	4.999999912e-15	1.12743365e-13	2.930143107e-14	4.999999912e-15	4.999999912e-15	1	1	1	1	1	1	1	0	0	0	0	0	0	0	0	0	0
1434.599	1747313618.457	05/15/2025_14:53:38.457	1	3	3.786031448e-05	6.923537512e-06	0.01000000071	4.999999912e-15	1.493651123e-12	6.183669841e-14	4.571743374e-13	4.999999912e-15	4.999999912e-15	1.536419239e-13	4.999999912e-15	4.999999912e-15	8.839217064e-14	1.376799472e-13	4.999999912e-15	4.999999912e-15	3.871455565e-13	4.999999912e-15	1.172846108e-11	6.996624417e-13	5.454386942e-12	4.505366132e-12	7.487045428e-10	7.016815514e-14	6.110391327e-14	4.999999912e-15	4.999999912e-15	4.746773992e-14	4.999999912e-15	4.999999912e-15	2.340241065e-12	1.566367885e-13	4.999999912e-15	4.999999912e-15	5.284417001e-11	6.502272137e-14	4.999999912e-15	4.999999912e-15	1.687154583e-11	4.999999912e-15	2.745789707e-12	8.587724173e-13	4.287851851e-09	4.999999912e-15	4.999999912e-15	1.276280378e-13	1.438088472e-14	4.999999912e-15	4.999999912e-15	9.712189549e-14	4.999999912e-15	4.999999912e-15	5.062190088e-14	1	1	1	1	1	1	1	0	0	0	0	0	0	0	0	0	0
1443.618	1747313627.476	05/15/2025_14:53:47.476	1	3	3.780907355e-05	6.883841252e-06	0.0120000001	4.999999912e-15	1.71729189e-12	1.361964876e-13	2.885520599e-13	4.999999912e-15	4.999999912e-15	8.302175137e-14	4.999999912e-15	4.999999912e-15	1.00130692e-13	4.999999912e-15	4.999999912e-15	4.999999912e-15	4.289282688e-13	4.999999912e-15	1.198921951e-11	8.344610268e-13	5.530132342e-12	4.554890753e-12	7.491581244e-10	1.042247479e-13	4.999999912e-15	4.999999912e-15	8.974425207e-14	4.999999912e-15	4.999999912e-15	4.999999912e-15	2.511280463e-12	4.999999912e-15	4.999999912e-15	4.999999912e-15	5.326572863e-11	4.999999912e-15	4.310089883e-14	1.31656391e-13	1.65655753e-11	4.999999912e-15	2.871954194e-12	1.047159863e-12	4.227384665e-09	4.999999912e-15	4.999999912e-15	4.238405146e-14	4.999999912e-15	4.999999912e-15	6.62314306e-14	4.999999912e-15	4.999999912e-15	4.999999912e-15	3.340325521e-13	1	1	1	1	1	1	1	0	0	0	0	0	0	0	0	0	0
1452.637	1747313636.495	05/15/2025_14:53:56.495	1	3	3.769957766e-05	6.854878848e-06	0.01600000076	4.999999912e-15	1.829676818e-12	1.246451537e-13	1.13430329e-13	4.999999912e-15	1.611091496e-13	4.999999912e-15	4.999999912e-15	5.891751117e-14	4.760712766e-14	4.999999912e-15	4.999999912e-15	1.057679741e-13	2.57167768e-13	4.999999912e-15	1.200847668e-11	8.708116693e-13	5.321939937e-12	4.563602534e-12	7.407296998e-10	1.294320554e-14	4.999999912e-15	4.999999912e-15	7.704598136e-14	4.999999912e-15	4.999999912e-15	4.999999912e-15	2.372001684e-12	4.999999912e-15	4.999999912e-15	1.302844144e-13	5.308018608e-11	4.999999912e-15	1.434426986e-13	1.681821593e-13	1.639830459e-11	4.999999912e-15	3.021424473e-12	9.050772284e-13	4.200344961e-09	4.999999912e-15	1.106107529e-13	4.999999912e-15	4.999999912e-15	4.999999912e-15	9.973045881e-14	4.999999912e-15	4.999999912e-15	9.303979299e-14	4.999999912e-15	1	1	1	1	1	1	1	0	0	0	0	0	0	0	0	0	0
1461.656	1747313645.514	05/15/2025_14:54:05.514	1	3	3.765663496e-05	6.912925983e-06	0.0120000001	1.955620182e-13	1.835678528e-12	4.999999912e-15	2.722017761e-13	1.415907864e-13	4.999999912e-15	4.999999912e-15	4.999999912e-15	7.763139632e-14	4.999999912e-15	4.999999912e-15	4.953069205e-14	6.302349322e-14	1.42737791e-13	4.999999912e-15	1.200864755e-11	7.316102476e-13	5.294552123e-12	4.747798942e-12	7.430407956e-10	4.999999912e-15	4.999999912e-15	5.783027323e-14	5.061393199e-14	4.999999912e-15	4.999999912e-15	4.999999912e-15	2.223322004e-12	4.999999912e-15	4.999999912e-15	1.243225629e-13	5.198971115e-11	4.999999912e-15	2.954916043e-13	4.999999912e-15	1.624634455e-11	4.999999912e-15	3.100704589e-12	7.724869464e-13	4.222705297e-09	7.576758502e-14	3.642018056e-14	4.999999912e-15	4.999999912e-15	9.977424702e-14	4.999999912e-15	4.999999912e-15	4.999999912e-15	1.281617228e-13	4.999999912e-15	1	1	1	1	1	1	1	0	0	0	0	0	0	0	0	0	0
1470.675	1747313654.533	05/15/2025_14:54:14.533	1	3	3.772683704e-05	6.894400485e-06	0.0120000001	1.284644049e-13	1.704701159e-12	4.999999912e-15	3.529674654e-13	1.305353124e-13	4.999999912e-15	4.999999912e-15	1.012876306e-13	9.052261436e-15	4.999999912e-15	4.999999912e-15	1.243544113e-13	4.999999912e-15	1.242269905e-13	5.607795857e-14	1.201409632e-11	5.463112601e-13	5.374999057e-12	4.789360748e-12	7.410923542e-10	4.999999912e-15	4.999999912e-15	5.303529426e-14	4.999999912e-15	4.999999912e-15	5.276450121e-14	3.495462383e-14	2.073961228e-12	4.999999912e-15	1.798867858e-13	4.999999912e-15	5.212285464e-11	4.999999912e-15	3.014176094e-13	4.999999912e-15	1.655712373e-11	4.634464199e-14	2.984892498e-12	6.830393456e-13	4.218993599e-09	6.644846077e-14	4.999999912e-15	4.999999912e-15	1.07866732e-13	1.175522624e-13	4.999999912e-15	4.999999912e-15	1.555174175e-14	6.753170072e-14	4.999999912e-15	1	1	1	1	1	1	1	0	0	0	0	0	0	0	0	0	0
1479.694	1747313663.552	05/15/2025_14:54:23.552	1	3	3.779401595e-05	6.944786492e-06	0.01400000043	1.234384367e-13	1.510520983e-12	4.999999912e-15	5.106197583e-13	4.999999912e-15	4.999999912e-15	4.999999912e-15	2.116275498e-13	4.999999912e-15	4.999999912e-15	6.513421801e-14	2.760289284e-14	4.999999912e-15	1.879235293e-13	1.286953535e-13	1.182980797e-11	6.195180003e-13	5.532539704e-12	4.813614351e-12	7.416486314e-10	4.999999912e-15	8.093689835e-14	4.999999912e-15	1.233428642e-13	4.999999912e-15	7.462858998e-14	4.999999912e-15	2.051507618e-12	5.317071111e-14	1.149636349e-13	4.999999912e-15	5.24041123e-11	1.404199158e-13	2.146861383e-13	4.999999912e-15	1.638279269e-11	7.712960045e-14	2.892553601e-12	7.199573511e-13	4.281439203e-09	2.09281648e-14	4.999999912e-15	4.999999912e-15	1.973063504e-13	4.999999912e-15	4.999999912e-15	2.542044808e-14	8.012446501e-14	4.999999912e-15	4.999999912e-15	1	1	1	1	1	1	1	0	0	0	0	0	0	0	0	0	0
1488.713	1747313672.571	05/15/2025_14:54:32.571	1	3	3.778270548e-05	6.78430888e-06	0.01000000071	4.999999912e-15	1.44410059e-12	8.730098892e-14	5.028061301e-13	4.999999912e-15	4.999999912e-15	1.415270624e-13	5.107589698e-14	4.999999912e-15	4.999999912e-15	5.372030674e-14	4.999999912e-15	4.999999912e-15	4.546971252e-13	4.139039372e-14	1.165217922e-11	6.565156405e-13	5.609266957e-12	4.732649168e-12	7.472900632e-10	3.589451869e-14	1.521046743e-13	4.999999912e-15	4.999999912e-15	8.349367747e-14	1.128249241e-14	4.999999912e-15	2.206388284e-12	1.777043681e-13	4.999999912e-15	4.999999912e-15	5.298767675e-11	1.314114562e-13	2.939502483e-14	4.999999912e-15	1.689614941e-11	4.999999912e-15	2.815412183e-12	9.100434165e-13	4.233865702e-09	4.999999912e-15	4.999999912e-15	1.212161881e-13	1.300414583e-13	4.999999912e-15	4.999999912e-15	1.841879242e-13	4.999999912e-15	4.999999912e-15	3.009594798e-14	1	1	1	1	1	1	1	0	0	0	0	0	0	0	0	0	0
1497.732	1747313681.590	05/15/2025_14:54:41.590	1	3	3.771868069e-05	6.865393971e-06	0.01600000076	4.999999912e-15	1.755870948e-12	2.089453014e-13	3.219694476e-13	4.999999912e-15	1.038543505e-13	1.49016216e-13	4.999999912e-15	4.999999912e-15	1.617125216e-13	4.468992586e-14	4.999999912e-15	4.999999912e-15	2.860470378e-13	2.38692597e-14	1.200353532e-11	8.857200997e-13	5.413520326e-12	4.638344396e-12	7.46818829e-10	1.603425238e-13	4.999999912e-15	4.999999912e-15	6.79478785e-14	9.963290094e-14	4.999999912e-15	4.999999912e-15	2.352739965e-12	5.582506164e-14	4.999999912e-15	4.341551397e-14	5.226303071e-11	4.999999912e-15	7.882815901e-14	1.006842518e-13	1.655590248e-11	4.999999912e-15	2.935989125e-12	1.10015534e-12	4.289641087e-09	4.999999912e-15	1.049057556e-13	8.491346054e-14	4.999999912e-15	4.999999912e-15	8.08034805e-14	7.514829552e-14	4.999999912e-15	4.999999912e-15	1.421503431e-13	1	1	1	1	1	1	1	0	0	0	0	0	0	0	0	0	0
1506.751	1747313690.609	05/15/2025_14:54:50.609	1	3	3.769669638e-05	6.902330369e-06	0.0120000001	4.999999912e-15	1.777902044e-12	2.657737989e-14	2.174997649e-13	9.197632619e-15	1.608204265e-13	4.999999912e-15	4.999999912e-15	2.129915439e-13	1.419432605e-13	4.999999912e-15	1.69078144e-14	1.857351621e-13	3.213800482e-13	4.999999912e-15	1.21073377e-11	9.889791893e-13	5.181099039e-12	4.659276871e-12	7.445852268e-10	1.331498253e-13	4.999999912e-15	4.999999912e-15	1.801755088e-13	7.971013715e-15	4.999999912e-15	1.202942233e-13	2.389219898e-12	4.999999912e-15	4.999999912e-15	1.04395984e-13	5.268105743e-11	4.999999912e-15	1.966791259e-13	6.577443668e-13	1.629290973e-11	4.999999912e-15	3.037591446e-12	8.714309656e-13	4.235950701e-09	4.999999912e-15	1.150372928e-13	4.999999912e-15	4.999999912e-15	7.390573884e-14	1.988297222e-13	4.999999912e-15	4.999999912e-15	8.432405436e-14	2.010976157e-14	1	1	1	1	1	1	1	0	0	0	0	0	0	0	0	0	0
1515.77	1747313699.628	05/15/2025_14:54:59.628	1	3	3.769601972e-05	6.904983366e-06	0.0120000001	9.959307006e-14	1.868440732e-12	4.999999912e-15	2.40861286e-13	2.092718631e-13	1.216860407e-14	4.999999912e-15	4.999999912e-15	1.619275731e-13	4.999999912e-15	4.999999912e-15	1.541696187e-13	1.149974755e-13	2.093196493e-13	4.999999912e-15	1.205052291e-11	8.055359765e-13	5.029691941e-12	4.900578207e-12	7.411795067e-10	4.999999912e-15	4.999999912e-15	9.425646434e-14	4.461823299e-14	4.999999912e-15	3.176263777e-14	1.625010619e-13	2.101880735e-12	4.999999912e-15	1.382394904e-13	1.630904613e-13	5.294031186e-11	4.999999912e-15	4.999999912e-15	7.837413579e-14	1.640090667e-11	9.962490495e-14	3.167127151e-12	7.538269054e-13	4.211499149e-09	6.985153422e-14	4.004628795e-14	4.999999912e-15	3.924979238e-14	1.434964344e-13	4.999999912e-15	4.999999912e-15	4.582893445e-14	9.822305865e-14	4.999999912e-15	1	1	1	1	1	1	1	0	0	0	0	0	0	0	0	0	0
1524.789	1747313708.647	05/15/2025_14:55:08.647	1	3	3.778361497e-05	6.807738828e-06	0.0120000001	1.64687464e-13	1.538229505e-12	4.999999912e-15	4.574669636e-13	1.538868588e-13	4.999999912e-15	4.999999912e-15	1.857948745e-13	4.017771359e-14	4.999999912e-15	4.999999912e-15	2.153293006e-13	4.999999912e-15	1.643848089e-13	7.861707162e-14	1.226426165e-11	6.052665964e-13	5.177989114e-12	4.890737555e-12	7.47358897e-10	4.999999912e-15	4.999999912e-15	1.074824366e-13	4.999999912e-15	4.999999912e-15	4.999999912e-15	1.774811851e-14	1.97852173e-12	4.999999912e-15	2.47014296e-13	4.999999912e-15	5.23765406e-11	1.045194476e-13	3.021165403e-13	4.999999912e-15	1.662050879e-11	1.433252117e-13	2.998622618e-12	7.267177311e-13	4.206472504e-09	6.722703991e-14	4.999999912e-15	4.999999912e-15	2.319444008e-13	4.157957344e-14	4.999999912e-15	4.999999912e-15	1.132172698e-13	4.999999912e-15	4.999999912e-15	1	1	1	1	1	1	1	0	0	0	0	0	0	0	0	0	0
1533.808	1747313717.666	05/15/2025_14:55:17.666	1	3	3.784068394e-05	6.958112408e-06	0.01000000071	8.710983053e-14	1.461543993e-12	4.999999912e-15	4.807110656e-13	4.999999912e-15	4.999999912e-15	4.999999912e-15	1.12295332e-13	4.999999912e-15	4.999999912e-15	8.346181548e-14	4.999999912e-15	4.999999912e-15	2.797367372e-13	7.938371098e-14	1.187529849e-11	5.878091525e-13	5.316662475e-12	4.810658816e-12	7.482968689e-10	4.999999912e-15	4.070539478e-14	4.999999912e-15	4.999999912e-15	4.999999912e-15	1.249279136e-13	4.999999912e-15	2.125861336e-12	1.236375775e-13	5.709747453e-14	4.999999912e-15	5.227005981e-11	1.376879161e-13	4.481537483e-14	4.999999912e-15	1.670390389e-11	5.018381544e-14	2.815985943e-12	8.189869139e-13	4.211629268e-09	9.737246816e-15	4.999999912e-15	1.136212706e-14	1.876606645e-13	4.999999912e-15	4.999999912e-15	1.368436207e-13	1.24035805e-13	4.999999912e-15	4.999999912e-15	1	1	1	1	1	1	1	0	0	0	0	0	0	0	0	0	0
1542.827	1747313726.685	05/15/2025_14:55:26.685	1	3	3.783761349e-05	6.897043022e-06	0.0120000001	4.999999912e-15	1.568074663e-12	1.078249496e-13	6.151193378e-13	4.999999912e-15	4.999999912e-15	1.494025308e-13	4.999999912e-15	4.999999912e-15	1.028485023e-14	1.224647147e-13	4.999999912e-15	4.999999912e-15	4.402704872e-13	2.756902508e-14	1.185691996e-11	7.140453593e-13	5.454830598e-12	4.572365923e-12	7.489598941e-10	4.999999912e-15	8.428021193e-14	4.999999912e-15	4.999999912e-15	2.693181236e-14	4.999999912e-15	4.999999912e-15	2.183837096e-12	7.870467516e-14	4.999999912e-15	4.999999912e-15	5.305881429e-11	1.003058991e-13	4.999999912e-15	4.999999912e-15	1.668085982e-11	4.999999912e-15	2.73057423e-12	8.517133396e-13	4.256909936e-09	4.999999912e-15	4.999999912e-15	1.205530765e-13	1.086214316e-13	4.999999912e-15	4.999999912e-15	1.424729339e-13	4.999999912e-15	4.999999912e-15	2.96399461e-14	1	1	1	1	1	1	1	0	0	0	0	0	0	0	0	0	0
1551.846	1747313735.704	05/15/2025_14:55:35.704	1	3	3.78097684e-05	6.907622719e-06	0.01600000076	4.999999912e-15	1.816498557e-12	1.349797823e-13	2.605727591e-13	4.999999912e-15	8.170950082e-14	4.999999912e-15	4.999999912e-15	4.999999912e-15	1.82037355e-13	4.999999912e-15	4.999999912e-15	4.999999912e-15	4.732078986e-13	4.999999912e-15	1.211356449e-11	7.793846948e-13	5.425083559e-12	4.425978681e-12	7.486911646e-10	1.35441788e-13	4.999999912e-15	4.999999912e-15	7.522967167e-15	1.153538799e-13	4.999999912e-15	4.999999912e-15	2.331359931e-12	9.542530882e-14	4.999999912e-15	4.999999912e-15	5.301720868e-11	4.999999912e-15	4.220282706e-14	1.233030334e-13	1.657663937e-11	4.999999912e-15	2.987696462e-12	1.019578953e-12	4.256453412e-09	4.999999912e-15	1.297106953e-14	8.664783843e-14	4.999999912e-15	4.999999912e-15	6.151012317e-14	8.415062267e-15	4.999999912e-15	4.999999912e-15	1.92057416e-13	1	1	1	1	1	1	1	0	0	0	0	0	0	0	0	0	0
1560.865	1747313744.723	05/15/2025_14:55:44.723	1	3	3.775426376e-05	6.820809631e-06	0.0120000001	4.999999912e-15	1.92318275e-12	1.942716821e-13	1.347089757e-13	4.999999912e-15	1.899386952e-13	1.298700053e-14	4.999999912e-15	4.895718976e-14	2.664828807e-13	4.999999912e-15	4.999999912e-15	1.951000125e-13	3.307130774e-13	4.999999912e-15	1.211166757e-11	9.32457128e-13	5.249023004e-12	4.62760559e-12	7.464198148e-10	1.514515103e-13	4.999999912e-15	4.999999912e-15	1.54159644e-13	5.943920215e-14	4.999999912e-15	4.999999912e-15	2.284477729e-12	4.999999912e-15	4.999999912e-15	1.012079553e-13	5.316801166e-11	4.999999912e-15	1.431837911e-13	1.988595378e-13	1.666780602e-11	4.999999912e-15	3.041603861e-12	1.110492124e-12	4.220013672e-09	4.999999912e-15	1.272059037e-13	4.999999912e-15	4.999999912e-15	4.999999912e-15	8.631329429e-14	2.791350321e-14	4.999999912e-15	9.072594293e-14	1.172177183e-13	1	1	1	1	1	1	1	0	0	0	0	0	0	0	0	0	0
1569.884	1747313753.742	05/15/2025_14:55:53.742	1	3	3.777194797e-05	6.897043022e-06	0.01400000043	2.166692661e-14	1.892419598e-12	4.999999912e-15	2.164125541e-13	1.644166574e-13	1.354875684e-13	4.999999912e-15	4.999999912e-15	1.215009267e-13	5.207748973e-14	4.999999912e-15	6.287812203e-14	1.797732698e-13	2.219243669e-13	4.999999912e-15	1.193879197e-11	9.924479858e-13	5.098609469e-12	4.633051755e-12	7.460753682e-10	2.053588013e-14	4.999999912e-15	1.03565431e-14	1.610235383e-13	4.999999912e-15	4.999999912e-15	1.709161512e-13	2.335069638e-12	4.999999912e-15	4.999999912e-15	1.882003125e-13	5.323416014e-11	4.999999912e-15	2.64505567e-13	1.6629642e-13	1.626217737e-11	4.999999912e-15	3.192364342e-12	1.007501916e-12	4.284083754e-09	4.999999912e-15	1.595579951e-13	4.999999912e-15	4.999999912e-15	1.337034053e-13	9.561448177e-14	4.999999912e-15	4.999999912e-15	4.969736645e-13	3.810679935e-14	1	1	1	1	1	1	1	0	0	0	0	0	0	0	0	0	0
1578.903	1747313762.761	05/15/2025_14:56:02.761	1	3	3.783993452e-05	6.807738828e-06	0.01400000043	6.975396958e-14	1.834698843e-12	4.999999912e-15	2.86180476e-13	2.027863283e-13	1.236136573e-13	4.999999912e-15	6.207563624e-14	1.553145904e-13	4.999999912e-15	4.999999912e-15	9.145076596e-14	1.24872145e-13	1.98548941e-13	4.999999912e-15	1.228136343e-11	7.610411867e-13	5.049714119e-12	4.740797165e-12	7.473182628e-10	4.999999912e-15	4.999999912e-15	1.181177823e-13	4.310288427e-14	4.999999912e-15	2.333360962e-14	1.686480816e-13	2.0259237e-12	4.999999912e-15	2.06816633e-13	1.102164353e-13	5.302434533e-11	4.999999912e-15	3.746722171e-13	7.254172442e-14	1.653317414e-11	7.314707515e-14	3.071815372e-12	8.412333872e-13	4.252991292e-09	5.125909327e-14	7.754377246e-14	4.999999912e-15	3.513783367e-14	1.870633097e-13	6.414654371e-14	4.999999912e-15	1.683412253e-14	4.999999912e-15	4.999999912e-15	1	1	1	1	1	1	1	0	0	0	0	0	0	0	0	0	0
1587.922	1747313771.780	05/15/2025_14:56:11.780	1	3	3.786890738e-05	6.936815225e-06	0.01400000043	1.675847639e-13	1.696875604e-12	4.999999912e-15	4.013113626e-13	2.696965101e-14	4.999999912e-15	4.999999912e-15	1.215148723e-13	3.800922793e-14	4.999999912e-15	4.999999912e-15	1.989352015e-13	4.999999912e-15	1.810297924e-13	4.999999912e-15	1.209242081e-11	6.306730312e-13	5.304010703e-12	4.922515954e-12	7.4864831e-10	4.999999912e-15	2.980520561e-14	1.295595982e-13	4.999999912e-15	4.999999912e-15	5.693419369e-14	7.364489335e-14	1.978838534e-12	4.999999912e-15	1.900143319e-13	4.999999912e-15	5.320075977e-11	4.999999912e-15	2.657620218e-13	3.826412386e-14	1.620200675e-11	4.850716454e-14	3.087829038e-12	7.297106712e-13	4.277448173e-09	8.812537559e-14	4.999999912e-15	4.999999912e-15	1.831325483e-13	8.334632084e-14	4.999999912e-15	4.999999912e-15	8.724919116e-14	2.185609278e-14	4.999999912e-15	1	1	1	1	1	1	1	0	0	0	0	0	0	0	0	0	0
1596.941	1747313780.799	05/15/2025_14:56:20.799	1	3	3.789332186e-05	6.963447049e-06	0.0120000001	1.767823897e-13	1.667872763e-12	4.999999912e-15	5.329956311e-13	2.711900664e-14	4.999999912e-15	3.645405511e-14	1.659339712e-13	4.999999912e-15	4.999999912e-15	8.580551498e-14	3.401675507e-14	4.999999912e-15	2.093435559e-13	1.177135375e-13	1.213323886e-11	5.855968379e-13	5.28550554e-12	4.925835781e-12	7.547842906e-10	4.999999912e-15	1.140974251e-13	7.769710575e-14	4.999999912e-15	4.999999912e-15	3.804704625e-14	4.999999912e-15	1.954455478e-12	7.941757197e-14	1.4740726e-13	4.999999912e-15	5.307362883e-11	1.30107188e-13	2.691133178e-13	4.999999912e-15	1.660917064e-11	1.925850701e-13	3.067062446e-12	7.307679852e-13	4.267918019e-09	1.292947411e-13	4.999999912e-15	4.999999912e-15	2.46540337e-13	4.999999912e-15	4.999999912e-15	4.999999912e-15	1.266344072e-13	4.999999912e-15	4.999999912e-15	1	1	1	1	1	1	1	0	0	0	0	0	0	0	0	0	0
1605.96	1747313789.818	05/15/2025_14:56:29.818	1	3	3.780525367e-05	6.883841252e-06	0.01400000043	5.603814125e-14	1.505694224e-12	4.999999912e-15	4.073926526e-13	4.999999912e-15	4.999999912e-15	6.906896387e-14	7.061419591e-14	4.999999912e-15	4.999999912e-15	5.597801411e-13	4.999999912e-15	4.999999912e-15	3.249543375e-13	1.36548921e-13	1.211647102e-11	5.651167468e-13	5.294097626e-12	4.851878014e-12	7.448027195e-10	4.999999912e-15	9.994151231e-14	7.148632814e-15	4.999999912e-15	2.245745907e-14	8.270513723e-14	4.999999912e-15	1.936683452e-12	7.023185202e-14	8.224317223e-14	4.999999912e-15	5.238839917e-11	1.775689513e-13	1.57560732e-13	4.999999912e-15	1.692056217e-11	1.284723467e-13	2.71174706e-12	8.606361609e-13	4.263641884e-09	2.025910364e-14	4.999999912e-15	8.343369398e-15	2.698202447e-13	4.999999912e-15	4.999999912e-15	4.999999912e-15	7.298775842e-14	4.999999912e-15	4.999999912e-15	1	1	1	1	1	1	1	0	0	0	0	0	0	0	0	0	0
1614.979	1747313798.837	05/15/2025_14:56:38.837	1	3	3.773844219e-05	6.918217878e-06	0.01400000043	4.999999912e-15	1.582551147e-12	1.228748955e-13	3.78935544e-13	4.999999912e-15	4.999999912e-15	7.739444394e-14	4.999999912e-15	4.999999912e-15	4.999999912e-15	1.102423139e-13	4.999999912e-15	4.999999912e-15	3.701102467e-13	3.763287425e-14	1.16354721e-11	5.702880659e-13	5.355470407e-12	4.651471482e-12	7.399647006e-10	2.826596379e-14	4.841755523e-14	4.999999912e-15	4.999999912e-15	1.269530135e-13	4.999999912e-15	4.999999912e-15	2.037228025e-12	1.124725719e-13	4.999999912e-15	4.999999912e-15	5.303960743e-11	1.296611066e-13	4.999999912e-15	4.999999912e-15	1.647172676e-11	5.126903405e-14	2.842495336e-12	9.312963812e-13	4.21155022e-09	4.999999912e-15	4.999999912e-15	6.982763434e-14	1.246112724e-13	4.999999912e-15	4.999999912e-15	1.734848837e-13	4.999999912e-15	4.999999912e-15	3.877985173e-14	1	1	1	1	1	1	1	0	0	0	0	0	0	0	0	0	0
1623.998	1747313807.856	05/15/2025_14:56:47.856	1	3	3.779888721e-05	6.897043022e-06	0.01400000043	4.999999912e-15	1.782250996e-12	1.011143616e-13	3.766734646e-13	4.999999912e-15	1.606349873e-14	4.304911462e-14	4.999999912e-15	4.999999912e-15	8.714365763e-14	4.999999912e-15	4.999999912e-15	4.999999912e-15	4.187448999e-13	4.999999912e-15	1.199272018e-11	7.424447342e-13	5.278544095e-12	4.649830434e-12	7.435891902e-10	4.999999912e-15	4.999999912e-15	4.999999912e-15	4.999999912e-15	1.473435767e-13	4.999999912e-15	4.999999912e-15	2.422721095e-12	6.29617479e-14	4.999999912e-15	4.999999912e-15	5.272681944e-11	4.999999912e-15	1.888312911e-14	1.760871722e-14	1.648062936e-11	4.999999912e-15	2.904447299e-12	9.931209501e-13	4.260889863e-09	4.999999912e-15	4.999999912e-15	5.572948244e-14	4.999999912e-15	4.999999912e-15	8.45151992e-14	4.590059344e-14	4.999999912e-15	4.999999912e-15	6.120943325e-14	1	1	1	1	1	1	1	0	0	0	0	0	0	0	0	0	0
1633.017	1747313816.875	05/15/2025_14:56:56.875	1	3	3.786863454e-05	6.926183232e-06	0.0120000001	4.999999912e-15	1.892548835e-12	1.117058919e-13	1.653425931e-13	4.999999912e-15	1.222038421e-13	4.468791331e-14	4.999999912e-15	4.999999912e-15	1.027213254e-13	4.999999912e-15	4.999999912e-15	4.999999912e-15	3.652177302e-13	4.999999912e-15	1.213921064e-11	8.769406642e-13	5.178548562e-12	4.564777376e-12	7.492822474e-10	1.172814287e-13	4.999999912e-15	4.999999912e-15	9.163396225e-14	4.999999912e-15	4.999999912e-15	4.999999912e-15	2.27824877e-12	4.999999912e-15	4.999999912e-15	5.818071448e-14	5.297592573e-11	4.999999912e-15	4.452863046e-14	1.520091019e-13	1.654383922e-11	4.999999912e-15	3.024495151e-12	1.043792765e-12	4.255567898e-09	4.999999912e-15	4.798546001e-14	1.293920754e-14	4.999999912e-15	4.999999912e-15	1.410172977e-13	4.999999912e-15	4.999999912e-15	4.999999912e-15	1.183328338e-13	1	1	1	1	1	1	1	0	0	0	0	0	0	0	0	0	0
1642.036	1747313825.894	05/15/2025_14:57:05.894	1	3	3.787220703e-05	7.003594419e-06	0.01400000043	4.999999912e-15	1.868351177e-12	8.462834925e-15	1.530604392e-13	4.999999912e-15	1.175044626e-13	4.999999912e-15	4.999999912e-15	1.117536917e-13	4.999999912e-15	4.999999912e-15	7.682263571e-15	9.880249017e-14	4.16528628e-13	4.999999912e-15	1.210935952e-11	7.830325472e-13	4.933830688e-12	4.479566891e-12	7.445931649e-10	4.999999912e-15	4.999999912e-15	4.999999912e-15	2.271991867e-13	4.999999912e-15	4.999999912e-15	9.171359689e-14	2.335278672e-12	4.999999912e-15	4.999999912e-15	2.357695744e-13	5.24791044e-11	4.999999912e-15	1.879314711e-13	1.790902902e-13	1.654216694e-11	4.999999912e-15	3.03424408e-12	9.839273493e-13	4.23918145e-09	4.999999912e-15	3.208718014e-14	4.999999912e-15	4.999999912e-15	3.621309795e-14	1.095393985e-13	4.999999912e-15	4.999999912e-15	4.999999912e-15	4.999999912e-15	1	1	1	1	1	1	1	0	0	0	0	0	0	0	0	0	0
1651.055	1747313834.913	05/15/2025_14:57:14.913	1	3	3.782410204e-05	6.910277534e-06	0.01400000043	1.486737166e-13	1.940715817e-12	4.999999912e-15	1.871927364e-13	1.370925129e-13	1.372972645e-14	4.999999912e-15	4.999999912e-15	1.029224449e-13	4.999999912e-15	4.999999912e-15	5.126106516e-14	2.109126404e-13	1.701634168e-13	4.999999912e-15	1.231577427e-11	6.034784217e-13	4.903509456e-12	4.441775073e-12	7.480714381e-10	4.999999912e-15	4.999999912e-15	5.537104521e-14	4.83777108e-14	4.999999912e-15	4.999999912e-15	8.984382249e-14	2.167703734e-12	4.999999912e-15	1.608737828e-14	4.046047351e-14	5.263107658e-11	4.999999912e-15	2.45417239e-13	7.741830994e-14	1.640879446e-11	4.999999912e-15	3.115210997e-12	8.172764765e-13	4.244936402e-09	4.999999912e-15	1.141850015e-13	4.999999912e-15	4.999999912e-15	8.565418069e-14	2.841727775e-14	4.999999912e-15	4.999999912e-15	7.896354198e-14	4.999999912e-15	1	1	1	1	1	1	1	0	0	0	0	0	0	0	0	0	0
1660.074	1747313843.932	05/15/2025_14:57:23.932	1	3	3.775811274e-05	6.78950255e-06	0.0120000001	2.329917672e-13	1.817225515e-12	4.999999912e-15	3.325230987e-13	1.233129809e-13	4.999999912e-15	4.999999912e-15	1.087528234e-13	7.858122519e-14	4.999999912e-15	4.999999912e-15	1.680606609e-13	4.999999912e-15	1.019665851e-13	4.632272755e-14	1.209072946e-11	5.701525406e-13	5.021743438e-12	4.671487155e-12	7.424427739e-10	4.999999912e-15	4.999999912e-15	1.035118172e-13	4.999999912e-15	4.999999912e-15	4.320042859e-14	1.290159657e-13	1.948744334e-12	4.999999912e-15	1.655277749e-13	8.233837874e-15	5.27221114e-11	4.999999912e-15	3.413325124e-13	4.999999912e-15	1.6194086e-11	1.014409097e-13	3.030335314e-12	6.472384477e-13	4.217551197e-09	9.481398143e-14	4.999999912e-15	4.999999912e-15	5.94491497e-14	1.101865452e-13	4.999999912e-15	4.999999912e-15	4.999999912e-15	3.303702255e-14	4.999999912e-15	1	1	1	1	1	1	1	0	0	0	0	0	0	0	0	0	0
1669.093	1747313852.951	05/15/2025_14:57:32.951	1	3	3.770456169e-05	6.860133908e-06	0.0120000001	1.941282692e-13	1.677731521e-12	4.999999912e-15	4.019365678e-13	7.657997771e-14	4.999999912e-15	4.999999912e-15	1.381658188e-13	4.999999912e-15	4.999999912e-15	5.674699263e-14	1.127094837e-13	4.999999912e-15	1.95816887e-13	9.778296066e-14	1.21920191e-11	5.518707778e-13	5.05988567e-12	4.837756064e-12	7.40939754e-10	4.999999912e-15	4.999999912e-15	7.278861758e-14	4.999999912e-15	4.999999912e-15	1.341673354e-13	4.999999912e-15	1.924377541e-12	4.999999912e-15	1.99401151e-13	4.999999912e-15	5.264269576e-11	5.445305123e-14	2.536272516e-13	4.999999912e-15	1.62685837e-11	1.411287808e-13	2.950037567e-12	7.195830303e-13	4.196258896e-09	1.203718657e-13	4.999999912e-15	4.999999912e-15	1.668718332e-13	8.558048205e-14	4.999999912e-15	4.999999912e-15	9.223928587e-14	4.999999912e-15	4.999999912e-15	1	1	1	1	1	1	1	0	0	0	0	0	0	0	0	0	0
1678.112	1747313861.970	05/15/2025_14:57:41.970	1	3	3.773973367e-05	6.897043022e-06	0.0120000001	2.889518052e-14	1.687777305e-12	8.901543782e-14	4.98881264e-13	4.999999912e-15	4.999999912e-15	1.150770831e-13	1.182153063e-13	4.999999912e-15	4.999999912e-15	1.569095602e-13	1.266239717e-14	4.999999912e-15	3.725555021e-13	1.620071807e-13	1.185184156e-11	6.259079084e-13	5.27839274e-12	4.795057146e-12	7.411193326e-10	4.999999912e-15	1.180719476e-13	4.999999912e-15	4.999999912e-15	5.887564741e-14	8.530369878e-14	4.999999912e-15	2.093405744e-12	7.687666964e-14	6.083255102e-15	4.999999912e-15	5.310357015e-11	6.099192874e-15	1.39736882e-13	4.999999912e-15	1.636694599e-11	5.409660621e-14	2.759188928e-12	7.966309361e-13	4.245104268e-09	4.999999912e-15	4.999999912e-15	4.999999912e-15	2.559629754e-13	4.999999912e-15	4.999999912e-15	8.99393678e-14	4.999999912e-15	4.999999912e-15	4.999999912e-15	1	1	1	1	1	1	1	0	0	0	0	0	0	0	0	0	0
1687.131	1747313870.989	05/15/2025_14:57:50.989	1	3	3.77961187e-05	6.854878848e-06	0.0120000001	4.999999912e-15	1.64852756e-12	1.961792951e-13	3.848236833e-13	4.999999912e-15	6.107598151e-14	1.496952112e-13	4.999999912e-15	4.999999912e-15	7.131906285e-14	1.183447464e-13	4.999999912e-15	4.999999912e-15	3.392475645e-13	4.814074486e-14	1.184771725e-11	6.896622488e-13	5.4144857e-12	4.664687039e-12	7.444621586e-10	1.320446438e-13	3.563562477e-14	4.999999912e-15	4.999999912e-15	1.028766102e-13	4.999999912e-15	4.999999912e-15	2.031232604e-12	1.53789267e-13	4.999999912e-15	4.999999912e-15	5.301272962e-11	6.042285812e-14	4.999999912e-15	2.926356531e-14	1.654813786e-11	4.999999912e-15	2.998939421e-12	1.048169364e-12	4.2434114e-09	4.999999912e-15	4.999999912e-15	1.551433e-13	5.078514107e-14	4.999999912e-15	3.203540948e-14	1.708504079e-13	4.999999912e-15	4.999999912e-15	4.947888074e-14	1	1	1	1	1	1	1	0	0	0	0	0	0	0	0	0	0
1696.15	1747313880.008	05/15/2025_14:58:00.008	1	3	3.779970575e-05	6.881195986e-06	0.0120000001	4.999999912e-15	1.820049103e-12	1.856196132e-13	3.208184586e-13	4.999999912e-15	1.129304983e-13	1.517362624e-13	4.999999912e-15	4.999999912e-15	2.210959822e-13	4.999999912e-15	4.999999912e-15	3.97635077e-14	4.23456192e-13	4.999999912e-15	1.187809833e-11	8.525496932e-13	5.173672254e-12	4.537821507e-12	7.427477522e-10	1.431658747e-13	4.999999912e-15	1.390893829e-14	3.508005247e-14	7.970029801e-14	4.999999912e-15	4.999999912e-15	2.27560245e-12	4.999999912e-15	4.999999912e-15	8.820697536e-14	5.245530052e-11	4.999999912e-15	2.39097018e-13	1.475466342e-13	1.653838871e-11	4.999999912e-15	3.007623013e-12	1.048936112e-12	4.253147168e-09	4.999999912e-15	7.369464468e-14	6.490122296e-14	4.999999912e-15	4.999999912e-15	1.164192034e-13	3.313656587e-14	4.999999912e-15	4.999999912e-15	1.729551561e-13	1	1	1	1	1	1	1	0	0	0	0	0	0	0	0	0	0
1705.169	1747313889.027	05/15/2025_14:58:09.027	1	3	3.773447315e-05	6.958112408e-06	0.01600000076	4.999999912e-15	1.971066539e-12	4.764890332e-14	2.11410479e-13	1.051725371e-13	2.045446061e-13	4.999999912e-15	4.999999912e-15	1.303421075e-13	1.102861089e-13	4.999999912e-15	3.965200428e-14	1.907650199e-13	2.874289619e-13	4.999999912e-15	1.21304156e-11	9.403565166e-13	5.014482319e-12	4.608153269e-12	7.478204722e-10	4.288581344e-14	4.999999912e-15	1.940482009e-14	2.034294499e-13	4.999999912e-15	4.999999912e-15	7.557438697e-14	2.241480005e-12	4.999999912e-15	2.182618913e-14	1.440101564e-13	5.285452284e-11	4.999999912e-15	2.333143715e-13	2.2555639e-13	1.636647068e-11	4.999999912e-15	3.108778859e-12	9.891981982e-13	4.236808238e-09	4.999999912e-15	2.253971207e-13	4.999999912e-15	4.999999912e-15	4.999999912e-15	1.513220972e-13	4.999999912e-15	4.999999912e-15	1.150810675e-13	2.542640442e-14	1	1	1	1	1	1	1	0	0	0	0	0	0	0	0	0	0
1714.188	1747313898.046	05/15/2025_14:58:18.046	1	3	3.766759983e-05	6.862755981e-06	0.01400000043	1.467839657e-13	1.882496979e-12	4.999999912e-15	2.665147291e-13	1.481380394e-13	1.512922139e-13	4.999999912e-15	4.999999912e-15	1.426102888e-13	4.999999912e-15	4.999999912e-15	1.013672382e-13	2.242839567e-13	2.48402156e-13	4.999999912e-15	1.211076031e-11	7.78317352e-13	5.06109564e-12	4.716718769e-12	7.447886197e-10	4.999999912e-15	4.999999912e-15	8.849571195e-14	1.384365983e-13	4.999999912e-15	4.999999912e-15	2.023482158e-13	2.094048893e-12	2.510305874e-13	1.825311549e-13	2.440373207e-13	5.317844429e-11	4.999999912e-15	3.823744164e-13	1.680825482e-13	1.614960075e-11	9.036303335e-15	3.227348727e-12	7.881620703e-13	4.251602181e-09	1.307742299e-13	1.255491615e-13	4.999999912e-15	1.122156431e-13	1.233348683e-13	2.950650791e-14	4.999999912e-15	2.372386819e-14	2.316277595e-13	4.999999912e-15	1	1	1	1	1	1	1	0	0	0	0	0	0	0	0	0	0
1723.207	1747313907.065	05/15/2025_14:58:27.065	1	3	3.76642638e-05	6.87592501e-06	0.0120000001	2.639619209e-13	1.85835917e-12	5.228257334e-14	3.063519219e-13	2.39604777e-13	4.999999912e-15	4.999999912e-15	1.486119713e-13	1.304994253e-13	4.999999912e-15	4.999999912e-15	1.712168005e-13	1.354536871e-13	1.884372378e-13	4.653180917e-14	1.203932527e-11	6.387177029e-13	5.141156598e-12	4.859209823e-12	7.406769087e-10	4.999999912e-15	2.975739907e-14	2.052912961e-13	4.999999912e-15	4.999999912e-15	1.182332227e-13	1.626145236e-13	1.969615009e-12	4.999999912e-15	4.841319403e-13	2.367209754e-14	5.2348334e-11	3.487097086e-14	4.049752612e-13	4.999999912e-15	1.654995065e-11	1.691618037e-13	3.080055091e-12	6.573081923e-13	4.2313828e-09	1.609100223e-13	1.225021061e-14	4.999999912e-15	2.141644067e-13	2.364187405e-13	4.999999912e-15	4.999999912e-15	1.430364345e-13	1.020323081e-13	4.999999912e-15	1	1	1	1	1	1	1	0	0	0	0	0	0	0	0	0	0
1732.226	1747313916.084	05/15/2025_14:58:36.084	1	3	3.774908691e-05	6.939473678e-06	0.01400000043	4.999999912e-15	1.668255052e-12	4.999999912e-15	4.923100773e-13	3.828597731e-14	4.999999912e-15	4.999999912e-15	1.809719909e-13	4.999999912e-15	4.999999912e-15	1.387571969e-13	7.640674253e-14	4.999999912e-15	2.322351025e-13	1.715891697e-13	1.210491516e-11	6.025942549e-13	5.269511823e-12	4.891203761e-12	7.426682047e-10	4.999999912e-15	1.136991163e-13	1.602150487e-13	4.999999912e-15	4.999999912e-15	1.385182388e-13	6.061998641e-14	1.91040868e-12	6.758145882e-14	2.136446673e-13	4.999999912e-15	5.260578084e-11	1.688173256e-13	4.391353546e-13	4.999999912e-15	1.654463719e-11	1.552448491e-13	3.041542278e-12	6.808747359e-13	4.265417353e-09	1.20214548e-13	4.999999912e-15	4.999999912e-15	2.311837245e-13	4.999999912e-15	4.999999912e-15	4.999999912e-15	1.157541131e-13	4.999999912e-15	4.999999912e-15	1	1	1	1	1	1	1	0	0	0	0	0	0	0	0	0	0
1741.245	1747313925.103	05/15/2025_14:58:45.103	1	3	3.778048995e-05	6.912925983e-06	0.0120000001	9.967266406e-14	1.547369437e-12	4.441112327e-14	5.826736663e-13	4.999999912e-15	4.999999912e-15	1.305770813e-13	1.418715406e-13	4.999999912e-15	1.066819227e-13	1.542173507e-13	4.999999912e-15	4.999999912e-15	3.595565143e-13	1.737954941e-13	1.19781355e-11	6.430488195e-13	5.115427179e-12	4.785101135e-12	7.42345907e-10	5.398269722e-15	1.682518057e-13	4.999999912e-15	4.999999912e-15	7.325811778e-15	1.491834542e-13	4.999999912e-15	2.03336523e-12	1.88690128e-13	5.067165898e-14	4.999999912e-15	5.292618427e-11	2.242461316e-13	1.593787222e-13	4.999999912e-15	1.637949845e-11	1.238386563e-13	2.735054804e-12	8.302435345e-13	4.218588145e-09	7.784841971e-14	4.999999912e-15	9.924256105e-14	2.455765626e-13	4.999999912e-15	4.999999912e-15	1.184383537e-13	2.209302484e-14	4.999999912e-15	4.999999912e-15	1	1	1	1	1	1	1	0	0	0	0	0	0	0	0	0	0
1750.264	1747313934.122	05/15/2025_14:58:54.122	1	3	3.777924576e-05	6.881195986e-06	0.0120000001	4.999999912e-15	1.769100491e-12	2.328484085e-13	4.46726098e-13	4.999999912e-15	4.999999912e-15	1.128787412e-13	4.999999912e-15	4.999999912e-15	8.063619488e-14	1.448345296e-13	4.999999912e-15	4.999999912e-15	4.016120119e-13	1.976722822e-14	1.172771515e-11	7.917404254e-13	5.340201371e-12	4.65304054e-12	7.450195461e-10	2.303155225e-13	1.427795463e-13	4.999999912e-15	4.999999912e-15	2.119003215e-13	4.999999912e-15	4.999999912e-15	2.032281895e-12	1.904902288e-13	4.999999912e-15	4.999999912e-15	5.280349769e-11	1.7849486e-13	6.47698041e-14	3.27662024e-14	1.678235502e-11	4.999999912e-15	2.937972565e-12	8.551582294e-13	4.226646588e-09	4.999999912e-15	4.999999912e-15	1.021736949e-13	1.803268364e-13	4.999999912e-15	4.999999912e-15	1.885945827e-13	4.999999912e-15	4.999999912e-15	1.600773686e-14	1	1	1	1	1	1	1	0	0	0	0	0	0	0	0	0	0
1759.283	1747313943.141	05/15/2025_14:59:03.141	1	3	3.771390766e-05	6.904983366e-06	0.0120000001	4.999999912e-15	1.875710741e-12	2.641092911e-13	3.404145184e-13	4.999999912e-15	1.581899217e-13	1.755537718e-13	4.999999912e-15	5.115553163e-14	2.225475934e-13	3.571924386e-14	4.999999912e-15	6.792993495e-14	5.088754938e-13	4.999999912e-15	1.202950153e-11	8.865944003e-13	5.377930306e-12	4.597800439e-12	7.465830731e-10	3.343133062e-13	6.186057119e-14	4.999999912e-15	8.272901e-14	1.548127674e-13	4.999999912e-15	4.999999912e-15	2.228610525e-12	1.126457529e-13	4.999999912e-15	6.458460204e-14	5.21241314e-11	4.999999912e-15	1.140953922e-13	1.629052795e-13	1.685515963e-11	4.999999912e-15	2.999070393e-12	1.00959074e-12	4.231580863e-09	4.999999912e-15	4.999999912e-15	8.390783592e-14	4.999999912e-15	4.999999912e-15	1.215984778e-13	5.669920642e-14	4.999999912e-15	4.999999912e-15	2.087999099e-13	1	1	1	1	1	1	1	0	0	0	0	0	0	0	0	0	0
1768.302	1747313952.160	05/15/2025_14:59:12.160	1	3	3.76590433e-05	6.841757568e-06	0.01000000071	4.999999912e-15	2.103993195e-12	1.908028585e-13	2.522612653e-13	4.999999912e-15	2.246543609e-13	4.999999912e-15	4.999999912e-15	1.346492362e-13	1.57126631e-13	4.999999912e-15	4.999999912e-15	1.563301219e-13	3.826332968e-13	4.999999912e-15	1.222402648e-11	9.48184131e-13	5.020351322e-12	4.58655813e-12	7.36243011e-10	1.368316403e-13	4.999999912e-15	4.999999912e-15	2.58760732e-13	4.999999912e-15	4.999999912e-15	4.161737483e-14	2.25674709e-12	4.999999912e-15	1.711685874e-14	1.684369874e-13	5.156721924e-11	4.999999912e-15	1.692016481e-13	2.451723449e-13	1.630887439e-11	4.999999912e-15	3.035650073e-12	9.255315698e-13	4.228870587e-09	4.999999912e-15	1.886841649e-13	4.999999912e-15	4.544060373e-14	2.606959042e-14	2.83165635e-13	4.999999912e-15	4.999999912e-15	4.999999912e-15	1.280700941e-13	1	1	1	1	1	1	1	0	0	0	0	0	0	0	0	0	0
1777.321	1747313961.179	05/15/2025_14:59:21.179	1	3	3.766007649e-05	6.839129583e-06	0.0120000001	5.100220512e-14	2.006359922e-12	4.999999912e-15	1.92764248e-13	1.87889648e-13	1.427596377e-13	4.999999912e-15	4.999999912e-15	1.60569515e-13	4.999999912e-15	4.999999912e-15	1.340936639e-13	1.584030216e-13	2.328444512e-13	4.999999912e-15	1.224973942e-11	9.047287659e-13	5.142026995e-12	4.519207491e-12	7.430022708e-10	4.999999912e-15	4.999999912e-15	3.403662985e-14	7.934186077e-14	4.999999912e-15	4.999999912e-15	1.682478348e-13	2.093879757e-12	4.999999912e-15	8.977608696e-14	2.080731014e-13	5.261099889e-11	4.999999912e-15	2.437087533e-13	1.280401973e-13	1.640420265e-11	4.999999912e-15	3.083362775e-12	8.610483203e-13	4.221066163e-09	1.030299435e-13	1.687416347e-13	4.999999912e-15	4.999999912e-15	9.153790193e-15	7.507259788e-14	4.999999912e-15	4.999999912e-15	1.43699519e-13	4.999999912e-15	1	1	1	1	1	1	1	0	0	0	0	0	0	0	0	0	0
1786.34	1747313970.198	05/15/2025_14:59:30.198	1	3	3.776192898e-05	6.826030585e-06	0.01000000071	2.303533341e-13	1.79575777e-12	4.999999912e-15	3.130943584e-13	1.663780333e-13	4.999999912e-15	4.999999912e-15	1.283687783e-13	4.999999912e-15	4.999999912e-15	4.999999912e-15	1.499540509e-13	5.866224932e-15	1.525666258e-13	6.087289012e-14	1.217194748e-11	6.481683137e-13	5.15192923e-12	4.698479019e-12	7.4225881e-10	4.999999912e-15	4.999999912e-15	5.490830772e-13	4.999999912e-15	4.999999912e-15	3.831587418e-14	1.355054578e-13	1.862903278e-12	4.999999912e-15	1.7059951e-13	4.387547319e-14	5.304775369e-11	2.770641382e-14	3.139068053e-13	4.999999912e-15	1.634449e-11	9.287650537e-14	3.059732372e-12	7.713559067e-13	4.270349852e-09	2.038137725e-13	4.999999912e-15	4.999999912e-15	8.218738326e-14	1.193842117e-13	4.999999912e-15	4.999999912e-15	1.000291091e-13	4.045049208e-14	4.999999912e-15	1	1	1	1	1	1	1	0	0	0	0	0	0	0	0	0	0
1795.359	1747313979.217	05/15/2025_14:59:39.217	1	3	3.778568498e-05	6.92087724e-06	0.01400000043	2.291008637e-13	1.831351477e-12	4.999999912e-15	4.427555057e-13	1.299199734e-13	4.999999912e-15	4.999999912e-15	1.409276884e-13	4.999999912e-15	4.999999912e-15	3.037270413e-14	1.623059055e-13	4.999999912e-15	1.92987282e-13	9.559058189e-14	1.226664256e-11	5.186784162e-13	5.139494733e-12	4.659981602e-12	7.424558746e-10	4.999999912e-15	2.344310726e-14	3.934137358e-14	4.999999912e-15	4.999999912e-15	1.28279169e-13	4.999999912e-15	1.91472966e-12	1.077867721e-14	1.542612067e-13	4.999999912e-15	5.242695514e-11	1.152642706e-13	2.681933722e-13	4.999999912e-15	1.619126361e-11	1.066620343e-13	2.971772351e-12	6.506753686e-13	4.20921964e-09	5.194207965e-14	4.999999912e-15	4.999999912e-15	1.839867776e-13	4.999999912e-15	4.999999912e-15	4.999999912e-15	1.037149425e-13	4.999999912e-15	4.999999912e-15	1	1	1	1	1	1	1	0	0	0	0	0	0	0	0	0	0
1804.378	1747313988.236	05/15/2025_14:59:48.236	1	3	3.775416189e-05	6.902330369e-06	0.01600000076	4.999999912e-15	1.733032663e-12	1.9303271e-14	4.621126073e-13	4.999999912e-15	4.999999912e-15	6.526163887e-14	2.736390758e-14	4.999999912e-15	4.999999912e-15	1.098978222e-13	1.065322147e-14	4.999999912e-15	2.976819637e-13	4.999999912e-15	1.187108311e-11	7.149075711e-13	5.426158654e-12	4.692338098e-12	7.461746221e-10	4.999999912e-15	1.038125206e-13	4.999999912e-15	4.999999912e-15	4.999999912e-15	5.691427147e-14	4.999999912e-15	1.968957983e-12	1.375206372e-13	7.370461934e-14	4.999999912e-15	5.291620614e-11	9.922466494e-14	8.904529403e-14	4.999999912e-15	1.664324928e-11	7.652423617e-14	2.872115306e-12	8.758494147e-13	4.269388398e-09	4.999999912e-15	4.999999912e-15	5.216707871e-14	2.016234402e-13	4.999999912e-15	4.999999912e-15	4.294356754e-14	4.999999912e-15	4.999999912e-15	4.999999912e-15	1	1	1	1	1	1	1	0	0	0	0	0	0	0	0	0	0
1813.397	1747313997.255	05/15/2025_14:59:57.255	1	3	3.77158176e-05	6.889119049e-06	0.0120000001	4.999999912e-15	1.74022938e-12	1.775649397e-13	4.249595467e-13	4.999999912e-15	4.999999912e-15	2.139174797e-13	1.73876755e-14	4.999999912e-15	7.419447543e-14	4.999999912e-15	4.999999912e-15	4.999999912e-15	4.435819117e-13	4.999999912e-15	1.175276629e-11	7.511764648e-13	5.383270652e-12	4.497731614e-12	7.482912068e-10	3.642416501e-14	8.432600592e-14	4.999999912e-15	4.999999912e-15	7.722118843e-14	3.145397896e-14	4.999999912e-15	2.049894542e-12	1.196590028e-13	4.999999912e-15	4.999999912e-15	5.212024909e-11	8.101254856e-14	2.495448509e-14	1.236968969e-14	1.668721411e-11	4.999999912e-15	2.795710712e-12	9.374632147e-13	4.247155516e-09	4.999999912e-15	4.999999912e-15	1.06819325e-13	5.945909726e-14	4.999999912e-15	4.999999912e-15	8.84678344e-14	4.999999912e-15	4.999999912e-15	6.881006995e-14	1	1	1	1	1	1	1	0	0	0	0	0	0	0	0	0	0
1822.416	1747314006.274	05/15/2025_15:00:06.274	1	3	3.767428643e-05	6.95011795e-06	0.01400000043	4.999999912e-15	1.944930978e-12	2.023044276e-13	2.562437838e-13	4.999999912e-15	1.45848096e-13	1.497509798e-13	4.999999912e-15	4.999999912e-15	1.927304074e-13	3.39549962e-14	4.999999912e-15	3.231418497e-14	4.677637943e-13	4.999999912e-15	1.193766787e-11	8.36705271e-13	5.298697679e-12	4.498384304e-12	7.463029639e-10	1.677042023e-13	4.999999912e-15	4.999999912e-15	3.973762915e-14	1.705238327e-13	4.999999912e-15	4.999999912e-15	2.146128327e-12	7.941953708e-14	4.999999912e-15	4.999999912e-15	5.256071273e-11	4.999999912e-15	1.005109963e-13	1.553583922e-13	1.661266263e-11	4.999999912e-15	2.949356688e-12	1.01563224e-12	4.23261115e-09	4.999999912e-15	4.999999912e-15	1.656173842e-13	4.999999912e-15	4.999999912e-15	7.875047592e-14	3.932343681e-14	4.999999912e-15	5.740412079e-14	9.657626397e-14	1	1	1	1	1	1	1	0	0	0	0	0	0	0	0	0	0
1831.435	1747314015.293	05/15/2025_15:00:15.293	1	3	3.772891068e-05	6.854878848e-06	0.0120000001	4.999999912e-15	1.833643263e-12	1.560433911e-13	1.6803876e-13	2.294728128e-14	8.497913609e-14	4.999999912e-15	4.999999912e-15	1.176517922e-13	1.607586948e-13	4.999999912e-15	4.999999912e-15	1.633234292e-13	3.483676292e-13	4.999999912e-15	1.223825208e-11	9.609122309e-13	5.373537552e-12	4.60387414e-12	7.491072207e-10	1.29710885e-13	4.999999912e-15	4.999999912e-15	1.640721521e-13	3.298326645e-14	4.999999912e-15	7.959477126e-14	2.283016007e-12	4.999999912e-15	4.999999912e-15	9.789846207e-14	5.245827037e-11	4.999999912e-15	2.049488238e-13	2.844559983e-13	1.624892929e-11	4.999999912e-15	3.060293772e-12	1.086489297e-12	4.213232874e-09	4.999999912e-15	1.858167754e-13	3.736402599e-14	4.999999912e-15	1.21466693e-14	1.255531323e-13	4.999999912e-15	4.999999912e-15	6.278849917e-14	1.521245695e-13	1	1	1	1	1	1	1	0	0	0	0	0	0	0	0	0	0
1840.454	1747314024.312	05/15/2025_15:00:24.312	1	3	3.772488344e-05	6.995547665e-06	0.01400000043	5.235227399e-14	2.114218522e-12	4.999999912e-15	1.928718144e-13	6.896738768e-14	2.334139013e-13	4.999999912e-15	4.999999912e-15	1.560413582e-13	5.647817825e-14	4.999999912e-15	1.132849646e-13	2.253055056e-13	1.383430317e-13	5.67489984e-14	1.219869605e-11	8.264919782e-13	4.937209495e-12	4.573318287e-12	7.42134576e-10	4.545453911e-14	4.999999912e-15	4.999999912e-15	9.853366224e-14	7.588104678e-14	4.999999912e-15	7.094272272e-14	2.106173742e-12	4.999999912e-15	1.170763248e-13	1.824853745e-13	5.259732927e-11	4.999999912e-15	3.223198618e-13	1.740264833e-13	1.611095458e-11	4.999999912e-15	3.253301274e-12	8.219996949e-13	4.243557505e-09	8.182300323e-14	1.676544103e-13	4.999999912e-15	2.906244581e-14	6.363078196e-14	4.999999912e-15	4.999999912e-15	4.999999912e-15	1.817207138e-13	4.999999912e-15	1	1	1	1	1	1	1	0	0	0	0	0	0	0	0	0	0
1849.473	1747314033.331	05/15/2025_15:00:33.331	1	3	3.779579129e-05	6.758346899e-06	0.0120000001	2.319304145e-13	1.929713984e-12	4.999999912e-15	3.856719631e-13	1.941920068e-13	4.999999912e-15	4.999999912e-15	7.199212201e-14	5.246180552e-14	4.999999912e-15	4.999999912e-15	1.34167349e-13	5.666734443e-14	1.248641761e-13	1.477397984e-13	1.251724852e-11	6.983004127e-13	5.217720353e-12	4.740932473e-12	7.398524571e-10	4.999999912e-15	4.999999912e-15	5.593457284e-14	4.999999912e-15	4.999999912e-15	4.999999912e-15	1.674453626e-13	2.155555031e-12	4.999999912e-15	1.552906973e-13	3.251729669e-14	5.285715615e-11	4.999999912e-15	3.871852925e-13	4.999999912e-15	1.61601791e-11	4.137444239e-14	3.217568356e-12	7.844982259e-13	4.296468958e-09	9.741656808e-14	4.999999912e-15	4.999999912e-15	1.049833777e-13	1.230162619e-13	4.999999912e-15	4.999999912e-15	3.764679269e-14	8.068995775e-14	4.999999912e-15	1	1	1	1	1	1	1	0	0	0	0	0	0	0	0	0	0
1858.492	1747314042.350	05/15/2025_15:00:42.350	1	3	3.77386641e-05	6.926183232e-06	0.01400000043	1.873480483e-13	1.811215782e-12	4.999999912e-15	3.448171653e-13	1.357822546e-13	4.999999912e-15	4.999999912e-15	1.298403117e-13	4.999999912e-15	4.999999912e-15	1.306049724e-13	2.03676377e-13	4.999999912e-15	1.94102411e-13	1.006563539e-13	1.205818084e-11	5.345926067e-13	5.24695825e-12	4.749684153e-12	7.440290606e-10	4.999999912e-15	5.512808905e-14	6.271083642e-14	4.999999912e-15	4.999999912e-15	1.313218197e-13	5.472983449e-14	1.894020531e-12	1.020518847e-14	1.713382854e-13	4.999999912e-15	5.237224543e-11	8.001092193e-14	2.490294483e-13	4.999999912e-15	1.630399982e-11	1.564913834e-13	2.886386876e-12	7.501110735e-13	4.275922727e-09	1.089877971e-13	4.999999912e-15	4.999999912e-15	2.007930497e-13	5.404484911e-14	4.999999912e-15	4.999999912e-15	1.875232554e-13	4.999999912e-15	4.999999912e-15	1	1	1	1	1	1	1	0	0	0	0	0	0	0	0	0	0
1867.511	1747314051.369	05/15/2025_15:00:51.369	1	3	3.768667011e-05	6.820809631e-06	0.0120000001	9.509874713e-14	1.730468091e-12	2.538857254e-14	4.118371226e-13	4.999999912e-15	4.999999912e-15	7.706143124e-15	1.019486687e-13	4.999999912e-15	4.999999912e-15	1.395437449e-13	9.449338284e-14	4.999999912e-15	3.272800867e-13	1.836542393e-13	1.212007144e-11	6.84496947e-13	5.43703884e-12	4.728164475e-12	7.494759813e-10	4.999999912e-15	1.68966688e-13	4.999999912e-15	4.999999912e-15	1.007974628e-14	4.999999912e-15	4.999999912e-15	1.84917923e-12	1.00785767e-13	1.805319268e-13	4.999999912e-15	5.281097087e-11	1.457405838e-13	1.97879812e-13	4.999999912e-15	1.660938227e-11	1.696994189e-13	2.869980729e-12	7.799342227e-13	4.271358822e-09	4.999999912e-15	4.999999912e-15	4.999999912e-15	1.967168968e-13	4.999999912e-15	4.999999912e-15	4.999999912e-15	4.743583727e-14	4.999999912e-15	4.999999912e-15	1	1	1	1	1	1	1	0	0	0	0	0	0	0	0	0	0
1876.53	1747314060.388	05/15/2025_15:01:00.388	1	3	3.762287088e-05	6.873290204e-06	0.0120000001	3.730134691e-13	1.810276104e-12	1.208557316e-13	4.271439973e-13	4.999999912e-15	4.999999912e-15	1.058177119e-13	4.999999912e-15	4.999999912e-15	4.999999912e-15	1.641219306e-13	4.999999912e-15	4.999999912e-15	3.758330452e-13	1.090674588e-13	1.188954317e-11	7.022091784e-13	5.412663373e-12	4.643191213e-12	7.419138637e-10	1.949243718e-14	7.954897049e-14	4.999999912e-15	4.999999912e-15	2.412873503e-13	4.999999912e-15	4.999999912e-15	2.084003109e-12	1.492750829e-13	1.887114868e-14	4.999999912e-15	5.227433764e-11	1.618439134e-13	1.654537239e-14	1.879151403e-14	1.666174317e-11	4.999999912e-15	2.862858171e-12	9.265690428e-13	4.230190864e-09	4.999999912e-15	4.999999912e-15	1.429030098e-13	1.56300225e-13	4.999999912e-15	4.999999912e-15	6.089479778e-14	4.999999912e-15	4.999999912e-15	9.571802986e-14	1	1	1	1	1	1	1	0	0	0	0	0	0	0	0	0	0
1885.549	1747314069.407	05/15/2025_15:01:09.407	1	3	3.768788156e-05	6.852252227e-06	0.0120000001	4.999999912e-15	1.881923653e-12	2.324879926e-13	2.698281594e-13	4.999999912e-15	1.0783487e-13	1.594324987e-13	4.999999912e-15	4.999999912e-15	2.126390698e-13	2.146179556e-14	4.999999912e-15	2.821615825e-14	4.148718316e-13	4.999999912e-15	1.194234728e-11	8.563908046e-13	5.491081548e-12	4.539432632e-12	7.446531725e-10	1.52917067e-13	4.999999912e-15	4.999999912e-15	7.908101528e-14	8.470435182e-14	4.999999912e-15	4.999999912e-15	2.094654311e-12	3.704144196e-14	4.999999912e-15	4.999999912e-15	5.237257503e-11	4.999999912e-15	5.940732661e-14	1.371144138e-13	1.659674308e-11	4.999999912e-15	3.036538252e-12	1.133845513e-12	4.197023173e-09	4.999999912e-15	1.789344904e-14	1.520250126e-13	4.999999912e-15	4.999999912e-15	1.019407269e-13	4.999999912e-15	4.999999912e-15	4.999999912e-15	7.207175666e-14	1	1	1	1	1	1	1	0	0	0	0	0	0	0	0	0	0
1894.568	1747314078.426	05/15/2025_15:01:18.426	1	3	3.772270793e-05	6.897043022e-06	0.01400000043	2.995055647e-14	2.057327832e-12	6.071160827e-14	1.644166303e-13	1.168493199e-13	1.800918626e-13	4.999999912e-15	4.999999912e-15	3.339130459e-13	8.562630314e-14	4.999999912e-15	2.740174624e-14	1.670451158e-13	2.70001442e-13	4.999999912e-15	1.207569548e-11	9.633596004e-13	5.496640035e-12	4.602068292e-12	7.499253996e-10	2.370595175e-14	4.999999912e-15	1.37814971e-14	1.44344687e-13	4.999999912e-15	4.999999912e-15	1.312660646e-13	2.179432416e-12	4.999999912e-15	4.999999912e-15	1.643847818e-13	5.219899166e-11	4.999999912e-15	2.357994713e-13	1.871011213e-13	1.654364493e-11	4.999999912e-15	3.120599265e-12	9.337932988e-13	4.216224703e-09	5.9182314e-14	1.872126315e-13	4.999999912e-15	1.785466577e-13	1.242249576e-13	1.505096503e-13	4.999999912e-15	4.999999912e-15	6.748189518e-14	5.185447612e-14	1	1	1	1	1	1	1	0	0	0	0	0	0	0	0	0	0
1903.587	1747314087.445	05/15/2025_15:01:27.445	1	3	3.773757999e-05	6.963447049e-06	0.01400000043	1.361366938e-13	1.890886319e-12	4.999999912e-15	4.112497018e-13	2.498936388e-13	4.999999912e-15	4.999999912e-15	8.22451238e-14	1.273273479e-13	4.999999912e-15	4.999999912e-15	1.815375107e-13	3.701955463e-14	7.443938315e-14	2.220453503e-14	1.220470947e-11	7.493185759e-13	5.359301978e-12	4.816244192e-12	7.425142723e-10	4.999999912e-15	4.999999912e-15	1.721546896e-13	5.769683505e-14	4.999999912e-15	1.129265274e-13	1.711033116e-13	1.948489547e-12	4.999999912e-15	2.343777028e-13	5.427184039e-14	5.264883321e-11	3.483712342e-14	3.656577536e-13	4.999999912e-15	1.664642382e-11	1.413936242e-13	3.065811927e-12	7.103535425e-13	4.260334308e-09	1.273910583e-13	3.875591796e-14	4.999999912e-15	7.557040931e-14	1.401988877e-13	4.999999912e-15	4.999999912e-15	1.225483202e-13	8.568368454e-15	4.999999912e-15	1	1	1	1	1	1	1	0	0	0	0	0	0	0	0	0	0
1912.606	1747314096.464	05/15/2025_15:01:36.464	1	3	3.76970529e-05	6.907622719e-06	0.01400000043	1.972147218e-13	1.805423215e-12	4.999999912e-15	4.504238237e-13	1.742594242e-13	4.999999912e-15	4.839561369e-14	1.832280801e-13	4.999999912e-15	4.999999912e-15	2.292336785e-14	7.85831903e-14	4.999999912e-15	4.925749478e-13	1.297985157e-13	1.223249366e-11	6.066185965e-13	5.431228384e-12	4.633065199e-12	7.504660782e-10	4.999999912e-15	1.288739623e-14	2.875380056e-14	4.999999912e-15	4.999999912e-15	8.583139353e-14	4.999999912e-15	1.843161691e-12	3.001226112e-14	1.877044527e-13	4.999999912e-15	5.272572309e-11	1.031155684e-13	2.195487173e-13	4.999999912e-15	1.676851366e-11	1.955739173e-13	2.846965936e-12	6.936129188e-13	4.232608486e-09	4.999999912e-15	4.999999912e-15	4.999999912e-15	2.062630123e-13	4.999999912e-15	4.999999912e-15	4.999999912e-15	1.793889202e-13	4.999999912e-15	4.999999912e-15	1	1	1	1	1	1	1	0	0	0	0	0	0	0	0	0	0
1921.625	1747314105.483	05/15/2025_15:01:45.483	1	3	3.759670653e-05	6.818188467e-06	0.0120000001	8.760562263e-14	1.579747292e-12	5.466213962e-14	4.296410233e-13	4.999999912e-15	4.999999912e-15	9.026594305e-14	9.012255731e-14	4.999999912e-15	4.999999912e-15	1.140017849e-13	4.999999912e-15	4.999999912e-15	2.941554335e-13	1.412104347e-13	1.19927835e-11	6.598948818e-13	5.681272727e-12	4.736203183e-12	7.420493109e-10	4.999999912e-15	8.653826624e-14	4.999999912e-15	4.999999912e-15	1.657322283e-14	1.081713793e-13	4.999999912e-15	1.986586243e-12	7.390572529e-14	4.999999912e-15	4.999999912e-15	5.293997532e-11	1.969498918e-13	2.75809513e-14	4.999999912e-15	1.655645933e-11	5.722688762e-14	2.813630188e-12	7.821425257e-13	4.207501014e-09	4.999999912e-15	4.999999912e-15	4.999999912e-15	1.342808379e-13	4.999999912e-15	4.999999912e-15	7.345967096e-14	4.999999912e-15	4.999999912e-15	4.999999912e-15	1	1	1	1	1	1	1	0	0	0	0	0	0	0	0	0	0
1930.644	1747314114.502	05/15/2025_15:01:54.502	1	3	3.758600724e-05	6.799924449e-06	0.0120000001	4.999999912e-15	1.984378373e-12	2.156259654e-13	4.216181983e-13	4.999999912e-15	9.649609399e-15	8.339010228e-14	4.999999912e-15	4.999999912e-15	7.892966744e-14	1.145175263e-13	4.999999912e-15	4.999999912e-15	4.800339813e-13	4.882175258e-14	1.183610068e-11	8.376490148e-13	5.559206307e-12	4.458754546e-12	7.436997684e-10	2.21547566e-14	1.7184557e-14	4.999999912e-15	4.999999912e-15	6.492710151e-14	4.999999912e-15	4.999999912e-15	2.053881154e-12	1.222436323e-13	4.999999912e-15	4.999999912e-15	5.244953777e-11	3.05499102e-14	1.192169464e-13	2.032278019e-14	1.677203168e-11	4.999999912e-15	2.912992547e-12	8.684419828e-13	4.17229673e-09	4.999999912e-15	4.999999912e-15	8.850366051e-14	4.479143429e-14	4.999999912e-15	4.999999912e-15	7.434179818e-14	4.999999912e-15	4.999999912e-15	3.765474125e-14	1	1	1	1	1	1	1	0	0	0	0	0	0	0	0	0	0
1939.663	1747314123.521	05/15/2025_15:02:03.521	1	3	3.766575173e-05	6.926183232e-06	0.01400000043	4.999999912e-15	1.986341647e-12	1.983298373e-13	2.280872973e-13	4.999999912e-15	7.785039161e-14	1.425266562e-13	4.999999912e-15	4.999999912e-15	1.038642777e-13	4.999999912e-15	4.999999912e-15	1.09009698e-13	3.944931946e-13	4.999999912e-15	1.210428893e-11	8.879762702e-13	5.653643786e-12	4.457133881e-12	7.460512208e-10	1.460950095e-13	4.999999912e-15	4.999999912e-15	1.188863596e-13	1.052979996e-13	4.999999912e-15	4.999999912e-15	2.232891823e-12	4.347322741e-14	4.999999912e-15	4.999999912e-15	5.256464708e-11	4.999999912e-15	7.192440003e-14	1.702291059e-13	1.673498146e-11	4.999999912e-15	2.919176619e-12	1.038547612e-12	4.249905317e-09	4.999999912e-15	4.999999912e-15	1.609896434e-13	8.825222725e-15	4.999999912e-15	4.999999912e-15	3.241772627e-14	4.999999912e-15	2.822809125e-14	2.119341622e-13	1	1	1	1	1	1	1	0	0	0	0	0	0	0	0	0	0
1948.682	1747314132.540	05/15/2025_15:02:12.540	1	3	3.77009419e-05	6.889119049e-06	0.01400000043	4.999999912e-15	2.080167852e-12	1.502666942e-13	1.973083291e-13	9.476367445e-15	2.618093459e-13	4.999999912e-15	4.999999912e-15	1.28984063e-13	1.863165519e-13	4.999999912e-15	6.099179321e-15	1.632019444e-13	4.337589316e-13	4.999999912e-15	1.203672665e-11	9.49671548e-13	5.408063754e-12	4.593859581e-12	7.373325284e-10	1.102821041e-13	4.999999912e-15	4.999999912e-15	2.067389364e-13	1.651747451e-14	4.999999912e-15	6.580524428e-14	2.168149991e-12	4.999999912e-15	4.999999912e-15	1.678694618e-13	5.242217771e-11	4.999999912e-15	1.436079174e-13	3.020647426e-13	1.658176374e-11	4.999999912e-15	3.041868623e-12	1.033734838e-12	4.226836658e-09	4.999999912e-15	1.76360215e-13	5.017779811e-14	4.999999912e-15	1.15632059e-14	1.692553839e-13	4.999999912e-15	4.999999912e-15	1.349419301e-13	1.031931973e-13	1	1	1	1	1	1	1	0	0	0	0	0	0	0	0	0	0
1957.701	1747314141.559	05/15/2025_15:02:21.559	1	3	3.770618787e-05	6.92087724e-06	0.0120000001	3.974159326e-14	2.132703519e-12	4.999999912e-15	2.412575348e-13	1.489106418e-13	1.273253421e-13	4.999999912e-15	1.59169661e-13	2.391706624e-13	1.739163961e-14	4.999999912e-15	1.240596439e-13	1.164450752e-13	3.75962499e-13	4.999999912e-15	1.251931198e-11	8.917159003e-13	5.387400595e-12	4.719625732e-12	7.47100215e-10	4.999999912e-15	4.999999912e-15	4.987314408e-14	1.264651361e-13	4.999999912e-15	4.999999912e-15	1.818063115e-13	2.06351906e-12	4.999999912e-15	2.064820754e-13	1.309574194e-13	5.205489859e-11	4.999999912e-15	2.723530765e-13	6.40668684e-14	1.642980196e-11	5.953814915e-15	3.144201696e-12	7.575684329e-13	4.22827906e-09	1.137210172e-13	8.549287173e-14	4.999999912e-15	9.041527157e-14	1.925910061e-13	4.999999912e-15	4.999999912e-15	4.007611707e-14	1.456768191e-13	4.999999912e-15	1	1	1	1	1	1	1	0	0	0	0	0	0	0	0	0	0
1966.72	1747314150.578	05/15/2025_15:02:30.578	1	3	3.761030894e-05	6.852252227e-06	0.0120000001	1.897116633e-13	1.862755609e-12	4.999999912e-15	3.728282331e-13	1.655934775e-13	4.999999912e-15	4.999999912e-15	1.112239641e-13	3.651176854e-14	4.999999912e-15	5.849530929e-14	1.696715685e-13	4.999999912e-15	1.356926453e-13	1.489460682e-14	1.214835003e-11	6.551416853e-13	5.314493203e-12	4.676332238e-12	7.425804416e-10	4.999999912e-15	4.999999912e-15	1.640641561e-13	4.999999912e-15	4.999999912e-15	1.300215361e-13	1.806470555e-14	1.798175215e-12	4.999999912e-15	1.505076445e-13	4.999999912e-15	5.19401501e-11	8.256572238e-14	2.347938467e-13	4.999999912e-15	1.637548604e-11	2.758138769e-13	2.988743801e-12	7.263174979e-13	4.235058526e-09	8.920858843e-14	4.999999912e-15	4.999999912e-15	1.725071095e-13	2.579079799e-14	4.999999912e-15	4.999999912e-15	1.952872e-13	4.999999912e-15	4.999999912e-15	1	1	1	1	1	1	1	0	0	0	0	0	0	0	0	0	0
1975.739	1747314159.597	05/15/2025_15:02:39.597	1	3	3.752972407e-05	6.857506378e-06	0.01400000043	9.498920205e-14	1.731712755e-12	4.999999912e-15	4.121258456e-13	4.999999912e-15	4.999999912e-15	4.999999912e-15	9.213775034e-14	4.999999912e-15	4.999999912e-15	9.819114922e-14	4.999999912e-15	4.999999912e-15	2.064999918e-13	1.829075086e-13	1.183930471e-11	5.733544607e-13	5.576333232e-12	4.683530473e-12	7.380743239e-10	4.999999912e-15	9.338027313e-14	4.999999912e-15	4.999999912e-15	4.515982586e-14	7.996712017e-14	4.999999912e-15	1.79333035e-12	6.959661797e-14	4.999999912e-15	4.999999912e-15	5.217981602e-11	2.12234825e-13	5.995890091e-14	4.999999912e-15	1.633704456e-11	3.91382212e-14	2.870285606e-12	8.41346849e-13	4.244350205e-09	4.999999912e-15	4.999999912e-15	1.583248235e-14	2.886515625e-13	4.999999912e-15	4.999999912e-15	7.606420918e-14	4.999999912e-15	4.999999912e-15	4.999999912e-15	1	1	1	1	1	1	1	0	0	0	0	0	0	0	0	0	0
1984.758	1747314168.616	05/15/2025_15:02:48.616	1	3	3.753448982e-05	6.810354535e-06	0.01400000043	4.999999912e-15	1.890657336e-12	1.76338287e-13	3.407848006e-13	4.999999912e-15	1.502999656e-14	1.247884852e-13	4.999999912e-15	4.999999912e-15	8.560040426e-14	4.096422095e-14	4.999999912e-15	1.667081458e-14	4.153696701e-13	4.999999912e-15	1.191628914e-11	8.880798115e-13	5.36154194e-12	4.49336705e-12	7.389573398e-10	6.95109931e-14	4.999999912e-15	4.999999912e-15	4.999999912e-15	1.06070575e-13	4.999999912e-15	4.999999912e-15	2.034283332e-12	8.920061955e-14	4.999999912e-15	4.999999912e-15	5.22122276e-11	1.013945872e-14	4.999999912e-15	6.043082701e-14	1.642360206e-11	4.999999912e-15	2.941327737e-12	9.280326074e-13	4.207817206e-09	4.999999912e-15	4.999999912e-15	1.729770705e-13	4.999999912e-15	4.999999912e-15	4.999999912e-15	8.630131386e-14	4.999999912e-15	4.999999912e-15	1.489863056e-13	1	1	1	1	1	1	1	0	0	0	0	0	0	0	0	0	0
1993.777	1747314177.635	05/15/2025_15:02:57.635	1	3	3.762189226e-05	6.889119049e-06	0.01400000043	4.999999912e-15	2.028870995e-12	1.5174621e-13	1.479388714e-13	4.999999912e-15	1.441953382e-13	5.316615746e-15	4.999999912e-15	5.426985494e-14	1.412801354e-13	4.999999912e-15	4.999999912e-15	1.073489781e-13	3.738438053e-13	4.999999912e-15	1.205958423e-11	9.088087813e-13	5.414306156e-12	4.571093504e-12	7.403058722e-10	1.138325274e-13	4.999999912e-15	4.999999912e-15	1.475087955e-13	4.999999912e-15	4.999999912e-15	2.943480827e-14	2.089373596e-12	4.999999912e-15	4.999999912e-15	5.073337719e-14	5.260234262e-11	4.999999912e-15	3.096613948e-13	2.123921427e-13	1.631727219e-11	4.999999912e-15	2.998138847e-12	9.506094913e-13	4.215635396e-09	4.999999912e-15	1.704959416e-13	4.999999912e-15	4.999999912e-15	4.999999912e-15	1.180699418e-13	4.999999912e-15	4.999999912e-15	1.114589446e-13	5.584693542e-14	1	1	1	1	1	1	1	0	0	0	0	0	0	0	0	0	0
2002.796	1747314186.654	05/15/2025_15:03:06.654	1	3	3.765166548e-05	6.936815225e-06	0.01400000043	8.773902015e-14	2.124483532e-12	4.999999912e-15	2.5817529e-13	1.823320412e-13	8.737262758e-14	4.999999912e-15	4.557201242e-14	1.862029953e-13	6.392350299e-14	4.999999912e-15	1.179106454e-13	1.303520822e-13	1.725987246e-13	2.336543773e-14	1.221098396e-11	9.670811244e-13	5.409431583e-12	4.563702281e-12	7.402335411e-10	4.999999912e-15	4.999999912e-15	5.154580376e-14	9.345791556e-14	4.999999912e-15	4.999999912e-15	1.659240237e-13	1.970821726e-12	4.999999912e-15	9.807763325e-14	7.682687765e-14	5.254370203e-11	4.999999912e-15	3.171326049e-13	1.561907071e-13	1.642734906e-11	2.279196254e-14	3.175504564e-12	8.019655903e-13	4.273487786e-09	4.999999912e-15	1.348762139e-13	4.999999912e-15	4.999999912e-15	1.560791969e-13	4.999999912e-15	4.999999912e-15	4.32302848e-14	1.791937909e-13	4.999999912e-15	1	1	1	1	1	1	1	0	0	0	0	0	0	0	0	0	0
2011.815	1747314195.673	05/15/2025_15:03:15.673	1	3	3.765445581e-05	6.881195986e-06	0.0120000001	2.175296076e-13	2.029659643e-12	4.999999912e-15	3.853692539e-13	1.426421644e-13	4.999999912e-15	4.999999912e-15	5.233435077e-14	3.559180267e-14	4.999999912e-15	4.999999912e-15	1.524550885e-13	4.999999912e-15	9.26693821e-14	2.695767736e-14	1.220728033e-11	7.111081472e-13	5.218150564e-12	4.743289962e-12	7.460039808e-10	4.999999912e-15	4.999999912e-15	1.112598308e-13	4.999999912e-15	4.999999912e-15	7.302755541e-14	1.013672449e-13	1.683673383e-12	4.999999912e-15	2.127983391e-13	4.999999912e-15	5.263200986e-11	2.372386819e-14	3.547515471e-13	4.999999912e-15	1.647028867e-11	4.10268011e-13	3.153688248e-12	7.050070163e-13	4.211648807e-09	1.574252881e-13	4.999999912e-15	4.999999912e-15	2.284735714e-13	1.448086442e-13	4.999999912e-15	4.999999912e-15	1.267916707e-13	4.999999912e-15	4.999999912e-15	1	1	1	1	1	1	1	0	0	0	0	0	0	0	0	0	0
2020.834	1747314204.692	05/15/2025_15:03:24.692	1	3	3.761626431e-05	6.852252227e-06	0.01400000043	1.48130084e-13	1.719014254e-12	4.999999912e-15	4.778037232e-13	4.999999912e-15	4.999999912e-15	4.999999912e-15	1.143263679e-13	4.999999912e-15	4.999999912e-15	4.305506418e-14	6.890962681e-14	4.999999912e-15	2.141603816e-13	2.592107301e-13	1.193098051e-11	5.517512987e-13	5.336854222e-12	4.564626021e-12	7.405472902e-10	4.999999912e-15	5.726472627e-14	4.999999912e-15	4.999999912e-15	4.999999912e-15	6.274469063e-14	4.999999912e-15	1.792659337e-12	7.392761262e-14	4.942711008e-14	4.999999912e-15	5.265307634e-11	1.318813629e-13	4.00442754e-14	4.999999912e-15	1.638158359e-11	1.085915347e-13	2.776805695e-12	8.031444433e-13	4.212949545e-09	9.856712343e-15	4.999999912e-15	4.999999912e-15	2.479162708e-13	4.999999912e-15	4.999999912e-15	6.017994263e-14	7.622154047e-14	4.999999912e-15	4.999999912e-15	1	1	1	1	1	1	1	0	0	0	0	0	0	0	0	0	0
2029.853	1747314213.711	05/15/2025_15:03:33.711	1	3	3.757974991e-05	6.897043022e-06	0.01400000043	2.781194058e-14	1.785524419e-12	8.981193339e-14	4.132091262e-13	4.999999912e-15	4.999999912e-15	1.026515976e-13	4.999999912e-15	4.999999912e-15	4.999999912e-15	1.18629485e-13	4.999999912e-15	4.999999912e-15	3.081181686e-13	2.835355377e-14	1.187253507e-11	6.448489204e-13	5.519877524e-12	4.585528138e-12	7.461454787e-10	4.076312855e-14	6.324049628e-14	4.999999912e-15	4.999999912e-15	4.549435644e-14	4.999999912e-15	4.999999912e-15	1.967733268e-12	1.01886964e-13	4.999999912e-15	4.999999912e-15	5.252486987e-11	3.560174345e-14	4.999999912e-15	9.42858801e-15	1.639700702e-11	4.999999912e-15	2.85166335e-12	9.592454869e-13	4.23033697e-09	4.999999912e-15	4.999999912e-15	7.866083273e-14	1.063473718e-13	4.999999912e-15	4.999999912e-15	1.711670221e-13	4.999999912e-15	4.999999912e-15	4.999999912e-15	1	1	1	1	1	1	1	0	0	0	0	0	0	0	0	0	0
2038.872	1747314222.730	05/15/2025_15:03:42.730	1	3	3.759088213e-05	6.889119049e-06	0.01400000043	4.999999912e-15	1.945446842e-12	8.019014055e-14	2.986238644e-13	4.999999912e-15	1.079881762e-13	6.934172203e-14	4.999999912e-15	4.999999912e-15	1.281875539e-13	4.999999912e-15	4.999999912e-15	6.71752286e-14	4.04702476e-13	4.999999912e-15	1.214111624e-11	8.090882565e-13	5.375678201e-12	4.465016898e-12	7.463821228e-10	4.999999912e-15	4.999999912e-15	4.999999912e-15	1.31086846e-13	5.562591403e-14	4.999999912e-15	2.38294085e-14	2.069669956e-12	4.999999912e-15	4.999999912e-15	5.006630147e-14	5.204694661e-11	4.999999912e-15	8.719939918e-14	1.720909385e-13	1.648089304e-11	4.999999912e-15	2.911305745e-12	9.71623281e-13	4.215434668e-09	4.999999912e-15	1.023330048e-13	8.516034015e-14	4.999999912e-15	4.999999912e-15	1.077332939e-13	4.999999912e-15	4.999999912e-15	1.478109085e-14	2.526973314e-13	1	1	1	1	1	1	1	0	0	0	0	0	0	0	0	0	0
2047.891	1747314231.749	05/15/2025_15:03:51.749	1	3	3.768876195e-05	6.928837593e-06	0.0120000001	1.188977438e-14	2.292508197e-12	1.671660179e-14	1.763044734e-13	8.23645961e-14	1.845243793e-13	4.999999912e-15	4.999999912e-15	1.632895479e-13	7.035328944e-14	4.999999912e-15	4.728648842e-14	5.053622858e-14	2.427330255e-13	4.999999912e-15	1.197666185e-11	9.784014961e-13	5.266102224e-12	4.794236622e-12	7.404799551e-10	7.12612952e-14	4.999999912e-15	5.096634513e-14	1.729431756e-13	4.999999912e-15	4.999999912e-15	1.510233724e-13	1.960970882e-12	4.999999912e-15	1.706706337e-14	2.052335352e-13	5.225858982e-11	4.999999912e-15	2.321235652e-13	1.738034358e-13	1.633228969e-11	4.999999912e-15	3.167947675e-12	9.012679925e-13	4.248517982e-09	1.265442151e-14	2.199051759e-13	4.999999912e-15	4.999999912e-15	8.137692858e-14	1.408121666e-13	4.999999912e-15	4.999999912e-15	1.863722935e-13	1.429523275e-14	1	1	1	1	1	1	1	0	0	0	0	0	0	0	0	0	0
2056.91	1747314240.768	05/15/2025_15:04:00.768	1	3	3.770906551e-05	6.942141226e-06	0.0120000001	1.821129917e-13	2.197367722e-12	4.999999912e-15	2.923334318e-13	2.671001441e-13	1.147445312e-13	4.999999912e-15	7.050661595e-14	2.030770165e-13	4.999999912e-15	4.999999912e-15	1.797871612e-13	1.359475141e-13	1.998431938e-13	6.920035562e-14	1.216286273e-11	7.936062831e-13	5.168380914e-12	5.032911587e-12	7.444435624e-10	4.999999912e-15	4.999999912e-15	1.395636536e-13	6.633292548e-14	4.999999912e-15	4.999999912e-15	2.256818457e-13	1.868904771e-12	4.999999912e-15	1.982820239e-13	3.25770159e-14	5.213109458e-11	4.999999912e-15	4.879073491e-13	1.692414384e-13	1.617652019e-11	9.225121209e-14	3.179108452e-12	8.445030157e-13	4.215638061e-09	1.34067765e-13	2.195168824e-13	4.999999912e-15	8.724916406e-14	1.360430865e-13	4.999999912e-15	4.999999912e-15	8.876253411e-14	1.90555945e-13	4.999999912e-15	1	1	1	1	1	1	1	0	0	0	0	0	0	0	0	0	0
2065.929	1747314249.787	05/15/2025_15:04:09.787	1	3	3.768889292e-05	6.92087724e-06	0.0120000001	2.00297217e-13	1.970594694e-12	4.999999912e-15	3.052925751e-13	2.116553731e-13	4.999999912e-15	4.999999912e-15	1.485084299e-13	4.113946868e-14	4.999999912e-15	1.452024536e-14	1.627658782e-13	4.999999912e-15	1.493846008e-13	9.679926403e-14	1.248231726e-11	5.994420455e-13	5.168357495e-12	4.691091265e-12	7.445130623e-10	4.999999912e-15	4.999999912e-15	1.101805686e-13	4.999999912e-15	4.999999912e-15	1.081892957e-13	4.999999912e-15	1.870410077e-12	4.999999912e-15	2.36633792e-13	4.999999912e-15	5.278898499e-11	8.62535412e-14	3.218121028e-13	4.999999912e-15	1.630455666e-11	8.198426475e-14	3.044507355e-12	6.913748003e-13	4.228744022e-09	1.922843937e-13	4.999999912e-15	4.999999912e-15	1.72594713e-13	2.160361733e-13	4.999999912e-15	4.999999912e-15	1.054493271e-13	4.164921988e-14	4.999999912e-15	1	1	1	1	1	1	1	0	0	0	0	0	0	0	0	0	0
2074.948	1747314258.806	05/15/2025_15:04:18.806	1	3	3.761353582e-05	6.881195986e-06	0.01400000043	1.739587749e-13	1.951217616e-12	4.999999912e-15	3.853513916e-13	3.65774983e-14	4.999999912e-15	3.460216326e-14	9.601272956e-14	4.999999912e-15	4.999999912e-15	6.384983146e-14	8.906720847e-14	4.999999912e-15	1.456987471e-13	1.980609958e-13	1.208165339e-11	4.913981548e-13	5.171521197e-12	4.667030651e-12	7.448828221e-10	4.999999912e-15	1.761411926e-13	7.660986103e-14	4.999999912e-15	4.999999912e-15	1.677141499e-13	4.999999912e-15	1.838894488e-12	6.523575354e-14	7.772496297e-14	4.999999912e-15	5.235969297e-11	7.409464752e-15	1.042645245e-13	4.999999912e-15	1.647905076e-11	8.557851693e-14	2.965456006e-12	8.268703647e-13	4.222101779e-09	3.903073611e-14	4.999999912e-15	4.999999912e-15	2.384279297e-13	4.999999912e-15	4.999999912e-15	4.999999912e-15	1.173750225e-13	4.999999912e-15	4.999999912e-15	1	1	1	1	1	1	1	0	0	0	0	0	0	0	0	0	0
2083.967	1747314267.825	05/15/2025_15:04:27.825	1	3	3.757658851e-05	6.923537512e-06	0.0120000001	4.999999912e-15	1.773331915e-12	1.41276178e-13	4.928696882e-13	4.999999912e-15	4.999999912e-15	9.915695652e-14	4.999999912e-15	4.999999912e-15	4.999999912e-15	1.877761726e-13	4.999999912e-15	4.999999912e-15	2.993029002e-13	3.761891514e-14	1.181040075e-11	6.434092083e-13	5.280537292e-12	4.571950023e-12	7.42978179e-10	4.999999912e-15	6.125921168e-14	4.999999912e-15	4.999999912e-15	1.24151286e-13	4.999999912e-15	4.999999912e-15	1.83410535e-12	1.571903415e-13	4.999999912e-15	4.999999912e-15	5.209828055e-11	1.251549049e-13	1.281574402e-14	4.999999912e-15	1.67194418e-11	4.999999912e-15	2.81755088e-12	9.393430044e-13	4.200598536e-09	4.999999912e-15	4.999999912e-15	6.728078923e-14	4.644419886e-14	4.999999912e-15	4.999999912e-15	1.532396714e-13	4.999999912e-15	4.999999912e-15	4.999999912e-15	1	1	1	1	1	1	1	0	0	0	0	0	0	0	0	0	0
2092.986	1747314276.844	05/15/2025_15:04:36.844	1	3	3.761345215e-05	6.889119049e-06	0.0120000001	4.999999912e-15	2.082141317e-12	1.35067413e-13	1.868880484e-13	4.999999912e-15	6.565989343e-14	1.188505539e-13	4.999999912e-15	4.999999912e-15	1.511568106e-13	4.999999912e-15	4.999999912e-15	3.284387194e-14	4.027729214e-13	4.999999912e-15	1.18073936e-11	9.49812928e-13	5.43431489e-12	4.507500709e-12	7.429190041e-10	1.434307046e-13	4.999999912e-15	4.999999912e-15	2.72205354e-14	1.10312001e-13	4.999999912e-15	4.999999912e-15	1.953983416e-12	4.020358536e-14	4.999999912e-15	4.999999912e-15	5.298492547e-11	4.999999912e-15	2.973751074e-14	1.021239164e-13	1.650988374e-11	4.999999912e-15	2.984119896e-12	1.007559704e-12	4.234007811e-09	4.999999912e-15	5.323442154e-14	9.020819573e-14	4.999999912e-15	4.999999912e-15	3.223853476e-14	1.927662674e-13	4.999999912e-15	4.999999912e-15	1.821727448e-13	1	1	1	1	1	1	1	0	0	0	0	0	0	0	0	0	0
2102.005	1747314285.863	05/15/2025_15:04:45.863	1	3	3.76865828e-05	6.923537512e-06	0.01400000043	4.999999912e-15	2.112480113e-12	1.02864684e-13	1.754104132e-13	5.927989219e-14	1.713801085e-13	4.999999912e-15	4.999999912e-15	1.420368272e-13	1.454299463e-13	4.999999912e-15	4.999999912e-15	2.215758501e-13	3.09589702e-13	4.999999912e-15	1.204904579e-11	9.16702261e-13	5.218899098e-12	4.353225246e-12	7.450484674e-10	1.291015499e-13	4.999999912e-15	4.999999912e-15	1.321123522e-13	4.999999912e-15	4.999999912e-15	7.087702007e-14	2.166499185e-12	4.999999912e-15	4.999999912e-15	1.587793753e-13	5.31848246e-11	4.999999912e-15	1.662187369e-13	2.237742327e-13	1.627356756e-11	4.999999912e-15	3.064256748e-12	1.069217197e-12	4.232365125e-09	4.999999912e-15	8.991349603e-14	1.639603031e-14	4.999999912e-15	4.999999912e-15	1.805239985e-13	5.379994139e-14	4.999999912e-15	5.630096541e-14	1.537613895e-13	1	1	1	1	1	1	1	0	0	0	0	0	0	0	0	0	0
2111.024	1747314294.882	05/15/2025_15:04:54.882	1	3	3.770503099e-05	6.841757568e-06	0.0120000001	8.422245784e-14	2.312176275e-12	4.763100044e-14	2.500867894e-13	1.44486067e-13	1.268514373e-13	4.999999912e-15	4.404672292e-14	1.809341793e-13	1.446451059e-14	4.999999912e-15	1.373016013e-13	2.584182055e-13	2.416119334e-13	4.999999912e-15	1.228181445e-11	8.113683878e-13	5.052967159e-12	4.656052887e-12	7.427566895e-10	6.658756391e-15	4.999999912e-15	8.517827692e-14	1.51415691e-13	4.999999912e-15	4.999999912e-15	1.475128071e-13	2.036314476e-12	4.999999912e-15	4.999999912e-15	2.124917267e-13	5.262926553e-11	4.999999912e-15	3.236201996e-13	2.018026317e-13	1.649297018e-11	4.999999912e-15	3.243402508e-12	8.880720053e-13	4.295722444e-09	8.957498778e-14	1.351669698e-13	4.999999912e-15	4.999999912e-15	4.930366689e-14	1.173252305e-13	4.999999912e-15	4.999999912e-15	1.487234814e-13	4.999999912e-15	1	1	1	1	1	1	1	0	0	0	0	0	0	0	0	0	0
2120.043	1747314303.901	05/15/2025_15:05:03.901	1	3	3.766528971e-05	6.865393971e-06	0.0120000001	2.356740562e-13	2.09656576e-12	4.999999912e-15	3.800008268e-13	1.18014241e-13	4.999999912e-15	4.999999912e-15	9.881842794e-14	1.165008574e-13	4.999999912e-15	1.366206004e-13	1.254535755e-13	4.999999912e-15	7.259745919e-14	1.065286097e-13	1.204226042e-11	5.930183102e-13	5.00459266e-12	4.670441985e-12	7.407821578e-10	4.999999912e-15	4.999999912e-15	1.074844152e-13	4.999999912e-15	4.999999912e-15	4.999999912e-15	1.159273686e-13	1.722941126e-12	4.999999912e-15	1.771945627e-13	4.999999912e-15	5.187889354e-11	4.999999912e-15	3.095419429e-13	4.999999912e-15	1.640357294e-11	3.416092821e-13	3.228591656e-12	6.83326117e-13	4.235343187e-09	1.722440821e-14	4.999999912e-15	4.999999912e-15	4.605791117e-14	1.570270742e-13	4.999999912e-15	4.999999912e-15	1.961992174e-13	1.230199482e-14	4.999999912e-15	1	1	1	1	1	1	1	0	0	0	0	0	0	0	0	0	0
2129.062	1747314312.920	05/15/2025_15:05:12.920	1	3	3.761389962e-05	6.820809631e-06	0.01400000043	2.093913151e-13	1.909070558e-12	4.999999912e-15	4.63906745e-13	6.654601187e-14	4.999999912e-15	4.999999912e-15	8.852957972e-14	4.999999912e-15	4.999999912e-15	3.854088001e-14	1.009391409e-13	4.999999912e-15	1.569494046e-13	1.28992059e-13	1.2032258e-11	5.384755684e-13	5.246254386e-12	4.704502413e-12	7.48974549e-10	4.999999912e-15	5.397715423e-14	4.999999912e-15	4.999999912e-15	4.999999912e-15	1.223173581e-13	4.999999912e-15	1.614060773e-12	4.999999912e-15	1.051924661e-13	4.999999912e-15	5.202327458e-11	1.585105474e-13	2.588702635e-13	4.999999912e-15	1.630469891e-11	1.284185703e-13	2.965507614e-12	7.876065251e-13	4.25151514e-09	8.144067289e-14	4.999999912e-15	4.999999912e-15	1.644843387e-13	4.999999912e-15	4.999999912e-15	4.999999912e-15	1.210429597e-13	4.999999912e-15	4.999999912e-15	1	1	1	1	1	1	1	0	0	0	0	0	0	0	0	0	0
2138.081	1747314321.939	05/15/2025_15:05:21.939	1	3	3.758562525e-05	6.902330369e-06	0.0120000001	8.310535691e-14	1.943439767e-12	3.337155313e-14	5.758556609e-13	4.999999912e-15	4.999999912e-15	7.123743598e-14	7.012232049e-14	4.999999912e-15	6.172716689e-14	1.334923247e-13	4.999999912e-15	4.999999912e-15	2.293119037e-13	9.75858256e-14	1.192159999e-11	5.342779713e-13	5.387880246e-12	4.646269914e-12	7.429047932e-10	4.999999912e-15	1.364712515e-13	4.999999912e-15	4.999999912e-15	1.436692562e-14	4.51120532e-14	4.999999912e-15	1.7846164e-12	8.414082419e-14	8.871037043e-15	4.999999912e-15	5.212709431e-11	1.417600168e-13	2.122348656e-13	4.999999912e-15	1.657569394e-11	5.905089514e-14	2.794729075e-12	7.522019574e-13	4.244338214e-09	4.999999912e-15	4.999999912e-15	2.116908808e-14	2.367990786e-13	4.999999912e-15	4.999999912e-15	5.701184967e-14	4.999999912e-15	4.999999912e-15	4.999999912e-15	1	1	1	1	1	1	1	0	0	0	0	0	0	0	0	0	0
2147.1	1747314330.958	05/15/2025_15:05:30.958	1	3	3.759411629e-05	6.873290204e-06	0.0120000001	4.999999912e-15	1.986259898e-12	1.391952959e-13	3.611972917e-13	4.999999912e-15	7.913875582e-14	1.979933145e-13	4.999999912e-15	4.999999912e-15	1.124326801e-13	1.050092833e-13	4.999999912e-15	4.999999912e-15	4.131772507e-13	4.999999912e-15	1.179774247e-11	7.167893124e-13	5.221267429e-12	4.507837246e-12	7.462350182e-10	1.524491254e-13	4.999999912e-15	4.999999912e-15	4.999999912e-15	1.16319633e-13	4.999999912e-15	4.999999912e-15	1.888417374e-12	8.990751259e-14	4.999999912e-15	4.999999912e-15	5.257620381e-11	3.330783593e-14	3.093423277e-14	4.436332351e-14	1.690418812e-11	4.999999912e-15	2.892795161e-12	1.047737418e-12	4.247056928e-09	4.999999912e-15	4.999999912e-15	1.397209713e-13	7.187464193e-14	4.999999912e-15	8.962076822e-14	8.691264803e-14	4.999999912e-15	4.999999912e-15	7.067986468e-14	1	1	1	1	1	1	1	0	0	0	0	0	0	0	0	0	0
2156.119	1747314339.977	05/15/2025_15:05:39.977	1	3	3.764509893e-05	6.878559816e-06	0.0120000001	4.999999912e-15	2.14567448e-12	2.377250415e-13	2.252995289e-13	4.999999912e-15	1.853309037e-13	8.35533899e-14	4.999999912e-15	3.667107172e-14	1.848529603e-13	4.999999912e-15	4.999999912e-15	1.414274785e-13	3.534254595e-13	4.999999912e-15	1.204270277e-11	8.335749083e-13	5.211360423e-12	4.449916997e-12	7.41151418e-10	4.280420419e-13	4.999999912e-15	4.999999912e-15	1.065564737e-13	6.515412667e-14	4.999999912e-15	4.999999912e-15	2.063841502e-12	4.999999912e-15	4.999999912e-15	3.456829549e-14	5.257167618e-11	4.999999912e-15	7.444137537e-14	2.429819583e-13	1.69695525e-11	4.999999912e-15	3.217101932e-12	1.099352922e-12	4.269757881e-09	4.999999912e-15	1.416982986e-13	1.268354996e-13	4.999999912e-15	4.999999912e-15	1.339881304e-13	4.999999912e-15	4.999999912e-15	9.507086958e-14	1.959721854e-13	1	1	1	1	1	1	1	0	0	0	0	0	0	0	0	0	0
2165.138	1747314348.996	05/15/2025_15:05:48.996	1	3	3.765918154e-05	6.931493317e-06	0.01400000043	3.954844942e-14	2.292607944e-12	9.469850712e-14	2.755052588e-13	1.520946997e-13	2.002035961e-13	4.999999912e-15	4.999999912e-15	1.782360067e-13	4.999999912e-15	4.999999912e-15	7.704792614e-14	1.624332992e-13	1.907570781e-13	4.999999912e-15	1.202993608e-11	8.455484034e-13	5.030914487e-12	4.547993492e-12	7.444981853e-10	4.999999912e-15	4.999999912e-15	7.147238937e-14	1.671964433e-13	4.999999912e-15	4.999999912e-15	1.345715802e-13	1.963093533e-12	4.999999912e-15	4.338760931e-14	1.681681595e-13	5.20275073e-11	4.999999912e-15	3.090381412e-13	1.389842018e-13	1.629667408e-11	4.999999912e-15	3.190365507e-12	8.226727134e-13	4.261599962e-09	8.97856957e-15	1.285659133e-13	4.999999912e-15	4.999999912e-15	1.370725907e-13	1.279287277e-13	4.999999912e-15	4.999999912e-15	1.185458795e-13	4.999999912e-15	1	1	1	1	1	1	1	0	0	0	0	0	0	0	0	0	0
2174.157	1747314358.015	05/15/2025_15:05:58.015	1	3	3.75548625e-05	6.841757568e-06	0.01400000043	1.432634393e-13	2.223417414e-12	4.999999912e-15	3.139386537e-13	1.770671554e-13	4.999999912e-15	4.999999912e-15	7.511440742e-14	1.06847189e-13	4.999999912e-15	4.999999912e-15	1.867048454e-13	1.838729635e-14	1.121678705e-13	4.999999912e-15	1.222897651e-11	5.906446664e-13	5.08591563e-12	4.842837503e-12	7.445834505e-10	4.999999912e-15	4.999999912e-15	2.15522397e-13	4.999999912e-15	4.999999912e-15	5.180866857e-14	1.469751512e-13	1.817263354e-12	4.999999912e-15	1.871827617e-13	8.959487611e-14	5.234668254e-11	3.078091981e-14	3.355399183e-13	4.999999912e-15	1.610130085e-11	1.249915969e-13	3.114436443e-12	7.551231233e-13	4.244720575e-09	1.649921248e-13	4.999999912e-15	4.999999912e-15	1.072613949e-13	1.620768949e-13	4.999999912e-15	4.999999912e-15	1.153060937e-13	1.239756724e-14	4.999999912e-15	1	1	1	1	1	1	1	0	0	0	0	0	0	0	0	0	0
2183.176	1747314367.034	05/15/2025_15:06:07.034	1	3	3.751031181e-05	6.807738828e-06	0.0120000001	1.757389942e-13	1.911738779e-12	4.999999912e-15	4.451649552e-13	2.790752655e-14	4.999999912e-15	4.999999912e-15	1.423335056e-13	4.999999912e-15	4.999999912e-15	4.987514308e-14	4.477749551e-14	4.999999912e-15	1.655277613e-13	1.267857211e-13	1.202462001e-11	5.315220378e-13	5.122436763e-12	4.669448422e-12	7.381421585e-10	4.999999912e-15	5.439928835e-14	4.999999912e-15	4.999999912e-15	4.999999912e-15	4.087462519e-14	4.999999912e-15	1.552371404e-12	5.774463481e-14	1.677261167e-13	4.999999912e-15	5.32203101e-11	6.48813143e-14	4.999999912e-15	4.999999912e-15	1.655041208e-11	9.078367669e-14	3.025572197e-12	7.584146527e-13	4.246351715e-09	5.718707029e-14	4.999999912e-15	4.999999912e-15	1.427158494e-13	4.999999912e-15	4.999999912e-15	3.169890023e-14	9.521223599e-14	4.999999912e-15	4.999999912e-15	1	1	1	1	1	1	1	0	0	0	0	0	0	0	0	0	0
2192.195	1747314376.053	05/15/2025_15:06:16.053	1	3	3.750897667e-05	6.786908671e-06	0.0120000001	6.804100469e-15	1.884980236e-12	1.764597989e-13	3.87916099e-13	4.999999912e-15	4.999999912e-15	3.874396463e-14	4.999999912e-15	4.999999912e-15	4.999999912e-15	6.662167562e-14	4.999999912e-15	4.999999912e-15	3.115153534e-13	2.542641119e-14	1.182634112e-11	5.88842614e-13	5.265191061e-12	4.379285129e-12	7.366628418e-10	4.999999912e-15	1.607542495e-14	4.999999912e-15	4.999999912e-15	6.483749898e-14	4.999999912e-15	4.999999912e-15	1.75978546e-12	8.67573564e-14	4.999999912e-15	4.999999912e-15	5.183825244e-11	6.58251665e-14	4.999999912e-15	4.999999912e-15	1.654280185e-11	4.999999912e-15	2.755242215e-12	9.481462924e-13	4.189861347e-09	4.999999912e-15	4.999999912e-15	1.00680247e-13	1.330502413e-13	4.999999912e-15	4.999999912e-15	2.628663075e-14	4.999999912e-15	4.999999912e-15	4.999999912e-15	1	1	1	1	1	1	1	0	0	0	0	0	0	0	0	0	0
2201.214	1747314385.072	05/15/2025_15:06:25.072	1	3	3.75608688e-05	6.865393971e-06	0.01000000071	4.999999912e-15	2.004272833e-12	1.600278883e-13	3.27787927e-13	4.999999912e-15	7.712757435e-14	6.237629906e-14	4.999999912e-15	4.999999912e-15	9.852171569e-14	4.999999912e-15	4.999999912e-15	7.11059968e-14	3.940094236e-13	4.999999912e-15	1.186102952e-11	9.001569564e-13	5.243549518e-12	4.326182208e-12	7.365697496e-10	1.222575914e-13	4.999999912e-15	4.999999912e-15	4.470980742e-14	8.318102744e-14	4.999999912e-15	4.999999912e-15	2.054532326e-12	5.362430064e-15	4.999999912e-15	1.992254696e-14	5.274470097e-11	4.999999912e-15	8.048883147e-14	1.374708453e-13	1.668328149e-11	4.999999912e-15	2.90751017e-12	1.010632116e-12	4.249894214e-09	4.999999912e-15	3.7318232e-14	8.81193515e-14	4.999999912e-15	4.999999912e-15	1.406728195e-13	5.824408609e-15	4.999999912e-15	4.999999912e-15	1.602668465e-13	1	1	1	1	1	1	1	0	0	0	0	0	0	0	0	0	0
2210.233	1747314394.091	05/15/2025_15:06:34.091	1	3	3.76210628e-05	6.865393971e-06	0.0120000001	1.140194438e-14	2.171843868e-12	2.023561711e-13	2.236069674e-13	1.615750719e-13	1.789548598e-13	4.999999912e-15	4.999999912e-15	1.255889788e-13	4.343738097e-14	4.999999912e-15	5.796564942e-14	1.480185739e-13	2.485694755e-13	4.999999912e-15	1.205729006e-11	7.622836281e-13	4.980768836e-12	4.493960325e-12	7.405584479e-10	4.999999912e-15	4.999999912e-15	3.982125502e-14	2.407159216e-13	4.999999912e-15	4.999999912e-15	1.287431397e-13	1.889848954e-12	4.999999912e-15	4.098415672e-14	2.309029433e-13	5.26486181e-11	4.999999912e-15	2.511660584e-13	1.901218712e-13	1.632590764e-11	4.999999912e-15	3.129211733e-12	9.505935535e-13	4.215086946e-09	1.098774527e-14	1.594882538e-13	4.999999912e-15	4.759516078e-14	1.205232068e-13	2.602578526e-14	4.999999912e-15	4.999999912e-15	1.107899037e-13	4.999999912e-15	1	1	1	1	1	1	1	0	0	0	0	0	0	0	0	0	0
2219.252	1747314403.110	05/15/2025_15:06:43.110	1	3	3.761265543e-05	6.92087724e-06	0.0120000001	1.525287736e-13	2.137707329e-12	4.999999912e-15	3.068915564e-13	2.141146012e-13	4.999999912e-15	4.999999912e-15	1.293186207e-13	1.063633231e-13	4.999999912e-15	4.999999912e-15	2.235292978e-13	1.713581669e-13	1.085457408e-13	4.184638205e-14	1.22755521e-11	6.202209427e-13	5.061090436e-12	4.763038054e-12	7.457007789e-10	4.999999912e-15	4.226054728e-14	1.828119226e-13	4.999999912e-15	4.999999912e-15	8.6798922e-15	9.619991706e-14	1.6652362e-12	4.999999912e-15	1.336356969e-13	8.385409337e-14	5.293532279e-11	9.677339225e-14	3.98633058e-13	5.780834524e-14	1.626540569e-11	1.617682632e-13	3.138038874e-12	7.922024039e-13	4.282464161e-09	1.518119262e-13	4.999999912e-15	4.999999912e-15	1.730786602e-13	1.423335056e-13	4.999999912e-15	4.999999912e-15	1.43114104e-13	1.094537872e-13	4.999999912e-15	1	1	1	1	1	1	1	0	0	0	0	0	0	0	0	0	0
2228.271	1747314412.129	05/15/2025_15:06:52.129	1	3	3.75440286e-05	6.936815225e-06	0.0120000001	1.820333706e-13	1.94957505e-12	4.999999912e-15	5.037897725e-13	4.999999912e-15	4.999999912e-15	4.999999912e-15	1.666926417e-13	4.999999912e-15	4.999999912e-15	5.36844332e-14	6.889768703e-14	4.999999912e-15	2.271314918e-13	1.633473359e-13	1.207511955e-11	5.7515673e-13	5.15456948e-12	4.808105736e-12	7.428956339e-10	4.999999912e-15	1.137727878e-13	3.40266823e-14	4.999999912e-15	4.999999912e-15	8.78226799e-14	4.999999912e-15	1.61555231e-12	2.293931917e-14	8.243827441e-14	4.999999912e-15	5.171865713e-11	1.254017777e-13	9.672761181e-14	4.999999912e-15	1.642913756e-11	2.276571672e-13	2.937656195e-12	6.508246633e-13	4.175237045e-09	3.565154899e-14	4.999999912e-15	1.699738982e-14	1.808545176e-13	4.999999912e-15	4.999999912e-15	3.369213816e-14	4.984528686e-14	4.999999912e-15	4.999999912e-15	1	1	1	1	1	1	1	0	0	0	0	0	0	0	0	0	0
2237.29	1747314421.148	05/15/2025_15:07:01.148	1	3	3.753567216e-05	6.76872105e-06	0.01000000071	4.999999912e-15	1.837546174e-12	1.070264347e-13	3.804986382e-13	4.999999912e-15	4.999999912e-15	1.040156324e-13	4.999999912e-15	4.999999912e-15	4.999999912e-15	1.3703875e-13	4.999999912e-15	4.999999912e-15	2.712499279e-13	8.618981722e-14	1.189674314e-11	6.167421717e-13	5.137325895e-12	4.477421038e-12	7.396411261e-10	5.526948257e-14	4.999999912e-15	4.999999912e-15	4.999999912e-15	7.926024745e-14	4.999999912e-15	4.999999912e-15	1.733156262e-12	7.522990206e-14	4.999999912e-15	4.999999912e-15	5.301700745e-11	6.70258933e-14	4.999999912e-15	4.999999912e-15	1.656319873e-11	4.999999912e-15	2.805666723e-12	8.836831007e-13	4.230799711e-09	4.999999912e-15	2.219856514e-14	7.381213154e-14	3.930750582e-14	4.999999912e-15	4.999999912e-15	5.483936601e-14	4.999999912e-15	4.999999912e-15	2.804492207e-14	1	1	1	1	1	1	1	0	0	0	0	0	0	0	0	0	0
2246.309	1747314430.167	05/15/2025_15:07:10.167	1	3	3.748398376e-05	6.897043022e-06	0.0120000001	4.999999912e-15	1.941364604e-12	2.150345738e-13	2.612637212e-13	4.999999912e-15	1.203300561e-13	6.997496387e-14	4.999999912e-15	4.999999912e-15	1.416763977e-13	4.999999912e-15	4.999999912e-15	7.488143948e-14	3.634872893e-13	4.999999912e-15	1.177728488e-11	7.866707502e-13	5.221279138e-12	4.326692216e-12	7.375346445e-10	1.021856617e-13	4.999999912e-15	4.999999912e-15	1.085417699e-13	5.847342196e-14	4.999999912e-15	4.999999912e-15	1.96674144e-12	4.999999912e-15	4.999999912e-15	4.880384291e-14	5.184938937e-11	4.999999912e-15	1.754896413e-14	8.733878692e-14	1.625453938e-11	4.999999912e-15	3.198744655e-12	9.918824659e-13	4.216395677e-09	4.999999912e-15	9.484187253e-14	6.478173033e-14	4.999999912e-15	4.999999912e-15	1.075063026e-13	1.205052903e-13	4.999999912e-15	4.999999912e-15	9.16717738e-14	1	1	1	1	1	1	1	0	0	0	0	0	0	0	0	0	0
2255.328	1747314439.186	05/15/2025_15:07:19.186	1	3	3.755859507e-05	6.894400485e-06	0.0120000001	4.999999912e-15	2.239363426e-12	7.509849676e-14	2.410106077e-13	6.859900289e-14	2.210023885e-13	4.999999912e-15	4.999999912e-15	8.295202361e-14	6.96185324e-14	4.999999912e-15	3.799725427e-14	1.557845107e-13	1.700101106e-13	4.999999912e-15	1.190427357e-11	7.885285307e-13	5.056985646e-12	4.582300685e-12	7.388332723e-10	4.100804982e-14	4.999999912e-15	4.999999912e-15	1.502886222e-13	4.999999912e-15	4.999999912e-15	1.145095845e-13	1.916683175e-12	4.999999912e-15	4.999999912e-15	2.048810882e-13	5.238052353e-11	4.999999912e-15	2.201580931e-13	2.435753693e-13	1.644782748e-11	4.999999912e-15	3.126846004e-12	1.391833697e-12	4.27466329e-09	4.999999912e-15	1.378949851e-13	4.999999912e-15	2.780198624e-14	3.58626296e-14	1.486796661e-13	4.999999912e-15	4.999999912e-15	1.46959227e-13	6.522182154e-14	1	1	1	1	1	1	1	0	0	0	0	0	0	0	0	0	0
2264.347	1747314448.205	05/15/2025_15:07:28.205	1	3	3.76370117e-05	6.897043022e-06	0.01400000043	1.909502152e-13	2.179474266e-12	4.999999912e-15	3.583279235e-13	2.609152857e-13	3.166503585e-14	4.999999912e-15	1.853109544e-13	1.613839542e-13	4.999999912e-15	4.999999912e-15	1.751634997e-13	8.353349479e-14	1.544862057e-13	4.186031743e-14	1.227580364e-11	7.739923069e-13	4.916585802e-12	4.707869945e-12	7.471885333e-10	4.999999912e-15	4.999999912e-15	1.607467414e-13	4.999999912e-15	4.999999912e-15	1.175761284e-13	1.806753125e-13	1.717564784e-12	4.999999912e-15	2.518191818e-13	8.008825265e-15	5.296991665e-11	7.483564549e-14	4.021835219e-13	4.999999912e-15	1.653492621e-11	2.297240902e-13	3.272248358e-12	6.593592859e-13	4.245643392e-09	1.974815846e-13	3.918405924e-14	4.999999912e-15	1.397986409e-13	2.119302048e-13	4.999999912e-15	4.999999912e-15	2.453037502e-13	8.867891501e-14	4.999999912e-15	1	1	1	1	1	1	1	0	0	0	0	0	0	0	0	0	0
2273.366	1747314457.224	05/15/2025_15:07:37.224	1	3	3.758882667e-05	6.771315384e-06	0.01400000043	2.156259925e-13	2.00973873e-12	4.999999912e-15	4.37532443e-13	5.599031438e-14	4.999999912e-15	4.999999912e-15	2.593859914e-13	4.999999912e-15	4.999999912e-15	8.663986954e-14	1.27835134e-13	4.999999912e-15	1.0959514e-13	1.401968954e-13	1.201472515e-11	5.410143904e-13	5.142650628e-12	4.875438595e-12	7.43456241e-10	4.999999912e-15	9.536955373e-14	3.738395498e-14	4.999999912e-15	4.999999912e-15	1.960160007e-13	5.810476612e-15	1.689973682e-12	6.803348304e-14	1.661948303e-13	4.999999912e-15	5.236748188e-11	4.999999912e-15	2.627791105e-13	4.999999912e-15	1.64738518e-11	1.357364606e-13	3.002503628e-12	8.359763619e-13	4.274064214e-09	1.457564944e-13	4.999999912e-15	4.999999912e-15	2.784065296e-13	1.264448073e-14	4.999999912e-15	7.094869939e-14	9.75997847e-14	4.999999912e-15	4.999999912e-15	1	1	1	1	1	1	1	0	0	0	0	0	0	0	0	0	0
2282.385	1747314466.243	05/15/2025_15:07:46.243	1	3	3.756536898e-05	6.910277534e-06	0.01400000043	4.999999912e-15	2.035362547e-12	6.233848073e-14	4.32458675e-13	4.999999912e-15	4.999999912e-15	1.576005223e-13	1.201329346e-13	4.999999912e-15	4.999999912e-15	7.382408487e-14	4.999999912e-15	4.999999912e-15	3.061170024e-13	1.174088767e-13	1.183244388e-11	6.661375011e-13	5.279211096e-12	4.598262743e-12	7.404117319e-10	4.999999912e-15	9.171361045e-14	4.999999912e-15	4.999999912e-15	5.348132148e-14	1.5902183e-14	4.999999912e-15	1.82887646e-12	1.200373351e-13	4.999999912e-15	4.999999912e-15	5.22559461e-11	1.354736093e-13	5.521769836e-14	4.999999912e-15	1.676042465e-11	1.277474762e-13	2.854552315e-12	8.907042855e-13	4.305597212e-09	4.999999912e-15	4.999999912e-15	3.818843299e-14	2.275656063e-13	4.999999912e-15	4.999999912e-15	9.55208948e-14	4.999999912e-15	4.999999912e-15	5.016786411e-14	1	1	1	1	1	1	1	0	0	0	0	0	0	0	0	0	0
2291.404	1747314475.262	05/15/2025_15:07:55.262	1	3	3.750612814e-05	6.95278186e-06	0.0120000001	4.999999912e-15	2.058333755e-12	1.719694808e-13	2.609391652e-13	4.999999912e-15	3.941503834e-14	1.157361967e-13	4.999999912e-15	4.999999912e-15	1.135219238e-13	3.911236976e-14	4.999999912e-15	4.999999912e-15	3.955327277e-13	4.999999912e-15	1.184933054e-11	8.202613935e-13	5.309064386e-12	4.453632775e-12	7.44063311e-10	1.427855501e-13	4.999999912e-15	4.999999912e-15	1.313035238e-14	8.647259747e-14	4.999999912e-15	4.999999912e-15	1.968902255e-12	4.545254011e-14	4.999999912e-15	4.999999912e-15	5.259089692e-11	4.999999912e-15	4.301524008e-14	1.096509019e-13	1.639027282e-11	4.999999912e-15	2.892514136e-12	9.361369102e-13	4.219789407e-09	4.999999912e-15	4.999999912e-15	1.217259258e-13	5.625317242e-14	4.999999912e-15	4.210722076e-14	4.465603099e-14	4.999999912e-15	1.093200373e-14	1.347089757e-13	1	1	1	1	1	1	1	0	0	0	0	0	0	0	0	0	0
2300.423	1747314484.281	05/15/2025_15:08:04.281	1	3	3.754400677e-05	6.870664947e-06	0.01400000043	4.999999912e-15	2.19947823e-12	1.272895363e-13	1.821528226e-13	7.813682427e-15	3.065510899e-13	4.279620413e-14	4.999999912e-15	1.342031683e-13	1.569354726e-13	4.999999912e-15	4.999999912e-15	1.94482722e-13	3.816137402e-13	4.999999912e-15	1.18618405e-11	8.638023023e-13	5.163626471e-12	4.470905417e-12	7.415236203e-10	1.360510825e-13	4.999999912e-15	4.999999912e-15	1.548486003e-13	9.186093319e-14	4.999999912e-15	6.702591363e-14	2.338420907e-12	4.999999912e-15	4.999999912e-15	1.578275542e-13	5.168183589e-11	4.999999912e-15	1.986723503e-13	2.618033557e-13	1.632493273e-11	4.999999912e-15	3.07138104e-12	1.085469822e-12	4.208560167e-09	4.999999912e-15	1.073609449e-13	8.682703672e-14	4.999999912e-15	4.999999912e-15	2.045824176e-13	4.999999912e-15	4.999999912e-15	2.666461344e-13	1.350952499e-13	1	1	1	1	1	1	1	0	0	0	0	0	0	0	0	0	0
2309.442	1747314493.300	05/15/2025_15:08:13.300	1	3	3.760227628e-05	6.815575944e-06	0.01000000071	1.837279244e-13	2.162295733e-12	3.388927322e-14	3.286600863e-13	2.350547328e-13	1.78741787e-13	4.999999912e-15	4.171096519e-14	2.881020346e-13	7.599257053e-14	4.999999912e-15	1.028825937e-13	1.965835264e-13	1.715573213e-13	1.980172211e-13	1.211060245e-11	8.315417582e-13	5.173054693e-12	4.469756596e-12	7.361095067e-10	4.999999912e-15	4.999999912e-15	3.906656221e-14	1.429468252e-13	4.999999912e-15	5.443913278e-14	1.908327283e-13	1.841909221e-12	4.999999912e-15	1.554041726e-13	1.846996677e-13	5.223708965e-11	4.999999912e-15	5.331070871e-13	1.671765211e-13	1.642111447e-11	3.701158574e-14	3.278550608e-12	9.751357707e-13	4.210685578e-09	6.766112058e-14	1.927443665e-13	4.999999912e-15	7.792010581e-14	1.851457084e-13	7.522791662e-14	4.999999912e-15	4.999999912e-15	2.095506386e-13	4.999999912e-15	1	1	1	1	1	1	1	0	0	0	0	0	0	0	0	0	0
2318.461	1747314502.319	05/15/2025_15:08:22.319	1	3	3.762024789e-05	6.823423064e-06	0.0120000001	1.542571951e-13	2.181220699e-12	4.999999912e-15	4.206883323e-13	2.145686108e-13	1.856451597e-14	4.999999912e-15	1.707607986e-13	1.611708678e-13	4.999999912e-15	4.999999912e-15	2.295429471e-13	2.649771136e-14	1.060208236e-13	9.485382586e-14	1.228659882e-11	5.499611183e-13	5.218663175e-12	4.804448506e-12	7.402147228e-10	4.999999912e-15	2.963593455e-14	3.852756872e-13	4.999999912e-15	4.999999912e-15	1.561528955e-13	8.019810944e-14	1.768216433e-12	4.999999912e-15	1.643569043e-13	4.999999912e-15	5.178266843e-11	9.689287133e-14	3.715757628e-13	4.999999912e-15	1.655221966e-11	1.416087028e-13	3.057440585e-12	7.990284866e-13	4.28942748e-09	1.574432181e-13	2.069914064e-14	4.999999912e-15	2.131030405e-13	4.999999912e-15	4.999999912e-15	4.999999912e-15	1.475984049e-13	3.986307134e-14	4.999999912e-15	1	1	1	1	1	1	1	0	0	0	0	0	0	0	0	0	0
2327.48	1747314511.338	05/15/2025_15:08:31.338	1	3	3.755661237e-05	6.944786492e-06	0.01400000043	1.040554497e-13	1.875547677e-12	4.999999912e-15	4.68823114e-13	1.414591101e-14	4.999999912e-15	4.999999912e-15	1.165924589e-13	4.999999912e-15	4.999999912e-15	9.973838704e-14	4.999999912e-15	4.999999912e-15	1.931525821e-13	1.148720198e-13	1.21228947e-11	5.371792421e-13	5.431212338e-12	4.574219909e-12	7.44412032e-10	4.999999912e-15	8.885812008e-14	1.831325212e-13	4.999999912e-15	3.163715492e-14	1.856176481e-13	4.999999912e-15	1.720754615e-12	6.555238123e-14	6.04069339e-14	4.999999912e-15	5.198359798e-11	1.590939701e-13	1.177235257e-13	4.999999912e-15	1.647445895e-11	1.103637852e-13	2.990288789e-12	8.203529002e-13	4.231802464e-09	8.481187757e-14	4.999999912e-15	4.999999912e-15	1.926109689e-13	4.999999912e-15	4.999999912e-15	6.733653077e-14	1.324907117e-13	4.999999912e-15	4.999999912e-15	1	1	1	1	1	1	1	0	0	0	0	0	0	0	0	0	0
2336.499	1747314520.357	05/15/2025_15:08:40.357	1	3	3.753228521e-05	6.886486972e-06	0.0120000001	4.999999912e-15	2.043542635e-12	9.435003777e-14	3.953973108e-13	4.999999912e-15	4.999999912e-15	1.379188918e-13	4.999999912e-15	4.999999912e-15	4.999999912e-15	1.344779865e-13	4.999999912e-15	4.999999912e-15	3.201274966e-13	4.999999912e-15	1.173180737e-11	7.252780733e-13	5.351048164e-12	4.382433652e-12	7.34958483e-10	5.970206697e-14	5.944717104e-14	4.999999912e-15	4.999999912e-15	1.402128197e-13	4.999999912e-15	4.999999912e-15	1.837916755e-12	8.173339392e-14	4.999999912e-15	4.999999912e-15	5.240103143e-11	4.999999912e-15	3.368381962e-13	4.999999912e-15	1.694347093e-11	4.999999912e-15	2.694207704e-12	9.352050384e-13	4.250462649e-09	4.999999912e-15	4.999999912e-15	6.685465712e-14	3.814858856e-14	4.999999912e-15	3.870615308e-14	1.173690593e-13	4.999999912e-15	4.999999912e-15	2.677449462e-14	1	1	1	1	1	1	1	0	0	0	0	0	0	0	0	0	0
2345.518	1747314529.376	05/15/2025_15:08:49.376	1	3	3.752616612e-05	6.889119049e-06	0.01600000076	4.999999912e-15	2.238947309e-12	1.1820338e-13	1.652131394e-13	4.999999912e-15	8.680514261e-14	4.999999912e-15	5.347932925e-14	4.999999912e-15	1.268215676e-13	4.999999912e-15	4.999999912e-15	9.343207089e-14	3.662989237e-13	4.999999912e-15	1.191123328e-11	9.298425745e-13	5.34877611e-12	4.433606694e-12	7.419334036e-10	9.373472593e-14	5.010216146e-14	4.999999912e-15	2.0615508e-14	1.413196545e-14	4.999999912e-15	5.24279513e-14	1.981405274e-12	4.999999912e-15	4.999999912e-15	8.221898097e-15	5.268989758e-11	4.999999912e-15	4.517974807e-14	1.738791131e-13	1.650751584e-11	4.999999912e-15	3.056974595e-12	1.008138993e-12	4.220589656e-09	4.999999912e-15	9.390997366e-14	3.746957985e-14	4.999999912e-15	4.999999912e-15	1.141252755e-13	4.999999912e-15	4.999999912e-15	3.162322292e-14	4.019363781e-14	1	1	1	1	1	1	1	0	0	0	0	0	0	0	0	0	0
2354.537	1747314538.395	05/15/2025_15:08:58.395	1	3	3.753357305e-05	6.95545441e-06	0.01400000043	5.103007589e-14	2.419535275e-12	6.393912906e-15	1.695979105e-13	1.409077661e-13	2.570701356e-13	4.999999912e-15	4.999999912e-15	1.218394282e-13	9.561845944e-14	4.999999912e-15	1.229385924e-13	2.431313072e-13	2.639838218e-13	4.999999912e-15	1.20079658e-11	9.414595839e-13	5.146260588e-12	4.514711088e-12	7.39433681e-10	1.897870153e-14	4.999999912e-15	6.821867832e-14	1.536837335e-13	4.999999912e-15	4.999999912e-15	1.759062595e-13	1.965686077e-12	4.999999912e-15	4.999999912e-15	2.150465271e-13	5.213657284e-11	4.999999912e-15	2.662459012e-13	1.549422076e-13	1.631215302e-11	4.999999912e-15	3.213810511e-12	9.293528403e-13	4.228554396e-09	6.052443431e-14	2.044529774e-13	4.999999912e-15	4.999999912e-15	9.278290484e-14	4.166317898e-14	4.999999912e-15	4.999999912e-15	2.055362309e-13	4.999999912e-15	1	1	1	1	1	1	1	0	0	0	0	0	0	0	0	0	0
2363.556	1747314547.414	05/15/2025_15:09:07.414	1	3	3.762453707e-05	6.831264272e-06	0.01000000071	1.495877261e-13	2.229773657e-12	4.999999912e-15	2.952366812e-13	1.754741101e-13	4.999999912e-15	4.999999912e-15	9.779889843e-14	4.862264562e-14	4.999999912e-15	4.999999912e-15	1.646416293e-13	4.999999912e-15	2.044032261e-13	1.325779357e-14	1.222803803e-11	5.798440612e-13	5.292974392e-12	4.695420268e-12	7.389215351e-10	4.999999912e-15	4.999999912e-15	1.34135487e-13	4.999999912e-15	4.999999912e-15	6.176499199e-14	1.270625315e-13	1.726636846e-12	4.999999912e-15	1.209772164e-13	5.711339875e-14	5.312315865e-11	8.065810931e-14	3.308883115e-13	4.999999912e-15	1.618286408e-11	1.272855383e-13	3.244585373e-12	7.518415144e-13	4.263120523e-09	1.854782332e-13	4.999999912e-15	4.999999912e-15	1.409695115e-13	1.213435954e-13	4.999999912e-15	4.999999912e-15	1.371463029e-13	4.999999912e-15	4.999999912e-15	1	1	1	1	1	1	1	0	0	0	0	0	0	0	0	0	0
2372.575	1747314556.433	05/15/2025_15:09:16.433	1	3	3.764199573e-05	6.899686468e-06	0.01400000043	1.059133114e-13	1.959604787e-12	4.999999912e-15	4.372915333e-13	4.999999912e-15	4.999999912e-15	4.999999912e-15	1.494343793e-13	4.999999912e-15	4.999999912e-15	3.23639905e-14	4.999999912e-15	4.999999912e-15	1.477935748e-13	4.290968622e-14	1.183834541e-11	4.875988393e-13	5.395507392e-12	4.625732523e-12	7.393631818e-10	4.999999912e-15	8.94575077e-14	4.999999912e-15	4.999999912e-15	4.999999912e-15	1.254914277e-13	4.999999912e-15	1.628035489e-12	4.999999912e-15	1.048937548e-13	4.999999912e-15	5.233100064e-11	1.024405306e-13	8.755542407e-15	4.999999912e-15	1.649001595e-11	1.274189765e-13	2.918024112e-12	6.690109621e-13	4.235428008e-09	4.999999912e-15	4.999999912e-15	4.999999912e-15	1.704780658e-13	4.999999912e-15	4.999999912e-15	8.905925314e-14	4.958444137e-14	4.999999912e-15	4.999999912e-15	1	1	1	1	1	1	1	0	0	0	0	0	0	0	0	0	0
2381.594	1747314565.452	05/15/2025_15:09:25.452	1	3	3.754059071e-05	6.881195986e-06	0.01600000076	4.999999912e-15	1.910556132e-12	8.741843512e-14	3.097390779e-13	4.999999912e-15	4.999999912e-15	8.399346756e-14	4.999999912e-15	4.999999912e-15	4.999999912e-15	7.003241303e-15	4.999999912e-15	4.999999912e-15	2.531394148e-13	4.999999912e-15	1.172119606e-11	7.129940085e-13	5.508770089e-12	4.336919279e-12	7.416504633e-10	4.999999912e-15	3.715894237e-14	4.999999912e-15	4.999999912e-15	7.617178915e-14	4.999999912e-15	4.999999912e-15	1.800972891e-12	1.415011771e-13	4.999999912e-15	4.999999912e-15	5.21488408e-11	8.389163387e-15	4.999999912e-15	4.999999912e-15	1.668200647e-11	4.999999912e-15	2.805637233e-12	9.212323829e-13	4.245709118e-09	4.999999912e-15	4.999999912e-15	7.817897263e-14	5.936551706e-14	4.999999912e-15	4.999999912e-15	4.999999912e-15	4.999999912e-15	4.999999912e-15	4.999999912e-15	1	1	1	1	1	1	1	0	0	0	0	0	0	0	0	0	0
2390.613	1747314574.471	05/15/2025_15:09:34.471	1	3	3.747598385e-05	6.818188467e-06	0.01400000043	4.999999912e-15	2.072342081e-12	1.530186568e-13	1.838274812e-13	4.999999912e-15	1.635643931e-13	2.652462939e-13	4.999999912e-15	4.999999912e-15	1.283907063e-13	4.999999912e-15	4.999999912e-15	3.32560585e-14	3.734117778e-13	4.999999912e-15	1.193007065e-11	8.578305167e-13	5.347892268e-12	4.165368137e-12	7.381802392e-10	1.080320187e-13	4.999999912e-15	4.999999912e-15	8.342000593e-14	4.999999912e-15	4.999999912e-15	4.999999912e-15	1.976841217e-12	4.999999912e-15	4.999999912e-15	8.13809469e-14	5.16656197e-11	4.999999912e-15	3.739788698e-14	1.232930858e-13	1.654124927e-11	1.86959416e-14	2.974735042e-12	1.018230964e-12	4.189188108e-09	4.999999912e-15	6.748372477e-15	4.999999912e-15	4.999999912e-15	4.999999912e-15	7.115380334e-14	4.999999912e-15	4.999999912e-15	4.999999912e-15	1.245135722e-14	1	1	1	1	1	1	1	0	0	0	0	0	0	0	0	0	0
2399.632	1747314583.490	05/15/2025_15:09:43.490	1	3	3.749191455e-05	6.902330369e-06	0.0120000001	5.7037735e-14	2.22203549e-12	4.999999912e-15	1.947535422e-13	1.150870577e-13	9.131934033e-14	4.999999912e-15	4.999999912e-15	1.268912682e-13	4.999999912e-15	4.999999912e-15	4.795756891e-14	1.021199455e-13	1.688830418e-13	4.999999912e-15	1.211626025e-11	7.06460552e-13	5.320633257e-12	4.454099416e-12	7.357071619e-10	4.999999912e-15	4.999999912e-15	1.110089532e-13	1.237689828e-13	4.999999912e-15	4.999999912e-15	7.499097101e-14	1.900167306e-12	4.999999912e-15	8.75757393e-14	1.763702167e-13	5.255252483e-11	4.999999912e-15	2.607360942e-13	9.656033297e-14	1.631323895e-11	2.199148253e-14	3.143783628e-12	8.399070827e-13	4.226926364e-09	1.636814599e-14	7.376434533e-14	4.999999912e-15	4.969394579e-14	1.371980464e-13	4.999999912e-15	4.999999912e-15	4.156961234e-14	1.597073033e-13	4.999999912e-15	1	1	1	1	1	1	1	0	0	0	0	0	0	0	0	0	0
2408.651	1747314592.509	05/15/2025_15:09:52.509	1	3	3.752680641e-05	6.857506378e-06	0.01400000043	1.852114111e-13	2.126247962e-12	4.999999912e-15	3.617011475e-13	2.156538565e-13	4.999999912e-15	4.999999912e-15	1.113912768e-13	7.331831133e-14	4.999999912e-15	9.409116417e-14	3.082397076e-13	4.999999912e-15	1.019925043e-13	2.487484367e-14	1.210553879e-11	7.418891348e-13	5.273448778e-12	4.723779961e-12	7.35618122e-10	4.999999912e-15	4.999999912e-15	6.369651849e-14	4.999999912e-15	4.999999912e-15	8.429415071e-14	1.188147074e-13	1.919618327e-12	4.999999912e-15	2.280475071e-13	4.999999912e-15	5.233715544e-11	8.564822435e-14	3.142294096e-13	4.999999912e-15	1.644913893e-11	1.327535629e-13	3.067367107e-12	6.99977023e-13	4.213572602e-09	1.391415466e-13	4.999999912e-15	4.999999912e-15	2.225834534e-13	7.231470604e-14	4.999999912e-15	4.999999912e-15	4.813279631e-14	4.999999912e-15	4.999999912e-15	1	1	1	1	1	1	1	0	0	0	0	0	0	0	0	0	0
2417.67	1747314601.528	05/15/2025_15:10:01.528	1	3	3.754650243e-05	6.918217878e-06	0.0120000001	1.239024074e-13	1.950082457e-12	4.163929943e-14	4.916012259e-13	4.999999912e-15	4.999999912e-15	6.970816882e-14	4.786797315e-14	4.999999912e-15	4.999999912e-15	1.226757682e-13	4.999999912e-15	4.999999912e-15	2.750313811e-13	7.369067379e-14	1.207465638e-11	6.117779894e-13	5.411233961e-12	4.48171231e-12	7.362408461e-10	4.999999912e-15	9.130937922e-14	4.999999912e-15	4.999999912e-15	2.27780441e-14	2.621896298e-14	4.999999912e-15	1.744982522e-12	8.218142692e-14	2.676057618e-14	4.999999912e-15	5.205155057e-11	1.097405315e-13	6.915061785e-14	4.999999912e-15	1.652391939e-11	8.895171383e-14	2.790603035e-12	8.544573469e-13	4.224215644e-09	4.999999912e-15	4.999999912e-15	4.999999912e-15	2.173484374e-13	4.999999912e-15	4.999999912e-15	8.355142478e-14	4.999999912e-15	4.999999912e-15	4.999999912e-15	1	1	1	1	1	1	1	0	0	0	0	0	0	0	0	0	0
2426.689	1747314610.547	05/15/2025_15:10:10.547	1	3	3.758215826e-05	6.915575341e-06	0.0120000001	4.999999912e-15	1.999306753e-12	8.533557433e-14	3.580113365e-13	4.999999912e-15	4.999999912e-15	8.715164007e-14	4.999999912e-15	4.999999912e-15	1.385899587e-13	7.68448483e-14	4.999999912e-15	4.999999912e-15	4.193263846e-13	4.999999912e-15	1.169932727e-11	6.919861819e-13	5.744921899e-12	4.383773726e-12	7.376957933e-10	9.717167392e-14	3.752933294e-14	4.999999912e-15	6.892758391e-14	6.029345859e-14	4.999999912e-15	4.999999912e-15	1.889898828e-12	9.911516052e-14	4.999999912e-15	4.999999912e-15	5.206096665e-11	1.192965269e-14	3.189005863e-14	8.320096999e-14	1.660151704e-11	4.999999912e-15	2.984026437e-12	9.077595446e-13	4.190654046e-09	4.999999912e-15	4.999999912e-15	7.845379077e-14	6.397332208e-14	4.999999912e-15	4.999999912e-15	5.572151356e-14	4.999999912e-15	4.999999912e-15	2.892706962e-14	1	1	1	1	1	1	1	0	0	0	0	0	0	0	0	0	0
2435.708	1747314619.566	05/15/2025_15:10:19.566	1	3	3.749062671e-05	6.886486972e-06	0.01400000043	4.999999912e-15	2.270994807e-12	1.592353907e-13	2.143854484e-13	4.999999912e-15	1.233767049e-13	8.884023074e-14	4.999999912e-15	4.999999912e-15	1.557945125e-13	4.999999912e-15	4.999999912e-15	4.676879543e-14	3.402970722e-13	4.999999912e-15	1.203280878e-11	8.617533228e-13	5.59978279e-12	4.353187949e-12	7.372475408e-10	4.364649646e-14	4.999999912e-15	4.999999912e-15	6.569377475e-14	4.519171495e-14	4.999999912e-15	4.999999912e-15	1.906083581e-12	4.999999912e-15	4.999999912e-15	4.999999912e-15	5.28010205e-11	4.999999912e-15	2.973950296e-14	4.429963341e-14	1.656130962e-11	4.999999912e-15	3.050407149e-12	1.013853931e-12	4.270328091e-09	4.999999912e-15	4.999999912e-15	1.474471044e-13	4.999999912e-15	4.999999912e-15	1.269928444e-13	4.999999912e-15	4.999999912e-15	4.999999912e-15	6.311310253e-14	1	1	1	1	1	1	1	0	0	0	0	0	0	0	0	0	0
2444.727	1747314628.585	05/15/2025_15:10:28.585	1	3	3.743374327e-05	6.828654932e-06	0.01400000043	4.999999912e-15	2.310013292e-12	1.339443422e-13	1.879952221e-13	3.917610729e-14	2.603497929e-13	6.440940175e-14	4.999999912e-15	1.37847226e-13	4.015702159e-13	4.999999912e-15	2.35562546e-13	3.399882508e-14	3.23321502e-13	4.999999912e-15	1.189063778e-11	9.506014682e-13	5.325854341e-12	4.401828294e-12	7.422368831e-10	6.428196734e-14	4.999999912e-15	4.999999912e-15	2.152835066e-13	4.999999912e-15	4.999999912e-15	1.407464911e-13	1.925460659e-12	4.999999912e-15	2.348495069e-14	2.257814568e-13	5.270144737e-11	4.999999912e-15	2.983749315e-13	2.110620299e-13	1.660706642e-11	4.999999912e-15	3.101740002e-12	1.106413897e-12	4.22572688e-09	4.999999912e-15	1.680188513e-13	4.658360693e-14	4.999999912e-15	1.351391059e-13	1.480106321e-13	4.999999912e-15	4.999999912e-15	1.267598765e-13	1.113235887e-13	1	1	1	1	1	1	1	0	0	0	0	0	0	0	0	0	0
2453.746	1747314637.604	05/15/2025_15:10:37.604	1	3	3.745820504e-05	6.841757568e-06	0.01400000043	1.790544302e-13	2.354677651e-12	4.999999912e-15	2.181150768e-13	2.221135331e-13	8.481190468e-14	4.999999912e-15	8.352155502e-14	1.992697457e-13	4.999999912e-15	4.999999912e-15	1.686520796e-13	2.177964569e-13	1.201448744e-13	4.999999912e-15	1.198046263e-11	8.575974674e-13	5.347929998e-12	4.613089858e-12	7.414178715e-10	4.999999912e-15	4.999999912e-15	1.916392121e-13	8.630933696e-14	4.999999912e-15	4.999999912e-15	1.90970178e-13	1.827789222e-12	4.999999912e-15	1.601772507e-13	1.213715001e-13	5.16585906e-11	4.999999912e-15	4.343663558e-13	4.999999912e-15	1.640385744e-11	1.511767328e-13	3.128849393e-12	9.033010342e-13	4.233895901e-09	1.442630737e-13	3.711715316e-14	4.999999912e-15	1.649562919e-13	1.756772489e-13	4.999999912e-15	4.999999912e-15	1.139162007e-13	1.272815674e-13	4.999999912e-15	1	1	1	1	1	1	1	0	0	0	0	0	0	0	0	0	0
2462.765	1747314646.623	05/15/2025_15:10:46.623	1	3	3.747658047e-05	6.868032415e-06	0.0120000001	2.484420276e-13	2.125678323e-12	6.495899738e-14	3.408048041e-13	1.614636159e-13	4.999999912e-15	4.999999912e-15	1.848330787e-13	4.999999912e-15	4.999999912e-15	4.999999912e-15	1.930052255e-13	4.999999912e-15	1.617503603e-13	1.912210624e-13	1.216521675e-11	5.469244849e-13	5.490468323e-12	4.628681119e-12	7.338869512e-10	4.999999912e-15	5.275653232e-14	1.226259898e-13	4.999999912e-15	4.999999912e-15	1.025859356e-13	4.999999912e-15	1.701809917e-12	3.144203918e-14	1.854862292e-13	8.850369439e-14	5.200362363e-11	1.579749244e-13	2.40684046e-13	4.999999912e-15	1.632025418e-11	1.975612599e-13	2.764109254e-12	7.273649998e-13	4.203351001e-09	1.057560208e-13	4.999999912e-15	4.999999912e-15	2.17330521e-13	2.347697503e-14	4.999999912e-15	5.551243872e-14	7.724111064e-14	4.999999912e-15	4.999999912e-15	1	1	1	1	1	1	1	0	0	0	0	0	0	0	0	0	0
2471.784	1747314655.642	05/15/2025_15:10:55.642	1	3	3.751982513e-05	6.833889984e-06	0.0120000001	4.999999912e-15	1.999211127e-12	8.079551839e-14	4.310508656e-13	4.999999912e-15	4.999999912e-15	4.213312641e-14	7.192243491e-14	4.999999912e-15	4.999999912e-15	1.457585002e-13	4.999999912e-15	4.999999912e-15	2.85306338e-13	1.256706192e-13	1.205409123e-11	6.833998428e-13	5.391336683e-12	4.770476549e-12	7.421076531e-10	4.999999912e-15	4.999999912e-15	4.999999912e-15	4.999999912e-15	8.364699721e-14	4.999999912e-15	4.999999912e-15	1.817926343e-12	1.364234924e-13	4.999999912e-15	4.999999912e-15	5.20698866e-11	1.129424923e-13	1.328369923e-14	2.22682929e-14	1.683753657e-11	1.731401752e-14	2.805195095e-12	9.111684931e-13	4.289964828e-09	4.999999912e-15	4.999999912e-15	4.999999912e-15	1.291274623e-13	4.999999912e-15	4.999999912e-15	1.624214137e-13	4.999999912e-15	4.999999912e-15	4.694402961e-14	1	1	1	1	1	1	1	0	0	0	0	0	0	0	0	0	0
2480.803	1747314664.661	05/15/2025_15:11:04.661	1	3	3.747663868e-05	6.897043022e-06	0.0120000001	4.999999912e-15	2.261996146e-12	2.486212191e-13	2.597086229e-13	4.999999912e-15	1.912568953e-13	1.314712228e-13	4.999999912e-15	4.999999912e-15	1.625189512e-13	5.081682687e-15	4.999999912e-15	4.999999912e-15	4.226735878e-13	4.999999912e-15	1.21060089e-11	9.036195728e-13	5.392486371e-12	4.231659294e-12	7.402995994e-10	1.842794851e-13	4.999999912e-15	4.999999912e-15	1.934233752e-13	8.270911489e-14	4.999999912e-15	4.999999912e-15	2.056959854e-12	4.999999912e-15	4.999999912e-15	4.999999912e-15	5.294596359e-11	4.999999912e-15	8.450922931e-14	1.121479686e-13	1.650048848e-11	4.999999912e-15	3.039369754e-12	1.186267447e-12	4.242407758e-09	4.999999912e-15	7.890181699e-14	1.505554579e-13	4.999999912e-15	4.999999912e-15	1.618977034e-13	6.064591239e-14	4.999999912e-15	4.999999912e-15	1.004552683e-13	1	1	1	1	1	1	1	0	0	0	0	0	0	0	0	0	0
2489.822	1747314673.680	05/15/2025_15:11:13.680	1	3	3.743073466e-05	6.818188467e-06	0.01400000043	5.041280571e-14	2.442796833e-12	1.934651983e-13	1.318475358e-13	6.032132937e-14	2.298177382e-13	2.106953799e-14	4.999999912e-15	1.509318251e-13	1.400037584e-13	4.999999912e-15	3.37976988e-14	1.704462174e-13	2.659153551e-13	4.999999912e-15	1.198826542e-11	9.3314809e-13	5.269403837e-12	4.3574532e-12	7.375741129e-10	6.431979244e-14	4.999999912e-15	4.999999912e-15	9.176737332e-14	4.999999912e-15	4.999999912e-15	3.105037115e-13	1.934817541e-12	4.999999912e-15	4.999999912e-15	2.513234033e-13	5.247138141e-11	4.999999912e-15	2.540314693e-13	2.475797887e-13	1.623747838e-11	4.999999912e-15	3.130404139e-12	1.026769381e-12	4.204510518e-09	2.119697918e-14	1.882879161e-13	4.999999912e-15	4.999999912e-15	1.354955373e-13	1.531779667e-13	4.999999912e-15	4.999999912e-15	1.796219288e-13	3.402072596e-14	1	1	1	1	1	1	1	0	0	0	0	0	0	0	0	0	0
2498.841	1747314682.699	05/15/2025_15:11:22.699	1	3	3.740512693e-05	6.868032415e-06	0.01600000076	2.069739372e-13	2.373708001e-12	4.999999912e-15	3.53499131e-13	2.052375603e-13	4.400889104e-14	4.999999912e-15	9.074784381e-14	2.748362518e-13	4.999999912e-15	4.999999912e-15	2.508613976e-13	7.688865007e-14	5.242000275e-14	1.101188639e-13	1.214646526e-11	7.071635486e-13	5.203421895e-12	4.674382409e-12	7.370348776e-10	4.999999912e-15	4.999999912e-15	1.45212889e-13	2.411219553e-14	4.999999912e-15	4.83259537e-14	2.13967231e-13	1.654766168e-12	4.999999912e-15	1.856275957e-13	1.402586272e-13	5.220891774e-11	7.114758273e-15	4.21106509e-13	4.042462708e-14	1.632538028e-11	1.609677696e-13	3.096727952e-12	8.419163804e-13	4.198120962e-09	1.987540042e-13	3.370433273e-13	4.999999912e-15	1.332334715e-13	1.696974809e-13	7.258130457e-15	4.999999912e-15	1.062000558e-13	1.133526595e-13	4.999999912e-15	1	1	1	1	1	1	1	0	0	0	0	0	0	0	0	0	0
2507.86	1747314691.718	05/15/2025_15:11:31.718	1	3	3.745672802e-05	6.828654932e-06	0.01400000043	3.384650958e-13	2.243292357e-12	4.999999912e-15	4.620349242e-13	1.048659179e-13	4.999999912e-15	4.999999912e-15	1.949029046e-13	3.808687035e-14	4.999999912e-15	8.18946961e-14	2.005740138e-13	4.999999912e-15	1.800879053e-13	1.407245902e-13	1.201339028e-11	6.155375688e-13	5.205273712e-12	4.767880535e-12	7.359938214e-10	4.999999912e-15	8.700825433e-14	1.326002296e-13	4.999999912e-15	4.999999912e-15	1.30258502e-13	1.823021714e-13	1.570467931e-12	5.656580889e-14	1.914301237e-13	4.999999912e-15	5.195821551e-11	9.769736289e-14	3.218340037e-13	4.999999912e-15	1.636520953e-11	1.762805939e-13	3.000657448e-12	6.329969101e-13	4.187879821e-09	2.432348485e-13	4.999999912e-15	4.999999912e-15	2.284836003e-13	3.158739681e-14	4.999999912e-15	4.999999912e-15	1.698289133e-13	4.999999912e-15	4.999999912e-15	1	1	1	1	1	1	1	0	0	0	0	0	0	0	0	0	0
2516.879	1747314700.737	05/15/2025_15:11:40.737	1	3	3.751253462e-05	6.868032415e-06	0.0120000001	7.082923386e-14	2.070392902e-12	5.456458852e-14	4.887557373e-13	4.999999912e-15	4.999999912e-15	1.166601673e-13	9.628555548e-14	4.999999912e-15	4.999999912e-15	7.489140059e-14	4.999999912e-15	4.999999912e-15	2.317711452e-13	1.713163709e-13	1.167970668e-11	5.670681481e-13	5.560775364e-12	4.705472123e-12	7.363014642e-10	4.999999912e-15	1.678595278e-13	4.999999912e-15	4.999999912e-15	4.999999912e-15	6.471208389e-14	4.999999912e-15	1.699173463e-12	1.500656018e-13	6.836007183e-14	4.999999912e-15	5.207576731e-11	1.222197934e-13	1.24657107e-13	4.999999912e-15	1.645604833e-11	5.942326438e-14	2.830689459e-12	8.73228898e-13	4.21348112e-09	5.872235478e-14	4.999999912e-15	4.999999912e-15	2.638862436e-13	4.999999912e-15	4.999999912e-15	1.271581175e-13	4.060982236e-14	4.999999912e-15	4.999999912e-15	1	1	1	1	1	1	1	0	0	0	0	0	0	0	0	0	0
2525.898	1747314709.756	05/15/2025_15:11:49.756	1	3	3.755751823e-05	6.860133908e-06	0.0120000001	4.999999912e-15	2.152601881e-12	6.336797135e-14	3.419218576e-13	4.999999912e-15	4.999999912e-15	1.780806947e-13	4.999999912e-15	4.999999912e-15	1.710692135e-14	6.711154527e-14	4.999999912e-15	4.999999912e-15	3.093288971e-13	4.999999912e-15	1.165175855e-11	7.011777227e-13	5.440385555e-12	4.509859933e-12	7.407316982e-10	6.80673508e-14	1.033684856e-13	4.999999912e-15	4.999999912e-15	5.522768657e-14	4.999999912e-15	4.999999912e-15	1.845995579e-12	8.488953355e-14	4.999999912e-15	4.999999912e-15	5.228541211e-11	7.21454553e-14	4.999999912e-15	4.049232195e-14	1.653645623e-11	4.999999912e-15	2.835876065e-12	9.908668937e-13	4.230449324e-09	4.999999912e-15	4.999999912e-15	1.098042284e-13	5.830219933e-14	4.999999912e-15	4.999999912e-15	4.999999912e-15	4.999999912e-15	4.999999912e-15	1.167475676e-14	1	1	1	1	1	1	1	0	0	0	0	0	0	0	0	0	0
2534.917	1747314718.775	05/15/2025_15:11:58.775	1	3	3.750801989e-05	6.990188922e-06	0.01400000043	4.999999912e-15	2.239395518e-12	1.806354816e-13	2.108549067e-13	4.999999912e-15	1.288944808e-13	4.538883646e-14	4.999999912e-15	4.999999912e-15	1.523595161e-13	5.786590282e-15	4.999999912e-15	1.006981906e-13	4.164330014e-13	4.999999912e-15	1.201924237e-11	7.75911941e-13	5.328657654e-12	4.350612752e-12	7.427020665e-10	1.001087776e-13	4.999999912e-15	4.999999912e-15	6.671925382e-14	1.070065125e-13	4.999999912e-15	4.999999912e-15	1.868781388e-12	4.999999912e-15	4.999999912e-15	4.999999912e-15	5.276539969e-11	4.999999912e-15	2.112729208e-14	1.764458534e-13	1.652059912e-11	4.999999912e-15	2.963179832e-12	1.087361538e-12	4.241374807e-09	4.999999912e-15	2.326190998e-14	6.973005615e-14	4.999999912e-15	4.999999912e-15	7.759953433e-14	5.238215731e-14	4.999999912e-15	4.999999912e-15	8.518225459e-14	1	1	1	1	1	1	1	0	0	0	0	0	0	0	0	0	0
2543.936	1747314727.794	05/15/2025_15:12:07.794	1	3	3.747111259e-05	6.857506378e-06	0.0120000001	4.999999912e-15	2.357292313e-12	8.103844066e-14	2.512516833e-13	2.225632601e-14	1.885666645e-13	4.999999912e-15	4.999999912e-15	1.356946782e-13	9.207801757e-14	2.749733221e-14	4.999999912e-15	1.993673239e-13	1.799803796e-13	4.999999912e-15	1.212256077e-11	8.965964364e-13	5.000145697e-12	4.452977917e-12	7.394103108e-10	8.100657867e-14	4.999999912e-15	1.257081597e-14	2.169860157e-13	7.165560598e-14	4.999999912e-15	1.12229609e-13	1.915852893e-12	4.999999912e-15	4.999999912e-15	2.413431325e-13	5.229010974e-11	4.999999912e-15	2.234217585e-13	1.919916591e-13	1.644734696e-11	4.999999912e-15	3.139333194e-12	1.030648331e-12	4.255204189e-09	5.746186811e-14	1.976627683e-13	4.999999912e-15	4.999999912e-15	1.265029748e-13	4.302919918e-14	4.999999912e-15	4.999999912e-15	3.228893661e-13	4.999999912e-15	1	1	1	1	1	1	1	0	0	0	0	0	0	0	0	0	0
2552.955	1747314736.813	05/15/2025_15:12:16.813	1	3	3.742397894e-05	6.818188467e-06	0.0120000001	2.04954814e-13	2.446751786e-12	4.999999912e-15	2.797785332e-13	1.585663296e-13	2.30329197e-14	4.999999912e-15	1.108078337e-13	1.72505185e-13	1.227076166e-13	4.999999912e-15	1.584707571e-13	6.642654634e-14	8.463466473e-14	4.999999912e-15	1.22362346e-11	7.013849137e-13	5.056310839e-12	4.510179123e-12	7.430492333e-10	4.999999912e-15	4.999999912e-15	4.999999912e-15	5.621534054e-14	4.999999912e-15	1.365007825e-14	1.942019408e-13	1.72339725e-12	4.999999912e-15	1.677101925e-13	8.987568448e-14	5.241763967e-11	4.999999912e-15	3.353905695e-13	3.569736331e-14	1.62689931e-11	1.184383673e-13	3.064362349e-12	8.064758713e-13	4.227367789e-09	1.827163637e-13	4.629087912e-14	4.999999912e-15	1.049614768e-13	4.203298679e-13	4.999999912e-15	4.999999912e-15	1.019029018e-13	4.999999912e-15	4.999999912e-15	1	1	1	1	1	1	1	0	0	0	0	0	0	0	0	0	0
2561.974	1747314745.832	05/15/2025_15:12:25.832	1	3	3.746868606e-05	6.857506378e-06	0.0120000001	2.297002649e-13	2.174448338e-12	4.999999912e-15	3.679576446e-13	1.339124937e-13	4.999999912e-15	4.999999912e-15	1.89763461e-13	4.999999912e-15	4.999999912e-15	3.232614507e-14	1.077552286e-13	4.999999912e-15	1.335938738e-13	1.124227596e-13	1.188093547e-11	5.699355918e-13	5.201711024e-12	4.615944779e-12	7.457495177e-10	4.999999912e-15	8.534155777e-14	1.469911161e-13	4.999999912e-15	4.999999912e-15	1.144458606e-13	4.999999912e-15	1.572847755e-12	4.140632471e-14	1.839649039e-13	4.999999912e-15	5.260644698e-11	1.577758106e-13	2.724247965e-13	4.999999912e-15	1.631801291e-11	1.452069259e-13	2.945162994e-12	7.712284045e-13	4.196718972e-09	1.192090046e-13	4.999999912e-15	4.999999912e-15	1.532516247e-13	4.999999912e-15	4.999999912e-15	4.999999912e-15	1.35505512e-13	4.999999912e-15	4.999999912e-15	1	1	1	1	1	1	1	0	0	0	0	0	0	0	0	0	0
2570.993	1747314754.851	05/15/2025_15:12:34.851	1	3	3.756942533e-05	6.944786492e-06	0.0120000001	4.999999912e-15	2.001951122e-12	3.423178624e-14	4.573196205e-13	4.999999912e-15	4.999999912e-15	1.056305515e-13	7.582530524e-14	4.999999912e-15	4.999999912e-15	1.356747424e-13	1.212078398e-14	4.999999912e-15	2.782333283e-13	1.263874666e-13	1.173252554e-11	5.790256512e-13	5.33564512e-12	4.583059193e-12	7.410578817e-10	4.999999912e-15	1.594583704e-13	4.999999912e-15	4.999999912e-15	6.714339371e-14	9.064033161e-14	4.999999912e-15	1.591862059e-12	1.231696087e-13	4.498461879e-14	4.999999912e-15	5.234568334e-11	8.573382889e-14	4.015780492e-14	4.999999912e-15	1.662340404e-11	3.643016878e-14	2.824789014e-12	8.186305366e-13	4.246441865e-09	4.999999912e-15	4.999999912e-15	4.823436572e-14	1.957790348e-13	4.999999912e-15	4.999999912e-15	7.036127865e-14	3.552212235e-14	4.999999912e-15	4.999999912e-15	1	1	1	1	1	1	1	0	0	0	0	0	0	0	0	0	0
2580.012	1747314763.870	05/15/2025_15:12:43.870	1	3	3.76175085e-05	6.897043022e-06	0.0120000001	4.999999912e-15	2.039753349e-12	1.524491254e-13	3.17994898e-13	4.999999912e-15	2.746148578e-14	1.206367092e-13	4.999999912e-15	4.999999912e-15	6.322459917e-14	9.113413149e-14	4.999999912e-15	4.999999912e-15	3.790709608e-13	4.999999912e-15	1.16547709e-11	6.932764367e-13	5.274537751e-12	4.458167342e-12	7.39115491e-10	1.127650219e-14	2.100979167e-14	4.999999912e-15	4.999999912e-15	1.299239579e-13	4.999999912e-15	4.999999912e-15	1.727762031e-12	5.705963588e-14	4.999999912e-15	4.999999912e-15	5.261384731e-11	4.999999912e-15	4.832995169e-14	4.999999912e-15	1.674509489e-11	4.999999912e-15	2.850787315e-12	1.022854544e-12	4.210479077e-09	4.999999912e-15	4.999999912e-15	1.641418663e-13	1.262281837e-13	4.999999912e-15	4.999999912e-15	4.327235185e-13	4.999999912e-15	4.999999912e-15	4.999999912e-15	1	1	1	1	1	1	1	0	0	0	0	0	0	0	0	0	0
2589.031	1747314772.889	05/15/2025_15:12:52.889	1	3	3.753758574e-05	6.936815225e-06	0.0120000001	4.999999912e-15	2.170879795e-12	2.652403037e-13	2.341287971e-13	4.999999912e-15	1.627937558e-13	3.30298885e-13	4.999999912e-15	4.999999912e-15	1.463220143e-13	4.999999912e-15	4.999999912e-15	9.779891198e-14	3.551817044e-13	4.999999912e-15	1.22062447e-11	8.420856785e-13	5.341816399e-12	4.414556394e-12	7.468791141e-10	1.244977835e-13	4.999999912e-15	4.999999912e-15	9.391196588e-14	8.801782274e-14	4.999999912e-15	4.999999912e-15	1.886734692e-12	2.969767986e-14	4.999999912e-15	6.703787373e-14	5.256938981e-11	4.999999912e-15	1.181097998e-13	1.1670794e-13	1.658658107e-11	4.999999912e-15	3.031042431e-12	1.023035714e-12	4.239762763e-09	4.999999912e-15	9.024804016e-14	1.505913043e-13	1.193560225e-14	4.999999912e-15	1.452547121e-13	4.999999912e-15	4.999999912e-15	4.999999912e-15	1.179505034e-13	1	1	1	1	1	1	1	0	0	0	0	0	0	0	0	0	0
2598.05	1747314781.908	05/15/2025_15:13:01.908	1	3	3.749873576e-05	6.865393971e-06	0.0120000001	5.718508485e-14	2.418489454e-12	1.032868113e-13	1.119527986e-13	2.099186845e-14	2.092380089e-13	4.999999912e-15	4.999999912e-15	1.968125099e-13	6.746000107e-14	4.999999912e-15	2.639217783e-14	1.724872415e-13	2.638623911e-13	4.999999912e-15	1.204167755e-11	9.321304579e-13	5.273548091e-12	4.513825078e-12	7.420496995e-10	9.801395671e-14	4.999999912e-15	4.999999912e-15	2.027066666e-13	4.999999912e-15	4.999999912e-15	4.636854865e-14	1.97735296e-12	4.999999912e-15	4.999999912e-15	3.415375892e-13	5.175073217e-11	4.999999912e-15	2.549733428e-13	1.719774767e-13	1.664844478e-11	4.999999912e-15	3.09375095e-12	1.091734233e-12	4.24293134e-09	4.999999912e-15	1.871747928e-13	4.109568046e-14	2.325394787e-14	2.025908331e-14	1.283767472e-13	4.999999912e-15	4.999999912e-15	1.354656404e-13	9.135517999e-14	1	1	1	1	1	1	1	0	0	0	0	0	0	0	0	0	0
2607.069	1747314790.927	05/15/2025_15:13:10.927	1	3	3.748303789e-05	7.003594419e-06	0.01400000043	1.378292825e-13	2.540663643e-12	6.52198361e-14	2.258431614e-13	1.477378061e-13	1.111941417e-13	4.999999912e-15	4.999999912e-15	2.150903425e-13	8.046663921e-15	4.999999912e-15	1.965795419e-13	1.954962884e-13	1.72779949e-13	4.999999912e-15	1.217020842e-11	7.84145806e-13	5.011630867e-12	4.449505434e-12	7.392579326e-10	4.999999912e-15	4.999999912e-15	1.180600214e-13	1.462722359e-13	4.999999912e-15	4.24238349e-14	1.554957606e-13	1.760884515e-12	4.999999912e-15	6.711552294e-14	1.893950762e-13	5.22622258e-11	4.999999912e-15	3.788837462e-13	1.663601169e-13	1.637171301e-11	4.999999912e-15	3.270995671e-12	9.293009071e-13	4.210575888e-09	2.247439973e-13	2.021869271e-13	4.999999912e-15	4.999999912e-15	2.531951428e-13	7.066792491e-14	4.999999912e-15	4.999999912e-15	2.044808821e-13	4.999999912e-15	1	1	1	1	1	1	1	0	0	0	0	0	0	0	0	0	0
2616.088	1747314799.946	05/15/2025_15:13:19.946	1	3	3.753735291e-05	6.852252227e-06	0.0120000001	1.926686892e-13	2.205772891e-12	4.999999912e-15	4.071835913e-13	2.364446529e-13	4.999999912e-15	4.999999912e-15	1.200273876e-13	1.169847232e-13	4.999999912e-15	2.885935441e-14	2.293557325e-13	3.099399264e-14	1.516327482e-13	6.710754728e-14	1.209480432e-11	6.144503309e-13	5.224879557e-12	4.868602049e-12	7.433902383e-10	4.999999912e-15	7.688233459e-15	1.840027154e-13	4.999999912e-15	4.999999912e-15	5.170313505e-14	1.495618137e-13	1.538508145e-12	4.999999912e-15	1.963485527e-13	1.442667871e-14	5.279330098e-11	1.17064385e-13	4.068172394e-13	4.999999912e-15	1.647488222e-11	1.053876225e-13	2.950664669e-12	8.39510861e-13	4.22763291e-09	1.148500918e-13	2.64379786e-14	4.999999912e-15	1.970494623e-13	1.482396291e-13	4.999999912e-15	4.999999912e-15	1.468696177e-13	4.999999912e-15	4.999999912e-15	1	1	1	1	1	1	1	0	0	0	0	0	0	0	0	0	0
2625.107	1747314808.965	05/15/2025_15:13:28.965	1	3	3.761717016e-05	6.868032415e-06	0.0120000001	1.509616813e-13	2.204878858e-12	4.999999912e-15	4.595438613e-13	6.852333913e-14	4.999999912e-15	1.083486192e-13	1.733753386e-13	4.999999912e-15	4.999999912e-15	7.467236465e-14	6.111583949e-14	4.999999912e-15	1.825988904e-13	2.249251675e-13	1.196828574e-11	5.924169575e-13	5.221500315e-12	4.606789342e-12	7.384748923e-10	4.999999912e-15	1.178270399e-13	4.999999912e-15	4.999999912e-15	8.450125365e-14	1.330243831e-13	4.999999912e-15	1.713673908e-12	6.442929686e-14	1.535901397e-13	4.999999912e-15	5.208927387e-11	2.23857906e-13	1.990228186e-13	4.999999912e-15	1.666755796e-11	1.586081255e-13	2.780290538e-12	7.713439804e-13	4.272965093e-09	6.415849026e-14	4.999999912e-15	4.999999912e-15	2.825125116e-13	4.999999912e-15	4.999999912e-15	6.704184462e-14	7.207575465e-14	4.999999912e-15	4.999999912e-15	1	1	1	1	1	1	1	0	0	0	0	0	0	0	0	0	0
