PV MassSpec-24.10.00
EXPORTED RUN DATA
Run Path and Name: C:\Pfeiffer Vacuum\data\005-28-2025\1%N2O-AR.isi
05/28/2025 14:15:21
SensorID:  RGA PrismaPro A 200 47505932
72 Bins
397 TimePoints

Time Relative (sec)	Time Absolute (UTC)	Time Absolute (Date_Time)	Step	Ionizer_State	Pressure_(mBar)	External_Pressure_(mBar)	Analog_1	1_amu	2_amu	3_amu	4_amu	5_amu	6_amu	7_amu	8_amu	9_amu	10_amu	11_amu	12_amu	13_amu	14_amu	15_amu	16_amu	17_amu	18_amu	19_amu	20_amu	21_amu	22_amu	23_amu	24_amu	25_amu	26_amu	27_amu	28_amu	29_amu	30_amu	31_amu	32_amu	33_amu	34_amu	35_amu	36_amu	37_amu	38_amu	39_amu	40_amu	41_amu	42_amu	43_amu	44_amu	45_amu	46_amu	47_amu	48_amu	49_amu	50_amu	Periph:_Digital_In_0	Periph:_Digital_In_1	Periph:_Digital_In_13	Periph:_Digital_In_14	Periph:_Digital_In_15	Periph:_Digital_In_16	Periph:_Digital_In_17	Periph:_Digital_Out_2	Periph:_Digital_Out_3	Periph:_Digital_Out_4	Periph:_Digital_Out_5	Periph:_Digital_Out_6	Periph:_Digital_Out_7	Periph:_Digital_Out_8	Periph:_Digital_Out_9	Periph:_Digital_Out_10	Periph:_Digital_Out_11
16.68	1748434538.091	05/28/2025_14:15:38.091	1	3	2.465681428e-05	3.695461828e-06	0.0120000001	4.999999912e-15	4.999999912e-15	2.333362995e-14	1.079543898e-13	4.999999912e-15	4.999999912e-15	1.142945737e-13	2.77303442e-14	4.999999912e-15	4.999999912e-15	1.483531451e-13	4.999999912e-15	4.999999912e-15	4.999999912e-15	4.999999912e-15	4.999999912e-15	4.999999912e-15	4.999999912e-15	4.999999912e-15	4.999999912e-15	6.194822894e-14	1.183726782e-13	4.999999912e-15	3.533866311e-09	1.380695818e-11	3.265477732e-12	9.770056942e-13	1.628518098e-09	1.165344644e-11	4.702370221e-13	4.999999912e-15	3.670288795e-10	4.479985718e-13	1.263094447e-12	6.782644108e-14	2.733089362e-13	4.999999912e-15	4.999999912e-15	1.503922041e-13	1.069415043e-11	4.999999912e-15	4.999999912e-15	1.530684623e-13	6.493551356e-13	4.999999912e-15	8.273701277e-14	1.079543898e-13	4.999999912e-15	7.32267369e-14	1.840525345e-13	1	1	1	1	1	1	1	0	0	0	0	0	0	0	0	0	0
25.699	1748434547.110	05/28/2025_14:15:47.110	1	3	2.44429375e-05	3.788682079e-06	0.0120000001	1.905640156e-14	7.314668619e-13	1.448564847e-13	4.999999912e-15	4.336575248e-14	2.390193891e-13	1.820373686e-13	4.999999912e-15	1.789310074e-13	1.501134286e-13	4.999999912e-15	1.754263781e-13	2.733487536e-13	2.762800821e-10	1.331219748e-12	9.581312133e-11	6.537052583e-12	2.347047556e-11	3.064145075e-12	2.167694193e-12	6.722905923e-14	4.999999912e-15	3.699370319e-14	1.751236959e-13	5.419822645e-14	4.999999912e-15	2.396406641e-13	1.579551823e-09	1.090419768e-11	5.248215057e-13	1.880748839e-13	3.543295379e-10	1.785008908e-13	1.490138416e-12	1.301689334e-13	4.999999912e-15	5.829226533e-14	5.362114832e-13	5.032720795e-14	1.011086267e-11	8.405125554e-14	1.499541458e-13	4.999999912e-15	7.016457727e-13	1.333549563e-13	3.66910346e-14	4.999999912e-15	2.137542395e-13	2.192979007e-13	1.796319305e-13	1	1	1	1	1	1	1	0	0	0	0	0	0	0	0	0	0
34.718	1748434556.129	05/28/2025_14:15:56.129	1	3	2.430528366e-05	3.733902304e-06	0.0120000001	2.728907866e-13	5.31452432e-13	4.999999912e-15	1.349837939e-13	1.479509196e-13	4.999999912e-15	1.494802004e-13	2.500469992e-13	2.896890965e-14	4.999999912e-15	1.511687775e-13	2.753599486e-13	7.131114818e-14	2.722085057e-10	1.689316764e-12	9.45050288e-11	5.823451096e-12	2.274570809e-11	3.361739489e-12	1.837801179e-12	2.127466565e-14	2.891235699e-13	7.746017369e-14	4.999999912e-15	4.999999912e-15	2.582350837e-13	7.739644293e-14	1.550018891e-09	1.082553838e-11	6.149898841e-13	4.999999912e-15	3.458478781e-10	4.263136881e-13	1.460480716e-12	4.999999912e-15	2.024796753e-13	1.428373614e-13	4.999999912e-15	4.999999912e-15	1.037266106e-11	1.880549854e-14	4.999999912e-15	1.431718784e-13	7.693845561e-13	4.999999912e-15	4.999999912e-15	1.982581986e-13	6.857916707e-15	4.999999912e-15	6.084506678e-14	1	1	1	1	1	1	1	0	0	0	0	0	0	0	0	0	0
43.737	1748434565.148	05/28/2025_14:16:05.148	1	3	3.446358096e-05	5.193779089e-06	0.0120000001	4.999999912e-15	5.203132846e-13	3.024053176e-13	8.319503398e-15	4.999999912e-15	1.365409657e-13	2.536910027e-13	4.999999912e-15	4.999999912e-15	2.30687946e-13	8.20759205e-14	1.104355289e-14	2.558734203e-13	2.698599399e-10	1.307786453e-12	9.378401528e-11	6.090690452e-12	2.256408428e-11	2.971797938e-12	1.920872749e-12	1.986843307e-13	4.999999912e-15	4.999999912e-15	1.773061407e-13	1.251031478e-13	4.999999912e-15	1.388986311e-13	1.520626847e-09	1.052592215e-11	4.614993283e-13	4.595080826e-13	3.43742923e-10	1.912131071e-13	1.288192426e-12	2.366936128e-13	9.940788156e-14	4.999999912e-15	9.195258216e-14	2.28393991e-13	1.145674874e-11	4.999999912e-15	1.642593667e-13	8.72054165e-14	8.529499264e-13	2.849299572e-13	1.965815613e-13	4.999999912e-15	4.999999912e-15	1.883456769e-13	1.051586525e-13	1	1	1	1	1	1	1	0	0	0	0	0	0	0	0	0	0
52.756	1748434574.167	05/28/2025_14:16:14.167	1	3	3.698925502e-05	5.629106909e-06	0.0120000001	4.999999912e-15	8.377924548e-13	4.999999912e-15	4.999999912e-15	2.020854052e-13	5.608594101e-14	1.201887033e-13	1.725350548e-13	2.171553004e-13	4.999999912e-15	4.999999912e-15	4.408937137e-13	4.081573675e-13	4.283564614e-10	3.67018178e-12	1.518496856e-10	7.441492735e-12	2.758647304e-11	3.457116971e-12	1.907419752e-12	4.999999912e-15	7.042303752e-14	1.871429715e-13	4.45366129e-14	4.999999912e-15	1.466486166e-13	3.937405957e-13	2.527458909e-09	1.750161301e-11	9.680052983e-13	3.940711689e-14	5.720255936e-10	5.632369571e-13	2.443483783e-12	4.999999912e-15	4.999999912e-15	1.187231465e-13	6.36686816e-14	4.999999912e-15	8.079636786e-12	1.837817143e-13	4.999999912e-15	4.999999912e-15	9.638315536e-13	1.499939496e-13	4.999999912e-15	8.008865923e-15	1.491655784e-13	4.999999912e-15	4.999999912e-15	1	1	1	1	1	1	1	0	0	0	0	0	0	0	0	0	0
61.775	1748434583.186	05/28/2025_14:16:23.186	1	3	3.836452379e-05	5.766695267e-06	0.01000000071	8.579560809e-14	5.28270407e-13	1.737457563e-13	1.948372155e-13	4.999999912e-15	4.999999912e-15	1.776486131e-13	1.26481101e-13	4.999999912e-15	6.570773385e-14	1.399261159e-13	1.933079212e-13	2.700432651e-13	4.346361882e-10	4.188293375e-12	1.5151147e-10	6.973800443e-12	2.537229975e-11	3.224027599e-12	9.607091598e-13	3.980536468e-14	1.250155307e-13	4.999999912e-15	4.999999912e-15	2.292303446e-13	4.999999912e-15	1.020761912e-13	2.529564114e-09	1.764706957e-11	6.466470154e-13	1.911215496e-14	5.71440284e-10	4.269708231e-13	1.982243579e-12	3.01676544e-14	2.301542745e-13	4.999999912e-15	4.999999912e-15	1.525268356e-13	1.954477379e-12	4.999999912e-15	2.63125652e-14	2.040289053e-13	3.839276445e-13	4.999999912e-15	6.720516613e-14	7.880228723e-14	4.999999912e-15	1.129046977e-14	1.635345505e-13	1	1	1	1	1	1	1	0	0	0	0	0	0	0	0	0	0
70.794	1748434592.205	05/28/2025_14:16:32.205	1	3	5.335838796e-05	7.18026422e-06	0.0120000001	4.999999912e-15	8.526453198e-13	9.488173729e-14	4.999999912e-15	5.854516226e-14	1.5087607e-13	8.138894289e-14	4.999999912e-15	2.203632242e-13	9.120189413e-14	4.999999912e-15	1.492512169e-13	4.692553312e-13	4.350783622e-10	3.941031963e-12	1.481159362e-10	4.219538347e-12	1.48995781e-11	3.525909382e-12	1.009329911e-10	4.575327747e-14	4.999999912e-15	1.147465911e-13	1.571684541e-13	4.999999912e-15	4.999999912e-15	2.713236536e-13	1.9235602e-09	1.261969262e-11	4.879809664e-12	2.915708311e-13	3.903195822e-10	2.189135917e-13	1.575904338e-12	9.093107398e-14	6.495091357e-12	2.155543505e-14	1.488193032e-12	2.443380513e-13	1.820636752e-09	1.058894522e-13	4.745779914e-14	4.999999912e-15	1.5307677e-11	3.38421294e-13	3.12090848e-14	4.999999912e-15	1.16578554e-13	1.94508648e-13	4.999999912e-15	1	1	1	1	1	1	1	0	0	0	0	0	0	0	0	0	0
79.813	1748434601.224	05/28/2025_14:16:41.224	1	3	5.730644261e-05	7.613936305e-06	0.01400000043	3.372165557e-13	4.769714896e-13	4.999999912e-15	1.878558344e-13	9.740466219e-14	4.999999912e-15	5.241803763e-14	1.758126793e-13	3.669501904e-14	4.999999912e-15	1.445259385e-13	2.220896535e-13	4.999999912e-15	8.013344155e-11	8.061990745e-13	2.848263292e-11	3.418546479e-12	1.432450773e-11	4.348641672e-12	5.404511283e-10	4.999999912e-15	2.029097918e-13	1.204077528e-13	4.999999912e-15	4.999999912e-15	8.945554936e-14	4.999999912e-15	2.782057085e-10	1.930084564e-12	1.252762304e-11	4.999999912e-15	5.531605729e-11	2.480238779e-13	1.877761726e-13	4.999999912e-15	1.212350879e-11	2.726358906e-13	2.038472906e-12	5.549015566e-13	2.971825008e-09	1.193963073e-14	4.999999912e-15	9.511073434e-14	2.61240387e-11	1.377078518e-13	6.587897681e-14	1.396035251e-13	1.085716871e-13	4.999999912e-15	5.947506891e-14	1	1	1	1	1	1	1	0	0	0	0	0	0	0	0	0	0
88.832	1748434610.243	05/28/2025_14:16:50.243	1	3	5.744002556e-05	7.570290109e-06	0.0120000001	4.999999912e-15	5.861146529e-13	2.430914899e-13	4.579708262e-14	4.999999912e-15	1.23440456e-13	2.311439614e-13	4.999999912e-15	6.886388703e-14	1.450576177e-13	1.076536999e-13	4.999999912e-15	3.730632949e-14	2.009841599e-11	8.579759353e-14	8.746488776e-12	2.975264783e-12	1.185459717e-11	4.138227087e-12	5.985653639e-10	1.891680985e-13	4.999999912e-15	4.999999912e-15	4.999999912e-15	2.102914468e-13	4.999999912e-15	1.017735158e-14	6.758640175e-11	4.788571883e-13	1.321606539e-11	2.089373596e-13	1.457170148e-11	4.999999912e-15	1.284584282e-13	2.26587927e-13	1.281693501e-11	4.999999912e-15	2.374412949e-12	9.277038773e-13	3.057294862e-09	4.999999912e-15	1.550457896e-13	1.187092146e-13	2.716021678e-11	2.957723855e-13	2.257117561e-13	4.999999912e-15	4.999999912e-15	1.622143311e-13	1.480843307e-13	1	1	1	1	1	1	1	0	0	0	0	0	0	0	0	0	0
97.851	1748434619.262	05/28/2025_14:16:59.262	1	3	5.734556544e-05	7.657834431e-06	0.01600000076	1.462145428e-13	6.581605378e-13	4.999999912e-15	3.825616514e-14	1.763702438e-13	5.627312513e-14	4.999999912e-15	7.636099598e-14	2.040249209e-13	4.999999912e-15	4.999999912e-15	1.315906883e-13	1.604401291e-13	1.185522947e-11	8.059841043e-14	6.028041781e-12	2.326409681e-12	1.020420033e-11	4.361369772e-12	6.036478539e-10	4.999999912e-15	4.999999912e-15	1.016739454e-13	4.999999912e-15	4.999999912e-15	9.955523819e-14	1.866770085e-13	2.906142167e-11	1.505793781e-13	1.347434924e-11	8.626953318e-14	6.172750679e-12	8.583941663e-14	2.273306868e-13	4.999999912e-15	1.268580813e-11	2.108270427e-13	2.391069981e-12	5.759292782e-13	3.086008338e-09	1.045891482e-13	9.183710785e-15	4.999999912e-15	2.792415604e-11	3.091795754e-13	4.999999912e-15	8.578366831e-15	1.592453654e-13	4.999999912e-15	4.999999912e-15	1	1	1	1	1	1	1	0	0	0	0	0	0	0	0	0	0
106.87	1748434628.281	05/28/2025_14:17:08.281	1	3	5.732231875e-05	7.637313502e-06	0.01400000043	1.190098909e-13	2.818156407e-13	9.417483069e-14	1.739528389e-13	4.999999912e-15	4.999999912e-15	1.205073096e-13	6.03074177e-14	4.999999912e-15	7.311523349e-14	1.536737995e-13	4.999999912e-15	4.999999912e-15	1.030811634e-11	1.589785297e-13	5.04883765e-12	2.093356087e-12	9.492685284e-12	4.122135359e-12	6.000197561e-10	5.837988242e-14	1.815355592e-13	4.999999912e-15	4.999999912e-15	1.876527091e-13	4.03469982e-14	4.999999912e-15	2.01944711e-11	2.640375982e-13	1.328206208e-11	4.999999912e-15	4.544298965e-12	5.88099922e-14	4.999999912e-15	5.998881811e-14	1.283936325e-11	4.999999912e-15	2.207240467e-12	9.287375556e-13	3.069036802e-09	3.489888906e-14	5.073342462e-14	1.442431786e-13	2.800170512e-11	6.674317403e-14	1.203639375e-13	1.709102017e-13	4.999999912e-15	4.999999912e-15	1.663382566e-13	1	1	1	1	1	1	1	0	0	0	0	0	0	0	0	0	0
115.889	1748434637.300	05/28/2025_14:17:17.300	1	3	5.348295599e-05	7.095468391e-06	0.0120000001	4.999999912e-15	5.925464112e-13	1.799087138e-13	4.999999912e-15	1.942876741e-14	3.086558786e-13	4.999999912e-15	4.999999912e-15	1.768342146e-13	1.513938172e-13	4.999999912e-15	4.999999912e-15	1.53815193e-13	9.511815814e-12	4.999999912e-15	4.798478021e-12	2.119081386e-12	8.69476019e-12	4.056979579e-12	5.984911455e-10	2.205464273e-13	4.999999912e-15	4.31009056e-14	1.649025426e-13	4.999999912e-15	4.999999912e-15	1.318953356e-13	1.741863077e-11	1.578077268e-14	1.341604605e-11	2.694200115e-13	3.822791042e-12	4.999999912e-15	7.962865258e-14	2.360305148e-13	1.260630402e-11	9.886629547e-15	2.347757839e-12	5.913994338e-13	2.97225311e-09	1.09640995e-13	1.950104574e-13	4.999999912e-15	2.556760012e-11	3.282339949e-13	1.154554696e-13	4.999999912e-15	4.999999912e-15	1.000351264e-13	4.999999912e-15	1	1	1	1	1	1	1	0	0	0	0	0	0	0	0	0	0
124.908	1748434646.319	05/28/2025_14:17:26.319	1	3	5.225336281e-05	7.030498637e-06	0.0120000001	2.397800654e-13	3.845688145e-13	4.999999912e-15	8.64208607e-14	1.614676139e-13	1.508581942e-14	4.999999912e-15	1.654660567e-13	3.710123571e-14	4.999999912e-15	1.085955869e-13	2.024717199e-13	4.999999912e-15	8.25917286e-12	2.29664432e-13	4.379888379e-12	1.549569826e-12	7.709775526e-12	4.024392364e-12	5.353583687e-10	4.999999912e-15	7.898149908e-14	1.075919817e-13	4.999999912e-15	4.999999912e-15	1.610852971e-13	4.999999912e-15	1.430892124e-11	1.882301823e-13	1.174009327e-11	4.999999912e-15	3.106515479e-12	1.333350341e-13	4.999999912e-15	4.999999912e-15	1.124404563e-11	9.889414591e-14	1.801918532e-12	5.259167667e-13	2.706949109e-09	4.066958223e-14	4.999999912e-15	4.999999912e-15	2.438457249e-11	4.729651051e-14	4.999999912e-15	1.31821664e-13	2.59660796e-14	4.999999912e-15	4.999999912e-15	1	1	1	1	1	1	1	0	0	0	0	0	0	0	0	0	0
133.927	1748434655.338	05/28/2025_14:17:35.338	1	3	5.161724039e-05	6.984834272e-06	0.01400000043	4.999999912e-15	4.049872959e-13	2.309667214e-13	6.628120904e-14	4.999999912e-15	1.040037197e-13	1.865535721e-13	4.999999912e-15	4.999999912e-15	1.486876892e-13	4.999999912e-15	4.999999912e-15	4.83757694e-14	8.342723214e-12	4.999999912e-15	4.188659402e-12	1.680097251e-12	7.450063136e-12	3.516122506e-12	5.309654383e-10	1.243942693e-13	4.999999912e-15	4.999999912e-15	1.788593145e-13	8.033157473e-14	4.999999912e-15	4.999999912e-15	1.366932262e-11	1.048321044e-13	1.141287065e-11	1.175920933e-13	2.998361759e-12	4.999999912e-15	4.999999912e-15	1.685206879e-13	1.095120002e-11	4.999999912e-15	2.04237972e-12	7.75234911e-13	2.705571545e-09	4.999999912e-15	1.970196467e-13	1.087629945e-14	2.322326359e-11	2.34885516e-13	1.980550869e-13	4.999999912e-15	4.999999912e-15	2.25247826e-13	6.781050331e-14	1	1	1	1	1	1	1	0	0	0	0	0	0	0	0	0	0
142.946	1748434664.357	05/28/2025_14:17:44.357	1	3	5.087264435e-05	6.904983366e-06	0.01400000043	9.659819873e-14	5.768910198e-13	4.999999912e-15	4.999999912e-15	1.153320197e-13	2.736594046e-14	4.999999912e-15	4.783615181e-14	1.312143346e-13	4.999999912e-15	4.999999912e-15	1.305771219e-13	4.560592084e-14	7.612392487e-12	7.03931813e-14	4.19149741e-12	1.528253327e-12	6.878859028e-12	3.923090585e-12	5.101424283e-10	4.999999912e-15	4.999999912e-15	1.214969829e-13	4.999999912e-15	4.999999912e-15	4.999999912e-15	1.124964651e-13	1.204475495e-11	4.999999912e-15	1.142556882e-11	3.321229061e-14	2.403819982e-12	6.332021225e-14	1.658941945e-13	4.999999912e-15	1.067374574e-11	1.038304777e-13	2.03897294e-12	3.625992193e-13	2.638470109e-09	1.352924391e-13	4.999999912e-15	4.999999912e-15	2.314718556e-11	2.339476269e-13	4.999999912e-15	4.999999912e-15	1.964322124e-13	4.999999912e-15	4.999999912e-15	1	1	1	1	1	1	1	0	0	0	0	0	0	0	0	0	0
151.965	1748434673.376	05/28/2025_14:17:53.376	1	3	5.073452485e-05	6.841757568e-06	0.0120000001	6.111388793e-14	2.344494499e-13	5.693023635e-15	1.969340354e-13	4.999999912e-15	4.999999912e-15	1.257105043e-13	5.991912424e-14	4.999999912e-15	3.643813766e-14	1.423415286e-13	4.999999912e-15	4.999999912e-15	7.636454837e-12	1.511667988e-13	3.843368766e-12	1.406985314e-12	6.865725002e-12	3.64975411e-12	5.083467536e-10	2.450649276e-14	1.184622875e-13	4.999999912e-15	4.999999912e-15	9.27032973e-14	3.427165778e-14	4.999999912e-15	1.179321051e-11	1.63767532e-13	1.105827582e-11	4.999999912e-15	2.623520108e-12	4.999999912e-15	4.999999912e-15	1.12376986e-13	1.114676667e-11	4.999999912e-15	1.909739944e-12	6.519935958e-13	2.672297272e-09	4.999999912e-15	4.999999912e-15	1.797613572e-13	2.303236421e-11	5.701984566e-14	1.361925167e-13	7.855734563e-14	4.999999912e-15	4.999999912e-15	1.524411971e-13	1	1	1	1	1	1	1	0	0	0	0	0	0	0	0	0	0
160.984	1748434682.395	05/28/2025_14:18:02.395	1	3	5.081213749e-05	6.823423064e-06	0.0120000001	5.059808909e-15	4.891121687e-13	1.497370614e-13	4.999999912e-15	1.619495147e-14	1.647751217e-13	4.999999912e-15	4.999999912e-15	6.705980172e-14	9.262763354e-14	4.999999912e-15	2.537069675e-14	1.535602971e-13	7.602592167e-12	4.999999912e-15	4.096263259e-12	1.518994023e-12	6.553228012e-12	3.548330683e-12	5.05170461e-10	1.68640194e-14	4.999999912e-15	4.999999912e-15	1.767386286e-13	4.999999912e-15	4.999999912e-15	1.30270496e-13	1.167361346e-11	4.999999912e-15	1.106200635e-11	2.109246615e-13	2.43239478e-12	4.999999912e-15	8.437582501e-14	7.606030606e-14	1.063915796e-11	4.999999912e-15	2.019820509e-12	5.325695397e-13	2.628296913e-09	6.655005052e-14	1.305572268e-13	4.999999912e-15	2.322166938e-11	2.804436371e-13	4.650996249e-14	1.359834825e-14	1.058814765e-13	1.11170269e-13	4.999999912e-15	1	1	1	1	1	1	1	0	0	0	0	0	0	0	0	0	0
170.003	1748434691.414	05/28/2025_14:18:11.414	1	3	5.089287879e-05	6.836508874e-06	0.0120000001	2.438740941e-13	2.69521547e-13	4.999999912e-15	7.974614621e-14	1.258797347e-13	4.999999912e-15	4.999999912e-15	1.352785071e-13	4.999999912e-15	4.999999912e-15	6.419834824e-14	1.517980484e-13	4.999999912e-15	7.238642411e-12	1.709938208e-13	4.177895443e-12	1.201082636e-12	6.511577302e-12	3.735468098e-12	5.007430581e-10	4.999999912e-15	7.39157135e-14	1.556372896e-14	4.999999912e-15	4.999999912e-15	1.651156019e-13	4.999999912e-15	1.103035979e-11	2.064064658e-13	1.131584323e-11	4.999999912e-15	2.262617611e-12	1.349121281e-13	5.989729112e-15	4.999999912e-15	1.077307254e-11	1.249876667e-13	1.776080151e-12	4.469193028e-13	2.628757434e-09	2.830621479e-13	4.999999912e-15	4.999999912e-15	2.32727327e-11	7.742035637e-14	4.999999912e-15	4.082888541e-14	4.753546189e-14	4.999999912e-15	4.999999912e-15	1	1	1	1	1	1	1	0	0	0	0	0	0	0	0	0	0
179.022	1748434700.433	05/28/2025_14:18:20.433	1	3	5.074510409e-05	6.902330369e-06	0.0120000001	4.999999912e-15	3.894533892e-13	1.914102557e-13	1.224965767e-13	4.999999912e-15	5.992310191e-14	2.930762187e-13	4.999999912e-15	4.999999912e-15	7.398939182e-14	1.195176499e-13	4.999999912e-15	4.999999912e-15	7.534044569e-12	3.62828257e-14	3.760201352e-12	1.440044264e-12	6.682548612e-12	3.47984727e-12	5.02537123e-10	2.019241436e-13	6.413862226e-15	4.999999912e-15	1.000032644e-13	5.535115687e-14	4.999999912e-15	4.999999912e-15	1.099401646e-11	4.124086868e-13	1.055058731e-11	2.071910352e-14	2.343536606e-12	4.999999912e-15	4.999999912e-15	1.355751991e-13	1.062214466e-11	4.999999912e-15	1.793150914e-12	6.314318643e-13	2.601667326e-09	4.999999912e-15	5.492105387e-14	7.547089987e-14	2.295002903e-11	1.40959591e-13	1.635484825e-13	4.999999912e-15	4.999999912e-15	3.386144311e-14	1.885746875e-13	1	1	1	1	1	1	1	0	0	0	0	0	0	0	0	0	0
188.041	1748434709.452	05/28/2025_14:18:29.452	1	3	5.06436736e-05	6.870664947e-06	0.0120000001	5.21890338e-14	7.569212184e-13	2.211298093e-14	4.999999912e-15	5.266694334e-14	1.343724936e-13	4.999999912e-15	4.999999912e-15	2.239634259e-13	4.259910973e-14	4.999999912e-15	6.791205239e-14	1.546674301e-13	7.305423627e-12	1.245754666e-13	3.866495232e-12	1.465827243e-12	6.358028687e-12	3.615054003e-12	4.968090384e-10	4.999999912e-15	4.999999912e-15	9.142491451e-14	1.169608708e-13	4.999999912e-15	3.871217041e-14	1.888853386e-13	1.053190868e-11	4.999999912e-15	1.102391095e-11	1.644644707e-13	1.975447366e-12	4.999999912e-15	1.470528614e-13	5.676097884e-14	1.061233913e-11	1.911812993e-14	2.087945702e-12	4.66356012e-13	2.620432982e-09	1.376381512e-13	1.103180047e-13	4.999999912e-15	2.28435118e-11	2.902486194e-13	4.999999912e-15	4.999999912e-15	1.172316909e-13	1.431181291e-13	4.999999912e-15	1	1	1	1	1	1	1	0	0	0	0	0	0	0	0	0	0
197.06	1748434718.471	05/28/2025_14:18:38.471	1	3	5.041584882e-05	6.852252227e-06	0.0120000001	1.991383675e-13	2.904815874e-13	4.999999912e-15	6.193229116e-14	1.386676418e-13	4.999999912e-15	4.999999912e-15	1.85868546e-13	4.999999912e-15	4.999999912e-15	7.215943473e-14	1.843552166e-13	4.999999912e-15	7.287751132e-12	2.690396734e-13	3.815193821e-12	1.168979518e-12	6.465709478e-12	3.621786681e-12	4.937943943e-10	4.999999912e-15	1.522241805e-13	5.995695612e-14	4.999999912e-15	5.755150452e-14	1.70113679e-13	4.999999912e-15	1.009379212e-11	1.678516267e-13	1.082054151e-11	4.999999912e-15	2.044323044e-12	1.818063929e-13	4.999999912e-15	4.999999912e-15	1.045143919e-11	5.475973136e-15	1.716401869e-12	3.99650663e-13	2.546377331e-09	4.350116594e-14	4.999999912e-15	4.999999912e-15	2.230650213e-11	3.728840289e-14	4.999999912e-15	1.058356893e-13	4.999999912e-15	4.999999912e-15	4.999999912e-15	1	1	1	1	1	1	1	0	0	0	0	0	0	0	0	0	0
206.079	1748434727.490	05/28/2025_14:18:47.490	1	3	5.044012505e-05	6.95278186e-06	0.01000000071	4.999999912e-15	3.198089309e-13	1.66035561e-13	2.136666224e-13	4.999999912e-15	4.999999912e-15	9.517842244e-14	4.999999912e-15	4.999999912e-15	8.549291917e-14	1.129405136e-13	4.999999912e-15	4.999999912e-15	7.35741329e-12	4.999999912e-15	3.714228577e-12	1.419209693e-12	6.437401827e-12	3.406841649e-12	4.93477148e-10	1.136892094e-13	4.999999912e-15	4.999999912e-15	3.330588436e-14	9.014451241e-14	4.999999912e-15	4.999999912e-15	1.01731722e-11	5.98454527e-14	1.088022901e-11	5.079713505e-14	2.126506653e-12	4.999999912e-15	4.999999912e-15	1.27468755e-13	1.056694836e-11	4.999999912e-15	1.844464251e-12	6.55520126e-13	2.557533074e-09	4.999999912e-15	6.747597273e-14	8.122365627e-14	2.202129104e-11	1.229286855e-13	1.576085725e-13	4.999999912e-15	4.999999912e-15	2.25371276e-14	8.159003529e-14	1	1	1	1	1	1	1	0	0	0	0	0	0	0	0	0	0
215.098	1748434736.509	05/28/2025_14:18:56.509	1	3	5.040189353e-05	6.936815225e-06	0.0120000001	4.999999912e-15	6.020766025e-13	4.999999912e-15	4.999999912e-15	1.030339686e-13	1.099794897e-13	4.999999912e-15	4.609974783e-14	1.508402371e-13	4.999999912e-15	4.999999912e-15	5.253551771e-14	1.694147481e-13	6.89772111e-12	4.999999912e-15	3.757337757e-12	1.402070951e-12	6.141661398e-12	3.513750705e-12	4.893498384e-10	4.999999912e-15	4.999999912e-15	8.742246022e-14	9.605658554e-14	4.999999912e-15	4.999999912e-15	1.809322278e-13	9.842082878e-12	4.999999912e-15	1.092979093e-11	1.527996479e-13	1.817114167e-12	4.999999912e-15	1.477816621e-13	2.993068169e-14	1.044999243e-11	7.703602025e-14	1.971237843e-12	3.461752369e-13	2.570668567e-09	5.336387528e-14	4.999999912e-15	4.999999912e-15	2.223339915e-11	6.271346289e-13	4.999999912e-15	4.999999912e-15	1.149656271e-13	1.17657823e-13	4.999999912e-15	1	1	1	1	1	1	1	0	0	0	0	0	0	0	0	0	0
224.117	1748434745.528	05/28/2025_14:19:05.528	1	3	5.038461313e-05	6.966115961e-06	0.01400000043	1.900322754e-13	2.419803724e-13	4.999999912e-15	1.845204626e-13	3.13683812e-14	4.999999912e-15	4.881186601e-14	1.607527723e-13	4.999999912e-15	4.999999912e-15	1.076258359e-13	5.166334483e-14	4.999999912e-15	7.165063681e-12	1.762368327e-13	3.634918972e-12	1.234999841e-12	6.489929254e-12	3.655117875e-12	4.888777161e-10	2.063288098e-13	1.568817369e-13	4.999999912e-15	4.999999912e-15	4.218493095e-14	1.572481294e-13	4.999999912e-15	9.434085457e-12	1.763801914e-13	1.071287503e-11	4.999999912e-15	2.191634894e-12	1.417959175e-13	4.999999912e-15	4.999999912e-15	1.063120165e-11	8.384216715e-14	1.606697197e-12	5.041581844e-13	2.564178869e-09	4.999999912e-15	4.999999912e-15	7.772501718e-14	2.249348104e-11	4.999999912e-15	1.607547916e-14	1.278729997e-13	4.999999912e-15	4.999999912e-15	3.668905593e-14	1	1	1	1	1	1	1	0	0	0	0	0	0	0	0	0	0
233.136	1748434754.547	05/28/2025_14:19:14.547	1	3	5.003958722e-05	6.889119049e-06	0.01400000043	4.999999912e-15	4.262161099e-13	1.523137898e-13	4.999999912e-15	4.999999912e-15	8.991554246e-14	6.238829982e-14	4.999999912e-15	4.999999912e-15	1.512464741e-13	4.999999912e-15	4.999999912e-15	1.233847009e-13	7.372605998e-12	4.999999912e-15	3.633998918e-12	1.372432766e-12	6.319671782e-12	3.317388031e-12	4.854635027e-10	1.548785243e-13	4.999999912e-15	4.999999912e-15	1.346472982e-13	8.066620017e-15	4.999999912e-15	4.801934132e-14	9.266950922e-12	4.999999912e-15	1.023956354e-11	7.188264469e-14	1.742330238e-12	4.999999912e-15	4.999999912e-15	1.503065792e-13	9.978485052e-12	4.999999912e-15	2.213049188e-12	5.226410667e-13	2.520635256e-09	4.999999912e-15	1.279725701e-13	4.999999912e-15	2.151045141e-11	1.594823449e-13	1.440301193e-13	4.999999912e-15	1.767824439e-13	1.178728745e-13	1.429528696e-14	1	1	1	1	1	1	1	0	0	0	0	0	0	0	0	0	0
242.155	1748434763.566	05/28/2025_14:19:23.566	1	3	5.011074609e-05	7.022413229e-06	0.01400000043	1.134343541e-13	5.104604348e-13	4.999999912e-15	4.999999912e-15	2.255663782e-13	2.336550549e-14	4.999999912e-15	1.406111284e-13	1.715314495e-13	4.999999912e-15	4.999999912e-15	1.354816189e-13	9.855563089e-14	6.879621872e-12	2.311738041e-13	3.823525264e-12	1.249553954e-12	6.136306741e-12	3.843549177e-12	4.885646332e-10	4.999999912e-15	7.579150523e-14	1.674055859e-13	4.999999912e-15	4.999999912e-15	1.243623938e-13	1.723279587e-13	8.824242552e-12	3.145799729e-14	1.077824548e-11	2.083260593e-14	1.542174266e-12	5.607001679e-14	1.7645389e-13	4.999999912e-15	1.029111865e-11	1.104394896e-13	1.934819709e-12	3.278058706e-13	2.535002652e-09	2.160401984e-13	4.999999912e-15	4.999999912e-15	2.252329573e-11	3.326008089e-13	4.999999912e-15	1.240557678e-14	1.500576735e-13	4.999999912e-15	4.999999912e-15	1	1	1	1	1	1	1	0	0	0	0	0	0	0	0	0	0
251.174	1748434772.585	05/28/2025_14:19:32.585	1	3	4.998162331e-05	6.902330369e-06	0.01400000043	1.538032397e-13	2.155483637e-13	2.100983233e-14	1.239024345e-13	4.999999912e-15	4.999999912e-15	7.765730875e-14	1.252246191e-13	4.999999912e-15	4.999999912e-15	1.992199808e-13	2.655351389e-14	4.999999912e-15	6.900970247e-12	1.66945586e-13	3.592031186e-12	1.24017322e-12	6.461203534e-12	3.453009146e-12	4.844430412e-10	4.999999912e-15	1.287133106e-13	4.999999912e-15	4.999999912e-15	4.178269872e-14	1.168613275e-13	4.999999912e-15	8.694111403e-12	2.059902813e-13	1.051786956e-11	4.999999912e-15	1.654961324e-12	1.06443012e-13	4.999999912e-15	4.999999912e-15	1.049954915e-11	4.999999912e-15	1.626048363e-12	5.919928176e-13	2.510828434e-09	4.999999912e-15	4.999999912e-15	1.550458167e-13	2.261331573e-11	6.194833058e-15	2.699955466e-14	1.154435434e-13	4.999999912e-15	4.999999912e-15	1.46586912e-13	1	1	1	1	1	1	1	0	0	0	0	0	0	0	0	0	0
260.193	1748434781.604	05/28/2025_14:19:41.604	1	3	4.996653297e-05	6.873290204e-06	0.0120000001	4.999999912e-15	3.823446009e-13	1.701555021e-13	4.999999912e-15	4.999999912e-15	1.202305399e-13	3.548233891e-14	4.999999912e-15	4.999999912e-15	1.878857042e-13	4.999999912e-15	4.999999912e-15	1.119468626e-13	6.877305583e-12	4.999999912e-15	3.52819076e-12	1.490634439e-12	6.316263051e-12	3.241815236e-12	4.86565066e-10	3.991091176e-14	4.999999912e-15	4.999999912e-15	1.373076186e-13	4.999999912e-15	4.999999912e-15	7.600855573e-14	8.367646853e-12	4.999999912e-15	1.046068961e-11	1.77515202e-13	1.492036095e-12	4.999999912e-15	4.999999912e-15	1.642613454e-13	1.016539283e-11	4.999999912e-15	1.924013032e-12	5.548199703e-13	2.513777853e-09	4.999999912e-15	1.103538715e-13	4.999999912e-15	2.217707788e-11	2.145049546e-13	1.621267411e-13	4.999999912e-15	4.999999912e-15	1.606133575e-13	4.999999912e-15	1	1	1	1	1	1	1	0	0	0	0	0	0	0	0	0	0
269.212	1748434790.623	05/28/2025_14:19:50.623	1	3	4.992072718e-05	6.936815225e-06	0.01400000043	2.421257639e-13	4.777002361e-13	4.999999912e-15	4.999999912e-15	1.937937929e-13	4.999999912e-15	4.999999912e-15	1.197665692e-13	1.647691451e-13	4.999999912e-15	7.315904881e-15	2.580877406e-13	5.013604617e-14	6.725489957e-12	8.42902137e-14	3.793568758e-12	1.31170541e-12	6.298132588e-12	3.601165373e-12	4.781262053e-10	4.999999912e-15	5.587089968e-14	1.909901003e-13	4.999999912e-15	4.999999912e-15	1.562305922e-13	9.607848642e-14	8.126319929e-12	5.590274812e-14	1.083373842e-11	1.309176563e-13	1.382036846e-12	8.865506257e-14	1.450635808e-13	4.999999912e-15	1.013748113e-11	1.902413502e-13	1.895528222e-12	3.414181373e-13	2.516610031e-09	2.181350261e-13	4.999999912e-15	4.999999912e-15	2.228414675e-11	2.084017095e-13	4.999999912e-15	6.041506542e-15	1.610733438e-13	4.999999912e-15	4.999999912e-15	1	1	1	1	1	1	1	0	0	0	0	0	0	0	0	0	0
278.231	1748434799.642	05/28/2025_14:19:59.642	1	3	4.810028622e-05	6.722180842e-06	0.0120000001	5.294971005e-14	3.226783532e-13	4.417221932e-14	2.23226697e-13	4.999999912e-15	4.999999912e-15	1.606213264e-13	5.285413762e-14	4.999999912e-15	2.057972255e-14	1.902513656e-13	4.999999912e-15	4.999999912e-15	6.759414643e-12	1.983279128e-13	3.557494577e-12	1.276111595e-12	6.404396111e-12	3.494905537e-12	4.774955431e-10	7.627138667e-14	1.450257557e-13	4.999999912e-15	4.999999912e-15	1.548068314e-13	1.027294433e-14	4.999999912e-15	8.040627192e-12	2.03505195e-13	1.007807292e-11	4.999999912e-15	1.620424931e-12	7.885207244e-14	4.999999912e-15	3.516233528e-13	1.007185915e-11	4.999999912e-15	1.741573248e-12	4.744127183e-13	2.403244936e-09	4.999999912e-15	4.999999912e-15	1.144877243e-13	2.070480939e-11	2.968238177e-13	4.855300596e-14	1.417919466e-13	4.999999912e-15	4.999999912e-15	1.43432751e-13	1	1	1	1	1	1	1	0	0	0	0	0	0	0	0	0	0
287.25	1748434808.661	05/28/2025_14:20:08.661	1	3	4.784069824e-05	6.78430888e-06	0.0120000001	4.999999912e-15	5.817816389e-13	1.330941108e-13	4.999999912e-15	4.999999912e-15	1.664358213e-13	4.789986902e-14	4.999999912e-15	3.850109657e-14	2.571578204e-13	4.999999912e-15	4.999999912e-15	1.532297509e-13	6.497269302e-12	4.999999912e-15	3.342469964e-12	1.412712178e-12	6.093759178e-12	3.162507799e-12	4.559307376e-10	1.563998497e-13	4.999999912e-15	4.999999912e-15	1.582955501e-13	3.107766594e-14	4.999999912e-15	9.79522656e-14	7.843443776e-12	4.999999912e-15	9.8573762e-12	1.732061218e-13	1.394774921e-12	4.999999912e-15	1.710696201e-14	2.067708797e-13	9.6004385e-12	4.999999912e-15	1.933005839e-12	5.67492288e-13	2.373028218e-09	4.999999912e-15	2.635298392e-13	3.319637317e-14	2.049775107e-11	2.35365411e-13	1.957631648e-13	4.999999912e-15	4.999999912e-15	1.324887465e-13	4.999999912e-15	1	1	1	1	1	1	1	0	0	0	0	0	0	0	0	0	0
296.269	1748434817.680	05/28/2025_14:20:17.680	1	3	4.859179899e-05	6.823423064e-06	0.0120000001	2.162134404e-13	5.334934968e-13	4.999999912e-15	3.395703586e-14	1.731384133e-13	2.978334877e-14	4.999999912e-15	1.641856952e-13	1.973362608e-13	4.999999912e-15	1.270627009e-14	2.267432661e-13	2.081846793e-13	6.247242307e-12	4.999999912e-15	3.637714479e-12	1.248627937e-12	5.824298075e-12	3.488401625e-12	4.585502811e-10	4.999999912e-15	4.999999912e-15	2.045526156e-13	3.419598724e-14	4.999999912e-15	9.705620639e-14	2.143177671e-13	7.772152713e-12	4.999999912e-15	1.049463988e-11	1.669256774e-13	1.28991891e-12	5.431572008e-14	2.046959743e-13	4.999999912e-15	9.879164327e-12	1.374230997e-13	1.935024623e-12	3.149004766e-13	2.422068768e-09	2.071492392e-13	4.999999912e-15	4.999999912e-15	2.139993217e-11	2.980305076e-13	4.999999912e-15	4.999999912e-15	1.802910577e-13	9.401355562e-14	4.999999912e-15	1	1	1	1	1	1	1	0	0	0	0	0	0	0	0	0	0
305.288	1748434826.699	05/28/2025_14:20:26.699	1	3	4.857111344e-05	6.732499514e-06	0.0120000001	1.399659604e-13	2.422531847e-13	4.999999912e-15	1.381180462e-13	1.763862087e-14	4.999999912e-15	5.05183799e-14	1.77099031e-13	4.999999912e-15	4.999999912e-15	1.459078762e-13	7.994128905e-14	4.999999912e-15	6.689153138e-12	1.940168132e-13	3.329970848e-12	1.203412478e-12	6.254197681e-12	3.375960752e-12	4.602242476e-10	1.814957418e-13	1.219171384e-13	4.999999912e-15	4.999999912e-15	1.376083085e-13	1.499063189e-13	4.999999912e-15	7.696494483e-12	2.420142266e-13	1.000857557e-11	4.999999912e-15	1.442268505e-12	2.058847613e-13	4.999999912e-15	4.999999912e-15	9.763616998e-12	4.745979136e-14	1.515228264e-12	5.901031074e-13	2.425171619e-09	4.999999912e-15	4.999999912e-15	8.530972966e-14	2.101698329e-11	4.999999912e-15	7.013236292e-15	1.593688289e-13	4.999999912e-15	4.999999912e-15	7.450912446e-14	1	1	1	1	1	1	1	0	0	0	0	0	0	0	0	0	0
314.307	1748434835.718	05/28/2025_14:20:35.718	1	3	4.851583435e-05	6.779103387e-06	0.01400000043	4.999999912e-15	3.589353207e-13	1.129584436e-13	3.542657704e-14	4.999999912e-15	8.633922028e-14	1.678058056e-13	4.999999912e-15	4.999999912e-15	1.031136304e-13	1.855659452e-14	4.999999912e-15	8.621177231e-14	6.54262278e-12	4.999999912e-15	3.321203338e-12	1.392353572e-12	6.005506856e-12	3.144490527e-12	4.60318561e-10	1.688094109e-13	4.999999912e-15	4.999999912e-15	1.462364436e-13	8.14645931e-14	4.999999912e-15	6.016605129e-14	7.864916184e-12	4.999999912e-15	9.969347396e-12	1.299080879e-13	1.520590945e-12	4.999999912e-15	4.999999912e-15	1.799764358e-13	9.845428292e-12	4.999999912e-15	1.780235681e-12	6.326624879e-13	2.423801382e-09	4.999999912e-15	1.318356231e-13	8.998720822e-14	2.08928326e-11	1.934214372e-13	1.782559696e-13	4.999999912e-15	4.999999912e-15	1.098042691e-13	1.163993489e-13	1	1	1	1	1	1	1	0	0	0	0	0	0	0	0	0	0
323.326	1748434844.737	05/28/2025_14:20:44.737	1	3	4.854434155e-05	6.735072475e-06	0.01400000043	1.308041674e-13	5.524741905e-13	4.999999912e-15	4.999999912e-15	1.286854466e-13	1.489804103e-13	4.999999912e-15	4.999999912e-15	1.706453717e-13	4.999999912e-15	4.999999912e-15	1.460333319e-13	3.810821016e-13	6.362473048e-12	4.999999912e-15	3.633118762e-12	1.294960775e-12	5.732054154e-12	3.386902954e-12	4.571065193e-10	4.999999912e-15	4.999999912e-15	1.506849387e-13	8.075173017e-14	4.999999912e-15	5.131288325e-14	1.750420555e-13	7.513215744e-12	4.999999912e-15	1.042707327e-11	2.721838868e-13	1.235573276e-12	4.999999912e-15	2.052774183e-13	4.999999912e-15	9.661710668e-12	1.255471963e-13	1.88523524e-12	3.392974378e-13	2.399094479e-09	1.654680624e-13	4.051227805e-14	4.999999912e-15	2.120948035e-11	3.331802878e-13	4.999999912e-15	4.999999912e-15	1.402029263e-13	1.035795866e-13	4.999999912e-15	1	1	1	1	1	1	1	0	0	0	0	0	0	0	0	0	0
332.345	1748434853.756	05/28/2025_14:20:53.756	1	3	4.851907579e-05	6.899686468e-06	0.01400000043	1.655994677e-13	2.760429418e-13	4.999999912e-15	1.618081212e-13	1.657329737e-14	4.999999912e-15	4.486517359e-14	1.438867471e-13	4.999999912e-15	4.999999912e-15	1.275106052e-13	8.723926394e-14	4.999999912e-15	6.348107803e-12	1.999288864e-13	3.372028134e-12	1.048016274e-12	5.883920521e-12	3.481786907e-12	4.57127558e-10	4.999999912e-15	1.239103763e-13	4.999999912e-15	4.999999912e-15	7.979990231e-14	1.203261124e-13	4.999999912e-15	7.424108203e-12	1.400316766e-13	1.004754266e-11	4.999999912e-15	1.44246171e-12	1.699643302e-13	4.999999912e-15	4.999999912e-15	9.851250891e-12	1.153559128e-13	1.622503672e-12	4.207839589e-13	2.413040212e-09	4.999999912e-15	4.999999912e-15	4.989908362e-14	2.122278742e-11	2.001419592e-14	4.999999912e-15	1.209633251e-13	1.431122473e-14	4.999999912e-15	4.999999912e-15	1	1	1	1	1	1	1	0	0	0	0	0	0	0	0	0	0
341.364	1748434862.775	05/28/2025_14:21:02.775	1	3	4.841831105e-05	6.818188467e-06	0.01000000071	4.999999912e-15	2.634462201e-13	1.838912594e-13	4.999999912e-15	4.999999912e-15	9.138507686e-14	1.423773751e-13	4.999999912e-15	4.999999912e-15	2.014302895e-13	4.999999912e-15	4.999999912e-15	4.999999912e-15	6.698207527e-12	4.999999912e-15	3.368177048e-12	1.332372689e-12	5.832661177e-12	3.243667487e-12	4.590622327e-10	1.768501253e-13	1.657728181e-14	4.999999912e-15	6.863688898e-14	4.332393277e-14	4.999999912e-15	4.999999912e-15	7.431422665e-12	4.999999912e-15	9.850760832e-12	7.574172002e-14	1.451195392e-12	4.999999912e-15	4.999999912e-15	4.999999912e-15	9.686123431e-12	4.999999912e-15	1.734544257e-12	6.377401862e-13	2.392396725e-09	4.999999912e-15	1.455474738e-13	4.236813401e-14	2.094031719e-11	1.242489184e-13	1.93369653e-13	4.999999912e-15	4.999999912e-15	3.306494754e-14	1.055788147e-13	1	1	1	1	1	1	1	0	0	0	0	0	0	0	0	0	0
350.383	1748434871.794	05/28/2025_14:21:11.794	1	3	4.819915557e-05	6.852252227e-06	0.0120000001	4.379387342e-14	5.702681708e-13	4.999999912e-15	4.999999912e-15	1.273951105e-13	1.467023931e-13	4.999999912e-15	4.999999912e-15	1.334485365e-13	1.374968593e-14	4.999999912e-15	9.585348059e-14	1.444084381e-13	6.337335171e-12	4.999999912e-15	3.565129312e-12	1.280607673e-12	5.526667231e-12	3.396413359e-12	4.566981238e-10	4.999999912e-15	4.999999912e-15	1.387532667e-13	3.917414217e-14	4.999999912e-15	4.959243736e-14	1.1927075e-13	7.431590066e-12	4.999999912e-15	1.013625295e-11	1.846957103e-13	1.129733676e-12	4.999999912e-15	1.337990049e-13	4.999999912e-15	9.59679558e-12	1.024007471e-13	1.866915476e-12	3.237815289e-13	2.386640441e-09	1.182352827e-13	3.683241456e-14	4.999999912e-15	2.089126268e-11	3.991309507e-13	4.999999912e-15	4.999999912e-15	2.036844272e-13	4.999999912e-15	4.999999912e-15	1	1	1	1	1	1	1	0	0	0	0	0	0	0	0	0	0
359.402	1748434880.813	05/28/2025_14:21:20.813	1	3	4.820472168e-05	6.873290204e-06	0.0120000001	1.17538344e-13	2.94028094e-13	4.999999912e-15	1.308559245e-13	1.179426294e-14	4.999999912e-15	2.571718066e-14	1.441734915e-13	4.999999912e-15	4.999999912e-15	1.052562172e-13	1.166621866e-13	4.999999912e-15	6.277680632e-12	1.443327879e-13	3.305233474e-12	1.045292108e-12	5.778430685e-12	3.424008039e-12	4.508781959e-10	4.999999912e-15	1.185260115e-13	4.999999912e-15	4.999999912e-15	1.87716528e-14	1.543528218e-13	4.999999912e-15	7.19914189e-12	1.920753324e-13	9.843779437e-12	4.999999912e-15	1.290138027e-12	9.902755699e-14	4.999999912e-15	4.999999912e-15	9.642597484e-12	6.336002957e-14	1.502088059e-12	3.857058173e-13	2.387626763e-09	4.999999912e-15	4.999999912e-15	5.614368833e-14	2.10109638e-11	4.999999912e-15	4.999999912e-15	1.124884962e-13	4.999999912e-15	4.999999912e-15	9.94636231e-15	1	1	1	1	1	1	1	0	0	0	0	0	0	0	0	0	0
368.421	1748434889.832	05/28/2025_14:21:29.832	1	3	4.81546158e-05	6.76352829e-06	0.01000000071	4.999999912e-15	3.715917006e-13	1.448744011e-13	4.999999912e-15	4.999999912e-15	4.999999912e-15	2.454093786e-13	4.999999912e-15	4.999999912e-15	6.280248538e-14	8.92684635e-15	4.999999912e-15	4.999999912e-15	6.509735025e-12	4.999999912e-15	3.348642761e-12	1.290950419e-12	5.668895475e-12	3.28683413e-12	4.542355658e-10	8.626753419e-14	4.999999912e-15	4.999999912e-15	9.536362449e-14	2.836157009e-14	4.999999912e-15	4.999999912e-15	7.30805607e-12	4.999999912e-15	9.818019661e-12	6.759743725e-14	1.351628228e-12	4.999999912e-15	4.999999912e-15	1.367500405e-13	9.507621253e-12	4.999999912e-15	1.778443929e-12	5.863615257e-13	2.374892949e-09	4.999999912e-15	1.138903425e-13	4.999999912e-15	2.051558402e-11	1.452885934e-13	1.960419132e-13	4.999999912e-15	4.999999912e-15	2.149571076e-14	5.861287069e-14	1	1	1	1	1	1	1	0	0	0	0	0	0	0	0	0	0
377.44	1748434898.851	05/28/2025_14:21:38.851	1	3	4.814567001e-05	6.836508874e-06	0.01400000043	1.74629896e-13	4.959083816e-13	4.999999912e-15	2.193975253e-14	1.366365517e-13	6.417047747e-14	4.999999912e-15	9.861139276e-14	8.465659949e-14	4.999999912e-15	4.999999912e-15	1.115784778e-13	5.239812897e-14	6.05099304e-12	1.362861104e-13	3.475954117e-12	1.141396548e-12	5.379331963e-12	3.408091951e-12	4.524545183e-10	4.999999912e-15	4.999999912e-15	1.618061425e-13	4.999999912e-15	4.999999912e-15	2.568333323e-14	1.525188938e-13	6.853361195e-12	4.999999912e-15	1.005294025e-11	4.999999912e-15	1.011135945e-12	6.082515812e-14	1.261545393e-13	4.999999912e-15	9.537298035e-12	1.354896013e-13	1.762065537e-12	2.988369643e-13	2.378080399e-09	1.666966803e-13	4.999999912e-15	4.999999912e-15	2.072645007e-11	2.489597883e-13	4.999999912e-15	4.999999912e-15	1.888714066e-13	4.999999912e-15	4.999999912e-15	1	1	1	1	1	1	1	0	0	0	0	0	0	0	0	0	0
386.459	1748434907.870	05/28/2025_14:21:47.870	1	3	4.804458513e-05	6.78950255e-06	0.01400000043	3.655960219e-14	2.010699007e-13	4.999999912e-15	1.771428869e-13	4.999999912e-15	9.790647161e-14	1.560832626e-13	4.707349013e-14	4.999999912e-15	4.999999912e-15	1.854106061e-13	4.999999912e-15	4.999999912e-15	6.387560619e-12	1.317897885e-13	3.090059675e-12	1.117927365e-12	5.601091639e-12	3.201028418e-12	4.484304039e-10	1.001048406e-13	1.13836566e-13	4.999999912e-15	4.999999912e-15	1.778278588e-13	4.999999912e-15	4.999999912e-15	7.035709255e-12	1.622004126e-13	9.743685025e-12	4.999999912e-15	1.362550155e-12	4.999999912e-15	4.999999912e-15	7.272097014e-14	9.734350478e-12	4.999999912e-15	1.545555242e-12	5.331489915e-13	2.364145546e-09	4.999999912e-15	4.999999912e-15	1.235061586e-13	2.032914809e-11	4.999999912e-15	1.754861176e-13	3.179651231e-14	4.999999912e-15	4.999999912e-15	9.030781358e-14	1	1	1	1	1	1	1	0	0	0	0	0	0	0	0	0	0
395.478	1748434916.889	05/28/2025_14:21:56.889	1	3	4.790168896e-05	6.815575944e-06	0.0120000001	4.999999912e-15	4.779272139e-13	5.12154067e-15	4.999999912e-15	3.395505041e-14	1.487315045e-13	4.999999912e-15	4.999999912e-15	9.656038041e-14	5.299151282e-14	4.999999912e-15	1.453623734e-14	4.999999912e-15	6.16411696e-12	4.999999912e-15	3.417829388e-12	1.122124962e-12	5.206797233e-12	3.236194082e-12	4.481598981e-10	4.999999912e-15	4.999999912e-15	6.892164113e-14	6.815698044e-14	4.999999912e-15	4.999999912e-15	1.732320071e-13	6.923855586e-12	4.999999912e-15	9.893309262e-12	1.752710932e-13	9.618364048e-13	4.999999912e-15	1.316225503e-13	6.121145935e-14	9.373508914e-12	4.999999912e-15	1.826634113e-12	3.361174457e-13	2.375099672e-09	3.252132857e-14	2.203932295e-14	4.999999912e-15	2.033219773e-11	2.672833743e-13	4.999999912e-15	4.999999912e-15	6.270890518e-14	8.698640088e-14	4.999999912e-15	1	1	1	1	1	1	1	0	0	0	0	0	0	0	0	0	0
404.497	1748434925.908	05/28/2025_14:22:05.908	1	3	4.779328083e-05	6.799924449e-06	0.0120000001	2.05548252e-13	2.702085517e-13	4.999999912e-15	2.343658037e-13	4.999999912e-15	4.999999912e-15	3.262686887e-14	1.858426878e-13	4.999999912e-15	4.999999912e-15	1.721268527e-13	1.134084688e-13	4.999999912e-15	6.199141461e-12	1.896659099e-13	3.167832099e-12	9.835907045e-13	5.267117471e-12	3.445557858e-12	4.434297096e-10	4.999999912e-15	1.234285162e-13	4.999999912e-15	4.999999912e-15	8.825481578e-14	1.490441207e-13	4.999999912e-15	6.814617447e-12	2.863138871e-13	9.789231058e-12	4.999999912e-15	1.089510209e-12	2.20251714e-13	4.999999912e-15	4.999999912e-15	9.699640396e-12	1.02703436e-13	1.545636991e-12	4.904901355e-13	2.33692532e-09	4.999999912e-15	4.999999912e-15	7.345575428e-14	2.050076428e-11	4.999999912e-15	4.999999912e-15	1.120544223e-13	4.999999912e-15	4.999999912e-15	7.200610822e-14	1	1	1	1	1	1	1	0	0	0	0	0	0	0	0	0	0
413.516	1748434934.927	05/28/2025_14:22:14.927	1	3	4.771191743e-05	6.735072475e-06	0.01000000071	2.680181923e-13	3.080664792e-13	2.161815919e-13	8.550687149e-14	4.999999912e-15	8.268725467e-14	1.449739851e-13	4.999999912e-15	4.999999912e-15	1.36260198e-13	4.999999912e-15	4.999999912e-15	3.562969554e-14	6.363245434e-12	4.999999912e-15	3.237438963e-12	1.266772386e-12	5.295800257e-12	3.189409674e-12	4.434714262e-10	1.228311344e-13	4.999999912e-15	4.999999912e-15	6.183474007e-14	7.502488621e-14	4.999999912e-15	4.999999912e-15	6.972047072e-12	4.999999912e-15	9.648272632e-12	1.422340164e-13	1.253661996e-12	4.999999912e-15	4.999999912e-15	1.660495201e-13	9.394458302e-12	4.999999912e-15	1.835795838e-12	5.547283553e-13	2.338641281e-09	4.999999912e-15	1.713064911e-13	2.959219377e-14	2.028906036e-11	1.729632063e-13	1.405453987e-13	4.999999912e-15	4.999999912e-15	1.158378406e-13	1.404179778e-13	1	1	1	1	1	1	1	0	0	0	0	0	0	0	0	0	0
422.535	1748434943.946	05/28/2025_14:22:23.946	1	3	4.775286288e-05	6.820809631e-06	0.0120000001	5.469606159e-14	4.328450033e-13	2.839544463e-14	4.999999912e-15	1.051148778e-13	3.868629863e-14	4.999999912e-15	4.999999912e-15	1.768800086e-13	4.999999912e-15	4.999999912e-15	7.500693588e-14	8.693859434e-14	6.162667165e-12	4.999999912e-15	3.399127551e-12	1.061415387e-12	4.956948914e-12	3.322312477e-12	4.447431035e-10	4.999999912e-15	4.999999912e-15	1.274011007e-13	4.999999912e-15	4.999999912e-15	6.361691772e-14	3.287417539e-13	6.745598004e-12	4.999999912e-15	9.968275337e-12	5.128701825e-14	9.403307126e-13	5.456861363e-14	3.75393347e-14	4.999999912e-15	9.378463284e-12	9.294424768e-14	1.777091603e-12	2.438343039e-13	2.359894502e-09	1.358440541e-13	4.999999912e-15	4.999999912e-15	2.074451895e-11	1.610295691e-13	4.999999912e-15	4.999999912e-15	1.591338687e-13	4.999999912e-15	4.999999912e-15	1	1	1	1	1	1	1	0	0	0	0	0	0	0	0	0	0
431.554	1748434952.965	05/28/2025_14:22:32.965	1	3	4.774289846e-05	6.760936685e-06	0.0120000001	1.724374902e-13	1.549781083e-13	1.931727076e-14	2.121831221e-13	4.999999912e-15	4.999999912e-15	1.031733564e-13	3.412329555e-13	4.999999912e-15	4.999999912e-15	2.406502731e-13	4.999999912e-15	4.999999912e-15	6.22975109e-12	2.875485223e-13	3.051454488e-12	9.472621255e-13	5.222203746e-12	3.273409105e-12	4.448326152e-10	4.999999912e-15	1.496096405e-13	4.999999912e-15	4.999999912e-15	1.111225098e-13	1.703927391e-14	4.999999912e-15	6.778877806e-12	1.97670805e-13	9.697530105e-12	4.999999912e-15	1.311185644e-12	9.162405535e-14	4.999999912e-15	8.34142461e-15	9.751596232e-12	4.999999912e-15	1.529109521e-12	4.952452836e-13	2.352558814e-09	4.999999912e-15	4.999999912e-15	1.553763764e-13	2.036965041e-11	4.999999912e-15	1.181954654e-13	1.232453267e-13	4.999999912e-15	4.999999912e-15	1.169051428e-13	1	1	1	1	1	1	1	0	0	0	0	0	0	0	0	0	0
440.573	1748434961.984	05/28/2025_14:22:41.984	1	3	4.765888661e-05	6.805137673e-06	0.0120000001	4.999999912e-15	4.900500578e-13	4.28599891e-14	4.999999912e-15	4.999999912e-15	1.920614004e-13	4.999999912e-15	4.999999912e-15	8.22392149e-14	9.689493131e-14	4.999999912e-15	4.999999912e-15	2.083419971e-13	6.175507154e-12	4.999999912e-15	3.352515964e-12	1.186482661e-12	4.856573043e-12	3.259738833e-12	4.427304912e-10	8.157015373e-14	4.999999912e-15	1.009175382e-14	1.872345866e-13	4.999999912e-15	4.999999912e-15	1.534627731e-13	6.73661257e-12	4.999999912e-15	9.918637092e-12	2.158609934e-13	9.735448125e-13	4.999999912e-15	8.601467791e-14	1.324987347e-13	9.202308186e-12	4.999999912e-15	1.886945895e-12	4.076914316e-13	2.336648652e-09	6.681887845e-14	1.001765267e-13	4.999999912e-15	2.019077093e-11	4.881544387e-13	5.901312425e-14	4.999999912e-15	4.999999912e-15	1.63164187e-13	4.999999912e-15	1	1	1	1	1	1	1	0	0	0	0	0	0	0	0	0	0
449.592	1748434971.003	05/28/2025_14:22:51.003	1	3	4.748361243e-05	6.755765298e-06	0.00800000038	1.5694149e-13	3.41428139e-13	4.999999912e-15	1.35674783e-13	1.415211535e-13	4.999999912e-15	4.999999912e-15	1.687297762e-13	4.999999912e-15	4.999999912e-15	1.031454991e-13	1.487852539e-13	4.999999912e-15	5.980400637e-12	1.512863185e-13	3.197298546e-12	8.622950444e-13	4.866774952e-12	3.585674726e-12	4.407187115e-10	4.999999912e-15	1.27948677e-13	4.999999912e-15	4.999999912e-15	4.999999912e-15	2.469147662e-13	4.999999912e-15	6.404587798e-12	1.551254513e-13	9.940610834e-12	4.999999912e-15	1.002926041e-12	1.309754171e-13	8.010878473e-15	4.999999912e-15	9.553476933e-12	4.624315389e-14	1.587879784e-12	6.576249419e-13	2.333718108e-09	4.999999912e-15	4.999999912e-15	4.999999912e-15	2.02486812e-11	4.450676345e-14	4.999999912e-15	1.278053184e-13	6.140860796e-14	4.999999912e-15	4.999999912e-15	1	1	1	1	1	1	1	0	0	0	0	0	0	0	0	0	0
458.611	1748434980.022	05/28/2025_14:23:00.022	1	3	4.74617882e-05	6.820809631e-06	0.01400000043	4.999999912e-15	3.228595505e-13	2.145188866e-13	4.999999912e-15	4.999999912e-15	5.744799032e-14	1.085517784e-13	4.999999912e-15	4.999999912e-15	1.378950665e-13	6.1701329e-14	4.999999912e-15	4.454459533e-14	6.29961491e-12	4.999999912e-15	3.066996743e-12	1.10216068e-12	4.951019195e-12	3.038625341e-12	4.394542508e-10	1.396951673e-13	4.999999912e-15	2.521776733e-13	1.223154065e-13	1.318097378e-13	4.999999912e-15	4.999999912e-15	6.717700181e-12	4.476760894e-14	9.597067932e-12	9.647676131e-14	1.18389814e-12	4.999999912e-15	4.999999912e-15	1.286078178e-13	9.507715795e-12	4.999999912e-15	1.748493169e-12	6.137753608e-13	2.339324068e-09	4.999999912e-15	1.325743985e-13	6.31987545e-14	2.039447951e-11	2.19807679e-13	2.748939856e-13	4.999999912e-15	4.999999912e-15	1.114351328e-13	1.432157073e-13	1	1	1	1	1	1	1	0	0	0	0	0	0	0	0	0	0
467.63	1748434989.041	05/28/2025_14:23:09.041	1	3	4.743282625e-05	6.805137673e-06	0.0120000001	9.94397571e-14	5.485893315e-13	4.999999912e-15	4.999999912e-15	1.628893824e-13	5.806925849e-14	4.999999912e-15	5.446906354e-14	1.693251659e-13	4.999999912e-15	4.999999912e-15	1.41718275e-13	2.236987586e-14	6.049877613e-12	4.999999912e-15	3.423974212e-12	9.048026e-13	4.673755306e-12	3.547002535e-12	4.369338502e-10	4.999999912e-15	4.999999912e-15	1.859402796e-13	4.999999912e-15	4.999999912e-15	1.482177824e-13	1.652311371e-13	6.336763145e-12	1.418457094e-13	9.901651547e-12	3.302712243e-14	8.93460219e-13	6.402711884e-14	1.489664783e-13	4.999999912e-15	9.316251763e-12	1.432634935e-13	1.710372512e-12	2.782075243e-13	2.337900762e-09	1.654382062e-13	4.999999912e-15	4.999999912e-15	2.020928043e-11	1.568678184e-13	4.999999912e-15	7.363714808e-15	2.434957617e-13	4.999999912e-15	4.999999912e-15	1	1	1	1	1	1	1	0	0	0	0	0	0	0	0	0	0
476.649	1748434998.060	05/28/2025_14:23:18.060	1	3	4.749577784e-05	6.794708042e-06	0.01000000071	7.28643491e-14	2.013247696e-13	1.348006179e-13	1.918941622e-13	4.999999912e-15	4.999999912e-15	1.572461779e-13	1.517662135e-13	4.999999912e-15	7.965077708e-15	1.3374924e-13	4.999999912e-15	4.999999912e-15	6.182587428e-12	1.688751407e-13	3.075085108e-12	9.731863752e-13	4.928505954e-12	3.234083357e-12	4.391857711e-10	1.026695886e-13	9.916495928e-14	4.999999912e-15	4.999999912e-15	1.409018572e-13	4.999999912e-15	4.999999912e-15	6.408508706e-12	1.642872849e-13	9.579444876e-12	4.999999912e-15	1.107110822e-12	4.999999912e-15	4.999999912e-15	9.924462104e-14	9.460096768e-12	4.999999912e-15	1.534627243e-12	5.804136468e-13	2.312167791e-09	4.999999912e-15	5.0546271e-14	2.230056417e-13	2.017722274e-11	4.657966992e-14	1.285082338e-13	5.820863946e-14	4.999999912e-15	2.352718714e-13	1.949686614e-13	1	1	1	1	1	1	1	0	0	0	0	0	0	0	0	0	0
485.668	1748435007.079	05/28/2025_14:23:27.079	1	3	4.750180597e-05	6.805137673e-06	0.0120000001	5.676698261e-14	5.583106677e-13	5.636872127e-14	4.999999912e-15	1.498466065e-13	1.792058255e-13	4.999999912e-15	5.089692231e-15	1.086832244e-13	1.202006702e-13	4.999999912e-15	8.279678619e-14	1.929694197e-13	6.069587541e-12	4.999999912e-15	3.425873951e-12	1.031339293e-12	4.592515604e-12	3.370676351e-12	4.392559927e-10	7.176537468e-15	4.999999912e-15	1.340917394e-13	1.969838138e-13	4.999999912e-15	4.999999912e-15	1.664935822e-13	6.466327473e-12	4.999999912e-15	9.704344966e-12	1.571266988e-13	8.989760433e-13	4.999999912e-15	1.560434453e-13	4.999999912e-15	9.226505844e-12	4.999999912e-15	1.897125252e-12	4.399021024e-13	2.314711534e-09	1.520449619e-13	8.023203141e-14	4.999999912e-15	1.99208202e-11	2.556384737e-13	3.285587948e-14	4.999999912e-15	1.407983159e-13	7.903728128e-14	4.999999912e-15	1	1	1	1	1	1	1	0	0	0	0	0	0	0	0	0	0
494.687	1748435016.098	05/28/2025_14:23:36.098	1	3	4.736373376e-05	6.823423064e-06	0.01000000071	1.673916268e-13	3.056331501e-13	4.999999912e-15	1.475746066e-13	9.379452645e-14	4.999999912e-15	4.999999912e-15	2.338520545e-13	1.608743927e-14	4.999999912e-15	1.413936784e-13	2.062929634e-13	4.999999912e-15	6.081159014e-12	1.633135359e-13	3.235674315e-12	8.040067635e-13	4.717302937e-12	3.509178625e-12	4.356862648e-10	4.999999912e-15	1.214810587e-13	4.999999912e-15	4.999999912e-15	1.441478637e-14	1.433053166e-13	4.999999912e-15	6.194262551e-12	1.814101441e-13	9.707584563e-12	4.999999912e-15	1.031185987e-12	1.721228954e-13	4.999999912e-15	4.999999912e-15	9.519370535e-12	1.279327664e-13	1.529495714e-12	4.737754785e-13	2.320465153e-09	4.999999912e-15	4.999999912e-15	6.112186359e-14	2.022249382e-11	1.269432693e-14	4.999999912e-15	1.363757197e-13	4.999999912e-15	4.999999912e-15	1.987881295e-14	1	1	1	1	1	1	1	0	0	0	0	0	0	0	0	0	0
503.706	1748435025.117	05/28/2025_14:23:45.117	1	3	4.721183359e-05	6.781701813e-06	0.0120000001	4.999999912e-15	3.231562695e-13	1.317400507e-13	4.345537195e-14	4.999999912e-15	1.127035612e-13	1.82493384e-13	4.999999912e-15	4.999999912e-15	2.206141628e-13	4.999999912e-15	4.999999912e-15	1.099635926e-13	6.239632075e-12	4.999999912e-15	3.159241748e-12	1.082019023e-12	4.692340266e-12	3.23871702e-12	4.341642046e-10	1.696059336e-13	4.999999912e-15	4.999999912e-15	1.767585508e-13	1.019188802e-13	4.999999912e-15	6.445126551e-14	6.492219956e-12	4.999999912e-15	9.413180305e-12	2.127446711e-13	9.886845032e-13	4.999999912e-15	4.999999912e-15	2.298695359e-13	9.278363668e-12	4.999999912e-15	1.727156829e-12	7.222692496e-13	2.304218816e-09	4.999999912e-15	1.588212661e-13	5.145229132e-14	2.008786887e-11	2.712878208e-13	1.70227195e-13	4.999999912e-15	5.282228241e-14	1.585026327e-13	9.213779099e-14	1	1	1	1	1	1	1	0	0	0	0	0	0	0	0	0	0
512.725	1748435034.136	05/28/2025_14:23:54.136	1	3	4.717064076e-05	6.758346899e-06	0.01400000043	1.841899571e-13	5.016611584e-13	4.999999912e-15	1.853271158e-14	2.309926068e-13	4.999999912e-15	4.999999912e-15	1.217598478e-13	1.039818324e-13	4.999999912e-15	5.850136727e-14	1.247387745e-13	8.298594559e-14	6.076371177e-12	4.999999912e-15	3.533830563e-12	8.747603336e-13	4.171321708e-12	3.359380048e-12	4.314823221e-10	4.999999912e-15	4.53908795e-14	2.220398886e-13	4.999999912e-15	4.999999912e-15	1.552927166e-13	1.079484267e-13	6.141494431e-12	1.381740113e-14	9.79618036e-12	7.700234222e-15	8.002551529e-13	1.24308658e-13	1.309355998e-13	4.999999912e-15	9.307173955e-12	2.306580762e-13	1.63003866e-12	2.903641412e-13	2.297749102e-09	4.868841943e-14	4.999999912e-15	4.999999912e-15	2.00604134e-11	1.717485204e-13	4.999999912e-15	2.868020017e-14	1.855758928e-13	4.999999912e-15	4.999999912e-15	1	1	1	1	1	1	1	0	0	0	0	0	0	0	0	0	0
521.744	1748435043.155	05/28/2025_14:24:03.155	1	3	4.720285142e-05	6.820809631e-06	0.0120000001	7.920056212e-14	2.078999001e-13	3.301915693e-14	1.544066117e-13	4.999999912e-15	4.999999912e-15	9.842821003e-14	4.999999912e-15	4.999999912e-15	4.999999912e-15	1.499780524e-13	4.999999912e-15	4.999999912e-15	6.106485977e-12	6.796982682e-14	2.950905796e-12	9.068813951e-13	4.757093591e-12	3.239352363e-12	4.309518853e-10	1.448963291e-13	8.093695256e-14	4.999999912e-15	4.999999912e-15	1.752113401e-13	4.999999912e-15	4.999999912e-15	6.285157724e-12	1.389703511e-13	9.506817208e-12	4.999999912e-15	1.215367976e-12	4.375605848e-14	4.999999912e-15	3.402275545e-14	9.311545458e-12	4.999999912e-15	1.57849493e-12	5.317750363e-13	2.29972863e-09	4.999999912e-15	4.999999912e-15	1.463778372e-13	2.012050769e-11	3.803714274e-14	1.61527367e-13	1.593768113e-13	4.999999912e-15	4.999999912e-15	1.053259314e-13	1	1	1	1	1	1	1	0	0	0	0	0	0	0	0	0	0
530.763	1748435052.174	05/28/2025_14:24:12.174	1	3	4.724733662e-05	6.841757568e-06	0.01400000043	1.528297142e-14	5.730121239e-13	7.431997183e-14	4.999999912e-15	1.266981718e-13	1.791241716e-13	4.999999912e-15	4.999999912e-15	1.612187353e-13	9.126961611e-14	4.999999912e-15	9.517248643e-14	1.783595244e-13	6.001961948e-12	4.999999912e-15	3.18700036e-12	9.471307202e-13	4.459529534e-12	3.407759751e-12	4.309783364e-10	4.999999912e-15	4.999999912e-15	1.599921096e-13	1.362403164e-13	4.999999912e-15	4.999999912e-15	3.475213552e-13	6.167540003e-12	1.596796697e-14	9.602199244e-12	1.732778146e-13	8.772931925e-13	4.999999912e-15	1.476144239e-13	1.132372191e-13	9.324760582e-12	8.884824029e-14	1.806098348e-12	3.766257054e-13	2.294895385e-09	1.292310714e-13	1.396174978e-13	4.999999912e-15	2.023462474e-11	2.558595154e-13	6.844175292e-14	4.999999912e-15	1.145912927e-13	9.921872894e-14	4.999999912e-15	1	1	1	1	1	1	1	0	0	0	0	0	0	0	0	0	0
539.782	1748435061.193	05/28/2025_14:24:21.193	1	3	4.719787103e-05	6.831264272e-06	0.0120000001	1.486956717e-13	2.479243482e-13	4.999999912e-15	1.798549645e-13	2.745158566e-14	4.999999912e-15	4.999999912e-15	2.03001434e-13	4.999999912e-15	4.999999912e-15	7.318693991e-14	1.833755045e-13	4.999999912e-15	5.88858606e-12	1.678118094e-13	3.102154384e-12	7.323270679e-13	4.608410441e-12	3.478136832e-12	4.334333448e-10	4.999999912e-15	1.30965456e-13	4.999999912e-15	4.999999912e-15	2.14618701e-14	1.663504268e-14	4.999999912e-15	5.950522193e-12	2.307835455e-13	9.535387237e-12	4.999999912e-15	9.561134436e-13	1.301370985e-13	4.999999912e-15	4.999999912e-15	9.613938118e-12	1.144459419e-13	1.526188355e-12	3.834736619e-13	2.286541623e-09	4.999999912e-15	4.999999912e-15	2.279480044e-13	1.995092286e-11	4.999999912e-15	4.999999912e-15	1.474212598e-13	4.999999912e-15	4.999999912e-15	1.041550879e-13	1	1	1	1	1	1	1	0	0	0	0	0	0	0	0	0	0
548.801	1748435070.212	05/28/2025_14:24:30.212	1	3	4.706924301e-05	6.854878848e-06	0.01400000043	4.999999912e-15	2.981718876e-13	1.887160675e-13	4.999999912e-15	4.999999912e-15	1.239283199e-13	1.36529053e-13	4.999999912e-15	4.999999912e-15	1.134144523e-13	1.052187038e-14	4.999999912e-15	1.058635669e-13	6.188633807e-12	4.999999912e-15	3.060389398e-12	9.894113523e-13	4.566725036e-12	3.224772229e-12	4.285460875e-10	9.200437314e-14	4.999999912e-15	4.999999912e-15	1.512484799e-13	1.069149719e-13	4.999999912e-15	4.999999912e-15	6.221019359e-12	4.999999912e-15	9.346124569e-12	1.618897887e-13	1.001581955e-12	4.999999912e-15	4.999999912e-15	1.443985177e-13	9.19077401e-12	4.999999912e-15	1.654047559e-12	4.617263603e-13	2.260704512e-09	4.999999912e-15	1.402726134e-13	4.999999912e-15	1.978069791e-11	2.298157866e-13	2.058409595e-13	2.809992094e-13	4.999999912e-15	9.511076144e-14	7.065801801e-14	1	1	1	1	1	1	1	0	0	0	0	0	0	0	0	0	0
557.82	1748435079.231	05/28/2025_14:24:39.231	1	3	4.700889986e-05	6.857506378e-06	0.01400000043	9.335646134e-14	5.422350936e-13	4.999999912e-15	4.999999912e-15	1.677341263e-13	4.999999912e-15	4.999999912e-15	5.115757807e-14	1.918682498e-13	4.999999912e-15	4.999999912e-15	1.206606429e-13	4.120126142e-14	5.767502795e-12	9.593712001e-14	3.245065458e-12	7.690798953e-13	4.371674463e-12	3.388930412e-12	4.265121867e-10	4.999999912e-15	1.280362941e-13	1.58446864e-13	4.999999912e-15	4.999999912e-15	4.663342602e-14	5.947309702e-14	5.994204265e-12	4.999999912e-15	9.621936928e-12	2.531893965e-14	7.602705358e-13	4.999999912e-15	1.690244624e-13	4.999999912e-15	9.047513606e-12	4.999999912e-15	1.657231535e-12	2.761863546e-13	2.272025679e-09	1.021020833e-13	4.999999912e-15	4.999999912e-15	1.990963644e-11	2.038954942e-13	4.999999912e-15	4.999999912e-15	2.109843875e-13	4.999999912e-15	4.999999912e-15	1	1	1	1	1	1	1	0	0	0	0	0	0	0	0	0	0
566.839	1748435088.250	05/28/2025_14:24:48.250	1	3	4.69517654e-05	6.779103387e-06	0.0120000001	1.441018122e-13	2.763854683e-13	2.441888922e-14	1.718202268e-13	4.999999912e-15	4.999999912e-15	1.016480601e-13	5.133140007e-13	4.999999912e-15	4.999999912e-15	1.517323458e-13	4.999999912e-15	4.999999912e-15	5.877795212e-12	1.504260719e-13	2.974914586e-12	7.793946695e-13	4.653310723e-12	3.1698511e-12	4.287966093e-10	4.423595008e-14	1.125124028e-13	4.999999912e-15	4.999999912e-15	1.290956545e-13	2.865629012e-14	4.999999912e-15	5.946867998e-12	1.767426131e-13	9.222862925e-12	4.999999912e-15	9.595004912e-13	5.954477634e-14	4.999999912e-15	4.999999912e-15	9.25399167e-12	4.999999912e-15	1.471653637e-12	5.28383923e-13	2.260368559e-09	4.999999912e-15	4.999999912e-15	1.222935056e-13	1.978476584e-11	4.999999912e-15	1.13085878e-13	1.059651227e-13	4.999999912e-15	4.999999912e-15	1.510632846e-13	1	1	1	1	1	1	1	0	0	0	0	0	0	0	0	0	0
575.858	1748435097.269	05/28/2025_14:24:57.269	1	3	4.700247882e-05	6.812965239e-06	0.01400000043	4.999999912e-15	3.493174988e-13	1.521027228e-13	4.999999912e-15	7.641875685e-14	1.566109303e-13	4.999999912e-15	1.242091011e-13	6.979184212e-14	1.583951069e-13	4.999999912e-15	4.999999912e-15	1.877702502e-13	5.919647585e-12	4.999999912e-15	3.081777672e-12	1.028752712e-12	4.346596867e-12	3.268829435e-12	4.27782948e-10	7.950919383e-14	4.999999912e-15	4.999999912e-15	1.759341642e-13	4.999999912e-15	4.999999912e-15	5.172707897e-14	6.173859601e-12	4.999999912e-15	9.541485657e-12	2.062172725e-13	8.455086132e-13	4.999999912e-15	2.51397312e-14	6.15081716e-14	8.935695066e-12	4.999999912e-15	1.896768766e-12	5.194830026e-13	2.244797015e-09	6.32923347e-14	1.402507261e-13	4.999999912e-15	1.955950332e-11	2.318328906e-13	9.528001218e-14	4.999999912e-15	4.999999912e-15	9.945370265e-14	4.999999912e-15	1	1	1	1	1	1	1	0	0	0	0	0	0	0	0	0	0
584.877	1748435106.288	05/28/2025_14:25:06.288	1	3	4.701666694e-05	6.854878848e-06	0.01600000076	2.186706491e-13	3.647497885e-13	4.999999912e-15	1.23074077e-13	1.880689343e-13	4.999999912e-15	2.642467408e-13	1.940905119e-13	4.999999912e-15	4.999999912e-15	6.236440672e-14	1.612744904e-13	4.999999912e-15	5.833159043e-12	1.217518653e-13	3.160245936e-12	7.421501564e-13	4.502325596e-12	3.442288121e-12	4.264590903e-10	4.999999912e-15	8.985978736e-14	1.379528002e-13	4.999999912e-15	4.999999912e-15	1.617523932e-13	4.999999912e-15	5.807543248e-12	6.13448772e-14	9.549860902e-12	4.999999912e-15	7.825169549e-13	1.512384917e-13	4.999999912e-15	4.999999912e-15	9.228710678e-12	1.288726341e-13	1.469853427e-12	2.998823791e-13	2.24046337e-09	3.875597895e-14	4.999999912e-15	2.223646479e-14	1.979260332e-11	7.550675309e-14	4.999999912e-15	8.758177018e-14	1.222138439e-13	4.999999912e-15	4.999999912e-15	1	1	1	1	1	1	1	0	0	0	0	0	0	0	0	0	0
593.896	1748435115.307	05/28/2025_14:25:15.307	1	3	4.699761848e-05	6.878559816e-06	0.0120000001	4.999999912e-15	2.242999894e-13	1.334983285e-13	9.13950583e-14	4.999999912e-15	4.999999912e-15	1.763981485e-13	8.892998913e-15	4.999999912e-15	2.759495106e-14	7.062217835e-14	4.999999912e-15	4.999999912e-15	5.989088565e-12	1.518539661e-14	3.00917017e-12	9.017598951e-13	4.513498516e-12	3.168678427e-12	4.286781485e-10	1.290219694e-13	9.004509107e-15	4.999999912e-15	4.999999912e-15	1.414952411e-13	4.999999912e-15	4.999999912e-15	6.0625901e-12	9.771930444e-14	9.18191391e-12	9.988579788e-14	9.900603557e-13	4.999999912e-15	4.999999912e-15	1.239243354e-13	9.288056435e-12	4.999999912e-15	1.60007218e-12	5.391267402e-13	2.257267484e-09	4.999999912e-15	1.192727422e-13	1.488390303e-13	1.983052438e-11	1.157840371e-13	2.005959689e-13	8.717771513e-15	4.999999912e-15	5.066175886e-14	1.708863086e-13	1	1	1	1	1	1	1	0	0	0	0	0	0	0	0	0	0
602.915	1748435124.326	05/28/2025_14:25:24.326	1	3	4.689103298e-05	6.773910627e-06	0.01400000043	3.349706309e-14	5.101100206e-13	4.999999912e-15	4.999999912e-15	1.028886313e-13	1.662267329e-13	4.999999912e-15	4.999999912e-15	1.430484285e-13	4.999999912e-15	4.999999912e-15	3.097570757e-13	1.726625299e-13	5.740156614e-12	4.999999912e-15	3.186320999e-12	9.465952328e-13	4.287219017e-12	3.315530142e-12	4.291962341e-10	4.999999912e-15	4.999999912e-15	1.252226404e-13	1.024266392e-13	4.999999912e-15	4.999999912e-15	1.101846208e-13	5.826482092e-12	4.999999912e-15	9.466131004e-12	9.823702453e-14	7.087107593e-13	4.999999912e-15	1.727421374e-13	4.999999912e-15	8.865086616e-12	3.824422197e-14	1.751081593e-12	3.076064794e-13	2.247658282e-09	1.109174059e-13	9.872697549e-15	4.999999912e-15	1.992805747e-11	3.37921531e-13	4.999999912e-15	4.999999912e-15	8.620979364e-14	1.185160639e-13	4.999999912e-15	1	1	1	1	1	1	1	0	0	0	0	0	0	0	0	0	0
611.934	1748435133.345	05/28/2025_14:25:33.345	1	3	4.674825686e-05	6.826030585e-06	0.01600000076	1.84070478e-13	1.678854809e-13	4.999999912e-15	1.757868211e-13	4.999999912e-15	4.999999912e-15	5.320460598e-14	1.188685245e-13	4.999999912e-15	4.999999912e-15	1.186614148e-13	5.06239202e-14	4.999999912e-15	5.843657155e-12	1.596336724e-13	3.034381557e-12	7.501309686e-13	4.535030337e-12	3.390005507e-12	4.250036711e-10	4.999999912e-15	1.724255504e-13	4.999999912e-15	4.999999912e-15	1.20939432e-13	1.117159072e-13	4.999999912e-15	5.738725467e-12	1.923859563e-13	9.354909208e-12	4.999999912e-15	8.542183887e-13	8.649853024e-14	4.999999912e-15	4.999999912e-15	9.269681377e-12	6.918249339e-14	1.414464574e-12	3.795488771e-13	2.241482777e-09	4.999999912e-15	4.999999912e-15	1.272636781e-13	1.973366436e-11	4.999999912e-15	4.999999912e-15	9.812752011e-14	4.999999912e-15	4.999999912e-15	3.909050953e-14	1	1	1	1	1	1	1	0	0	0	0	0	0	0	0	0	0
620.953	1748435142.364	05/28/2025_14:25:42.364	1	3	4.679625999e-05	6.722180842e-06	0.0120000001	4.999999912e-15	3.519240834e-13	1.373932706e-13	4.999999912e-15	4.999999912e-15	1.383331383e-13	1.321362995e-13	4.999999912e-15	4.999999912e-15	2.749657056e-13	4.999999912e-15	4.999999912e-15	1.474770284e-13	5.799910899e-12	4.999999912e-15	2.945107049e-12	1.002302733e-12	4.435417311e-12	3.104535943e-12	4.241968166e-10	1.71356256e-13	4.999999912e-15	4.999999912e-15	1.356568666e-13	7.155409755e-14	4.999999912e-15	4.999999912e-15	6.051176487e-12	9.984207742e-15	9.291934409e-12	1.097704352e-13	9.433612745e-13	4.999999912e-15	4.999999912e-15	1.906316901e-13	8.841384222e-12	4.999999912e-15	1.684239011e-12	6.035242835e-13	2.226387741e-09	4.999999912e-15	1.567324016e-13	5.025552863e-14	1.940503834e-11	1.330443188e-13	2.174898445e-13	4.999999912e-15	4.999999912e-15	1.598069008e-13	4.999999912e-15	1	1	1	1	1	1	1	0	0	0	0	0	0	0	0	0	0
629.972	1748435151.383	05/28/2025_14:25:51.383	1	3	4.683257794e-05	6.758346899e-06	0.0120000001	1.235439973e-13	4.530742643e-13	4.999999912e-15	4.999999912e-15	1.181436947e-13	4.588470988e-14	4.999999912e-15	3.283794948e-14	1.88076849e-13	4.999999912e-15	4.999999912e-15	2.565286037e-13	4.03888213e-14	5.646959896e-12	4.999999912e-15	3.284985998e-12	7.161282201e-13	4.294190871e-12	3.414482022e-12	4.240740537e-10	4.999999912e-15	4.999999912e-15	1.548307381e-13	4.999999912e-15	4.999999912e-15	3.243969492e-14	1.329109078e-13	5.634996809e-12	1.816631562e-14	9.516750235e-12	7.661389291e-14	5.971940065e-13	6.136877708e-14	1.057182025e-13	4.999999912e-15	8.995022609e-12	1.44699194e-13	1.651624042e-12	2.56815321e-13	2.242047881e-09	1.19672989e-13	4.999999912e-15	4.999999912e-15	1.97741979e-11	2.366159298e-13	4.999999912e-15	4.999999912e-15	1.75237239e-13	4.999999912e-15	4.999999912e-15	1	1	1	1	1	1	1	0	0	0	0	0	0	0	0	0	0
638.991	1748435160.402	05/28/2025_14:26:00.402	1	3	4.686218017e-05	6.786908671e-06	0.0120000001	1.31198424e-13	2.024697413e-13	7.76891843e-14	1.9617733e-13	4.999999912e-15	4.999999912e-15	4.680069131e-14	4.999999912e-15	4.999999912e-15	4.999999912e-15	5.021788649e-13	4.999999912e-15	4.999999912e-15	5.982599832e-12	1.444841425e-13	2.872372479e-12	6.458843876e-13	4.470656484e-12	3.28325778e-12	4.215100491e-10	4.999999912e-15	1.451850657e-13	4.999999912e-15	4.999999912e-15	9.543532414e-14	6.322465338e-14	4.999999912e-15	5.75500498e-12	1.592991418e-13	9.220282524e-12	4.999999912e-15	8.934861314e-13	9.54831239e-14	4.999999912e-15	4.999999912e-15	9.310654678e-12	4.999999912e-15	1.487185375e-12	4.192785984e-13	2.251522302e-09	4.999999912e-15	4.999999912e-15	4.324828256e-14	1.958943077e-11	4.999999912e-15	1.589009008e-13	1.827960526e-13	4.999999912e-15	4.999999912e-15	4.999999912e-15	1	1	1	1	1	1	1	0	0	0	0	0	0	0	0	0	0
648.01	1748435169.421	05/28/2025_14:26:09.421	1	3	4.677375182e-05	6.766127626e-06	0.0120000001	4.999999912e-15	3.505540855e-13	2.263151418e-13	4.999999912e-15	4.999999912e-15	1.280104224e-13	7.413476977e-14	4.999999912e-15	1.510772302e-13	1.340957239e-13	4.999999912e-15	4.999999912e-15	3.430949643e-14	5.84935789e-12	4.999999912e-15	3.019230048e-12	1.058026171e-12	4.233152891e-12	3.156515847e-12	4.227777295e-10	1.094996286e-13	4.999999912e-15	4.999999912e-15	1.597750523e-13	4.999999912e-15	4.999999912e-15	4.337373153e-14	5.917522982e-12	4.999999912e-15	9.246182812e-12	1.256368328e-13	8.413449516e-13	4.999999912e-15	4.999999912e-15	1.173213002e-13	8.905995733e-12	4.999999912e-15	1.607041757e-12	5.23634738e-13	2.233163876e-09	4.999999912e-15	1.36437438e-13	6.115173336e-14	1.957574554e-11	1.798310849e-13	1.573218281e-13	4.999999912e-15	4.999999912e-15	1.239641798e-13	1.387116062e-14	1	1	1	1	1	1	1	0	0	0	0	0	0	0	0	0	0
657.029	1748435178.440	05/28/2025_14:26:18.440	1	3	4.665103552e-05	6.84962788e-06	0.01400000043	1.217817351e-13	4.517740348e-13	4.999999912e-15	4.999999912e-15	1.819816541e-13	4.999999912e-15	4.999999912e-15	1.018531708e-13	8.611424155e-14	4.999999912e-15	4.999999912e-15	1.350515294e-13	5.680280871e-14	5.610405803e-12	4.244978799e-14	3.219965527e-12	8.684419286e-13	4.216027267e-12	3.516377294e-12	4.210466975e-10	4.999999912e-15	4.999999912e-15	1.739369282e-13	4.923601267e-14	4.999999912e-15	9.490763617e-14	2.403017835e-13	5.575200891e-12	4.999999912e-15	9.482697613e-12	1.198701511e-13	6.476028481e-13	4.999999912e-15	1.320726026e-13	4.999999912e-15	8.660990328e-12	1.401491499e-13	1.673597675e-12	2.334836697e-13	2.258447429e-09	4.999999912e-15	4.999999912e-15	4.999999912e-15	1.94639322e-11	2.654076232e-13	4.999999912e-15	4.999999912e-15	4.241791922e-14	4.999999912e-15	4.999999912e-15	1	1	1	1	1	1	1	0	0	0	0	0	0	0	0	0	0
666.048	1748435187.459	05/28/2025_14:26:27.459	1	3	4.659343176e-05	6.758346899e-06	0.01000000071	1.380822269e-13	1.6199333e-13	4.999999912e-15	2.062949692e-13	4.999999912e-15	4.999999912e-15	5.247380628e-14	1.204316594e-13	4.999999912e-15	4.999999912e-15	1.464296078e-13	5.836794942e-14	4.999999912e-15	5.732004715e-12	1.612605177e-13	2.815742648e-12	6.639193318e-13	4.537628519e-12	3.427889049e-12	4.19766083e-10	4.999999912e-15	1.179146841e-13	4.999999912e-15	4.999999912e-15	3.428637853e-13	8.4843787e-14	4.999999912e-15	5.618646173e-12	1.732559137e-13	9.28305089e-12	4.999999912e-15	7.927620691e-13	1.128330082e-13	4.999999912e-15	4.999999912e-15	9.09196763e-12	2.776621435e-14	1.401642691e-12	4.136891296e-13	2.224476381e-09	4.999999912e-15	4.999999912e-15	4.774255129e-14	1.954632636e-11	4.999999912e-15	4.999999912e-15	9.962693783e-14	4.999999912e-15	4.999999912e-15	1.268039493e-14	1	1	1	1	1	1	1	0	0	0	0	0	0	0	0	0	0
675.067	1748435196.478	05/28/2025_14:26:36.478	1	3	4.661046842e-05	6.771315384e-06	0.01400000043	4.999999912e-15	3.360596849e-13	1.370447809e-13	4.999999912e-15	4.999999912e-15	5.712341407e-14	1.138823871e-13	4.999999912e-15	4.999999912e-15	1.527518346e-13	3.376986191e-14	4.999999912e-15	4.999999912e-15	6.027347024e-12	4.999999912e-15	2.984042267e-12	9.462943667e-13	4.431213643e-12	3.090949371e-12	4.204742943e-10	1.216722307e-13	4.999999912e-15	4.999999912e-15	7.458280955e-14	6.433974176e-14	4.999999912e-15	4.999999912e-15	5.79607369e-12	4.999999912e-15	9.190604874e-12	1.026675896e-13	9.061982935e-13	4.999999912e-15	4.999999912e-15	9.976832457e-14	8.94851554e-12	4.999999912e-15	1.593949148e-12	5.073402636e-13	2.233468521e-09	4.999999912e-15	8.893584382e-14	8.55427247e-14	1.928175675e-11	1.620869237e-13	2.015139357e-13	4.999999912e-15	4.999999912e-15	6.475393409e-14	4.999999912e-15	1	1	1	1	1	1	1	0	0	0	0	0	0	0	0	0	0
684.086	1748435205.497	05/28/2025_14:26:45.497	1	3	4.669166083e-05	6.76352829e-06	0.01400000043	1.580468273e-14	5.437445741e-13	4.999999912e-15	4.999999912e-15	3.068339921e-14	1.239223568e-13	4.999999912e-15	4.999999912e-15	1.419074412e-13	4.999999912e-15	4.999999912e-15	7.629129533e-14	1.256905956e-13	6.065058178e-12	4.999999912e-15	3.213503682e-12	8.547480757e-13	4.226499793e-12	3.360920917e-12	4.190484348e-10	4.999999912e-15	4.999999912e-15	6.168339223e-14	3.414023553e-14	4.999999912e-15	4.999999912e-15	2.020595605e-13	5.637573307e-12	4.999999912e-15	9.386151578e-12	1.428313983e-13	6.669161209e-13	2.181032929e-14	1.697851522e-13	7.998928532e-15	8.93512174e-12	9.066244256e-15	1.754942762e-12	3.000137844e-13	2.233007113e-09	1.245436181e-13	3.638638395e-14	4.999999912e-15	1.941557505e-11	3.408904561e-13	4.999999912e-15	4.999999912e-15	2.858062975e-14	6.485565259e-15	4.999999912e-15	1	1	1	1	1	1	1	0	0	0	0	0	0	0	0	0	0
693.105	1748435214.516	05/28/2025_14:26:54.516	1	3	4.66408892e-05	6.797319202e-06	0.01400000043	1.830649076e-13	2.361281201e-13	4.999999912e-15	1.173690865e-13	1.052144279e-13	4.999999912e-15	4.999999912e-15	1.266722729e-13	4.999999912e-15	4.999999912e-15	8.401143144e-14	1.660196774e-13	4.999999912e-15	5.681263186e-12	1.718501101e-13	3.097893036e-12	6.446079564e-13	4.534677321e-12	3.405105191e-12	4.200038928e-10	4.999999912e-15	1.586917989e-13	4.536499079e-14	4.999999912e-15	4.999999912e-15	1.307344803e-13	4.999999912e-15	5.610756651e-12	8.767537071e-14	9.436788156e-12	4.999999912e-15	8.001177303e-13	9.975040135e-14	4.999999912e-15	4.999999912e-15	9.022078223e-12	1.125104309e-13	1.442085275e-12	2.971404047e-13	2.217942052e-09	4.999999912e-15	4.999999912e-15	4.999999912e-15	1.942248098e-11	2.017948932e-14	4.999999912e-15	1.018213088e-13	2.612141867e-14	4.999999912e-15	4.999999912e-15	1	1	1	1	1	1	1	0	0	0	0	0	0	0	0	0	0
702.124	1748435223.535	05/28/2025_14:27:03.535	1	3	4.654089571e-05	6.831264272e-06	0.01400000043	4.999999912e-15	2.178801573e-13	1.473893978e-13	7.363718196e-15	4.999999912e-15	1.139403648e-14	1.580466172e-13	4.999999912e-15	4.999999912e-15	6.015609695e-14	3.817255621e-14	4.999999912e-15	4.999999912e-15	5.922947029e-12	4.999999912e-15	2.886588104e-12	9.219431859e-13	4.539273471e-12	3.312925672e-12	4.217522165e-10	6.910882863e-14	8.742845721e-14	4.999999912e-15	3.003225788e-14	9.754407704e-14	4.999999912e-15	4.999999912e-15	5.744386737e-12	4.730049496e-14	9.057705974e-12	4.999999912e-15	1.045210576e-12	4.999999912e-15	4.999999912e-15	9.603072054e-14	9.057339947e-12	4.999999912e-15	1.536686251e-12	5.883508741e-13	2.263590204e-09	4.999999912e-15	7.215149295e-14	1.452547663e-13	1.926019413e-11	4.999999912e-15	1.245615481e-13	4.999999912e-15	4.999999912e-15	4.999999912e-15	1.524870182e-13	1	1	1	1	1	1	1	0	0	0	0	0	0	0	0	0	0
711.143	1748435232.554	05/28/2025_14:27:12.554	1	3	4.646092566e-05	6.76352829e-06	0.01400000043	2.909836339e-14	4.079482249e-13	4.999999912e-15	4.999999912e-15	1.224488176e-13	1.275305409e-13	4.999999912e-15	4.999999912e-15	2.256918746e-13	4.999999912e-15	4.999999912e-15	7.077154075e-14	1.776785099e-13	5.680177682e-12	4.999999912e-15	3.141794333e-12	9.1771187e-13	4.123025706e-12	3.445119407e-12	4.174664225e-10	4.999999912e-15	4.999999912e-15	1.571923879e-13	1.353840678e-13	4.999999912e-15	4.999999912e-15	1.462484105e-13	5.65620337e-12	4.999999912e-15	9.313899478e-12	1.847355412e-13	6.764502695e-13	4.999999912e-15	1.583712138e-13	2.721861433e-14	8.835774126e-12	1.269411144e-13	1.838504175e-12	3.386204349e-13	2.23279506e-09	4.418418282e-14	8.80875776e-14	4.999999912e-15	1.929495973e-11	3.192334906e-13	4.999999912e-15	4.999999912e-15	8.297401937e-14	1.340937317e-13	4.999999912e-15	1	1	1	1	1	1	1	0	0	0	0	0	0	0	0	0	0
720.162	1748435241.573	05/28/2025_14:27:21.573	1	3	4.643230204e-05	6.714464689e-06	0.01400000043	1.571386521e-13	2.309587797e-13	4.999999912e-15	1.151309273e-13	8.538940497e-14	4.999999912e-15	1.326540467e-13	1.569952664e-13	4.999999912e-15	4.999999912e-15	6.30872443e-14	1.174726549e-13	4.999999912e-15	5.795394546e-12	1.853986528e-13	3.025641803e-12	6.312665234e-13	4.52312016e-12	3.468881432e-12	4.187336589e-10	4.999999912e-15	6.738836919e-14	1.88652601e-14	4.999999912e-15	4.999999912e-15	1.613919773e-13	4.999999912e-15	5.42270959e-12	9.515456999e-14	9.303254347e-12	4.999999912e-15	8.394412552e-13	1.353303185e-13	4.999999912e-15	4.999999912e-15	8.890185463e-12	6.525373774e-14	1.46036514e-12	3.456555517e-13	2.225659212e-09	4.999999912e-15	4.999999912e-15	5.572753088e-14	1.92470033e-11	4.999999912e-15	4.999999912e-15	1.529012106e-13	4.999999912e-15	4.999999912e-15	2.259290303e-14	1	1	1	1	1	1	1	0	0	0	0	0	0	0	0	0	0
729.181	1748435250.592	05/28/2025_14:27:30.592	1	3	4.649524999e-05	6.771315384e-06	0.0120000001	4.999999912e-15	2.045625361e-13	2.442285198e-13	6.084110266e-14	4.999999912e-15	1.186355566e-13	1.036612338e-13	4.999999912e-15	4.999999912e-15	1.639886008e-13	4.999999912e-15	4.999999912e-15	2.510985804e-14	5.782028936e-12	4.999999912e-15	2.872903955e-12	9.762332002e-13	4.372501059e-12	3.191824843e-12	4.157089672e-10	1.118971045e-13	4.999999912e-15	4.999999912e-15	1.152424374e-13	7.054253015e-14	4.999999912e-15	4.999999912e-15	5.766115016e-12	1.190379446e-14	9.164406213e-12	9.816534521e-14	8.672233396e-13	4.999999912e-15	4.999999912e-15	1.368595856e-13	8.986021129e-12	4.999999912e-15	1.607209049e-12	5.571755622e-13	2.213318862e-09	4.999999912e-15	1.214073736e-13	4.999999912e-15	1.877934266e-11	1.013673059e-13	1.89747591e-13	4.999999912e-15	4.999999912e-15	1.417660748e-13	7.051068171e-14	1	1	1	1	1	1	1	0	0	0	0	0	0	0	0	0	0
738.2	1748435259.611	05/28/2025_14:27:39.611	1	3	4.652149073e-05	6.87592501e-06	0.0120000001	1.354218929e-13	5.254069749e-13	4.999999912e-15	4.999999912e-15	1.438648598e-13	9.4688607e-14	4.999999912e-15	2.773434897e-14	1.837857123e-13	4.999999912e-15	4.999999912e-15	1.713602269e-13	1.258797618e-13	5.58917539e-12	5.768295726e-14	3.188762405e-12	8.690194831e-13	4.32346433e-12	3.393862665e-12	4.185501945e-10	4.999999912e-15	4.999999912e-15	1.288746128e-13	4.999999912e-15	4.999999912e-15	2.73520254e-14	2.039372902e-13	5.446170424e-12	4.999999912e-15	9.430260392e-12	1.280781172e-13	5.354588301e-13	4.999999912e-15	1.582338183e-13	4.999999912e-15	8.867767631e-12	1.027970298e-13	1.701829758e-12	5.86451135e-13	2.229759488e-09	1.801536486e-13	4.999999912e-15	4.999999912e-15	1.94503632e-11	2.64025672e-13	4.999999912e-15	4.999999912e-15	1.292091569e-13	6.712951592e-14	4.999999912e-15	1	1	1	1	1	1	1	0	0	0	0	0	0	0	0	0	0
747.219	1748435268.630	05/28/2025_14:27:48.630	1	3	4.64491859e-05	6.76352829e-06	0.01000000071	1.382733988e-13	1.927384305e-13	4.999999912e-15	3.897620345e-13	4.999999912e-15	4.999999912e-15	9.898973866e-14	7.40113198e-14	4.999999912e-15	4.999999912e-15	9.612232207e-14	4.113157433e-14	4.999999912e-15	5.765585492e-12	1.989989933e-13	2.909268529e-12	6.271685103e-13	4.521077089e-12	3.400346194e-12	4.164033562e-10	4.999999912e-15	1.636500722e-13	4.999999912e-15	6.548871824e-14	5.85909698e-14	1.507307462e-13	4.999999912e-15	5.609597856e-12	1.830529543e-13	9.386197548e-12	4.999999912e-15	8.543159127e-13	9.010073097e-14	4.999999912e-15	4.999999912e-15	8.974977012e-12	4.999999912e-15	1.494340242e-12	4.431439211e-13	2.201781202e-09	4.999999912e-15	4.999999912e-15	7.350155505e-14	1.924758963e-11	4.999999912e-15	4.999999912e-15	1.718381568e-13	4.999999912e-15	4.999999912e-15	6.051851864e-14	1	1	1	1	1	1	1	0	0	0	0	0	0	0	0	0	0
756.238	1748435277.649	05/28/2025_14:27:57.649	1	3	4.633835852e-05	6.794708042e-06	0.0120000001	4.999999912e-15	4.191710455e-13	1.517044953e-13	4.999999912e-15	4.999999912e-15	1.068133957e-13	5.163150316e-14	4.999999912e-15	4.999999912e-15	1.789609043e-13	4.999999912e-15	4.999999912e-15	6.563408264e-14	5.917751966e-12	4.999999912e-15	2.771347388e-12	9.735070822e-13	4.388922819e-12	3.17202189e-12	4.144853905e-10	4.999999912e-15	4.999999912e-15	4.999999912e-15	8.291824394e-14	1.670611078e-13	4.999999912e-15	4.999999912e-15	5.678831537e-12	4.999999912e-15	8.985110399e-12	9.838638015e-14	7.824572695e-13	4.999999912e-15	4.999999912e-15	7.157599844e-14	8.834427981e-12	4.999999912e-15	1.597139088e-12	5.935102128e-13	2.234447294e-09	4.999999912e-15	4.999999912e-15	4.999999912e-15	1.886295807e-11	1.692594903e-13	2.397979818e-13	4.999999912e-15	4.999999912e-15	1.049177225e-13	1.77322214e-14	1	1	1	1	1	1	1	0	0	0	0	0	0	0	0	0	0
765.257	1748435286.668	05/28/2025_14:28:06.668	1	3	4.626947702e-05	6.773910627e-06	0.0120000001	1.630626244e-13	4.718200114e-13	4.999999912e-15	4.999999912e-15	1.783236915e-13	8.333244305e-14	4.999999912e-15	4.999999912e-15	2.099927491e-13	4.999999912e-15	4.999999912e-15	1.640343948e-13	1.778457752e-13	5.417227431e-12	4.999999912e-15	3.151981714e-12	7.559017431e-13	4.078700051e-12	3.37196048e-12	4.107565121e-10	4.999999912e-15	4.999999912e-15	1.336556462e-13	4.999999912e-15	4.999999912e-15	1.261207122e-13	1.414454898e-13	5.487033571e-12	4.999999912e-15	9.143710095e-12	1.663304707e-14	5.391725478e-13	5.797169385e-14	1.441058102e-13	4.999999912e-15	8.727998359e-12	1.860657353e-13	1.650441177e-12	2.299691199e-13	2.194209259e-09	1.327794889e-13	4.999999912e-15	4.999999912e-15	1.902425266e-11	1.600359249e-13	4.999999912e-15	4.999999912e-15	1.553046699e-13	4.999999912e-15	4.999999912e-15	1	1	1	1	1	1	1	0	0	0	0	0	0	0	0	0	0
774.276	1748435295.687	05/28/2025_14:28:15.687	1	3	4.627173985e-05	6.786908671e-06	0.01400000043	1.235738671e-13	2.590913595e-13	5.360882365e-14	2.382069693e-13	4.999999912e-15	4.999999912e-15	1.361427518e-13	2.405486834e-13	4.999999912e-15	4.999999912e-15	1.841720136e-13	4.999999912e-15	4.999999912e-15	5.805972023e-12	1.830887601e-13	2.919403868e-12	8.147655185e-13	4.322591764e-12	3.247022876e-12	4.14521667e-10	1.618900191e-14	1.387074863e-13	4.999999912e-15	4.999999912e-15	1.44904298e-13	2.236988264e-14	4.999999912e-15	5.462184524e-12	1.640522841e-13	8.951930343e-12	4.999999912e-15	7.873816074e-13	7.790224358e-14	4.999999912e-15	4.999999912e-15	8.950799303e-12	4.999999912e-15	1.485423221e-12	3.971257459e-13	2.196958837e-09	4.999999912e-15	4.999999912e-15	1.567403569e-13	1.933915875e-11	4.999999912e-15	1.617105701e-13	1.019089191e-13	4.999999912e-15	4.999999912e-15	1.278750326e-13	1	1	1	1	1	1	1	0	0	0	0	0	0	0	0	0	0
783.295	1748435304.706	05/28/2025_14:28:24.706	1	3	4.632997297e-05	6.818188467e-06	0.01400000043	4.999999912e-15	4.331537299e-13	1.660694423e-13	4.999999912e-15	4.999999912e-15	1.604620571e-13	4.999999912e-15	4.999999912e-15	9.330069269e-14	1.730468389e-13	4.999999912e-15	4.999999912e-15	3.32650628e-13	5.811112008e-12	4.999999912e-15	3.062211509e-12	9.763545224e-13	4.170772235e-12	3.22750225e-12	4.141999244e-10	7.931405099e-14	4.999999912e-15	4.999999912e-15	2.023423069e-13	4.999999912e-15	4.999999912e-15	1.04372118e-13	5.633044812e-12	4.999999912e-15	9.095678204e-12	1.800879189e-13	7.913581899e-13	4.999999912e-15	1.108078879e-13	2.40064804e-13	8.645683995e-12	4.999999912e-15	1.775185901e-12	4.778057832e-13	2.212966477e-09	4.999999912e-15	1.500437551e-13	4.999999912e-15	1.905735118e-11	2.558674572e-13	1.38398841e-13	4.999999912e-15	4.999999912e-15	1.669774616e-13	4.999999912e-15	1	1	1	1	1	1	1	0	0	0	0	0	0	0	0	0	0
792.314	1748435313.725	05/28/2025_14:28:33.725	1	3	4.637183883e-05	6.897043022e-06	0.0120000001	2.786435362e-13	4.778336472e-13	4.999999912e-15	2.916207382e-14	2.270618318e-13	4.999999912e-15	4.999999912e-15	1.484467524e-13	1.752252721e-13	4.999999912e-15	5.992312224e-14	2.787072873e-13	4.999999912e-15	5.494511963e-12	1.550577429e-13	3.263261623e-12	7.43786868e-13	4.186331837e-12	3.511532211e-12	4.11848472e-10	4.999999912e-15	4.999999912e-15	2.144452151e-13	4.999999912e-15	4.999999912e-15	1.333449952e-13	2.075097567e-14	5.287038602e-12	5.111377969e-14	9.256711717e-12	4.999999912e-15	5.761701879e-13	1.64169771e-13	1.484626766e-13	4.999999912e-15	8.79985234e-12	1.66113244e-13	1.650114724e-12	3.007226629e-13	2.190778225e-09	1.840027561e-13	4.999999912e-15	4.999999912e-15	1.927692901e-11	1.649503423e-13	4.999999912e-15	4.507625759e-14	2.431194081e-13	4.999999912e-15	4.999999912e-15	1	1	1	1	1	1	1	0	0	0	0	0	0	0	0	0	0
801.333	1748435322.744	05/28/2025_14:28:42.744	1	3	4.628637907e-05	6.779103387e-06	0.01000000071	1.914801325e-14	2.310981267e-13	1.49870486e-13	8.457297362e-14	4.999999912e-15	4.999999912e-15	1.481341227e-13	8.828468555e-14	4.999999912e-15	3.047431421e-14	2.033797664e-13	4.999999912e-15	4.999999912e-15	5.728197864e-12	1.839768707e-13	2.889642735e-12	8.497758703e-13	4.407017286e-12	3.382536222e-12	4.148265342e-10	6.02954847e-14	1.492811002e-13	4.999999912e-15	4.999999912e-15	1.745940225e-13	4.999999912e-15	4.999999912e-15	5.641585289e-12	2.187522895e-13	9.154016087e-12	4.999999912e-15	8.505245661e-13	1.425746186e-14	4.999999912e-15	4.999999912e-15	8.925578159e-12	4.999999912e-15	1.506654176e-12	5.636710716e-13	2.20339591e-09	4.999999912e-15	1.177872632e-13	2.531295621e-14	1.891893586e-11	4.999999912e-15	1.869558111e-13	1.108576664e-13	4.999999912e-15	4.999999912e-15	1.785128713e-13	1	1	1	1	1	1	1	0	0	0	0	0	0	0	0	0	0
810.352	1748435331.763	05/28/2025_14:28:51.763	1	3	4.616378646e-05	6.750582088e-06	0.01400000043	4.999999912e-15	4.856076478e-13	1.965556895e-13	4.999999912e-15	2.191387737e-14	2.208172339e-13	4.999999912e-15	4.999999912e-15	4.566566716e-14	1.2254439e-13	4.999999912e-15	3.038869612e-14	1.937519969e-13	5.686693737e-12	4.999999912e-15	3.015245605e-12	1.050616733e-12	4.222970931e-12	3.498469743e-12	4.118192454e-10	1.076497358e-13	4.999999912e-15	1.705519135e-14	2.056358556e-13	4.999999912e-15	4.999999912e-15	1.587376064e-13	5.785746882e-12	4.999999912e-15	9.097808444e-12	3.77856302e-13	6.999791372e-13	4.999999912e-15	8.657420755e-14	1.651096523e-13	8.768245678e-12	4.775251917e-14	1.740151643e-12	3.551877217e-13	2.18134022e-09	3.46101728e-14	4.513998496e-14	4.999999912e-15	1.883970931e-11	2.434539386e-13	7.768519985e-14	4.999999912e-15	5.55423356e-14	2.231908235e-13	1.407625779e-14	1	1	1	1	1	1	1	0	0	0	0	0	0	0	0	0	0
819.371	1748435340.782	05/28/2025_14:29:00.782	1	3	4.612728662e-05	6.812965239e-06	0.01400000043	2.103193108e-13	3.863629794e-13	4.999999912e-15	1.289005117e-13	1.461846594e-13	4.999999912e-15	4.999999912e-15	1.810875533e-13	9.251612334e-14	4.999999912e-15	3.800328514e-14	2.050623668e-13	5.03969086e-14	5.693798297e-12	1.182114167e-13	3.072482373e-12	6.289467645e-13	4.26869087e-12	3.527430518e-12	4.091537664e-10	4.999999912e-15	1.249498416e-13	1.885587904e-13	4.999999912e-15	4.999999912e-15	2.114662883e-13	1.489724549e-13	5.4469298e-12	1.66272554e-13	9.385935605e-12	4.999999912e-15	6.985135669e-13	1.532257665e-13	1.484786279e-13	4.999999912e-15	8.80498105e-12	1.978460256e-13	1.540165022e-12	3.525911117e-13	2.157627632e-09	1.079524111e-13	4.999999912e-15	4.741798859e-14	1.90891903e-11	7.265128982e-14	4.999999912e-15	4.846937332e-14	1.205531307e-13	4.999999912e-15	2.755313644e-14	1	1	1	1	1	1	1	0	0	0	0	0	0	0	0	0	0
828.39	1748435349.801	05/28/2025_14:29:09.801	1	3	4.61542586e-05	6.831264272e-06	0.01400000043	4.999999912e-15	2.737291188e-13	2.238041295e-13	1.461607934e-13	4.999999912e-15	4.999999912e-15	1.785626361e-13	4.999999912e-15	4.999999912e-15	1.593031262e-13	1.52182371e-13	4.999999912e-15	4.999999912e-15	5.888105975e-12	7.453899423e-14	2.773434694e-12	1.003774321e-12	4.462201442e-12	3.286017725e-12	4.10193407e-10	1.152882314e-13	3.547836802e-14	4.999999912e-15	8.71237964e-14	1.978380567e-13	4.999999912e-15	4.999999912e-15	5.674530724e-12	4.825431504e-14	8.971602107e-12	2.173067939e-14	9.582459609e-13	1.634630101e-14	4.999999912e-15	4.474629218e-13	8.914921752e-12	4.999999912e-15	1.532319302e-12	6.022080079e-13	2.173611957e-09	4.999999912e-15	1.187928607e-13	1.919280029e-13	1.892094641e-11	2.509192974e-14	2.402599604e-13	3.450663149e-14	4.999999912e-15	7.726304541e-14	1.671566531e-13	1	1	1	1	1	1	1	0	0	0	0	0	0	0	0	0	0
837.409	1748435358.820	05/28/2025_14:29:18.820	1	3	4.617228115e-05	6.815575944e-06	0.01400000043	2.210901513e-14	5.138556681e-13	4.999999912e-15	4.999999912e-15	1.376023183e-13	2.31542216e-13	4.999999912e-15	4.999999912e-15	1.802790908e-13	6.577160013e-15	4.999999912e-15	1.165745696e-13	1.648587544e-13	5.66885601e-12	4.999999912e-15	3.150400297e-12	8.900292612e-13	4.059595975e-12	3.61839508e-12	4.127439779e-10	4.999999912e-15	4.999999912e-15	1.527040755e-13	1.20286295e-13	4.999999912e-15	2.590375559e-13	2.606624497e-13	5.53185709e-12	4.999999912e-15	9.150429546e-12	2.416259467e-13	6.691104918e-13	4.999999912e-15	1.973720937e-13	4.595639597e-14	8.686624337e-12	4.53032658e-14	1.68150075e-12	3.451079754e-13	2.16990359e-09	1.807410694e-13	7.39456036e-14	4.999999912e-15	1.884831353e-11	2.715108412e-13	4.999999912e-15	4.999999912e-15	1.706732357e-13	1.086891671e-13	4.999999912e-15	1	1	1	1	1	1	1	0	0	0	0	0	0	0	0	0	0
846.428	1748435367.839	05/28/2025_14:29:27.839	1	3	4.619395258e-05	6.815575944e-06	0.01400000043	2.88904534e-13	2.637668187e-13	3.840353193e-14	2.224918925e-13	1.412164656e-13	4.999999912e-15	3.327403254e-14	2.437585995e-13	4.999999912e-15	4.999999912e-15	2.180314848e-13	1.510772166e-13	4.999999912e-15	5.650964072e-12	1.531959238e-13	3.01311298e-12	7.287826484e-13	4.355177243e-12	3.475054446e-12	4.085258243e-10	4.832799674e-14	1.417899408e-13	5.748781442e-14	4.999999912e-15	1.176877064e-13	1.748927202e-13	4.999999912e-15	5.349279613e-12	2.470720568e-13	9.196863757e-12	4.999999912e-15	7.81463544e-13	2.078361897e-13	4.999999912e-15	4.999999912e-15	9.063099229e-12	1.119050599e-13	1.44143226e-12	4.767524266e-13	2.190632564e-09	4.999999912e-15	4.999999912e-15	3.84756002e-13	1.92826137e-11	5.383980954e-14	1.646777062e-14	1.462185272e-13	4.828020376e-14	4.999999912e-15	9.890611279e-14	1	1	1	1	1	1	1	0	0	0	0	0	0	0	0	0	0
855.447	1748435376.858	05/28/2025_14:29:36.858	1	3	4.609475218e-05	6.857506378e-06	0.0120000001	4.999999912e-15	3.37355957e-13	2.590435462e-13	4.999999912e-15	4.999999912e-15	1.544782911e-13	1.872465263e-13	4.999999912e-15	4.999999912e-15	1.229685299e-13	7.361705646e-14	4.999999912e-15	4.871828581e-14	5.832718857e-12	4.999999912e-15	2.881888521e-12	1.023338532e-12	4.141673983e-12	3.26280951e-12	4.088396843e-10	1.552748002e-13	4.999999912e-15	4.999999912e-15	1.10511196e-13	1.511648337e-13	4.999999912e-15	4.999999912e-15	5.612071138e-12	4.409855456e-14	8.86096925e-12	8.604254191e-14	8.63431993e-13	4.999999912e-15	4.999999912e-15	1.934114896e-13	8.991277341e-12	4.999999912e-15	1.645616477e-12	5.479360997e-13	2.175176927e-09	4.999999912e-15	1.950045079e-13	1.449520842e-13	1.904114019e-11	4.999999912e-15	2.030651173e-13	2.815846514e-13	4.999999912e-15	5.270080433e-14	1.514515781e-13	1	1	1	1	1	1	1	0	0	0	0	0	0	0	0	0	0
864.466	1748435385.877	05/28/2025_14:29:45.877	1	3	4.599559907e-05	6.807738828e-06	0.01400000043	8.269738518e-15	5.922676087e-13	4.999999912e-15	4.999999912e-15	2.028401454e-13	9.489768184e-14	4.999999912e-15	5.346346602e-14	1.845682759e-13	1.347888611e-14	4.999999912e-15	1.739747533e-13	1.141571782e-13	5.508300413e-12	2.909039112e-14	3.116425737e-12	7.897053779e-13	4.141544312e-12	3.520811464e-12	4.069940773e-10	4.999999912e-15	4.999999912e-15	1.146669565e-13	1.787559697e-14	4.999999912e-15	6.882009204e-14	1.997337706e-13	5.401536423e-12	4.999999912e-15	9.274242832e-12	9.693674086e-14	5.495271664e-13	1.011762898e-14	4.526721337e-13	4.999999912e-15	8.753678338e-12	1.011900795e-13	1.673476245e-12	2.696032416e-13	2.165324586e-09	1.864002388e-13	5.161557894e-14	4.999999912e-15	1.912865526e-11	3.775137754e-13	4.999999912e-15	4.999999912e-15	1.296093902e-13	7.312121693e-14	4.999999912e-15	1	1	1	1	1	1	1	0	0	0	0	0	0	0	0	0	0
873.485	1748435394.896	05/28/2025_14:29:54.896	1	3	4.600029206e-05	6.826030585e-06	0.0120000001	1.659440001e-13	2.61620261e-13	5.003650624e-14	1.742435677e-13	6.351336964e-14	4.999999912e-15	4.152982889e-14	1.858088336e-13	4.999999912e-15	4.999999912e-15	1.052821364e-13	8.707401797e-14	4.999999912e-15	5.498915559e-12	2.235632198e-13	2.885293783e-12	6.484670656e-13	4.295746051e-12	3.483485202e-12	4.080358273e-10	4.999999912e-15	1.748330213e-13	5.550052605e-14	4.999999912e-15	5.667936552e-14	1.347528317e-13	4.999999912e-15	5.316116904e-12	1.12195809e-13	9.147245461e-12	4.999999912e-15	7.596910839e-13	1.000411302e-13	4.999999912e-15	4.999999912e-15	8.928764846e-12	1.096310475e-13	1.425378695e-12	3.363324972e-13	2.179591396e-09	4.999999912e-15	4.999999912e-15	1.47098669e-13	1.891689583e-11	4.999999912e-15	4.999999912e-15	3.528997569e-13	2.002417058e-14	4.999999912e-15	3.906065331e-14	1	1	1	1	1	1	1	0	0	0	0	0	0	0	0	0	0
882.504	1748435403.915	05/28/2025_14:30:03.915	1	3	4.607059236e-05	6.826030585e-06	0.0120000001	4.999999912e-15	2.800752523e-13	1.715434164e-13	4.999999912e-15	4.999999912e-15	4.539288189e-14	1.660793898e-13	4.999999912e-15	4.999999912e-15	1.792536117e-13	6.12515274e-15	4.999999912e-15	1.209894408e-14	5.761961221e-12	4.999999912e-15	2.863875803e-12	9.814620904e-13	4.158308246e-12	3.322344353e-12	4.056601166e-10	1.454180472e-13	4.999999912e-15	4.999999912e-15	3.405063639e-14	1.333908027e-13	4.999999912e-15	4.999999912e-15	5.41364913e-12	2.205525394e-14	8.914929558e-12	8.728908303e-14	8.806724338e-13	1.730090138e-13	4.999999912e-15	1.102762155e-13	8.809455769e-12	4.999999912e-15	1.544926079e-12	6.022140252e-13	2.165711832e-09	4.999999912e-15	1.111045866e-13	1.172536189e-13	1.877808846e-11	6.009637097e-14	1.866770356e-13	4.999999912e-15	4.999999912e-15	4.220685216e-14	1.157083869e-13	1	1	1	1	1	1	1	0	0	0	0	0	0	0	0	0	0
891.523	1748435412.934	05/28/2025_14:30:12.934	1	3	4.607002847e-05	6.857506378e-06	0.0120000001	1.144538972e-13	5.122447605e-13	6.011628641e-14	4.999999912e-15	1.310052869e-13	1.199816342e-13	4.999999912e-15	2.718873778e-14	2.421018572e-13	2.411422502e-14	4.999999912e-15	1.050073385e-13	2.161517357e-13	5.589123782e-12	4.999999912e-15	3.063961845e-12	8.303530931e-13	4.085846678e-12	3.450999903e-12	4.06536721e-10	4.999999912e-15	4.999999912e-15	9.718564657e-14	9.039943544e-14	4.999999912e-15	4.451949063e-13	2.175694927e-13	5.455326729e-12	4.999999912e-15	9.007614099e-12	1.666409523e-13	6.036995448e-13	1.444464936e-14	2.017668395e-13	6.718924191e-14	8.658251199e-12	7.378432175e-14	1.741905882e-12	2.832652732e-13	2.199147753e-09	1.623557517e-13	5.519387641e-14	4.999999912e-15	1.90142433e-11	3.503469758e-13	4.999999912e-15	1.266404245e-13	1.221481412e-13	1.109811299e-13	4.999999912e-15	1	1	1	1	1	1	1	0	0	0	0	0	0	0	0	0	0
900.542	1748435421.953	05/28/2025_14:30:21.953	1	3	4.607774463e-05	6.78430888e-06	0.0120000001	3.344945306e-13	2.428486015e-13	4.999999912e-15	1.536399724e-13	8.46307345e-14	4.999999912e-15	3.53270405e-14	8.375457717e-14	4.999999912e-15	4.999999912e-15	1.944847956e-13	1.462484105e-13	4.999999912e-15	5.549837933e-12	1.800202375e-13	2.977347969e-12	6.546419765e-13	4.224851372e-12	3.561664418e-12	4.075053073e-10	4.999999912e-15	8.829466021e-14	2.142005377e-14	4.999999912e-15	4.529928814e-14	9.253207467e-14	4.999999912e-15	5.193163174e-12	4.999999912e-15	8.998213633e-12	4.999999912e-15	6.180984002e-13	1.295217866e-13	4.999999912e-15	4.999999912e-15	8.678256898e-12	1.286615535e-13	1.424225646e-12	3.279631883e-13	2.180132297e-09	4.999999912e-15	4.999999912e-15	5.183063722e-14	1.912447804e-11	6.323659315e-14	1.21009363e-14	1.71465774e-13	9.345023128e-15	4.999999912e-15	2.159528117e-14	1	1	1	1	1	1	1	0	0	0	0	0	0	0	0	0	0
909.561	1748435430.972	05/28/2025_14:30:30.972	1	3	4.59572002e-05	6.781701813e-06	0.01400000043	4.999999912e-15	2.226313209e-13	2.071791089e-13	4.999999912e-15	4.999999912e-15	8.980601771e-14	1.044776583e-13	4.999999912e-15	4.999999912e-15	1.343943945e-13	1.899667896e-14	4.999999912e-15	4.999999912e-15	5.657730361e-12	4.999999912e-15	2.891195963e-12	9.472762201e-13	4.112923543e-12	3.269169874e-12	4.062531977e-10	1.361944954e-13	4.999999912e-15	4.999999912e-15	8.294014482e-14	7.981784585e-14	4.999999912e-15	4.999999912e-15	5.493060867e-12	4.999999912e-15	8.71371638e-12	5.625719752e-14	8.425516144e-13	4.999999912e-15	4.999999912e-15	9.993757531e-14	8.700079719e-12	4.999999912e-15	1.829533487e-12	5.984226244e-13	2.184116221e-09	4.999999912e-15	1.034581424e-13	1.184324448e-13	1.856445032e-11	1.660717191e-14	1.402566756e-13	4.378393942e-14	4.999999912e-15	5.620942486e-14	1.10961228e-13	1	1	1	1	1	1	1	0	0	0	0	0	0	0	0	0	0
918.58	1748435439.991	05/28/2025_14:30:39.991	1	3	4.589505261e-05	6.841757568e-06	0.01400000043	6.948915998e-14	4.847553023e-13	4.999999912e-15	4.999999912e-15	1.51656682e-13	4.927384794e-14	4.999999912e-15	4.999999912e-15	2.095148734e-13	6.43777566e-15	4.999999912e-15	8.005083413e-14	1.162918232e-13	5.442477198e-12	1.4753298e-14	3.05412271e-12	7.982120824e-13	4.010391845e-12	3.334349723e-12	4.05389472e-10	4.999999912e-15	4.999999912e-15	1.35710643e-13	2.227231461e-14	4.999999912e-15	4.999999912e-15	1.319033316e-13	5.117264251e-12	4.999999912e-15	9.007317461e-12	1.529629694e-13	5.62398652e-13	4.999999912e-15	2.105184381e-13	4.999999912e-15	8.6615385e-12	7.805956131e-14	1.677633943e-12	2.905991149e-13	2.16304441e-09	1.709958537e-13	4.999999912e-15	4.999999912e-15	1.883602128e-11	3.098267357e-13	4.999999912e-15	4.999999912e-15	1.021936848e-13	4.999999912e-15	4.999999912e-15	1	1	1	1	1	1	1	0	0	0	0	0	0	0	0	0	0
927.599	1748435449.010	05/28/2025_14:30:49.010	1	3	4.589421951e-05	6.797319202e-06	0.01400000043	1.607527723e-13	2.477948944e-13	4.999999912e-15	8.10066261e-14	4.999999912e-15	4.999999912e-15	2.553796204e-14	5.475379536e-14	4.999999912e-15	4.999999912e-15	1.159413684e-13	5.868854122e-14	4.999999912e-15	5.467327546e-12	1.302625678e-13	2.779296758e-12	7.010862702e-13	4.2309602e-12	3.429436206e-12	4.025926259e-10	4.999999912e-15	6.547475236e-14	4.999999912e-15	4.999999912e-15	9.327281514e-14	3.804310924e-14	4.999999912e-15	5.19960637e-12	8.529184032e-14	9.015219127e-12	4.999999912e-15	5.966802573e-13	1.022892708e-13	4.999999912e-15	4.999999912e-15	8.755478981e-12	2.034476916e-14	1.347482455e-12	3.813051762e-13	2.172201086e-09	4.999999912e-15	4.999999912e-15	2.160324328e-14	1.880062425e-11	4.999999912e-15	4.999999912e-15	1.518637511e-13	4.999999912e-15	4.999999912e-15	4.999999912e-15	1	1	1	1	1	1	1	0	0	0	0	0	0	0	0	0	0
936.618	1748435458.029	05/28/2025_14:30:58.029	1	3	4.595524297e-05	6.826030585e-06	0.01400000043	4.999999912e-15	3.064575503e-13	1.487334968e-13	4.999999912e-15	4.999999912e-15	1.361168529e-13	4.960040625e-14	4.999999912e-15	4.999999912e-15	1.182113896e-13	4.999999912e-15	4.999999912e-15	1.059292899e-13	5.64618274e-12	4.999999912e-15	2.852264648e-12	7.93934959e-13	4.190616604e-12	3.164845122e-12	4.040110746e-10	1.236435677e-13	4.999999912e-15	4.999999912e-15	4.161943143e-14	4.085478429e-14	4.999999912e-15	4.999999912e-15	5.45553186e-12	4.999999912e-15	8.807737525e-12	4.015386114e-14	7.363793277e-13	4.999999912e-15	4.999999912e-15	8.537944386e-14	8.510926339e-12	4.999999912e-15	1.539512116e-12	5.511919046e-13	2.14815854e-09	4.999999912e-15	1.048619741e-13	4.999999912e-15	1.809148838e-11	8.19544763e-14	9.62119246e-14	4.999999912e-15	4.999999912e-15	2.068725508e-14	4.999999912e-15	1	1	1	1	1	1	1	0	0	0	0	0	0	0	0	0	0
945.637	1748435467.048	05/28/2025_14:31:07.048	1	3	4.596179133e-05	6.852252227e-06	0.01400000043	9.876681992e-15	4.083524968e-13	4.999999912e-15	4.999999912e-15	1.205909558e-13	2.195169908e-14	4.999999912e-15	3.947483209e-14	1.455853125e-13	4.999999912e-15	4.999999912e-15	1.103956675e-13	1.567525271e-14	5.29454822e-12	4.999999912e-15	3.155117877e-12	6.576268393e-13	3.891264481e-12	3.453027144e-12	4.079820648e-10	4.999999912e-15	4.999999912e-15	1.64398768e-13	4.999999912e-15	4.999999912e-15	4.999999912e-15	8.310741011e-14	5.186063818e-12	4.999999912e-15	9.028612927e-12	1.344502173e-14	4.490698178e-13	4.999999912e-15	1.011721428e-13	4.999999912e-15	8.526814671e-12	2.686932437e-13	1.631004359e-12	2.4412899e-13	2.174366909e-09	1.053139848e-13	4.999999912e-15	4.999999912e-15	1.889589873e-11	1.609100765e-13	4.999999912e-15	4.999999912e-15	4.922405934e-14	4.999999912e-15	4.999999912e-15	1	1	1	1	1	1	1	0	0	0	0	0	0	0	0	0	0
954.656	1748435476.067	05/28/2025_14:31:16.067	1	3	4.590831304e-05	6.794708042e-06	0.01400000043	6.314697029e-14	1.08069898e-13	4.999999912e-15	1.446613418e-13	4.999999912e-15	4.999999912e-15	3.587461003e-14	9.268138286e-14	4.999999912e-15	4.999999912e-15	4.340955763e-14	4.999999912e-15	4.999999912e-15	5.505860524e-12	1.588550933e-13	2.707848269e-12	5.813854172e-13	4.192980598e-12	3.369808122e-12	4.043610446e-10	4.999999912e-15	2.128422357e-13	4.999999912e-15	4.999999912e-15	9.006884865e-14	2.923175753e-14	4.999999912e-15	5.079444244e-12	8.396763645e-14	8.948165993e-12	4.999999912e-15	6.681407814e-13	1.804882199e-14	4.999999912e-15	4.999999912e-15	8.687916705e-12	4.999999912e-15	1.262078983e-12	3.468144825e-13	2.163515145e-09	4.999999912e-15	4.999999912e-15	6.947124354e-14	1.887739097e-11	4.999999912e-15	4.999999912e-15	5.6982007e-14	4.999999912e-15	4.999999912e-15	2.523330123e-14	1	1	1	1	1	1	1	0	0	0	0	0	0	0	0	0	0
963.675	1748435485.086	05/28/2025_14:31:25.086	1	3	4.58315335e-05	6.78950255e-06	0.01400000043	4.999999912e-15	2.399015231e-13	7.142465059e-14	4.999999912e-15	4.999999912e-15	6.655005052e-14	4.999999912e-15	4.999999912e-15	4.999999912e-15	9.149658028e-14	4.999999912e-15	4.999999912e-15	5.71294585e-15	5.526500698e-12	4.999999912e-15	2.843518823e-12	8.725021573e-13	4.024226698e-12	3.1620095e-12	4.039804047e-10	9.106650438e-14	4.999999912e-15	4.999999912e-15	4.942518562e-14	5.987533603e-14	4.999999912e-15	4.999999912e-15	5.366067833e-12	4.999999912e-15	8.647543619e-12	6.376226858e-14	6.693135629e-13	4.999999912e-15	1.035397625e-13	6.755365581e-14	8.604596202e-12	4.999999912e-15	1.5188186e-12	4.896697197e-13	2.144660227e-09	4.999999912e-15	7.918260503e-14	4.999999912e-15	1.859658261e-11	1.158696891e-13	9.727922677e-14	4.999999912e-15	4.999999912e-15	5.962045365e-14	1.954564711e-13	1	1	1	1	1	1	1	0	0	0	0	0	0	0	0	0	0
972.694	1748435494.105	05/28/2025_14:31:34.105	1	3	4.578846711e-05	6.857506378e-06	0.0120000001	9.987585032e-14	4.00158422e-13	4.999999912e-15	4.999999912e-15	1.598049086e-13	4.999999912e-15	4.999999912e-15	4.999999912e-15	1.07681591e-13	4.999999912e-15	4.999999912e-15	5.654594089e-14	4.999999912e-15	5.328696252e-12	4.999999912e-15	3.060916971e-12	5.606224577e-13	3.938618529e-12	3.462403758e-12	4.017273458e-10	4.999999912e-15	4.999999912e-15	6.027356348e-14	4.999999912e-15	4.999999912e-15	5.469804026e-14	4.999999912e-15	4.914321554e-12	4.999999912e-15	8.999901518e-12	4.999999912e-15	5.317730306e-13	4.999999912e-15	4.348322917e-14	4.999999912e-15	8.519131581e-12	1.39940075e-13	1.574605897e-12	1.588172275e-13	2.168112578e-09	2.146781288e-14	4.999999912e-15	4.999999912e-15	1.884678004e-11	1.348424004e-13	4.999999912e-15	4.999999912e-15	8.20340974e-14	4.999999912e-15	4.999999912e-15	1	1	1	1	1	1	1	0	0	0	0	0	0	0	0	0	0
981.713	1748435503.124	05/28/2025_14:31:43.124	1	3	4.584205817e-05	6.76872105e-06	0.01400000043	4.999999912e-15	4.036490109e-14	1.404838702e-14	6.34795222e-14	4.999999912e-15	4.999999912e-15	7.931405099e-14	4.999999912e-15	4.999999912e-15	4.999999912e-15	5.700992521e-15	4.999999912e-15	4.999999912e-15	5.56902224e-12	2.927756507e-14	2.733509599e-12	6.523997922e-13	4.178833061e-12	3.245901594e-12	4.01624789e-10	4.999999912e-15	3.752934649e-14	4.999999912e-15	4.999999912e-15	9.021022861e-14	4.999999912e-15	4.999999912e-15	5.314490167e-12	1.085298979e-13	8.873930236e-12	4.999999912e-15	7.060683418e-13	4.999999912e-15	4.999999912e-15	4.999999912e-15	8.675234142e-12	4.999999912e-15	1.469391449e-12	5.256439273e-13	2.155618128e-09	4.999999912e-15	4.999999912e-15	8.680119882e-14	1.871346654e-11	4.999999912e-15	5.352318523e-14	4.999999912e-15	4.999999912e-15	4.999999912e-15	7.518813317e-14	1	1	1	1	1	1	1	0	0	0	0	0	0	0	0	0	0
990.732	1748435512.143	05/28/2025_14:31:52.143	1	3	4.586841533e-05	6.960779501e-06	0.0120000001	4.999999912e-15	3.773066928e-13	4.999999912e-15	4.999999912e-15	4.999999912e-15	1.117517537e-13	4.999999912e-15	4.999999912e-15	5.671319263e-14	4.999999912e-15	4.999999912e-15	4.999999912e-15	1.196211912e-13	5.337592781e-12	4.999999912e-15	2.964579754e-12	8.597501508e-13	3.922871576e-12	3.25509758e-12	4.024907907e-10	4.999999912e-15	4.999999912e-15	4.073527811e-14	1.577279702e-14	4.999999912e-15	4.999999912e-15	1.501273606e-13	5.025251482e-12	4.999999912e-15	8.875623327e-12	5.061198043e-14	4.970374156e-13	4.999999912e-15	1.479767914e-13	4.999999912e-15	8.413698557e-12	4.999999912e-15	1.640660047e-12	1.965636584e-13	2.12851714e-09	6.448708483e-14	4.999999912e-15	4.999999912e-15	1.892781244e-11	1.532337625e-13	4.999999912e-15	4.999999912e-15	2.077485861e-14	4.999999912e-15	4.999999912e-15	1	1	1	1	1	1	1	0	0	0	0	0	0	0	0	0	0
999.751	1748435521.162	05/28/2025_14:32:01.162	1	3	4.588848606e-05	6.737660442e-06	0.0120000001	1.699484195e-13	1.455434894e-13	4.999999912e-15	2.621678374e-13	4.999999912e-15	4.999999912e-15	4.999999912e-15	1.508959787e-13	4.999999912e-15	4.999999912e-15	8.066013542e-14	9.050493509e-14	4.999999912e-15	5.368262692e-12	1.602310407e-13	2.762191734e-12	6.661554988e-13	4.030292593e-12	3.507800821e-12	4.05048689e-10	4.999999912e-15	1.89749529e-13	4.999999912e-15	4.999999912e-15	4.999999912e-15	1.077094617e-13	4.999999912e-15	5.225147138e-12	2.486590578e-13	8.841425855e-12	4.999999912e-15	6.656615905e-13	1.154833607e-13	4.999999912e-15	4.999999912e-15	8.7078348e-12	4.999999912e-15	1.418311649e-12	2.147597963e-13	2.14939333e-09	4.999999912e-15	4.999999912e-15	1.390280577e-13	1.859219896e-11	4.999999912e-15	2.15912764e-14	8.524800467e-14	4.999999912e-15	4.999999912e-15	4.999999912e-15	1	1	1	1	1	1	1	0	0	0	0	0	0	0	0	0	0
1008.77	1748435530.181	05/28/2025_14:32:10.181	1	3	4.577934669e-05	6.852252227e-06	0.01400000043	4.999999912e-15	3.471470073e-13	1.69143955e-13	4.999999912e-15	4.999999912e-15	1.363279064e-13	2.172668648e-14	4.999999912e-15	4.999999912e-15	1.892636574e-13	4.999999912e-15	4.999999912e-15	1.992659239e-14	5.746627132e-12	4.999999912e-15	2.779722849e-12	8.699891935e-13	4.192134487e-12	3.253579914e-12	4.051212976e-10	1.110468325e-13	4.999999912e-15	4.999999912e-15	9.290242458e-14	4.999999912e-15	4.999999912e-15	2.701549244e-14	5.283347111e-12	4.999999912e-15	8.809796642e-12	1.181675742e-13	6.713406957e-13	4.999999912e-15	4.999999912e-15	9.19147435e-14	8.486383471e-12	4.999999912e-15	1.629409498e-12	4.202821359e-13	2.134070032e-09	4.999999912e-15	1.399281082e-13	4.999999912e-15	1.86254831e-11	1.822225774e-13	1.731265007e-13	4.999999912e-15	4.999999912e-15	1.425725179e-13	4.999999912e-15	1	1	1	1	1	1	1	0	0	0	0	0	0	0	0	0	0
1017.789	1748435539.200	05/28/2025_14:32:19.200	1	3	4.566959979e-05	6.799924449e-06	0.0120000001	1.798947547e-13	3.900448215e-13	4.999999912e-15	4.999999912e-15	1.729333365e-13	4.999999912e-15	4.999999912e-15	7.408697679e-14	8.977811983e-14	4.999999912e-15	4.999999912e-15	1.832719631e-13	4.999999912e-15	5.318502583e-12	1.267359834e-13	2.997787999e-12	6.170488382e-13	4.060390479e-12	3.550626806e-12	3.997850107e-10	4.999999912e-15	1.442869126e-14	1.823161576e-13	4.999999912e-15	4.999999912e-15	1.108696061e-13	1.900064985e-14	5.196414479e-12	5.826441489e-15	8.980055415e-12	4.999999912e-15	5.336707096e-13	9.802992836e-14	4.999999912e-15	4.999999912e-15	8.363958831e-12	2.0670515e-13	1.491117993e-12	1.764060632e-13	2.137288346e-09	1.512524101e-13	4.999999912e-15	4.999999912e-15	1.853680057e-11	1.440838686e-13	4.999999912e-15	4.999999912e-15	9.635724835e-14	4.999999912e-15	4.999999912e-15	1	1	1	1	1	1	1	0	0	0	0	0	0	0	0	0	0
1026.808	1748435548.219	05/28/2025_14:32:28.219	1	3	4.568991062e-05	6.912925983e-06	0.00800000038	4.999999912e-15	1.73468973e-13	8.733485669e-14	1.836164548e-13	4.999999912e-15	4.999999912e-15	6.640269389e-14	2.109744264e-14	4.999999912e-15	1.470568459e-13	1.18956128e-13	4.999999912e-15	4.999999912e-15	5.593450616e-12	9.179527798e-14	2.870309242e-12	7.330300646e-13	4.341534944e-12	3.423944288e-12	4.033006151e-10	7.749004346e-14	1.164550905e-13	4.999999912e-15	4.999999912e-15	1.181436947e-13	4.999999912e-15	4.999999912e-15	5.26118038e-12	1.645003307e-13	8.767031372e-12	4.999999912e-15	7.173388944e-13	4.999999912e-15	4.999999912e-15	4.41961192e-14	8.799528814e-12	4.999999912e-15	1.350847494e-12	5.195187813e-13	2.109408648e-09	4.999999912e-15	4.999999912e-15	1.550059587e-13	1.870058622e-11	4.999999912e-15	1.217757584e-13	1.191154109e-13	4.999999912e-15	5.518789635e-14	3.753732893e-14	1	1	1	1	1	1	1	0	0	0	0	0	0	0	0	0	0
1035.827	1748435557.238	05/28/2025_14:32:37.238	1	3	4.574916238e-05	6.76352829e-06	0.01400000043	4.999999912e-15	4.391792377e-13	1.845045655e-13	4.999999912e-15	4.999999912e-15	1.283190405e-13	4.999999912e-15	4.999999912e-15	4.87640798e-14	1.768899426e-13	4.999999912e-15	4.999999912e-15	1.088524412e-13	5.57444195e-12	4.999999912e-15	2.858214316e-12	9.198227032e-13	3.970502312e-12	3.236299683e-12	3.99216743e-10	7.187866703e-14	4.999999912e-15	4.999999912e-15	1.210867886e-13	4.999999912e-15	4.999999912e-15	7.579747512e-14	5.375092732e-12	4.999999912e-15	8.744088786e-12	1.717604737e-13	6.929618554e-13	4.999999912e-15	4.999999912e-15	2.627214039e-13	8.64657998e-12	4.999999912e-15	1.700557338e-12	3.947342399e-13	2.136965049e-09	4.999999912e-15	9.311351196e-14	4.999999912e-15	1.857456203e-11	1.723180246e-13	1.832142023e-13	4.999999912e-15	4.999999912e-15	1.536957139e-13	2.359450932e-14	1	1	1	1	1	1	1	0	0	0	0	0	0	0	0	0	0
1044.846	1748435566.257	05/28/2025_14:32:46.257	1	3	4.576380525e-05	6.870664947e-06	0.01400000043	4.999999912e-15	4.879353215e-13	4.999999912e-15	4.999999912e-15	1.728855232e-13	3.387937988e-14	4.999999912e-15	5.272469744e-14	1.602210931e-13	4.999999912e-15	4.999999912e-15	1.272935479e-13	5.449293631e-14	5.267319567e-12	1.159315699e-14	3.007059662e-12	7.978396589e-13	3.923343855e-12	3.463536966e-12	4.010808075e-10	4.999999912e-15	4.999999912e-15	1.801178022e-13	4.999999912e-15	4.999999912e-15	6.177300831e-14	1.775530677e-13	5.047595588e-12	4.999999912e-15	9.034838849e-12	1.380304562e-13	4.395715291e-13	4.999999912e-15	1.872863572e-13	4.020363279e-14	8.481457724e-12	4.5428708e-14	1.670347888e-12	2.319384376e-13	2.155143841e-09	1.544065982e-13	6.650424975e-14	4.999999912e-15	1.876745287e-11	2.598798997e-13	4.999999912e-15	4.999999912e-15	9.536961471e-14	4.303919417e-14	4.999999912e-15	1	1	1	1	1	1	1	0	0	0	0	0	0	0	0	0	0
1053.865	1748435575.276	05/28/2025_14:32:55.276	1	3	4.573138722e-05	6.84962788e-06	0.01400000043	1.977743192e-13	2.733945882e-13	4.999999912e-15	1.447270716e-13	4.570549465e-14	4.999999912e-15	4.999999912e-15	1.506371525e-13	4.999999912e-15	4.999999912e-15	1.082152624e-13	8.490948287e-14	4.999999912e-15	5.656035969e-12	1.606571863e-13	2.904842165e-12	6.350399807e-13	4.156088234e-12	3.637499807e-12	3.988490649e-10	4.999999912e-15	1.511628279e-13	1.336736914e-14	4.999999912e-15	5.322663561e-15	1.286376469e-13	4.999999912e-15	4.970276361e-12	1.059213074e-13	8.992310369e-12	4.999999912e-15	6.569279083e-13	1.807132054e-13	4.999999912e-15	4.999999912e-15	8.558214901e-12	1.433889222e-13	1.325753851e-12	3.519619221e-13	2.158827561e-09	4.999999912e-15	4.999999912e-15	4.999999912e-15	1.910995494e-11	4.999999912e-15	4.999999912e-15	1.577260322e-13	7.928615989e-14	4.999999912e-15	4.999999912e-15	1	1	1	1	1	1	1	0	0	0	0	0	0	0	0	0	0
1062.884	1748435584.295	05/28/2025_14:33:04.295	1	3	4.567093129e-05	6.891759313e-06	0.00800000038	4.999999912e-15	2.388461607e-13	1.22142151e-13	1.21807634e-13	4.999999912e-15	4.999999912e-15	1.300275669e-13	4.999999912e-15	4.999999912e-15	1.177932399e-13	1.792197575e-13	4.999999912e-15	4.999999912e-15	5.583462512e-12	4.999999912e-15	2.670083989e-12	8.082361278e-13	4.159326529e-12	3.247247523e-12	3.993206321e-10	1.270008404e-13	4.999999912e-15	4.999999912e-15	9.341038685e-15	9.230505629e-14	4.999999912e-15	4.999999912e-15	5.215907133e-12	4.999999912e-15	8.532826355e-12	4.999999912e-15	8.011153589e-13	7.263136761e-14	4.999999912e-15	9.681326379e-14	8.648846396e-12	4.999999912e-15	1.509161069e-12	9.160829647e-13	2.143678124e-09	4.999999912e-15	5.142839822e-14	1.027392825e-13	1.85060977e-11	4.999999912e-15	1.3808819e-13	4.999999912e-15	4.999999912e-15	4.999999912e-15	1.900522383e-13	1	1	1	1	1	1	1	0	0	0	0	0	0	0	0	0	0
1071.903	1748435593.314	05/28/2025_14:33:13.314	1	3	4.555359192e-05	6.709306035e-06	0.01000000071	4.999999912e-15	4.488747156e-13	6.763528268e-14	4.999999912e-15	4.955461226e-14	2.420062848e-13	4.999999912e-15	4.999999912e-15	1.518418637e-13	1.198860618e-13	4.999999912e-15	3.843539392e-14	1.940566441e-13	5.4141947e-12	4.999999912e-15	2.977572832e-12	9.022774932e-13	3.985263942e-12	3.390911033e-12	3.997264741e-10	3.045440554e-14	4.999999912e-15	1.480345658e-13	1.693490319e-13	4.999999912e-15	4.999999912e-15	1.849287054e-13	5.005205018e-12	4.999999912e-15	8.925652752e-12	2.590673986e-13	6.024888704e-13	4.999999912e-15	1.341912828e-13	3.266869197e-14	8.418852421e-12	4.999999912e-15	1.740472241e-12	3.880057625e-13	2.127931165e-09	9.298009411e-14	2.088875812e-13	4.999999912e-15	1.856889816e-11	3.461732853e-13	1.83793749e-14	4.999999912e-15	6.304741343e-14	2.181589192e-13	4.999999912e-15	1	1	1	1	1	1	1	0	0	0	0	0	0	0	0	0	0
1080.922	1748435602.333	05/28/2025_14:33:22.333	1	3	4.555922351e-05	6.794708042e-06	0.0120000001	1.150194035e-13	3.505779651e-13	4.999999912e-15	1.26855476e-13	2.104407821e-13	4.999999912e-15	4.999999912e-15	1.682418988e-13	7.100449514e-14	4.999999912e-15	4.999999912e-15	2.273266888e-13	4.999999912e-15	5.44555373e-12	1.714438595e-13	2.955501512e-12	5.981956467e-13	4.149145437e-12	3.582558729e-12	3.981474872e-10	4.999999912e-15	8.242638885e-14	1.200692649e-13	4.999999912e-15	4.999999912e-15	1.737856007e-13	4.999999912e-15	4.895693659e-12	1.316663656e-13	8.86396425e-12	4.999999912e-15	5.473148519e-13	1.897635017e-13	3.438116558e-14	4.999999912e-15	8.552737511e-12	2.281709706e-13	1.481934367e-12	2.65973143e-13	2.127128251e-09	1.34422272e-13	4.999999912e-15	2.544438523e-14	1.892064456e-11	1.426103566e-13	4.999999912e-15	2.69621131e-13	1.282891978e-13	4.999999912e-15	4.999999912e-15	1	1	1	1	1	1	1	0	0	0	0	0	0	0	0	0	0
1089.941	1748435611.352	05/28/2025_14:33:31.352	1	3	4.564481787e-05	6.773910627e-06	0.0120000001	4.999999912e-15	1.866710454e-13	1.034202902e-13	1.147147427e-13	4.999999912e-15	4.999999912e-15	1.631741617e-13	4.999999912e-15	4.999999912e-15	6.107806182e-14	1.711073503e-13	4.999999912e-15	4.999999912e-15	5.551279488e-12	4.999999912e-15	2.763350746e-12	7.617640243e-13	4.19670982e-12	3.19408497e-12	3.976238783e-10	1.282394059e-13	1.327795025e-13	4.999999912e-15	4.999999912e-15	1.447270851e-13	4.999999912e-15	4.999999912e-15	5.13309794e-12	2.027923185e-13	8.569526165e-12	4.999999912e-15	7.193420664e-13	4.999999912e-15	4.999999912e-15	2.483705922e-14	8.715494472e-12	4.999999912e-15	1.437105209e-12	5.844938249e-13	2.134249222e-09	4.999999912e-15	4.999999912e-15	1.816530867e-13	1.819824152e-11	4.999999912e-15	1.487414521e-13	1.006803216e-13	4.999999912e-15	4.181855871e-14	1.502388979e-13	1	1	1	1	1	1	1	0	0	0	0	0	0	0	0	0	0
1098.96	1748435620.371	05/28/2025_14:33:40.371	1	3	4.567300493e-05	6.873290204e-06	0.0120000001	1.73240125e-14	4.629529182e-13	1.568399273e-13	4.999999912e-15	5.039492315e-14	2.00615864e-13	4.999999912e-15	4.999999912e-15	9.68471451e-14	1.526981124e-13	4.999999912e-15	4.999999912e-15	1.892258458e-13	5.592417154e-12	4.999999912e-15	2.981838084e-12	8.611421038e-13	3.843737394e-12	3.274251313e-12	3.994836406e-10	4.999999912e-15	4.999999912e-15	4.832400213e-14	1.972546204e-13	4.999999912e-15	4.999999912e-15	1.110886421e-13	5.059396044e-12	4.999999912e-15	8.833669907e-12	1.783933515e-13	5.746708448e-13	4.999999912e-15	1.24724829e-13	2.403137368e-13	8.300201672e-12	4.999999912e-15	1.765319119e-12	4.838214248e-13	2.123633713e-09	7.483170848e-14	1.64709392e-13	4.999999912e-15	1.842953741e-11	3.008640971e-13	9.230704851e-14	4.999999912e-15	4.276439635e-14	3.269416801e-13	4.999999912e-15	1	1	1	1	1	1	1	0	0	0	0	0	0	0	0	0	0
1107.979	1748435629.390	05/28/2025_14:33:49.390	1	3	4.556062413e-05	6.810354535e-06	0.0120000001	1.888395446e-13	3.3761088e-13	4.999999912e-15	1.167876424e-13	1.902413909e-13	4.999999912e-15	4.999999912e-15	1.477876523e-13	5.019979048e-14	4.999999912e-15	6.99212552e-14	1.753945296e-13	4.999999912e-15	5.376400714e-12	1.533631891e-13	2.988604373e-12	6.9168949e-13	4.117125477e-12	3.77188775e-12	4.008176568e-10	4.999999912e-15	1.243544384e-13	1.989392402e-13	4.999999912e-15	4.999999912e-15	7.066997812e-14	4.483133632e-14	4.946192327e-12	8.379638671e-14	8.965072608e-12	4.999999912e-15	4.994288945e-13	8.210778249e-14	3.269258846e-14	4.999999912e-15	8.550363542e-12	1.425944324e-13	1.60389551e-12	3.50036379e-13	2.119666442e-09	1.37114468e-13	4.999999912e-15	4.999999912e-15	1.881321141e-11	2.152197826e-13	4.999999912e-15	6.420235979e-14	9.399165474e-14	4.999999912e-15	4.999999912e-15	1	1	1	1	1	1	1	0	0	0	0	0	0	0	0	0	0
1116.998	1748435638.409	05/28/2025_14:33:58.409	1	3	4.548729339e-05	6.833889984e-06	0.01400000043	4.999999912e-15	2.23670732e-13	9.707414993e-14	1.390499857e-13	4.999999912e-15	4.999999912e-15	9.933621579e-14	4.999999912e-15	4.999999912e-15	4.316663536e-14	1.351630261e-13	4.999999912e-15	4.999999912e-15	5.634699304e-12	1.048958284e-13	2.70435562e-12	8.716120816e-13	4.071031273e-12	3.334454891e-12	3.997727982e-10	3.631668669e-14	9.031977369e-14	4.999999912e-15	4.999999912e-15	2.142879109e-13	4.999999912e-15	4.999999912e-15	5.262636247e-12	7.813323285e-14	8.46382426e-12	1.51933655e-14	8.058525635e-13	4.999999912e-15	4.999999912e-15	1.192329249e-13	8.85627769e-12	4.999999912e-15	1.398484627e-12	5.207354188e-13	2.118028641e-09	4.999999912e-15	4.999999912e-15	7.066200923e-14	1.83494938e-11	4.999999912e-15	1.317221343e-13	1.992460016e-14	4.999999912e-15	4.999999912e-15	1.187231601e-13	1	1	1	1	1	1	1	0	0	0	0	0	0	0	0	0	0
1126.017	1748435647.428	05/28/2025_14:34:07.428	1	3	4.546337732e-05	6.732499514e-06	0.01400000043	4.999999912e-15	5.317471723e-13	1.539167692e-13	4.999999912e-15	6.649230998e-14	1.99906999e-13	4.999999912e-15	4.999999912e-15	1.43450681e-13	8.21834598e-14	4.999999912e-15	4.999999912e-15	2.470282551e-13	5.412048414e-12	4.999999912e-15	2.975505909e-12	9.133370059e-13	3.727837483e-12	3.374618944e-12	3.952830285e-10	4.999999912e-15	4.999999912e-15	9.432221443e-14	1.313756639e-13	4.999999912e-15	4.999999912e-15	7.590699987e-14	5.124860605e-12	4.999999912e-15	8.696742111e-12	2.105164594e-13	5.97697781e-13	4.999999912e-15	1.365848081e-13	2.182903245e-13	8.571675487e-12	1.89648007e-13	1.720515765e-12	3.761896393e-13	2.126532506e-09	9.054677852e-14	1.454738158e-13	4.999999912e-15	1.831054752e-11	3.070847613e-13	1.04358186e-13	4.999999912e-15	9.373280147e-14	1.71694771e-13	4.999999912e-15	1	1	1	1	1	1	1	0	0	0	0	0	0	0	0	0	0
1135.036	1748435656.447	05/28/2025_14:34:16.447	1	3	4.553387407e-05	6.826030585e-06	0.0120000001	2.041324331e-13	3.914546638e-13	4.999999912e-15	1.345019202e-13	1.699464408e-13	4.999999912e-15	4.999999912e-15	1.436458103e-13	7.326658811e-14	4.999999912e-15	4.999999912e-15	1.466725504e-13	4.999999912e-15	5.348523274e-12	1.302645193e-13	3.016306606e-12	5.288518646e-13	3.951691405e-12	3.583673722e-12	3.957958128e-10	4.999999912e-15	2.117789044e-13	1.738811596e-13	4.999999912e-15	4.999999912e-15	6.627326726e-14	9.184109907e-14	4.892284494e-12	1.511648201e-13	8.931285399e-12	4.999999912e-15	4.849644449e-13	1.64339042e-13	6.778663731e-14	1.095872389e-13	8.676960192e-12	1.875969947e-13	1.487207384e-12	3.02007063e-13	2.133459853e-09	1.263457112e-13	4.999999912e-15	4.999999912e-15	1.863488877e-11	2.085451088e-13	4.999999912e-15	6.337398867e-14	1.219171384e-13	4.999999912e-15	4.999999912e-15	1	1	1	1	1	1	1	0	0	0	0	0	0	0	0	0	0
1144.055	1748435665.466	05/28/2025_14:34:25.466	1	3	4.558061482e-05	6.831264272e-06	0.01400000043	3.218084165e-14	3.484117563e-14	1.022096226e-13	1.443447683e-13	4.999999912e-15	4.999999912e-15	5.18704681e-14	4.999999912e-15	4.999999912e-15	1.148762346e-14	1.237630603e-13	4.999999912e-15	4.999999912e-15	5.519976837e-12	4.921013412e-14	2.632564305e-12	7.06470635e-13	4.034318452e-12	3.321334744e-12	3.959174655e-10	7.289820332e-14	6.646246054e-14	4.999999912e-15	1.733398039e-14	1.361248354e-13	4.999999912e-15	4.999999912e-15	5.076052859e-12	1.563083023e-13	8.641753112e-12	4.999999912e-15	7.619391771e-13	4.999999912e-15	4.999999912e-15	6.208167389e-14	8.696187e-12	4.999999912e-15	1.427993249e-12	5.019757938e-13	2.118422771e-09	4.999999912e-15	3.171546142e-13	1.408241877e-13	1.839947292e-11	4.999999912e-15	1.486140177e-13	4.113357333e-14	4.999999912e-15	4.999999912e-15	5.85929688e-14	1	1	1	1	1	1	1	0	0	0	0	0	0	0	0	0	0
1153.074	1748435674.485	05/28/2025_14:34:34.485	1	3	4.552568862e-05	6.76872105e-06	0.0120000001	4.999999912e-15	5.091323955e-13	1.26252131e-13	4.999999912e-15	1.349881171e-14	1.52393438e-13	1.452408208e-13	4.999999912e-15	1.891123705e-13	1.370686876e-13	4.999999912e-15	1.697157226e-14	2.037202601e-13	5.343570638e-12	4.999999912e-15	2.985564053e-12	8.688820605e-13	3.700379413e-12	3.24696086e-12	3.971822593e-10	7.524391537e-14	4.999999912e-15	4.999999912e-15	1.301709256e-13	4.999999912e-15	4.999999912e-15	1.450018762e-13	5.007954988e-12	4.999999912e-15	8.702434606e-12	2.077187435e-13	5.903918305e-13	4.999999912e-15	3.917814017e-14	1.400316766e-13	8.394394554e-12	4.999999912e-15	1.732867539e-12	3.961082493e-13	2.135659649e-09	7.196230645e-14	2.006457609e-13	4.999999912e-15	1.837492832e-11	2.307695864e-13	2.713117274e-13	4.999999912e-15	4.999999912e-15	1.810357962e-13	4.999999912e-15	1	1	1	1	1	1	1	0	0	0	0	0	0	0	0	0	0
1162.093	1748435683.504	05/28/2025_14:34:43.504	1	3	4.543895921e-05	6.750582088e-06	0.01400000043	1.797414621e-13	4.106325197e-13	4.999999912e-15	9.266747797e-14	2.083519582e-13	4.999999912e-15	4.999999912e-15	1.455713805e-13	1.530744661e-13	4.999999912e-15	9.767177572e-15	1.712985087e-13	4.999999912e-15	5.1978543e-12	1.178529659e-13	2.971636825e-12	5.799058607e-13	3.873504382e-12	3.61588255e-12	3.958162687e-10	4.999999912e-15	4.999999912e-15	1.040097235e-13	4.999999912e-15	4.999999912e-15	1.122615049e-13	6.639870945e-14	4.874711745e-12	7.345575428e-14	8.933864065e-12	4.999999912e-15	5.111833266e-13	1.368575934e-13	5.709553652e-14	4.999999912e-15	8.498047752e-12	2.026808219e-13	1.463405894e-12	3.226983025e-13	2.112126474e-09	8.459091717e-14	4.999999912e-15	4.999999912e-15	1.84049373e-11	9.876870372e-14	4.999999912e-15	3.115312912e-13	1.764757909e-13	4.999999912e-15	4.999999912e-15	1	1	1	1	1	1	1	0	0	0	0	0	0	0	0	0	0
1171.112	1748435692.523	05/28/2025_14:34:52.523	1	3	4.538225039e-05	6.846995802e-06	0.01400000043	4.999999912e-15	1.895763006e-13	7.883016478e-14	1.34187339e-13	4.999999912e-15	4.999999912e-15	1.671467327e-13	4.999999912e-15	4.999999912e-15	1.064930479e-14	1.421842245e-13	4.999999912e-15	4.999999912e-15	5.61508522e-12	4.999999912e-15	2.676999681e-12	7.84231458e-13	4.017884983e-12	3.358872425e-12	3.963513129e-10	4.298743029e-14	5.949102024e-14	4.999999912e-15	4.999999912e-15	1.231955347e-13	4.999999912e-15	4.999999912e-15	5.03808063e-12	1.638173104e-13	8.504984043e-12	4.999999912e-15	7.497746998e-13	4.999999912e-15	4.999999912e-15	8.856348136e-14	8.677331423e-12	4.999999912e-15	1.427377856e-12	5.110301288e-13	2.094295404e-09	4.999999912e-15	4.68743764e-14	1.120285437e-13	1.837838735e-11	5.276850598e-14	8.539339618e-14	5.762720894e-14	4.999999912e-15	4.999999912e-15	7.038721141e-14	1	1	1	1	1	1	1	0	0	0	0	0	0	0	0	0	0
1180.131	1748435701.542	05/28/2025_14:35:01.542	1	3	4.539603469e-05	6.760936685e-06	0.01400000043	4.999999912e-15	4.725408433e-13	8.878450275e-14	4.999999912e-15	4.999999912e-15	1.941621912e-13	4.999999912e-15	4.999999912e-15	7.051266038e-14	8.242839462e-14	4.999999912e-15	4.999999912e-15	2.35118511e-13	5.443181496e-12	4.999999912e-15	2.899987108e-12	8.049385811e-13	3.776477828e-12	3.356767338e-12	3.945486993e-10	4.999999912e-15	4.999999912e-15	1.878759735e-14	1.799047158e-13	4.999999912e-15	4.999999912e-15	1.414813091e-13	4.980140866e-12	4.999999912e-15	8.781464271e-12	1.989730673e-13	5.142459809e-13	4.999999912e-15	1.413379505e-13	7.653423793e-14	8.404717027e-12	4.999999912e-15	1.684870125e-12	4.209751037e-13	2.108357711e-09	2.528707766e-14	6.570177074e-14	4.999999912e-15	1.797889095e-11	2.958440784e-13	7.865295871e-14	4.999999912e-15	2.880764475e-14	2.097896374e-13	4.999999912e-15	1	1	1	1	1	1	1	0	0	0	0	0	0	0	0	0	0
1189.15	1748435710.561	05/28/2025_14:35:10.561	1	3	4.544038165e-05	6.826030585e-06	0.0120000001	2.320838292e-13	3.880874029e-13	4.999999912e-15	5.721899327e-14	1.952374623e-13	4.999999912e-15	4.999999912e-15	1.874317216e-13	4.412444666e-14	4.999999912e-15	1.9687641e-14	1.741778651e-13	4.999999912e-15	5.35643448e-12	1.745920574e-13	2.797357398e-12	5.687189543e-13	3.814080995e-12	3.571943305e-12	3.945293259e-10	4.999999912e-15	8.632330284e-14	3.987110121e-14	4.999999912e-15	4.999999912e-15	1.522898832e-13	5.621364648e-15	4.904146967e-12	7.152422778e-14	8.946730509e-12	4.999999912e-15	4.606331592e-13	7.572978025e-14	8.40912626e-15	4.999999912e-15	8.408436274e-12	1.355314244e-13	1.471080094e-12	2.598022166e-13	2.126470333e-09	1.158099224e-13	4.999999912e-15	4.999999912e-15	1.820115413e-11	2.548621172e-14	4.999999912e-15	8.860130647e-14	9.199442559e-14	4.999999912e-15	4.999999912e-15	1	1	1	1	1	1	1	0	0	0	0	0	0	0	0	0	0
1198.169	1748435719.580	05/28/2025_14:35:19.580	1	3	4.54865185e-05	6.727334494e-06	0.01600000076	4.999999912e-15	2.093395986e-13	1.112260376e-13	1.066700439e-13	4.999999912e-15	4.999999912e-15	1.889172141e-13	4.999999912e-15	4.999999912e-15	7.22291286e-14	8.860529769e-14	4.999999912e-15	4.999999912e-15	5.411747873e-12	4.999999912e-15	2.639892211e-12	8.253252682e-13	4.046521365e-12	3.210381613e-12	3.936076742e-10	1.135040412e-13	4.999999912e-15	4.999999912e-15	4.999999912e-15	1.424649786e-13	4.999999912e-15	4.999999912e-15	5.07340784e-12	3.99865823e-14	8.521098757e-12	4.999999912e-15	7.136869221e-13	4.999999912e-15	4.999999912e-15	4.999999912e-15	8.527343762e-12	4.999999912e-15	1.502020405e-12	5.474561776e-13	2.098565322e-09	4.999999912e-15	8.533962653e-14	6.314897607e-14	1.838174404e-11	3.570138163e-14	7.229285259e-14	4.999999912e-15	4.999999912e-15	4.999999912e-15	1.901916125e-13	1	1	1	1	1	1	1	0	0	0	0	0	0	0	0	0	0
1207.188	1748435728.599	05/28/2025_14:35:28.599	1	3	4.542336683e-05	6.828654932e-06	0.01400000043	4.999999912e-15	4.569134784e-13	4.999999912e-15	4.999999912e-15	8.250802927e-14	4.999999912e-15	4.999999912e-15	4.999999912e-15	1.900999974e-13	4.999999912e-15	4.999999912e-15	5.07593235e-14	9.275109706e-14	5.206412992e-12	4.999999912e-15	2.910819806e-12	7.607962654e-13	3.727158339e-12	3.446007585e-12	3.918614322e-10	4.999999912e-15	4.999999912e-15	1.597690621e-13	8.507277727e-14	4.999999912e-15	4.999999912e-15	1.877742482e-13	4.891362489e-12	4.999999912e-15	8.975397682e-12	1.62381637e-13	4.178049779e-13	4.999999912e-15	2.223106952e-13	7.301979659e-15	8.248251908e-12	1.373774954e-14	1.688167618e-12	2.906668233e-13	2.084635575e-09	1.334366238e-13	4.999999912e-15	4.999999912e-15	1.849921605e-11	2.477033064e-13	4.999999912e-15	4.999999912e-15	3.137238597e-14	1.595202919e-14	4.999999912e-15	1	1	1	1	1	1	1	0	0	0	0	0	0	0	0	0	0
1216.207	1748435737.618	05/28/2025_14:35:37.618	1	3	4.535935295e-05	6.753169146e-06	0.01400000043	1.413040827e-13	2.081149516e-13	4.999999912e-15	1.494762701e-13	4.999999912e-15	4.999999912e-15	6.566791653e-14	1.153380099e-13	4.999999912e-15	4.999999912e-15	1.21821566e-13	4.999999912e-15	4.999999912e-15	5.523515673e-12	1.621565973e-13	2.682315958e-12	6.856678853e-13	3.971333245e-12	3.514760098e-12	3.92645777e-10	4.999999912e-15	1.214392356e-13	4.999999912e-15	4.999999912e-15	6.472803521e-14	5.29079005e-14	1.701735947e-14	4.946654197e-12	2.228344056e-13	8.759463641e-12	4.999999912e-15	6.687022897e-13	7.368076689e-14	4.999999912e-15	4.999999912e-15	8.696889563e-12	4.999999912e-15	1.387899127e-12	3.67400175e-13	2.091262052e-09	4.999999912e-15	4.999999912e-15	1.048559975e-13	1.837175724e-11	4.999999912e-15	4.999999912e-15	1.419890952e-13	4.999999912e-15	4.999999912e-15	4.999999912e-15	1	1	1	1	1	1	1	0	0	0	0	0	0	0	0	0	0
1225.226	1748435746.637	05/28/2025_14:35:46.637	1	3	4.528805584e-05	6.812965239e-06	0.01400000043	4.999999912e-15	3.494429138e-13	8.227905255e-14	4.999999912e-15	4.999999912e-15	9.27291894e-14	6.794194249e-14	4.999999912e-15	4.999999912e-15	9.948355209e-14	4.999999912e-15	4.999999912e-15	9.433813187e-14	5.361183719e-12	4.999999912e-15	2.685132065e-12	7.670189353e-13	3.730848096e-12	3.268699764e-12	3.918992075e-10	6.305139109e-14	4.999999912e-15	4.999999912e-15	1.430523994e-13	4.253342063e-14	4.999999912e-15	4.999999912e-15	5.010928738e-12	4.999999912e-15	8.450574442e-12	1.959404047e-13	6.606855362e-13	4.999999912e-15	4.999999912e-15	1.685087345e-13	8.351854798e-12	4.999999912e-15	1.541094834e-12	4.505195045e-13	2.08086437e-09	4.999999912e-15	1.282374001e-13	4.999999912e-15	1.806109949e-11	1.562584697e-13	1.591896103e-13	4.999999912e-15	4.999999912e-15	1.268833671e-13	1.068591897e-13	1	1	1	1	1	1	1	0	0	0	0	0	0	0	0	0	0
1234.245	1748435755.656	05/28/2025_14:35:55.656	1	3	4.532085586e-05	6.76872105e-06	0.01400000043	7.859918906e-14	3.660739789e-13	4.999999912e-15	4.999999912e-15	2.19341716e-13	4.999999912e-15	4.999999912e-15	1.225662909e-13	1.617225234e-13	4.999999912e-15	4.999999912e-15	1.46668566e-13	4.999999912e-15	5.172331747e-12	1.760279476e-14	2.913856439e-12	5.697881945e-13	3.714153117e-12	3.571419636e-12	3.900904044e-10	4.999999912e-15	4.999999912e-15	1.465889042e-13	4.999999912e-15	4.999999912e-15	9.468860022e-14	8.605448846e-14	4.70489446e-12	4.999999912e-15	8.92310878e-12	6.722521032e-15	3.81701425e-13	1.071459477e-13	1.253062595e-13	4.999999912e-15	8.355152507e-12	1.582816181e-13	1.440560019e-12	1.951916818e-13	2.106498087e-09	5.62970284e-14	4.999999912e-15	4.999999912e-15	1.835915274e-11	1.482297087e-13	4.999999912e-15	7.691058483e-14	1.23426524e-13	4.999999912e-15	4.999999912e-15	1	1	1	1	1	1	1	0	0	0	0	0	0	0	0	0	0
1243.264	1748435764.675	05/28/2025_14:36:04.675	1	3	4.53945795e-05	6.844365089e-06	0.01600000076	3.666714149e-14	1.189620776e-13	6.368075013e-15	1.601892176e-13	4.999999912e-15	4.999999912e-15	1.875252883e-13	1.192768079e-14	4.999999912e-15	4.999999912e-15	1.290299519e-13	4.999999912e-15	4.999999912e-15	5.595049597e-12	1.577359933e-13	2.612725791e-12	6.516172693e-13	3.965861493e-12	3.4303864e-12	3.924484071e-10	4.999999912e-15	7.349757061e-14	4.999999912e-15	4.999999912e-15	4.256128463e-14	7.163374576e-14	4.999999912e-15	5.038339971e-12	1.794328304e-13	8.672858438e-12	4.999999912e-15	7.054611344e-13	4.999999912e-15	4.999999912e-15	2.481513801e-14	8.612244598e-12	4.999999912e-15	1.333187141e-12	4.402246796e-13	2.120991383e-09	4.999999912e-15	4.999999912e-15	2.390114474e-13	1.811140127e-11	4.999999912e-15	8.990556102e-14	6.878225338e-14	4.999999912e-15	4.999999912e-15	9.407926505e-14	1	1	1	1	1	1	1	0	0	0	0	0	0	0	0	0	0
1252.283	1748435773.694	05/28/2025_14:36:13.694	1	3	4.544051626e-05	6.773910627e-06	0.01400000043	4.999999912e-15	5.275554841e-13	1.127513339e-13	4.999999912e-15	5.700999297e-15	1.73190184e-13	4.999999912e-15	4.999999912e-15	1.103458958e-13	6.813111544e-14	4.999999912e-15	4.999999912e-15	1.423335733e-13	5.444687236e-12	4.999999912e-15	2.898545336e-12	8.610842616e-13	3.703939933e-12	3.486733255e-12	3.949177652e-10	4.999999912e-15	4.999999912e-15	4.999999912e-15	2.099409784e-13	4.999999912e-15	4.999999912e-15	1.996501109e-13	5.013092372e-12	4.999999912e-15	8.745501719e-12	1.586141293e-13	5.451105062e-13	4.999999912e-15	1.097405587e-13	1.537873155e-13	8.343919305e-12	4.999999912e-15	1.771060078e-12	3.392934534e-13	2.104530772e-09	1.694765883e-14	1.335082896e-13	4.999999912e-15	1.836961486e-11	2.508654092e-13	6.497508423e-15	4.999999912e-15	2.500830218e-14	9.032175236e-14	4.999999912e-15	1	1	1	1	1	1	1	0	0	0	0	0	0	0	0	0	0
1261.302	1748435782.713	05/28/2025_14:36:22.713	1	3	4.538960275e-05	6.873290204e-06	0.01400000043	1.84500581e-13	4.382831717e-13	4.999999912e-15	1.052642064e-13	1.488489778e-13	4.999999912e-15	4.999999912e-15	1.171161963e-13	4.415628155e-14	4.999999912e-15	6.766913012e-14	7.174724817e-14	4.999999912e-15	5.234171169e-12	2.126331338e-13	2.904694931e-12	5.551783534e-13	3.776071903e-12	3.583253269e-12	3.923990299e-10	4.999999912e-15	1.304337768e-13	7.087107729e-14	4.999999912e-15	4.999999912e-15	1.074944102e-13	4.999999912e-15	4.843310215e-12	1.457585409e-13	8.795171189e-12	4.999999912e-15	5.646727118e-13	1.91047834e-13	4.999999912e-15	4.999999912e-15	8.612150923e-12	5.570562322e-14	1.333571383e-12	4.77837713e-13	2.09388884e-09	4.999999912e-15	4.999999912e-15	9.374672669e-14	1.847241284e-11	4.999999912e-15	4.999999912e-15	6.77328541e-14	1.992518563e-13	4.999999912e-15	4.999999912e-15	1	1	1	1	1	1	1	0	0	0	0	0	0	0	0	0	0
1270.321	1748435791.732	05/28/2025_14:36:31.732	1	3	4.52358945e-05	6.823423064e-06	0.01400000043	4.999999912e-15	3.222721569e-13	1.809720451e-13	4.999999912e-15	4.999999912e-15	9.756199348e-14	2.114304012e-13	4.999999912e-15	4.999999912e-15	1.231776183e-13	1.020383525e-13	4.999999912e-15	4.999999912e-15	5.555632343e-12	4.999999912e-15	2.756218214e-12	8.313506676e-13	3.902756156e-12	3.167262893e-12	3.91795818e-10	1.302187253e-13	4.999999912e-15	4.999999912e-15	5.06637443e-14	1.050809898e-13	4.999999912e-15	4.999999912e-15	5.050998248e-12	4.999999912e-15	8.442471548e-12	1.178888259e-13	6.814802086e-13	4.999999912e-15	4.999999912e-15	9.635129202e-14	8.544073435e-12	4.999999912e-15	1.578456983e-12	5.35783386e-13	2.090056794e-09	4.999999912e-15	1.126000131e-13	5.827834011e-14	1.827361353e-11	1.218394689e-13	2.11812718e-13	4.999999912e-15	4.999999912e-15	9.402550217e-14	4.04684695e-14	1	1	1	1	1	1	1	0	0	0	0	0	0	0	0	0	0
1279.34	1748435800.751	05/28/2025_14:36:40.751	1	3	4.51920132e-05	6.79211189e-06	0.01600000076	2.044431925e-14	4.776543744e-13	4.999999912e-15	4.999999912e-15	8.808358638e-14	7.820689761e-14	4.999999912e-15	2.075912684e-13	1.159134637e-13	4.999999912e-15	4.999999912e-15	5.406286042e-15	3.785592852e-14	5.209423171e-12	4.999999912e-15	2.959931996e-12	6.917391464e-13	3.695648822e-12	3.47619546e-12	3.883232347e-10	4.999999912e-15	4.999999912e-15	7.409693112e-14	4.999999912e-15	4.999999912e-15	9.5481213e-15	5.721101083e-14	4.690149311e-12	4.999999912e-15	8.710207902e-12	1.044756526e-13	3.436184985e-13	5.553835793e-14	1.718281821e-13	4.999999912e-15	8.116573386e-12	9.753013149e-14	1.632985847e-12	1.76654996e-13	2.082272355e-09	1.321621848e-13	4.999999912e-15	4.999999912e-15	1.860594491e-11	1.851776111e-13	4.999999912e-15	4.999999912e-15	1.442850288e-13	4.999999912e-15	4.999999912e-15	1	1	1	1	1	1	1	0	0	0	0	0	0	0	0	0	0
1288.359	1748435809.770	05/28/2025_14:36:49.770	1	3	4.530896331e-05	6.966115961e-06	0.0120000001	1.535961571e-13	1.45439921e-13	4.999999912e-15	1.63982597e-13	4.999999912e-15	4.999999912e-15	8.504888417e-14	7.96326438e-14	4.999999912e-15	4.999999912e-15	1.331259457e-13	3.400882007e-14	4.999999912e-15	5.416507087e-12	1.802631666e-13	2.692266765e-12	5.559111114e-13	3.778811899e-12	3.417261916e-12	3.912594693e-10	4.999999912e-15	8.562237291e-14	4.999999912e-15	4.999999912e-15	4.999999912e-15	6.159974603e-14	4.999999912e-15	4.898396359e-12	1.712785729e-13	8.764124843e-12	4.999999912e-15	5.16085872e-13	2.194970686e-14	4.999999912e-15	4.999999912e-15	8.391422973e-12	4.999999912e-15	1.306187472e-12	4.270046502e-13	2.096677276e-09	4.999999912e-15	4.999999912e-15	1.437672681e-13	1.83234504e-11	4.999999912e-15	6.978783057e-14	1.033366508e-13	4.999999912e-15	4.999999912e-15	3.545843903e-14	1	1	1	1	1	1	1	0	0	0	0	0	0	0	0	0	0
1297.378	1748435818.789	05/28/2025_14:36:58.789	1	3	4.536850975e-05	6.841757568e-06	0.0120000001	4.999999912e-15	3.567150373e-13	8.900951536e-14	4.999999912e-15	4.999999912e-15	1.731842073e-13	4.999999912e-15	4.999999912e-15	5.886187805e-15	1.420567901e-13	4.999999912e-15	4.999999912e-15	5.358093255e-14	5.426696419e-12	4.999999912e-15	2.761763691e-12	8.360998525e-13	3.655474794e-12	3.272610698e-12	3.887150324e-10	3.31903965e-14	4.999999912e-15	4.999999912e-15	1.265567783e-13	4.999999912e-15	4.999999912e-15	5.617754254e-14	5.001091555e-12	4.999999912e-15	8.486536127e-12	1.640562821e-13	5.274061895e-13	4.999999912e-15	6.969434524e-15	1.139879342e-13	8.187384798e-12	4.999999912e-15	1.566415942e-12	4.276040242e-13	2.080031258e-09	3.502235936e-14	1.375485419e-13	4.999999912e-15	1.812471527e-11	1.944031551e-13	4.443705603e-14	4.999999912e-15	4.999999912e-15	1.130161909e-13	4.999999912e-15	1	1	1	1	1	1	1	0	0	0	0	0	0	0	0	0	0
1306.397	1748435827.808	05/28/2025_14:37:07.808	1	3	4.533759056e-05	6.779103387e-06	0.0120000001	1.135020558e-13	3.017800582e-13	4.999999912e-15	1.085637317e-13	1.382574339e-13	4.999999912e-15	4.999999912e-15	9.072200592e-14	1.322200135e-14	4.999999912e-15	4.999999912e-15	7.22271296e-14	4.999999912e-15	5.212348782e-12	2.256181895e-13	2.858244457e-12	4.478591976e-13	3.766626767e-12	3.613793943e-12	3.911873048e-10	4.999999912e-15	2.163310628e-14	6.152209682e-14	4.999999912e-15	4.999999912e-15	5.661563476e-14	4.999999912e-15	4.672317654e-12	3.995273486e-14	8.738957474e-12	4.999999912e-15	4.042106819e-13	4.999999912e-15	4.999999912e-15	4.999999912e-15	8.350915445e-12	4.755140644e-14	1.345823518e-12	2.832852225e-13	2.098422769e-09	8.535355175e-14	4.999999912e-15	4.999999912e-15	1.858607712e-11	5.996095412e-14	4.999999912e-15	4.999999912e-15	2.225438123e-14	4.999999912e-15	4.999999912e-15	1	1	1	1	1	1	1	0	0	0	0	0	0	0	0	0	0
1315.416	1748435836.827	05/28/2025_14:37:16.827	1	3	4.526040357e-05	6.786908671e-06	0.01400000043	4.999999912e-15	1.391654532e-13	6.72091438e-14	2.524923223e-14	4.999999912e-15	4.861870861e-14	9.859147055e-14	4.999999912e-15	4.999999912e-15	8.293217594e-14	2.115520351e-14	4.999999912e-15	4.999999912e-15	5.548426302e-12	4.999999912e-15	2.725228029e-12	7.649958683e-13	3.677673617e-12	3.3180353e-12	3.896711009e-10	1.164332031e-13	4.999999912e-15	4.999999912e-15	4.356887437e-14	1.022554098e-13	4.999999912e-15	4.999999912e-15	5.028371816e-12	5.465623749e-14	8.525541384e-12	4.999999912e-15	7.572379139e-13	4.999999912e-15	4.999999912e-15	1.076716366e-13	8.40866092e-12	4.999999912e-15	1.577590922e-12	5.425637695e-13	2.103442309e-09	4.999999912e-15	2.521737024e-14	3.984122467e-14	1.775312189e-11	4.591058843e-14	1.307065621e-13	4.999999912e-15	4.999999912e-15	4.999999912e-15	1.270745119e-13	1	1	1	1	1	1	1	0	0	0	0	0	0	0	0	0	0
1324.435	1748435845.846	05/28/2025_14:37:25.846	1	3	4.517309935e-05	6.745403425e-06	0.01400000043	1.547013521e-14	4.897255019e-13	4.999999912e-15	4.999999912e-15	7.050868271e-14	1.444880999e-13	4.999999912e-15	4.999999912e-15	1.505415801e-13	4.999999912e-15	4.999999912e-15	6.224094997e-14	1.08247104e-13	5.205994923e-12	4.999999912e-15	2.888545523e-12	5.950713555e-13	3.472033425e-12	3.387285244e-12	3.871697685e-10	4.999999912e-15	4.999999912e-15	1.245276939e-13	1.363817235e-14	4.999999912e-15	5.434170366e-15	9.837044238e-14	4.787016703e-12	4.999999912e-15	8.647949544e-12	4.75852471e-14	3.840451449e-13	4.999999912e-15	7.328052688e-14	4.999999912e-15	8.208008058e-12	3.06834026e-14	1.580715159e-12	2.548200908e-13	2.102744867e-09	1.370965516e-13	4.999999912e-15	4.999999912e-15	1.830456099e-11	2.115698296e-13	4.999999912e-15	4.999999912e-15	2.404053654e-14	1.193365746e-14	4.999999912e-15	1	1	1	1	1	1	1	0	0	0	0	0	0	0	0	0	0
1333.454	1748435854.865	05/28/2025_14:37:34.865	1	3	4.519247523e-05	6.841757568e-06	0.01400000043	1.179107132e-13	1.712765807e-13	4.999999912e-15	2.562796438e-13	4.999999912e-15	4.999999912e-15	7.978996153e-14	6.691842176e-14	4.999999912e-15	4.999999912e-15	1.042267536e-13	3.70016924e-14	4.999999912e-15	5.285161198e-12	3.209240599e-13	2.577376463e-12	4.85816682e-13	3.721126705e-12	3.418916626e-12	3.868998177e-10	4.999999912e-15	1.063613715e-13	4.999999912e-15	4.999999912e-15	8.453712719e-14	7.784647493e-14	4.999999912e-15	4.7946252e-12	9.847598269e-14	8.573248014e-12	4.999999912e-15	6.083829187e-13	5.935162572e-14	4.999999912e-15	4.999999912e-15	8.588143217e-12	4.999999912e-15	1.319136857e-12	4.371660911e-13	2.077590322e-09	6.132696076e-14	4.999999912e-15	2.860651169e-14	1.815196084e-11	4.999999912e-15	1.981308997e-14	9.019231217e-14	4.999999912e-15	4.999999912e-15	2.316994795e-13	1	1	1	1	1	1	1	0	0	0	0	0	0	0	0	0	0
1342.473	1748435863.884	05/28/2025_14:37:43.884	1	3	4.524582255e-05	6.78950255e-06	0.0120000001	4.999999912e-15	3.833004064e-13	1.265547996e-13	4.999999912e-15	4.999999912e-15	1.600080203e-13	4.999999912e-15	4.999999912e-15	4.999999912e-15	1.50880068e-13	4.999999912e-15	4.999999912e-15	1.595938551e-13	5.472492685e-12	4.999999912e-15	2.857199069e-12	7.615291319e-13	3.552580322e-12	3.324014891e-12	3.897105139e-10	1.124566545e-13	4.999999912e-15	4.999999912e-15	1.45193021e-13	2.519148491e-14	4.999999912e-15	5.999879277e-14	5.154688308e-12	4.999999912e-15	8.622178492e-12	9.950545298e-14	4.907331052e-13	4.999999912e-15	4.999999912e-15	1.285141969e-13	8.197002972e-12	4.999999912e-15	1.628063353e-12	3.68851759e-13	2.087394702e-09	4.999999912e-15	1.338985888e-13	4.999999912e-15	1.79318782e-11	2.2968636e-13	6.343968455e-14	4.999999912e-15	4.999999912e-15	1.787259034e-13	4.999999912e-15	1	1	1	1	1	1	1	0	0	0	0	0	0	0	0	0	0
1351.492	1748435872.903	05/28/2025_14:37:52.903	1	3	4.528711361e-05	6.828654932e-06	0.01400000043	1.498804607e-13	3.747658379e-13	4.999999912e-15	2.095806845e-14	1.131296866e-13	4.999999912e-15	4.999999912e-15	1.235479817e-13	5.406083431e-14	4.999999912e-15	4.999999912e-15	1.254914412e-13	4.999999912e-15	5.206162324e-12	5.457059907e-14	2.932202007e-12	4.845084295e-13	3.787776516e-12	3.538709039e-12	3.90663224e-10	4.999999912e-15	1.126517702e-13	4.999999912e-15	4.999999912e-15	4.999999912e-15	8.595289872e-14	4.999999912e-15	4.654183289e-12	1.173192945e-13	8.8626953e-12	4.999999912e-15	4.381995797e-13	1.561091209e-13	4.165127309e-14	4.999999912e-15	8.331170823e-12	1.203619723e-13	1.372229912e-12	2.744061488e-13	2.075384531e-09	7.250791086e-14	4.999999912e-15	2.368211286e-14	1.821359036e-11	1.041233208e-14	4.999999912e-15	8.298992326e-14	2.143597122e-14	4.999999912e-15	4.999999912e-15	1	1	1	1	1	1	1	0	0	0	0	0	0	0	0	0	0
1360.511	1748435881.922	05/28/2025_14:38:01.922	1	3	4.529337093e-05	6.760936685e-06	0.0120000001	4.999999912e-15	2.74623179e-13	2.086725161e-13	6.83282505e-14	4.999999912e-15	4.999999912e-15	1.471663638e-13	4.999999912e-15	4.999999912e-15	1.1242278e-13	1.449998704e-13	4.999999912e-15	2.998446828e-14	5.459635348e-12	4.999999912e-15	2.640228964e-12	8.562474731e-13	3.78855107e-12	3.299480697e-12	3.907944524e-10	1.400137466e-13	2.3341609e-14	4.999999912e-15	4.999999912e-15	1.216304076e-13	4.999999912e-15	4.999999912e-15	5.123812832e-12	4.999999912e-15	8.520957377e-12	6.83282505e-14	6.702793702e-13	4.999999912e-15	4.999999912e-15	1.388667827e-13	8.392241763e-12	4.999999912e-15	1.484340103e-12	5.955192936e-13	2.095048801e-09	4.999999912e-15	1.879315388e-13	6.254561756e-14	1.822250684e-11	1.295954446e-13	3.120908209e-13	4.999999912e-15	4.999999912e-15	1.112758296e-13	5.276451815e-14	1	1	1	1	1	1	1	0	0	0	0	0	0	0	0	0	0
1369.53	1748435890.941	05/28/2025_14:38:10.941	1	3	4.5170058e-05	6.841757568e-06	0.0120000001	4.999999912e-15	4.330800313e-13	4.999999912e-15	4.999999912e-15	1.5760059e-13	5.131488225e-14	4.999999912e-15	5.324645618e-15	2.191067423e-13	4.999999912e-15	4.999999912e-15	5.368847185e-14	1.167876288e-13	5.098372679e-12	4.999999912e-15	2.916010966e-12	6.318400664e-13	3.572682081e-12	3.498368262e-12	3.882332511e-10	4.999999912e-15	4.999999912e-15	1.604839444e-13	4.999999912e-15	4.999999912e-15	3.750348149e-14	9.71458157e-14	4.779674486e-12	4.999999912e-15	8.763365034e-12	4.96103538e-14	3.713189695e-13	4.999999912e-15	1.372100404e-13	4.999999912e-15	8.157352398e-12	9.300397366e-14	1.460158058e-12	2.638385116e-13	2.075503325e-09	1.542074709e-13	4.999999912e-15	4.999999912e-15	1.816861592e-11	1.533791133e-13	4.999999912e-15	4.999999912e-15	1.750440613e-13	4.999999912e-15	4.999999912e-15	1	1	1	1	1	1	1	0	0	0	0	0	0	0	0	0	0
1378.549	1748435899.960	05/28/2025_14:38:19.960	1	3	4.512620217e-05	6.846995802e-06	0.0120000001	1.139759673e-13	2.083619193e-13	5.656385055e-14	1.866332338e-13	4.999999912e-15	4.999999912e-15	7.322675046e-14	4.703764369e-14	4.999999912e-15	4.999999912e-15	2.261398805e-13	1.906436706e-14	4.999999912e-15	5.520959124e-12	2.127426653e-13	2.708385816e-12	7.344379011e-13	3.812469871e-12	3.414344762e-12	3.85915605e-10	4.999999912e-15	1.27787402e-13	4.999999912e-15	4.999999912e-15	1.716270626e-13	4.999999912e-15	4.999999912e-15	4.766620258e-12	1.684729016e-13	8.456861947e-12	4.999999912e-15	6.099918747e-13	1.075720662e-13	4.999999912e-15	4.999999912e-15	8.298198934e-12	7.913293501e-15	1.389898179e-12	4.527457239e-13	2.086386619e-09	4.999999912e-15	7.628533899e-14	1.113315915e-13	1.815916167e-11	4.999999912e-15	3.534494339e-14	1.389225378e-13	4.999999912e-15	4.999999912e-15	1.233906911e-13	1	1	1	1	1	1	1	0	0	0	0	0	0	0	0	0	0
1387.568	1748435908.979	05/28/2025_14:38:28.979	1	3	4.515959517e-05	6.704166481e-06	0.0120000001	4.999999912e-15	4.397249166e-13	2.293199539e-13	4.999999912e-15	4.999999912e-15	1.921231051e-13	3.761698052e-14	4.999999912e-15	7.06082328e-14	1.715892239e-13	4.999999912e-15	4.999999912e-15	1.56041426e-13	5.475344136e-12	4.999999912e-15	2.888390265e-12	9.914802269e-13	3.71392023e-12	3.386922687e-12	3.892925982e-10	1.378014592e-13	4.999999912e-15	4.999999912e-15	1.723219955e-13	4.999999912e-15	4.999999912e-15	5.392941885e-14	4.983040456e-12	4.999999912e-15	8.45591739e-12	1.685624974e-13	5.612079269e-13	4.999999912e-15	3.403270301e-14	1.925213867e-13	8.235029846e-12	4.999999912e-15	1.7350341e-12	4.877382135e-13	2.067743754e-09	4.161543682e-14	1.78630331e-13	4.999999912e-15	1.811544144e-11	2.50506999e-13	1.075501586e-13	4.999999912e-15	4.999999912e-15	1.904823142e-13	4.999999912e-15	1	1	1	1	1	1	1	0	0	0	0	0	0	0	0	0	0
1396.587	1748435917.998	05/28/2025_14:38:37.998	1	3	4.519964932e-05	6.823423064e-06	0.01400000043	1.557068954e-13	4.249895249e-13	6.17510871e-14	2.294534327e-14	1.930152137e-13	4.999999912e-15	4.999999912e-15	1.419432876e-13	1.211066837e-13	4.999999912e-15	4.999999912e-15	1.700758403e-13	4.999999912e-15	5.059345737e-12	1.133487293e-13	2.827744115e-12	5.264324133e-13	3.567267575e-12	3.702004849e-12	3.866904852e-10	4.999999912e-15	9.926650159e-14	1.319551022e-13	4.999999912e-15	4.999999912e-15	1.120902416e-13	4.999999912e-15	4.605895092e-12	9.854965422e-14	8.727843101e-12	4.999999912e-15	3.979880119e-13	3.435228989e-13	7.173927251e-14	4.999999912e-15	8.35762709e-12	1.533970162e-13	1.43154954e-12	2.608615364e-13	2.070810856e-09	6.931789669e-14	4.999999912e-15	4.999999912e-15	1.82302836e-11	1.057500577e-13	4.999999912e-15	4.999999912e-15	2.210203456e-13	4.999999912e-15	4.999999912e-15	1	1	1	1	1	1	1	0	0	0	0	0	0	0	0	0	0
1405.606	1748435927.017	05/28/2025_14:38:47.017	1	3	4.522695235e-05	6.740236131e-06	0.0120000001	4.999999912e-15	1.94269717e-13	1.498406298e-13	1.310271471e-13	4.999999912e-15	4.999999912e-15	1.160369272e-13	4.999999912e-15	4.999999912e-15	2.09530757e-13	1.701037314e-13	4.999999912e-15	4.999999912e-15	5.487575238e-12	5.324043547e-14	2.663261538e-12	8.998779911e-13	3.847410671e-12	3.314994546e-12	3.882163757e-10	1.352008647e-13	9.182316908e-14	4.999999912e-15	4.999999912e-15	2.168267329e-13	4.999999912e-15	4.999999912e-15	4.944517452e-12	2.007691837e-13	8.462810314e-12	4.999999912e-15	6.307229045e-13	4.999999912e-15	4.999999912e-15	9.615615595e-14	8.309690609e-12	4.999999912e-15	1.567493206e-12	5.620003703e-13	2.079932448e-09	4.999999912e-15	1.044079509e-13	2.355924158e-13	1.809960168e-11	1.882321745e-13	2.15775382e-13	2.652563973e-14	4.999999912e-15	6.21474172e-15	1.303262375e-13	1	1	1	1	1	1	1	0	0	0	0	0	0	0	0	0	0
1414.625	1748435936.036	05/28/2025_14:38:56.036	1	3	4.516840272e-05	6.823423064e-06	0.01600000076	9.879658127e-14	4.317040432e-13	5.543480985e-14	4.999999912e-15	1.378731385e-13	1.866033641e-13	4.999999912e-15	4.999999912e-15	2.103870057e-13	9.196255682e-14	4.999999912e-15	8.26274948e-14	1.939789881e-13	5.253509867e-12	4.999999912e-15	2.919063428e-12	8.086582619e-13	3.478560972e-12	3.418313375e-12	3.864233933e-10	5.022565886e-14	4.999999912e-15	1.086254432e-13	1.030180444e-13	4.999999912e-15	4.999999912e-15	2.200247227e-13	4.861677033e-12	4.999999912e-15	8.65089337e-12	2.346166881e-13	4.586099838e-13	4.999999912e-15	1.662606007e-13	5.685068302e-15	8.340813283e-12	6.330428125e-14	1.569161793e-12	3.058402598e-13	2.100465357e-09	1.394661432e-13	1.811055375e-14	4.999999912e-15	1.824456385e-11	3.173418017e-13	4.999999912e-15	4.999999912e-15	1.117158937e-13	8.222925379e-14	4.999999912e-15	1	1	1	1	1	1	1	0	0	0	0	0	0	0	0	0	0
1423.644	1748435945.055	05/28/2025_14:39:05.055	1	3	4.512311716e-05	6.78430888e-06	0.01400000043	2.491628865e-13	2.227348487e-13	4.999999912e-15	1.298144941e-13	1.077353674e-13	4.999999912e-15	1.017935058e-14	1.4305244e-13	4.999999912e-15	4.999999912e-15	1.061264249e-13	1.879116031e-13	4.999999912e-15	5.395194708e-12	2.095447161e-13	2.767554632e-12	5.055262307e-13	3.868069927e-12	3.624052881e-12	3.878880273e-10	4.999999912e-15	1.172934227e-13	4.999999912e-15	4.999999912e-15	8.98777038e-14	1.41905449e-13	4.999999912e-15	4.734811935e-12	1.571664755e-13	8.522895931e-12	4.999999912e-15	5.057491969e-13	1.527697782e-13	4.999999912e-15	4.999999912e-15	8.87042783e-12	8.430216703e-14	1.316910556e-12	3.659943171e-13	2.089224793e-09	4.999999912e-15	4.999999912e-15	1.795324618e-14	1.832584258e-11	4.999999912e-15	4.999999912e-15	1.549840578e-13	4.999999912e-15	4.999999912e-15	1.553186358e-14	1	1	1	1	1	1	1	0	0	0	0	0	0	0	0	0	0
1432.663	1748435954.074	05/28/2025_14:39:14.074	1	3	4.507670019e-05	6.841757568e-06	0.01400000043	4.999999912e-15	3.545325925e-13	2.809992365e-13	4.87063257e-14	4.999999912e-15	1.061025183e-13	1.679113662e-13	4.999999912e-15	4.999999912e-15	7.371661333e-14	1.048998806e-14	4.999999912e-15	7.053057682e-14	5.4657728e-12	4.999999912e-15	2.663888641e-12	8.497679557e-13	3.795325165e-12	3.240511158e-12	3.87533533e-10	1.668758989e-13	4.999999912e-15	4.999999912e-15	1.133347837e-13	1.102124983e-13	4.999999912e-15	1.229008892e-14	4.996949469e-12	7.272893225e-14	8.460760738e-12	1.239283063e-13	7.029878524e-13	4.999999912e-15	4.999999912e-15	6.682693542e-15	8.231430294e-12	4.999999912e-15	1.768839849e-12	5.18612822e-13	2.088939466e-09	4.999999912e-15	7.285636666e-14	1.046050995e-13	1.801500615e-11	1.907870021e-13	1.633075321e-13	4.999999912e-15	4.999999912e-15	1.320367562e-13	9.67674698e-14	1	1	1	1	1	1	1	0	0	0	0	0	0	0	0	0	0
1441.682	1748435963.093	05/28/2025_14:39:23.093	1	3	4.511172301e-05	6.797319202e-06	0.0120000001	1.253878999e-13	4.98741944e-13	4.999999912e-15	3.081084379e-14	2.419644617e-13	3.919007995e-14	4.999999912e-15	5.1392545e-14	2.177984897e-13	4.999999912e-15	4.999999912e-15	1.779254099e-13	8.145266688e-14	5.021252511e-12	4.999999912e-15	2.962923309e-12	6.613087898e-13	3.582269897e-12	3.687312608e-12	3.867628162e-10	4.999999912e-15	1.118494301e-14	1.726844037e-13	1.193365576e-14	4.999999912e-15	5.696808856e-14	1.949069026e-13	4.741216968e-12	4.999999912e-15	8.809273623e-12	1.028786634e-13	6.322522258e-13	4.999999912e-15	2.146124532e-13	4.999999912e-15	8.14431942e-12	1.715852395e-13	1.64717556e-12	2.442584167e-13	2.064869165e-09	1.676823421e-13	4.999999912e-15	4.999999912e-15	1.811373447e-11	2.667517086e-13	4.999999912e-15	4.999999912e-15	1.843293178e-13	1.157183344e-13	4.999999912e-15	1	1	1	1	1	1	1	0	0	0	0	0	0	0	0	0	0
1450.701	1748435972.112	05/28/2025_14:39:32.112	1	3	4.51749147e-05	6.828654932e-06	0.01400000043	1.867985069e-13	1.616448539e-13	2.03925486e-14	1.722383764e-13	3.423581134e-14	4.999999912e-15	2.346706136e-14	1.68558513e-13	4.999999912e-15	4.999999912e-15	1.75169517e-13	8.766540282e-14	4.999999912e-15	5.388839982e-12	1.918005278e-13	2.693895454e-12	5.862301204e-13	3.776569335e-12	3.53683749e-12	3.875317567e-10	4.999999912e-15	1.51991199e-13	4.999999912e-15	4.999999912e-15	1.202424933e-13	1.348822584e-13	4.999999912e-15	4.642227575e-12	1.67013308e-13	8.556414258e-12	4.999999912e-15	5.848441848e-13	1.745801041e-13	4.999999912e-15	4.999999912e-15	8.351522598e-12	8.065615775e-14	1.374085741e-12	3.840451178e-13	2.056768089e-09	4.999999912e-15	4.999999912e-15	8.142080489e-14	1.824929964e-11	4.999999912e-15	4.999999912e-15	2.141186398e-13	4.999999912e-15	4.999999912e-15	1.063992237e-13	1	1	1	1	1	1	1	0	0	0	0	0	0	0	0	0	0
1459.72	1748435981.131	05/28/2025_14:39:41.131	1	3	4.516512854e-05	6.852252227e-06	0.01400000043	4.999999912e-15	3.752616978e-13	2.175535414e-13	4.999999912e-15	4.999999912e-15	8.961885054e-14	1.484168826e-13	4.999999912e-15	4.999999912e-15	1.69285335e-13	3.354484252e-14	4.999999912e-15	5.621340253e-14	5.323918389e-12	4.999999912e-15	2.785965469e-12	8.144548404e-13	3.803963654e-12	3.261288375e-12	3.904552237e-10	1.671347793e-13	4.999999912e-15	4.999999912e-15	7.77509025e-14	4.109572112e-14	4.999999912e-15	4.999999912e-15	4.981501323e-12	1.390301584e-14	8.622120379e-12	1.114590191e-13	7.387070556e-13	4.999999912e-15	4.999999912e-15	2.092858493e-13	8.395817895e-12	4.999999912e-15	1.529095644e-12	4.297744615e-13	2.071074423e-09	4.999999912e-15	1.644585211e-13	3.533577782e-13	1.780586269e-11	1.498824394e-13	2.286887314e-13	4.999999912e-15	4.999999912e-15	2.261678935e-14	1.009769932e-13	1	1	1	1	1	1	1	0	0	0	0	0	0	0	0	0	0
1468.739	1748435990.150	05/28/2025_14:39:50.150	1	3	4.506511686e-05	6.828654932e-06	0.0120000001	1.11962814e-13	5.704154597e-13	4.999999912e-15	4.999999912e-15	1.350296014e-13	9.937803212e-14	4.999999912e-15	4.999999912e-15	2.355327034e-13	4.999999912e-15	4.999999912e-15	9.520434164e-14	1.08808653e-13	5.292737602e-12	4.999999912e-15	2.911090423e-12	7.81521332e-13	3.554921982e-12	3.38842062e-12	3.878418697e-10	4.999999912e-15	4.999999912e-15	1.1639138e-13	8.319303498e-14	4.999999912e-15	4.999999912e-15	1.91485933e-13	4.701651395e-12	4.999999912e-15	8.668933626e-12	1.105450434e-13	4.465588869e-13	4.999999912e-15	1.384068099e-13	4.999999912e-15	8.027778962e-12	1.345198638e-13	1.740402419e-12	3.025825304e-13	2.078121897e-09	9.998336929e-14	2.146385215e-14	4.999999912e-15	1.834491586e-11	3.205517178e-13	4.999999912e-15	4.999999912e-15	5.427988381e-14	1.408600341e-13	4.999999912e-15	1	1	1	1	1	1	1	0	0	0	0	0	0	0	0	0	0
1477.758	1748435999.169	05/28/2025_14:39:59.169	1	3	4.503679884e-05	6.844365089e-06	0.0120000001	1.741161468e-13	2.947707996e-13	4.999999912e-15	2.033000775e-13	1.159553139e-13	4.999999912e-15	8.344194069e-14	1.832759476e-13	4.999999912e-15	4.999999912e-15	1.143463579e-13	1.812050401e-13	4.999999912e-15	5.265332007e-12	2.213329888e-13	2.834094287e-12	5.563113989e-13	3.778463219e-12	3.62395682e-12	3.873246168e-10	4.999999912e-15	1.809661091e-13	4.999999912e-15	4.999999912e-15	3.219476687e-14	2.086685317e-13	4.999999912e-15	4.644313146e-12	1.189979376e-13	8.644347391e-12	4.999999912e-15	4.458201115e-13	1.750082284e-13	4.999999912e-15	4.999999912e-15	8.437447789e-12	1.483093433e-13	1.385585115e-12	3.907019294e-13	2.087054751e-09	4.999999912e-15	4.999999912e-15	1.020801756e-13	1.781642889e-11	1.170865163e-14	4.999999912e-15	2.665107718e-13	6.808532145e-14	4.999999912e-15	4.999999912e-15	1	1	1	1	1	1	1	0	0	0	0	0	0	0	0	0	0
1486.777	1748436008.188	05/28/2025_14:40:08.188	1	3	4.5035933e-05	6.805137673e-06	0.01400000043	4.999999912e-15	2.47141771e-13	1.814459905e-13	5.306729177e-15	4.999999912e-15	1.014290241e-13	1.9469982e-13	4.999999912e-15	4.999999912e-15	1.330821575e-13	7.53354898e-14	4.999999912e-15	4.999999912e-15	5.453994461e-12	4.999999912e-15	2.61813184e-12	7.226237837e-13	3.693461769e-12	3.320012668e-12	3.856794883e-10	1.429747569e-13	7.600663805e-15	4.999999912e-15	4.999999912e-15	1.279685857e-13	4.999999912e-15	4.999999912e-15	4.8395064e-12	7.348761627e-14	8.300609332e-12	4.022554045e-14	7.694901574e-13	4.999999912e-15	4.999999912e-15	1.446633476e-13	8.630474807e-12	4.999999912e-15	1.513012155e-12	5.591489728e-13	2.058955673e-09	1.343884314e-13	1.114649958e-13	1.386577078e-13	1.835921692e-11	1.00857636e-14	1.595102089e-13	4.999999912e-15	4.999999912e-15	4.999999912e-15	1.584747551e-13	1	1	1	1	1	1	1	0	0	0	0	0	0	0	0	0	0
1495.796	1748436017.207	05/28/2025_14:40:17.207	1	3	4.507582707e-05	6.844365089e-06	0.01400000043	1.423157992e-14	4.95671375e-13	6.393352509e-14	4.999999912e-15	1.133327983e-13	1.624453339e-13	4.999999912e-15	4.999999912e-15	1.496693665e-13	7.282253278e-14	4.999999912e-15	4.923003601e-14	1.491436911e-13	5.208690684e-12	4.999999912e-15	3.227717356e-12	6.919304539e-13	3.506542496e-12	3.402470796e-12	3.855686326e-10	4.999999912e-15	4.999999912e-15	9.34998132e-14	1.173312478e-13	4.999999912e-15	4.999999912e-15	1.742973441e-13	4.724351552e-12	4.999999912e-15	8.66640093e-12	2.550948547e-13	4.562284253e-13	4.999999912e-15	5.561739762e-13	7.556250818e-14	8.144451259e-12	6.985952344e-14	1.657948193e-12	3.85482824e-13	2.090724038e-09	1.410671168e-13	2.451703933e-13	4.999999912e-15	1.82839039e-11	3.115193108e-13	4.226857715e-14	4.999999912e-15	4.682458441e-14	1.825969118e-13	4.999999912e-15	1	1	1	1	1	1	1	0	0	0	0	0	0	0	0	0	0
1504.815	1748436026.226	05/28/2025_14:40:26.226	1	3	4.514641478e-05	6.852252227e-06	0.01400000043	1.835129135e-13	2.025971757e-13	4.999999912e-15	1.001506278e-13	5.127705714e-14	4.999999912e-15	4.999999912e-15	1.828916386e-13	4.999999912e-15	4.999999912e-15	5.310900645e-14	1.580725161e-13	4.999999912e-15	5.27334296e-12	1.269132098e-13	2.795939912e-12	5.107174449e-13	3.72758031e-12	3.531783373e-12	3.87751331e-10	4.999999912e-15	2.143058002e-13	3.498053626e-14	4.999999912e-15	4.999999912e-15	1.265149823e-13	4.999999912e-15	4.640582623e-12	9.119789613e-14	8.573807463e-12	4.999999912e-15	4.802271319e-13	1.843572089e-13	4.999999912e-15	4.999999912e-15	8.39572422e-12	1.369332572e-13	1.363344659e-12	3.117184245e-13	2.080577044e-09	4.999999912e-15	4.999999912e-15	1.739370638e-14	1.851961293e-11	3.278218761e-14	4.999999912e-15	4.999999912e-15	3.983922567e-14	4.999999912e-15	4.999999912e-15	1	1	1	1	1	1	1	0	0	0	0	0	0	0	0	0	0
1513.834	1748436035.245	05/28/2025_14:40:35.245	1	3	4.51194901e-05	6.786908671e-06	0.0120000001	4.999999912e-15	2.636553085e-13	2.38342332e-13	2.470362782e-14	4.999999912e-15	1.9701573e-14	6.903712899e-14	4.999999912e-15	4.999999912e-15	3.129869411e-14	6.129509877e-14	4.999999912e-15	4.999999912e-15	5.343433595e-12	8.773513058e-15	2.656979454e-12	7.840123949e-13	3.823302785e-12	3.274732915e-12	3.857754671e-10	1.328372091e-13	4.999999912e-15	4.999999912e-15	3.746364384e-14	1.504240661e-13	4.999999912e-15	4.999999912e-15	4.619362184e-12	4.028327422e-14	8.449820704e-12	2.129459125e-14	6.348428185e-13	4.999999912e-15	4.999999912e-15	1.406589011e-13	8.488292534e-12	4.999999912e-15	1.414303136e-12	5.438500128e-13	2.080440265e-09	4.999999912e-15	4.999999912e-15	8.845594884e-14	1.789215651e-11	1.415789822e-14	1.001805111e-13	5.686652592e-14	4.999999912e-15	4.999999912e-15	1.27564368e-13	1	1	1	1	1	1	1	0	0	0	0	0	0	0	0	0	0
1522.853	1748436044.264	05/28/2025_14:40:44.264	1	3	4.501287185e-05	6.810354535e-06	0.0120000001	4.999999912e-15	4.632576332e-13	3.241181059e-14	4.999999912e-15	1.930132622e-14	1.34316725e-13	4.999999912e-15	4.999999912e-15	1.644405776e-13	5.283421541e-14	4.999999912e-15	4.999999912e-15	1.737437776e-13	4.982773742e-12	4.999999912e-15	2.789499751e-12	7.728912454e-13	3.493658704e-12	3.339423139e-12	3.843040608e-10	4.999999912e-15	4.999999912e-15	7.182290515e-14	1.477458157e-13	4.999999912e-15	2.110143386e-14	1.178131215e-13	4.777752846e-12	4.999999912e-15	8.540813022e-12	1.688213507e-13	4.558182716e-13	4.999999912e-15	1.378850918e-13	9.023811971e-14	8.165562844e-12	4.999999912e-15	1.660994909e-12	2.797905137e-13	2.078639483e-09	6.862095798e-14	1.027910531e-13	4.999999912e-15	1.796511377e-11	2.606903137e-13	3.046833754e-14	4.999999912e-15	8.020213454e-14	9.516051955e-14	4.999999912e-15	1	1	1	1	1	1	1	0	0	0	0	0	0	0	0	0	0
1531.872	1748436053.283	05/28/2025_14:40:53.283	1	3	4.493354209e-05	6.805137673e-06	0.01400000043	1.862110726e-13	2.685060019e-13	4.999999912e-15	2.821622601e-14	5.456462918e-14	4.999999912e-15	4.999999912e-15	1.552428975e-13	4.999999912e-15	4.999999912e-15	4.999999912e-15	1.263616355e-13	4.999999912e-15	5.239147224e-12	1.326380954e-13	2.653578312e-12	5.062788296e-13	3.520909475e-12	3.500311586e-12	3.844622121e-10	4.999999912e-15	6.85990571e-14	2.162113939e-14	4.999999912e-15	4.999999912e-15	1.306149741e-13	4.999999912e-15	4.590489013e-12	9.230305051e-14	8.504342196e-12	4.999999912e-15	4.447249047e-13	1.850322467e-13	4.999999912e-15	4.999999912e-15	8.090063341e-12	9.44695575e-14	1.178402102e-12	2.406442829e-13	2.048448966e-09	8.701833741e-15	4.999999912e-15	4.999999912e-15	1.813645241e-11	4.999999912e-15	4.999999912e-15	8.263348502e-14	1.027054147e-13	4.999999912e-15	4.999999912e-15	1	1	1	1	1	1	1	0	0	0	0	0	0	0	0	0	0
1540.891	1748436062.302	05/28/2025_14:41:02.302	1	3	4.493511733e-05	6.740236131e-06	0.01400000043	4.999999912e-15	1.969161189e-13	1.357603944e-13	4.999999912e-15	4.999999912e-15	1.773420007e-14	9.431023399e-14	4.999999912e-15	4.999999912e-15	9.746439495e-14	2.407398282e-13	4.999999912e-15	4.999999912e-15	5.305639175e-12	4.999999912e-15	2.503468786e-12	6.644649024e-13	3.782816074e-12	3.254860357e-12	3.838769858e-10	7.133903928e-14	4.999999912e-15	4.999999912e-15	6.061806872e-14	1.904803219e-13	4.999999912e-15	4.999999912e-15	4.901237402e-12	4.999999912e-15	8.331452715e-12	4.999999912e-15	5.888924331e-13	4.999999912e-15	4.999999912e-15	9.346595221e-14	8.317880239e-12	4.999999912e-15	1.397632335e-12	4.880707383e-13	2.071149474e-09	4.999999912e-15	5.176092302e-14	6.425013245e-14	1.788542578e-11	5.367254763e-14	1.126139519e-13	4.999999912e-15	4.999999912e-15	6.425013245e-14	1.370985438e-13	1	1	1	1	1	1	1	0	0	0	0	0	0	0	0	0	0
1549.91	1748436071.321	05/28/2025_14:41:11.321	1	3	4.504364188e-05	6.810354535e-06	0.01400000043	5.975797114e-15	5.072326565e-13	4.999999912e-15	4.999999912e-15	1.094577987e-13	1.206725963e-13	4.999999912e-15	4.999999912e-15	1.845205168e-13	4.999999912e-15	4.999999912e-15	9.097886019e-14	1.200035351e-13	5.174564336e-12	4.999999912e-15	2.863296189e-12	6.431484035e-13	3.463798042e-12	3.403454385e-12	3.85261989e-10	4.999999912e-15	4.999999912e-15	8.76494786e-14	7.586119233e-14	4.999999912e-15	4.999999912e-15	1.816530731e-13	4.656055055e-12	4.999999912e-15	8.550187468e-12	1.951618256e-13	3.806201231e-13	4.999999912e-15	1.665513295e-13	4.057599525e-14	8.129998411e-12	1.059531694e-13	1.6188678e-12	2.131309587e-13	2.075348338e-09	9.876870372e-14	4.490898891e-14	4.999999912e-15	1.808316344e-11	3.054619275e-13	4.999999912e-15	4.999999912e-15	6.722708056e-14	1.770035263e-14	4.999999912e-15	1	1	1	1	1	1	1	0	0	0	0	0	0	0	0	0	0
1558.929	1748436080.340	05/28/2025_14:41:20.340	1	3	4.505911056e-05	6.810354535e-06	0.01400000043	1.110428481e-13	2.38228816e-13	4.999999912e-15	1.016918754e-13	2.151561942e-14	4.999999912e-15	4.999999912e-15	1.508044042e-13	4.999999912e-15	4.999999912e-15	1.241952233e-14	5.594059016e-14	4.999999912e-15	5.174365277e-12	1.152006143e-13	2.615782157e-12	4.683552808e-13	3.598446844e-12	3.400627219e-12	3.842622609e-10	4.999999912e-15	2.042499335e-13	4.999999912e-15	4.999999912e-15	4.999999912e-15	1.18004307e-13	4.999999912e-15	4.62074606e-12	7.83064748e-14	8.639452001e-12	4.999999912e-15	5.31757147e-13	1.982761421e-13	4.999999912e-15	4.999999912e-15	8.288224274e-12	6.885990259e-14	1.350262133e-12	3.040361474e-13	2.049036274e-09	4.999999912e-15	4.999999912e-15	9.93442931e-15	1.804777681e-11	4.999999912e-15	4.999999912e-15	8.389792225e-14	1.111325523e-14	4.999999912e-15	4.999999912e-15	1	1	1	1	1	1	1	0	0	0	0	0	0	0	0	0	0
1567.948	1748436089.359	05/28/2025_14:41:29.359	1	3	4.500466457e-05	6.862755981e-06	0.01400000043	4.999999912e-15	2.613852331e-13	2.021730494e-13	4.008413339e-14	4.999999912e-15	1.072455113e-13	9.803788369e-14	4.999999912e-15	4.999999912e-15	1.441236995e-13	4.999999912e-15	4.999999912e-15	4.999999912e-15	5.346404309e-12	4.999999912e-15	2.555337452e-12	7.193122508e-13	3.656124015e-12	3.116157072e-12	3.841683083e-10	1.327655434e-13	4.999999912e-15	4.999999912e-15	4.999999912e-15	6.781845864e-14	4.999999912e-15	4.999999912e-15	4.916896317e-12	4.999999912e-15	8.304737106e-12	1.307742705e-13	6.027357433e-13	4.999999912e-15	4.999999912e-15	1.630327546e-13	8.154214283e-12	4.999999912e-15	1.453817752e-12	5.16904282e-13	2.069111105e-09	4.999999912e-15	9.811757255e-14	4.999999912e-15	1.802220179e-11	1.043143707e-13	1.59926407e-13	4.999999912e-15	4.999999912e-15	8.797399387e-15	1.047007939e-14	1	1	1	1	1	1	1	0	0	0	0	0	0	0	0	0	0
1576.967	1748436098.378	05/28/2025_14:41:38.378	1	3	4.493522283e-05	6.771315384e-06	0.0120000001	8.34120506e-14	5.237363277e-13	4.999999912e-15	4.999999912e-15	1.593986987e-13	1.254038377e-13	4.999999912e-15	4.999999912e-15	1.995107232e-13	4.999999912e-15	4.999999912e-15	1.048380539e-13	1.242887222e-13	5.081500325e-12	1.190178869e-14	2.864315772e-12	6.288909823e-13	3.455084092e-12	3.507748996e-12	3.821805372e-10	4.999999912e-15	4.999999912e-15	7.721525242e-14	1.663303691e-14	4.999999912e-15	5.88021114e-15	1.656273724e-13	4.694207696e-12	4.999999912e-15	8.721755089e-12	1.061284036e-13	4.105210095e-13	4.999999912e-15	1.457784495e-13	4.999999912e-15	8.221294305e-12	9.913508274e-14	1.505891332e-12	2.022506647e-13	2.067926719e-09	1.334644743e-13	4.999999912e-15	4.999999912e-15	1.834175693e-11	2.708616751e-13	4.999999912e-15	4.999999912e-15	1.49426451e-13	4.999999912e-15	4.999999912e-15	1	1	1	1	1	1	1	0	0	0	0	0	0	0	0	0	0
1585.986	1748436107.397	05/28/2025_14:41:47.397	1	3	4.492426888e-05	6.719605608e-06	0.0120000001	1.163814325e-13	2.003649796e-13	3.818050476e-14	1.615432777e-13	4.999999912e-15	4.999999912e-15	7.762345454e-14	1.306866806e-13	4.999999912e-15	5.888964717e-14	8.601863525e-14	4.999999912e-15	4.999999912e-15	5.253714564e-12	1.201249793e-13	2.707541439e-12	5.047097722e-13	3.613757731e-12	3.457228644e-12	3.836362616e-10	4.999999912e-15	1.017575781e-13	4.999999912e-15	4.999999912e-15	8.391586579e-14	1.053577933e-13	4.999999912e-15	4.690761234e-12	1.911892411e-13	8.611814387e-12	4.999999912e-15	6.350977686e-13	3.144207307e-14	4.999999912e-15	1.783775493e-14	8.387582295e-12	2.779407157e-14	1.349738355e-12	3.259261079e-13	2.057484849e-09	4.999999912e-15	4.999999912e-15	9.877866483e-14	1.814179709e-11	4.999999912e-15	3.50263438e-14	1.528932417e-13	4.999999912e-15	4.999999912e-15	2.20484709e-13	1	1	1	1	1	1	1	0	0	0	0	0	0	0	0	0	0
1595.005	1748436116.416	05/28/2025_14:41:56.416	1	3	4.493975939e-05	6.831264272e-06	0.0120000001	4.999999912e-15	3.037255235e-13	2.304310985e-13	4.999999912e-15	4.999999912e-15	7.536734501e-14	1.273313865e-13	4.999999912e-15	4.999999912e-15	1.648468146e-13	4.999999912e-15	5.88478444e-14	7.675328065e-14	5.26933228e-12	4.999999912e-15	2.737894546e-12	7.845440877e-13	3.57602576e-12	3.257773608e-12	3.82063936e-10	1.16180313e-13	4.999999912e-15	4.999999912e-15	1.001386813e-13	5.60122627e-14	4.999999912e-15	3.721473813e-14	4.790903351e-12	4.999999912e-15	8.267346877e-12	1.632856719e-13	5.993883775e-13	4.999999912e-15	4.999999912e-15	7.630722633e-14	8.233527575e-12	4.999999912e-15	1.609915001e-12	5.079495852e-13	2.044252767e-09	4.999999912e-15	1.618837985e-13	4.999999912e-15	1.773231909e-11	1.970256098e-13	5.977177439e-14	4.999999912e-15	4.999999912e-15	1.815256387e-13	4.999999912e-15	1	1	1	1	1	1	1	0	0	0	0	0	0	0	0	0	0
1604.024	1748436125.435	05/28/2025_14:42:05.435	1	3	4.499358693e-05	6.815575944e-06	0.01400000043	1.566905785e-13	4.895980539e-13	4.999999912e-15	4.999999912e-15	1.945723855e-13	3.89033288e-14	4.999999912e-15	6.278256317e-14	1.63269707e-13	4.999999912e-15	4.999999912e-15	2.100245975e-13	8.196242486e-14	5.112214038e-12	6.947530252e-15	2.945686663e-12	5.903241221e-13	3.503176915e-12	3.56721575e-12	3.817339778e-10	4.999999912e-15	2.598400959e-14	4.999999912e-15	4.999999912e-15	4.999999912e-15	6.609603408e-14	1.880888295e-13	4.586201644e-12	4.999999912e-15	8.52082814e-12	4.591258065e-14	4.353559885e-13	7.025377323e-14	1.403622227e-13	4.999999912e-15	8.150357125e-12	2.111237888e-13	1.502689357e-12	2.419644888e-13	2.033828439e-09	8.285451996e-14	4.999999912e-15	4.999999912e-15	1.827055e-11	2.053570801e-13	4.999999912e-15	4.999999912e-15	2.174002352e-13	4.999999912e-15	4.999999912e-15	1	1	1	1	1	1	1	0	0	0	0	0	0	0	0	0	0
1613.043	1748436134.454	05/28/2025_14:42:14.454	1	3	4.503147284e-05	6.766127626e-06	0.01600000076	2.575501932e-14	2.52376787e-13	4.834392435e-14	1.821568477e-13	4.999999912e-15	4.999999912e-15	4.752549808e-13	6.142254674e-14	4.999999912e-15	5.227865666e-14	1.913963102e-13	4.999999912e-15	4.999999912e-15	5.386922679e-12	1.070463705e-13	2.51402241e-12	6.118078591e-13	3.755535813e-12	3.38856959e-12	3.858726672e-10	8.495130597e-14	1.21415329e-13	4.999999912e-15	4.999999912e-15	1.620848909e-13	3.676271391e-14	4.999999912e-15	4.760089024e-12	2.03710299e-13	8.437426972e-12	4.999999912e-15	6.61462096e-13	8.394770068e-14	4.999999912e-15	4.999999912e-15	8.423886588e-12	4.999999912e-15	1.408934818e-12	4.846537126e-13	2.063429871e-09	4.999999912e-15	4.999999912e-15	1.569713326e-13	1.822955675e-11	2.919592465e-14	2.080432858e-13	1.390499586e-13	4.999999912e-15	4.999999912e-15	7.841997722e-14	1	1	1	1	1	1	1	0	0	0	0	0	0	0	0	0	0
1622.062	1748436143.473	05/28/2025_14:42:23.473	1	3	4.49084182e-05	6.742826827e-06	0.0120000001	4.999999912e-15	5.016053762e-13	8.62436343e-14	4.999999912e-15	1.10375813e-14	1.725370606e-13	2.873593494e-14	4.999999912e-15	7.197024823e-14	1.266105412e-13	4.999999912e-15	4.999999912e-15	1.691598657e-13	5.158104846e-12	4.999999912e-15	2.745807704e-12	8.351979048e-13	3.28298673e-12	3.302851916e-12	3.827188566e-10	5.971999696e-14	4.999999912e-15	7.729090263e-14	1.15093075e-13	4.999999912e-15	4.999999912e-15	1.662128009e-13	4.850732663e-12	4.999999912e-15	8.431136865e-12	1.981526515e-13	5.046639105e-13	4.999999912e-15	9.111824793e-14	1.468736428e-13	8.129373043e-12	4.999999912e-15	1.647219253e-12	4.18243104e-13	2.074847849e-09	7.362699046e-14	1.771089921e-13	4.999999912e-15	1.781335149e-11	2.419923528e-13	5.212133554e-14	4.999999912e-15	4.999999912e-15	1.415689262e-13	4.999999912e-15	1	1	1	1	1	1	1	0	0	0	0	0	0	0	0	0	0
1631.081	1748436152.492	05/28/2025_14:42:32.492	1	3	4.48725259e-05	6.812965239e-06	0.0120000001	2.924689028e-13	3.621471883e-13	4.999999912e-15	9.448946616e-14	1.359555507e-13	4.999999912e-15	4.999999912e-15	1.082690117e-13	6.971812992e-14	4.999999912e-15	5.886973851e-14	1.74506419e-13	4.999999912e-15	5.070275796e-12	9.464876257e-14	2.86675913e-12	5.207952125e-13	3.512486092e-12	3.560961638e-12	3.810453897e-10	4.999999912e-15	6.57356114e-14	1.625588227e-13	4.999999912e-15	4.999999912e-15	1.136055903e-13	4.999999912e-15	4.496106612e-12	1.099576024e-13	8.656796634e-12	4.999999912e-15	4.524390845e-13	1.775490697e-13	6.258143689e-14	4.999999912e-15	7.916205885e-12	2.165141167e-13	1.398369051e-12	3.358625227e-13	2.057096271e-09	1.578594568e-13	4.999999912e-15	1.576284947e-14	1.831914308e-11	1.678157667e-13	4.999999912e-15	6.140261097e-14	1.950084788e-13	4.999999912e-15	4.999999912e-15	1	1	1	1	1	1	1	0	0	0	0	0	0	0	0	0	0
1640.1	1748436161.511	05/28/2025_14:42:41.511	1	3	4.487652768e-05	6.750582088e-06	0.0120000001	4.999999912e-15	2.068505144e-13	1.192508413e-13	1.170206239e-13	4.999999912e-15	4.999999912e-15	1.72568909e-13	5.764709727e-15	4.999999912e-15	4.425186075e-14	1.081634917e-13	4.999999912e-15	4.999999912e-15	5.423659351e-12	1.403244925e-14	2.492502732e-12	6.199819304e-13	3.685859343e-12	3.358177018e-12	3.825385841e-10	5.581712664e-14	1.565731594e-14	4.999999912e-15	4.999999912e-15	1.298921636e-13	4.999999912e-15	4.999999912e-15	4.648723247e-12	1.384306894e-13	8.30339443e-12	4.999999912e-15	6.580868663e-13	4.999999912e-15	4.999999912e-15	4.026934222e-14	8.324357696e-12	4.999999912e-15	1.450020551e-12	5.285432465e-13	2.05970685e-09	4.999999912e-15	4.999999912e-15	1.41983105e-13	1.788282369e-11	1.930531744e-14	1.300514329e-13	5.690036658e-14	4.999999912e-15	4.999999912e-15	1.564635737e-13	1	1	1	1	1	1	1	0	0	0	0	0	0	0	0	0	0
1649.119	1748436170.530	05/28/2025_14:42:50.530	1	3	4.494232053e-05	6.737660442e-06	0.01400000043	4.999999912e-15	5.007212635e-13	1.180162467e-13	4.999999912e-15	2.335952883e-14	2.189972379e-13	4.999999912e-15	4.999999912e-15	1.391714435e-13	1.262263406e-14	4.999999912e-15	4.999999912e-15	1.55818392e-13	5.015012277e-12	4.999999912e-15	2.864734058e-12	7.869057511e-13	3.399029756e-12	3.457126946e-12	3.825834649e-10	2.246744728e-14	4.999999912e-15	6.574955017e-14	1.500517104e-13	4.999999912e-15	4.999999912e-15	1.37466915e-13	4.625186519e-12	4.999999912e-15	8.334098169e-12	1.986226125e-13	4.467022726e-13	4.999999912e-15	1.176817162e-13	1.21090773e-13	7.981820066e-12	4.999999912e-15	1.624909408e-12	3.226225981e-13	2.047000125e-09	4.978758698e-14	3.35239242e-13	4.999999912e-15	1.774412735e-11	2.539478773e-13	7.484565403e-14	4.999999912e-15	9.235283572e-14	1.219191577e-13	4.999999912e-15	1	1	1	1	1	1	1	0	0	0	0	0	0	0	0	0	0
1658.138	1748436179.549	05/28/2025_14:42:59.549	1	3	4.499936404e-05	6.833889984e-06	0.01400000043	1.61943538e-13	2.645971821e-13	4.999999912e-15	1.025560794e-13	1.924178319e-13	4.999999912e-15	4.999999912e-15	1.525129036e-13	1.583254673e-14	4.999999912e-15	1.211943143e-13	2.897826835e-13	4.999999912e-15	4.998149897e-12	1.567184696e-13	2.870492906e-12	5.254846037e-13	3.43258668e-12	3.507570102e-12	3.831700235e-10	4.999999912e-15	1.256228736e-13	8.011056011e-14	4.999999912e-15	1.492153704e-13	1.387970685e-13	5.299750642e-14	4.559418815e-12	1.456310929e-13	8.631951057e-12	4.999999912e-15	3.487559362e-13	1.048181588e-13	3.402473412e-14	4.999999912e-15	8.179266292e-12	1.702271814e-13	1.412568738e-12	1.428274003e-13	2.061535165e-09	1.326321187e-13	4.999999912e-15	4.999999912e-15	1.830594357e-11	1.767744615e-13	4.999999912e-15	1.052641996e-13	1.545201006e-13	4.999999912e-15	1.967170662e-14	1	1	1	1	1	1	1	0	0	0	0	0	0	0	0	0	0
1667.157	1748436188.568	05/28/2025_14:43:08.568	1	3	4.495850953e-05	6.699031019e-06	0.01400000043	4.999999912e-15	1.573855114e-13	1.548845009e-13	8.362910787e-14	4.999999912e-15	4.999999912e-15	1.726147301e-13	2.002017936e-14	4.999999912e-15	1.174646724e-13	1.180540854e-13	4.999999912e-15	4.999999912e-15	5.461778165e-12	7.093280228e-14	2.475678733e-12	6.5985314e-13	3.723261283e-12	3.284864568e-12	3.82138321e-10	1.227216028e-13	4.949087472e-14	4.999999912e-15	4.999999912e-15	1.200134962e-13	4.999999912e-15	4.999999912e-15	4.83935678e-12	4.999999912e-15	8.261096668e-12	4.999999912e-15	6.882245967e-13	4.999999912e-15	4.999999912e-15	3.78937604e-14	8.376287511e-12	4.999999912e-15	1.353275022e-12	5.409348642e-13	2.082021444e-09	4.999999912e-15	4.334186276e-14	1.023310668e-13	1.799254669e-11	4.999999912e-15	9.016046373e-14	3.618923873e-14	4.999999912e-15	4.999999912e-15	1.669595316e-13	1	1	1	1	1	1	1	0	0	0	0	0	0	0	0	0	0
1676.176	1748436197.587	05/28/2025_14:43:17.587	1	3	4.485813042e-05	6.786908671e-06	0.0120000001	4.999999912e-15	5.14482879e-13	2.730820669e-14	4.999999912e-15	9.647675454e-14	1.949407703e-13	4.999999912e-15	4.999999912e-15	1.005389213e-13	9.912115074e-14	4.999999912e-15	4.999999912e-15	2.160481809e-13	5.104489748e-12	4.999999912e-15	2.851876287e-12	7.18531571e-13	3.337648951e-12	3.52226321e-12	3.812092031e-10	4.999999912e-15	4.999999912e-15	9.426246133e-14	1.092208463e-13	4.999999912e-15	4.999999912e-15	1.144618254e-13	4.511825809e-12	4.999999912e-15	8.603570113e-12	1.915954374e-13	3.63863643e-13	4.999999912e-15	1.470229917e-13	8.392382113e-14	7.937388594e-12	7.570794035e-15	1.64590314e-12	3.20613436e-13	2.064154181e-09	1.276360473e-13	9.560059721e-14	4.999999912e-15	1.781187697e-11	1.824356367e-13	4.029123633e-14	4.999999912e-15	4.999999912e-15	8.753994708e-14	4.999999912e-15	1	1	1	1	1	1	1	0	0	0	0	0	0	0	0	0	0
1685.195	1748436206.606	05/28/2025_14:43:26.606	1	3	4.480757707e-05	6.78430888e-06	0.01400000043	1.928738473e-13	2.802345487e-13	4.999999912e-15	1.136215349e-13	1.776605935e-13	4.999999912e-15	4.999999912e-15	1.482854638e-13	4.999999912e-15	4.999999912e-15	4.434147683e-14	1.93192413e-13	4.999999912e-15	5.218839683e-12	1.651076465e-13	2.706151709e-12	4.064010413e-13	3.538993968e-12	3.500363194e-12	3.780125379e-10	4.999999912e-15	1.023589376e-13	6.278853983e-14	4.999999912e-15	9.566037741e-15	1.9962821e-13	4.999999912e-15	4.377108485e-12	9.460098313e-14	8.550974165e-12	4.999999912e-15	4.620767744e-13	1.139879207e-13	3.534095895e-14	4.999999912e-15	8.147877338e-12	1.91663173e-13	1.358368496e-12	3.404344677e-13	2.054338699e-09	5.084096393e-14	4.999999912e-15	4.999999912e-15	1.812341076e-11	4.618937069e-14	4.999999912e-15	6.587899036e-14	1.100053954e-13	4.999999912e-15	4.999999912e-15	1	1	1	1	1	1	1	0	0	0	0	0	0	0	0	0	0
1694.214	1748436215.625	05/28/2025_14:43:35.625	1	3	4.484116289e-05	6.760936685e-06	0.0120000001	4.999999912e-15	4.784211493e-14	8.33184704e-14	8.38601107e-14	4.999999912e-15	4.999999912e-15	2.023960426e-13	4.999999912e-15	4.999999912e-15	7.356924315e-14	5.730459781e-14	4.999999912e-15	4.999999912e-15	5.363083241e-12	3.352094264e-14	2.555623898e-12	6.573920011e-13	3.623992599e-12	3.152015541e-12	3.792113845e-10	1.359356285e-13	4.999999912e-15	4.999999912e-15	4.999999912e-15	9.669974782e-14	4.999999912e-15	4.999999912e-15	4.672018848e-12	1.27014786e-13	8.379785581e-12	4.999999912e-15	6.680332286e-13	4.999999912e-15	4.999999912e-15	1.327018058e-13	8.152303485e-12	4.999999912e-15	1.40481691e-12	5.587686347e-13	2.050887682e-09	4.999999912e-15	1.628456078e-14	1.265050076e-13	1.781875862e-11	2.093616079e-14	1.153380099e-13	5.834410375e-15	4.999999912e-15	4.999999912e-15	7.718538265e-14	1	1	1	1	1	1	1	0	0	0	0	0	0	0	0	0	0
1703.233	1748436224.644	05/28/2025_14:43:44.644	1	3	4.489778439e-05	6.812965239e-06	0.01400000043	4.999999912e-15	4.88313708e-13	4.262101062e-14	4.999999912e-15	2.807682472e-14	1.484606708e-13	4.999999912e-15	4.999999912e-15	2.1245195e-13	6.693037509e-14	4.999999912e-15	4.236612824e-14	1.330722099e-13	5.1184482e-12	4.999999912e-15	2.897233451e-12	6.466589417e-13	3.3596524e-12	3.486854685e-12	3.81971621e-10	4.999999912e-15	4.999999912e-15	3.980138701e-14	1.390619119e-13	4.999999912e-15	4.999999912e-15	1.51264377e-13	4.558377547e-12	4.999999912e-15	8.466830535e-12	1.596276686e-13	4.212957023e-13	4.999999912e-15	1.826466902e-13	5.337384994e-14	7.892598033e-12	1.512325286e-13	1.626934264e-12	3.375511134e-13	2.05683337e-09	1.499103034e-13	1.148003405e-13	4.999999912e-15	1.786801783e-11	2.721739392e-13	4.999999912e-15	4.999999912e-15	2.979727738e-14	1.497510341e-13	4.999999912e-15	1	1	1	1	1	1	1	0	0	0	0	0	0	0	0	0	0
1712.252	1748436233.663	05/28/2025_14:43:53.663	1	3	4.495452231e-05	6.802530606e-06	0.01400000043	1.484586922e-13	2.731595874e-13	4.999999912e-15	1.436637403e-13	1.887140617e-13	4.999999912e-15	4.999999912e-15	2.027007305e-13	4.999999912e-15	4.999999912e-15	3.008202953e-14	1.496375181e-13	4.999999912e-15	5.184667799e-12	1.098182959e-14	2.699634353e-12	4.933774743e-13	3.664537424e-12	3.512404343e-12	3.810759486e-10	4.999999912e-15	3.195799745e-13	4.572539992e-14	4.999999912e-15	4.999999912e-15	1.679252711e-13	4.999999912e-15	4.483201137e-12	6.939754489e-14	8.68051464e-12	4.999999912e-15	5.046719336e-13	3.906661642e-14	4.999999912e-15	4.999999912e-15	8.345249838e-12	1.792197304e-13	1.273443156e-12	3.204720018e-13	2.052638948e-09	8.273104966e-14	4.999999912e-15	4.999999912e-15	1.828003374e-11	1.30425808e-13	4.999999912e-15	1.209474009e-13	3.357072785e-14	4.999999912e-15	3.102190407e-14	1	1	1	1	1	1	1	0	0	0	0	0	0	0	0	0	0
1721.271	1748436242.682	05/28/2025_14:44:02.682	1	3	4.487536353e-05	6.76872105e-06	0.01400000043	4.999999912e-15	2.535735565e-13	1.677739436e-13	5.21532077e-14	4.999999912e-15	4.999999912e-15	2.102277228e-13	4.999999912e-15	4.999999912e-15	1.026675828e-13	7.805555654e-14	4.999999912e-15	9.221546053e-15	5.493034846e-12	4.999999912e-15	2.560747838e-12	6.476684965e-13	3.649872939e-12	3.199991053e-12	3.798205639e-10	1.320267951e-13	4.999999912e-15	4.999999912e-15	4.936542576e-14	3.44070543e-14	4.999999912e-15	4.999999912e-15	4.715725206e-12	3.402473073e-14	8.355437002e-12	1.793870228e-13	6.401973136e-13	4.999999912e-15	4.999999912e-15	1.488808534e-13	8.290872329e-12	4.999999912e-15	1.677359098e-12	5.111474937e-13	2.063333282e-09	4.999999912e-15	1.519712904e-13	9.344404455e-14	1.781035562e-11	6.809924667e-14	1.33205621e-13	4.999999912e-15	4.999999912e-15	9.202626047e-14	4.560592762e-14	1	1	1	1	1	1	1	0	0	0	0	0	0	0	0	0	0
1730.29	1748436251.701	05/28/2025_14:44:11.701	1	3	4.476724644e-05	6.910277534e-06	0.01000000071	1.674653255e-14	5.574622795e-13	4.999999912e-15	4.999999912e-15	3.7122337e-13	4.999999912e-15	4.999999912e-15	4.999999912e-15	1.40077457e-13	3.66910346e-14	4.999999912e-15	5.061395232e-14	6.418640169e-14	5.09432687e-12	4.999999912e-15	2.835420483e-12	6.176462878e-13	3.296708826e-12	3.337569587e-12	3.793292902e-10	4.999999912e-15	4.999999912e-15	1.742794006e-13	4.118332465e-14	4.999999912e-15	1.416585355e-14	1.562783648e-13	4.587987976e-12	4.999999912e-15	8.440334369e-12	8.731691992e-14	3.70538371e-13	4.999999912e-15	1.481380936e-13	2.703737977e-14	7.976910799e-12	1.031196003e-13	1.632505871e-12	1.73881146e-13	2.046931069e-09	1.701057101e-13	2.026708608e-14	4.999999912e-15	1.7899765e-11	2.533883205e-13	4.999999912e-15	4.999999912e-15	9.944376865e-15	5.526554556e-14	4.999999912e-15	1	1	1	1	1	1	1	0	0	0	0	0	0	0	0	0	0
1739.309	1748436260.720	05/28/2025_14:44:20.720	1	3	4.477550465e-05	6.865393971e-06	0.01600000076	1.810058993e-13	1.90786975e-13	4.999999912e-15	1.941800941e-13	3.742780757e-14	4.999999912e-15	4.999999912e-15	1.915516357e-13	4.999999912e-15	4.999999912e-15	1.60009999e-13	9.96030244e-14	4.999999912e-15	5.295527471e-12	2.021929445e-13	2.689154238e-12	5.535634342e-13	3.64043691e-12	3.377080299e-12	3.777596569e-10	4.999999912e-15	1.14433975e-13	3.671094665e-14	4.999999912e-15	8.185688455e-14	1.308738274e-13	9.605059532e-14	4.562392131e-12	1.068034279e-13	8.424138123e-12	4.999999912e-15	4.77736069e-13	1.019128765e-13	4.999999912e-15	4.999999912e-15	8.470208042e-12	6.170527956e-14	1.327671263e-12	3.757036999e-13	2.057515269e-09	4.999999912e-15	4.999999912e-15	9.885430148e-14	1.781043021e-11	4.999999912e-15	4.999999912e-15	1.831883169e-13	4.999999912e-15	4.999999912e-15	4.440518388e-14	1	1	1	1	1	1	1	0	0	0	0	0	0	0	0	0	0
1748.328	1748436269.739	05/28/2025_14:44:29.739	1	3	4.483203884e-05	6.865393971e-06	0.01400000043	4.999999912e-15	3.711357393e-13	1.722960831e-13	4.999999912e-15	4.999999912e-15	1.240278632e-13	4.999999912e-15	4.999999912e-15	4.999999912e-15	2.03216472e-13	4.999999912e-15	4.999999912e-15	8.523805034e-14	5.335945661e-12	4.999999912e-15	2.533855504e-12	7.853505173e-13	3.64090225e-12	3.299807042e-12	3.806567006e-10	1.610813127e-13	4.999999912e-15	4.999999912e-15	1.590581643e-13	4.999999912e-15	4.999999912e-15	1.571903415e-14	4.754895262e-12	4.999999912e-15	8.346721751e-12	1.283449258e-13	5.6455925e-13	4.999999912e-15	4.999999912e-15	1.586758475e-13	8.174150593e-12	4.999999912e-15	1.601482076e-12	5.416358009e-13	2.057459314e-09	4.999999912e-15	1.719456419e-13	4.999999912e-15	1.783896468e-11	1.662108087e-13	2.082344307e-13	4.999999912e-15	4.999999912e-15	1.509179066e-13	4.999999912e-15	1	1	1	1	1	1	1	0	0	0	0	0	0	0	0	0	0
1757.347	1748436278.758	05/28/2025_14:44:38.758	1	3	4.489491403e-05	6.799924449e-06	0.01400000043	1.303401695e-13	4.426022537e-13	4.999999912e-15	4.999999912e-15	2.284696683e-13	4.999999912e-15	4.999999912e-15	1.233787107e-13	2.503098369e-13	4.999999912e-15	4.999999912e-15	1.460950501e-13	2.845117601e-14	5.022445567e-12	6.207964102e-14	2.936859306e-12	6.025405869e-13	3.521351179e-12	3.562323613e-12	3.809009497e-10	4.999999912e-15	2.655548917e-14	2.09449103e-13	4.999999912e-15	4.999999912e-15	1.024624857e-13	1.165128378e-13	4.472060309e-12	8.79342172e-15	8.563470245e-12	2.115519335e-14	3.495703618e-13	4.388745701e-14	1.583771769e-13	4.999999912e-15	8.127527297e-12	1.83498968e-13	1.475415059e-12	2.741412783e-13	2.046770087e-09	1.876089345e-13	4.999999912e-15	4.999999912e-15	1.776333421e-11	1.508422293e-13	4.999999912e-15	1.946658912e-14	1.888833328e-13	4.999999912e-15	4.999999912e-15	1	1	1	1	1	1	1	0	0	0	0	0	0	0	0	0	0
1766.366	1748436287.777	05/28/2025_14:44:47.777	1	3	4.487135448e-05	6.836508874e-06	0.0120000001	8.934204017e-14	2.114463661e-13	8.306558024e-14	1.551334067e-13	4.999999912e-15	4.999999912e-15	1.384067828e-13	1.982084202e-13	4.999999912e-15	1.697153838e-14	1.585902362e-13	4.999999912e-15	4.999999912e-15	5.33930105e-12	1.493507737e-13	2.519321123e-12	6.39823047e-13	3.582592773e-12	3.303735757e-12	3.807723026e-10	6.79638366e-14	1.599283721e-13	4.999999912e-15	4.999999912e-15	2.036405983e-13	4.999999912e-15	4.999999912e-15	4.642773145e-12	1.963605331e-13	8.289462866e-12	4.999999912e-15	6.316668109e-13	4.999999912e-15	4.999999912e-15	4.999999912e-15	8.332984476e-12	4.999999912e-15	1.383520251e-12	4.651651785e-13	2.054113768e-09	4.999999912e-15	4.999999912e-15	1.37897018e-13	1.803649244e-11	3.368222449e-14	1.396174842e-13	1.002063829e-13	4.999999912e-15	4.999999912e-15	1.340897337e-13	1	1	1	1	1	1	1	0	0	0	0	0	0	0	0	0	0
1775.385	1748436296.796	05/28/2025_14:44:56.796	1	3	4.482117947e-05	6.786908671e-06	0.01400000043	4.999999912e-15	4.358777336e-13	5.589677484e-14	4.999999912e-15	3.131660377e-14	2.425020905e-13	4.999999912e-15	4.999999912e-15	1.386696205e-13	9.435205032e-14	4.999999912e-15	3.321229061e-14	1.718679994e-13	5.273470462e-12	4.999999912e-15	2.796895311e-12	7.389002604e-13	3.329056865e-12	3.299602128e-12	3.814027982e-10	4.999999912e-15	4.999999912e-15	4.348721361e-14	1.379349109e-14	4.999999912e-15	4.999999912e-15	1.396413638e-13	4.664494051e-12	4.999999912e-15	8.352553892e-12	2.040467947e-13	4.528910883e-13	4.999999912e-15	1.156984122e-13	1.490082743e-13	8.154861335e-12	4.999999912e-15	1.619819513e-12	3.971356935e-13	2.058494264e-09	9.835052017e-14	1.277097189e-13	4.999999912e-15	1.773408503e-11	3.148247993e-13	3.783201508e-14	4.999999912e-15	4.999999912e-15	3.743378085e-14	4.999999912e-15	1	1	1	1	1	1	1	0	0	0	0	0	0	0	0	0	0
1784.404	1748436305.815	05/28/2025_14:45:05.815	1	3	4.473610534e-05	6.79211189e-06	0.0120000001	2.028182039e-13	3.120668871e-13	4.999999912e-15	9.839632771e-14	2.078839759e-13	4.999999912e-15	4.999999912e-15	1.489584823e-13	8.383619726e-14	4.999999912e-15	3.921595172e-14	1.586917989e-13	4.999999912e-15	5.152718096e-12	1.858366976e-13	2.80914376e-12	5.659133101e-13	3.46097196e-12	3.636473934e-12	3.775329216e-10	4.999999912e-15	6.586703025e-14	1.082411274e-13	4.999999912e-15	4.999999912e-15	3.47798152e-13	4.999999912e-15	4.448017909e-12	1.160787503e-13	8.61453877e-12	4.999999912e-15	4.659198916e-13	1.244579797e-13	4.999999912e-15	4.999999912e-15	8.120912796e-12	2.105443099e-13	1.314500917e-12	4.893053194e-13	2.058185622e-09	1.833158191e-14	4.999999912e-15	4.999999912e-15	1.821690715e-11	6.260135232e-14	4.999999912e-15	1.382056904e-13	3.837165638e-14	4.999999912e-15	4.999999912e-15	1	1	1	1	1	1	1	0	0	0	0	0	0	0	0	0	0
1793.423	1748436314.834	05/28/2025_14:45:14.834	1	3	4.474489106e-05	6.771315384e-06	0.01600000076	4.999999912e-15	1.786263466e-13	1.721587011e-13	6.670135771e-14	4.999999912e-15	1.306468361e-14	1.727959139e-13	4.999999912e-15	4.999999912e-15	1.385143085e-13	1.21246085e-13	4.999999912e-15	4.999999912e-15	5.356756705e-12	4.999999912e-15	2.572045875e-12	6.601617039e-13	3.679060962e-12	3.182981439e-12	3.788801772e-10	8.514844781e-14	1.218852628e-14	4.999999912e-15	4.999999912e-15	1.327954131e-13	4.999999912e-15	4.999999912e-15	4.877691133e-12	9.786067762e-14	8.164694615e-12	3.100198863e-14	6.350080509e-13	4.999999912e-15	4.999999912e-15	1.343724936e-13	8.301677054e-12	4.999999912e-15	1.485930845e-12	4.992197519e-13	2.067380045e-09	4.999999912e-15	8.949734535e-14	2.513970748e-14	1.757051796e-11	1.186016617e-13	1.685425616e-13	4.999999912e-15	4.999999912e-15	8.035346883e-14	1.670770185e-13	1	1	1	1	1	1	1	0	0	0	0	0	0	0	0	0	0
1802.442	1748436323.853	05/28/2025_14:45:23.853	1	3	4.47994571e-05	6.750582088e-06	0.01400000043	1.377855078e-13	5.447042557e-13	4.999999912e-15	4.999999912e-15	5.429579448e-14	9.542734848e-14	4.999999912e-15	4.999999912e-15	1.317479925e-13	4.999999912e-15	4.999999912e-15	4.188623325e-14	1.125203649e-13	5.146961416e-12	4.999999912e-15	2.903571697e-12	6.085681546e-13	3.245909617e-12	3.447839887e-12	3.807716087e-10	4.999999912e-15	4.999999912e-15	1.897335913e-13	7.935386154e-14	4.999999912e-15	5.42161395e-14	2.083399642e-13	4.461838884e-12	4.999999912e-15	8.462049637e-12	6.264317542e-14	3.280388385e-13	5.217708725e-14	6.093866053e-14	4.999999912e-15	8.211676998e-12	6.31688644e-14	1.690254599e-12	2.370778812e-13	2.036337765e-09	1.761930174e-13	4.999999912e-15	4.999999912e-15	1.791746265e-11	3.16935524e-13	4.999999912e-15	4.999999912e-15	1.159293744e-13	6.898335934e-14	1.127274204e-13	1	1	1	1	1	1	1	0	0	0	0	0	0	0	0	0	0
1811.461	1748436332.872	05/28/2025_14:45:32.872	1	3	4.486242688e-05	6.889119049e-06	0.0120000001	9.320310772e-14	2.284178977e-13	3.607772176e-14	1.59918411e-13	4.999999912e-15	4.999999912e-15	2.530896499e-14	1.377118363e-13	4.999999912e-15	4.999999912e-15	8.176527624e-14	3.187216929e-14	4.999999912e-15	5.231444618e-12	1.332832499e-13	2.584608742e-12	6.080165126e-13	3.472059229e-12	3.541052868e-12	3.786790048e-10	4.999999912e-15	1.543110258e-13	4.999999912e-15	4.999999912e-15	1.092287949e-13	7.964658257e-14	4.999999912e-15	4.30034567e-12	1.634548887e-13	8.466389048e-12	4.999999912e-15	5.280154569e-13	1.3371338e-13	4.999999912e-15	4.999999912e-15	8.336111315e-12	6.170927078e-14	1.189099275e-12	4.158197224e-13	2.068695437e-09	4.999999912e-15	4.999999912e-15	1.522082156e-13	1.784462161e-11	4.999999912e-15	5.587490106e-15	1.915237446e-13	4.999999912e-15	4.999999912e-15	2.303096136e-14	1	1	1	1	1	1	1	0	0	0	0	0	0	0	0	0	0
1820.48	1748436341.891	05/28/2025_14:45:41.891	1	3	4.484779856e-05	6.841757568e-06	0.0120000001	6.374633758e-14	4.098598902e-13	1.708922717e-13	4.999999912e-15	4.999999912e-15	4.775250562e-14	1.156944278e-13	4.999999912e-15	2.760091418e-14	1.139261754e-13	4.999999912e-15	4.999999912e-15	8.114202263e-14	5.347732673e-12	4.999999912e-15	2.516617123e-12	8.081922176e-13	3.520771999e-12	3.632186999e-12	3.823868167e-10	4.999999912e-15	4.999999912e-15	4.999999912e-15	1.620669744e-13	4.525146805e-14	4.999999912e-15	3.116926069e-14	4.724833372e-12	4.999999912e-15	8.30197109e-12	1.354159027e-13	6.052268062e-13	4.999999912e-15	2.84930025e-14	1.776147859e-13	8.009144563e-12	4.999999912e-15	1.520443602e-12	5.031466238e-13	2.062678028e-09	4.999999912e-15	1.743172392e-13	4.999999912e-15	1.779662182e-11	1.770890834e-13	2.166435434e-13	4.999999912e-15	4.999999912e-15	1.710196925e-13	4.999999912e-15	1	1	1	1	1	1	1	0	0	0	0	0	0	0	0	0	0
1829.499	1748436350.910	05/28/2025_14:45:50.910	1	3	4.473439549e-05	6.802530606e-06	0.0120000001	1.819577204e-13	3.933184616e-13	4.999999912e-15	9.348186965e-14	1.292290385e-13	4.999999912e-15	4.999999912e-15	4.00363675e-14	4.999999912e-15	4.999999912e-15	4.999999912e-15	9.921672994e-14	1.829175781e-14	4.887314511e-12	4.999999912e-15	2.903792658e-12	4.729052978e-13	3.434997946e-12	3.603745557e-12	3.793190484e-10	4.999999912e-15	4.999999912e-15	1.272696412e-13	4.999999912e-15	4.999999912e-15	1.240836318e-13	5.974190462e-14	4.487341488e-12	4.008414016e-14	8.316509807e-12	4.999999912e-15	3.046196108e-13	4.999999912e-15	7.946339306e-14	4.999999912e-15	7.965059168e-12	1.355851466e-13	1.328862151e-12	1.734669808e-13	2.056723902e-09	9.166585812e-14	4.999999912e-15	4.999999912e-15	1.802825424e-11	1.756653362e-13	4.999999912e-15	4.999999912e-15	1.709699412e-14	4.999999912e-15	4.999999912e-15	1	1	1	1	1	1	1	0	0	0	0	0	0	0	0	0	0
1838.518	1748436359.929	05/28/2025_14:45:59.929	1	3	4.472280852e-05	6.92087724e-06	0.0120000001	4.268872582e-14	1.623397868e-13	4.999999912e-15	1.488151236e-13	4.999999912e-15	4.999999912e-15	1.113634331e-13	1.089221351e-14	4.999999912e-15	4.999999912e-15	1.665772013e-13	4.999999912e-15	4.999999912e-15	5.099687166e-12	9.028787104e-14	2.545054228e-12	5.619466481e-13	3.607625049e-12	3.267341476e-12	3.796623571e-10	6.55165619e-14	5.599036859e-14	4.999999912e-15	4.999999912e-15	1.113952816e-13	4.999999912e-15	4.999999912e-15	4.567206856e-12	1.87477475e-13	8.210725502e-12	4.999999912e-15	7.325263443e-13	4.999999912e-15	4.999999912e-15	4.999999912e-15	8.308059102e-12	4.999999912e-15	1.304990838e-12	4.064687497e-13	2.030700053e-09	4.999999912e-15	4.999999912e-15	1.311804804e-13	1.783383684e-11	4.999999912e-15	8.848778372e-14	2.781000256e-14	4.999999912e-15	4.999999912e-15	1.825869371e-13	1	1	1	1	1	1	1	0	0	0	0	0	0	0	0	0	0
1847.537	1748436368.948	05/28/2025_14:46:08.948	1	3	4.47067905e-05	6.862755981e-06	0.0120000001	4.999999912e-15	3.797459851e-13	7.95748897e-14	4.999999912e-15	4.999999912e-15	1.030399385e-13	1.849884043e-14	4.999999912e-15	8.558448004e-15	4.999999912e-15	4.999999912e-15	4.999999912e-15	8.567612901e-14	5.197712486e-12	4.999999912e-15	2.734726074e-12	6.971852566e-13	3.219431666e-12	3.297791944e-12	3.808559579e-10	4.999999912e-15	4.999999912e-15	4.999999912e-15	1.282254468e-13	4.999999912e-15	4.999999912e-15	2.781796467e-14	4.552049276e-12	4.999999912e-15	8.369541171e-12	1.104474381e-13	4.849006938e-13	4.999999912e-15	4.999999912e-15	1.128529033e-13	7.974570657e-12	4.999999912e-15	1.58786981e-12	3.800327566e-13	2.024206358e-09	2.021929309e-14	6.941148367e-14	4.999999912e-15	1.770602068e-11	2.442285198e-13	8.685889193e-15	4.999999912e-15	4.999999912e-15	1.263456841e-13	4.999999912e-15	1	1	1	1	1	1	1	0	0	0	0	0	0	0	0	0	0
1856.556	1748436377.967	05/28/2025_14:46:17.967	1	3	4.475728201e-05	6.737660442e-06	0.01600000076	1.849127541e-13	3.687143906e-13	4.999999912e-15	4.999999912e-15	1.249836687e-13	4.999999912e-15	4.999999912e-15	8.745234354e-14	2.333362995e-14	4.999999912e-15	4.999999912e-15	1.592493363e-13	4.999999912e-15	5.034452456e-12	1.25031482e-13	2.747621792e-12	4.063094262e-13	3.34030156e-12	3.41485412e-12	3.771574997e-10	4.999999912e-15	6.406692939e-14	5.509827349e-14	4.999999912e-15	4.999999912e-15	1.011681515e-13	4.999999912e-15	4.398156318e-12	1.156128145e-14	8.604470435e-12	4.999999912e-15	4.108176473e-13	6.84317647e-14	1.054175193e-14	4.999999912e-15	8.181319337e-12	1.784132873e-13	1.364410212e-12	2.416080031e-13	2.048957448e-09	7.628531867e-14	4.999999912e-15	9.541738059e-14	1.811479439e-11	8.130330448e-14	4.999999912e-15	4.999999912e-15	1.514276578e-13	4.999999912e-15	4.999999912e-15	1	1	1	1	1	1	1	0	0	0	0	0	0	0	0	0	0
1865.575	1748436386.986	05/28/2025_14:46:26.986	1	3	4.481718861e-05	6.794708042e-06	0.0120000001	4.999999912e-15	1.547351657e-13	4.999999912e-15	9.909128097e-14	4.999999912e-15	4.999999912e-15	6.288212681e-14	4.999999912e-15	4.999999912e-15	4.999999912e-15	1.060049401e-13	4.999999912e-15	4.999999912e-15	5.307600713e-12	4.999999912e-15	2.585016836e-12	5.559191345e-13	3.541141989e-12	3.206179679e-12	3.809443316e-10	4.999999912e-15	4.999999912e-15	4.999999912e-15	4.999999912e-15	9.971255592e-14	4.999999912e-15	4.999999912e-15	4.580072432e-12	7.801574599e-14	7.986726731e-12	4.999999912e-15	6.307427996e-13	4.999999912e-15	4.999999912e-15	1.856456341e-14	8.279457848e-12	4.999999912e-15	1.228472402e-12	4.506369778e-13	2.064045601e-09	4.999999912e-15	4.999999912e-15	8.792426964e-14	1.789151292e-11	4.999999912e-15	1.193066099e-13	4.999999912e-15	4.999999912e-15	4.999999912e-15	9.308562764e-14	1	1	1	1	1	1	1	0	0	0	0	0	0	0	0	0	0
1874.594	1748436396.005	05/28/2025_14:46:36.005	1	3	4.478379924e-05	6.831264272e-06	0.01600000076	4.999999912e-15	4.69932307e-13	4.999999912e-15	4.999999912e-15	7.295394486e-14	1.38458567e-13	4.999999912e-15	4.999999912e-15	7.523196204e-14	4.999999912e-15	4.999999912e-15	4.999999912e-15	8.267131012e-14	5.029480738e-12	4.999999912e-15	2.70503845e-12	6.569677528e-13	3.27895263e-12	3.139739337e-12	3.77138043e-10	4.999999912e-15	4.999999912e-15	2.809474116e-14	8.565022335e-14	4.999999912e-15	4.999999912e-15	1.700320521e-13	4.656461414e-12	4.999999912e-15	8.397138887e-12	1.334883674e-13	3.018696404e-13	4.999999912e-15	1.080798455e-13	4.999999912e-15	7.966722768e-12	4.999999912e-15	1.683647471e-12	2.350109582e-13	2.033797131e-09	1.422499407e-13	2.605569569e-14	4.999999912e-15	1.800385535e-11	2.209606331e-13	4.999999912e-15	4.999999912e-15	3.223656964e-14	2.213688759e-14	4.999999912e-15	1	1	1	1	1	1	1	0	0	0	0	0	0	0	0	0	0
1883.613	1748436405.024	05/28/2025_14:46:45.024	1	3	4.468034967e-05	6.84962788e-06	0.01400000043	1.230382034e-13	2.628408559e-13	4.999999912e-15	8.174733947e-14	8.996729956e-14	4.999999912e-15	4.999999912e-15	1.562365959e-13	4.999999912e-15	4.999999912e-15	4.999999912e-15	3.30967892e-14	4.999999912e-15	5.128996186e-12	1.807211336e-13	2.649984182e-12	3.822529858e-13	3.460237522e-12	3.543201539e-12	3.786554681e-10	4.999999912e-15	1.078249496e-13	4.999999912e-15	4.999999912e-15	4.999999912e-15	1.270844866e-13	4.999999912e-15	4.468581755e-12	1.617165332e-13	8.373019292e-12	4.999999912e-15	4.445875092e-13	3.738198986e-14	4.999999912e-15	4.999999912e-15	8.1754074e-12	4.999999912e-15	1.192665541e-12	2.605469551e-13	2.052956249e-09	4.999999912e-15	4.999999912e-15	4.999999912e-15	1.781554765e-11	4.999999912e-15	4.999999912e-15	5.406082754e-14	4.999999912e-15	4.999999912e-15	4.999999912e-15	1	1	1	1	1	1	1	0	0	0	0	0	0	0	0	0	0
1892.632	1748436414.043	05/28/2025_14:46:54.043	1	3	4.461737262e-05	6.78950255e-06	0.0120000001	4.999999912e-15	3.241777777e-13	1.375406137e-13	6.384787989e-14	4.999999912e-15	4.999999912e-15	1.118612446e-13	4.999999912e-15	4.999999912e-15	7.39953617e-14	4.999999912e-15	4.999999912e-15	4.999999912e-15	5.257908258e-12	4.999999912e-15	2.556145833e-12	6.75516392e-13	3.519550753e-12	3.062595967e-12	3.761076173e-10	1.253699835e-13	4.999999912e-15	4.999999912e-15	4.469989374e-14	4.92081148e-14	4.999999912e-15	4.999999912e-15	4.634802091e-12	4.999999912e-15	8.1394275e-12	1.258160243e-13	6.001350675e-13	4.999999912e-15	4.999999912e-15	1.139003036e-13	8.001010444e-12	4.999999912e-15	1.505650422e-12	4.399578304e-13	2.030345225e-09	4.999999912e-15	1.428931029e-14	4.999999912e-15	1.746169528e-11	9.838439471e-14	1.543946449e-13	4.999999912e-15	4.999999912e-15	1.002481925e-13	7.627337889e-14	1	1	1	1	1	1	1	0	0	0	0	0	0	0	0	0	0
1901.651	1748436423.062	05/28/2025_14:47:03.062	1	3	4.462103971e-05	6.812965239e-06	0.01400000043	4.715712277e-14	5.091940324e-13	4.999999912e-15	4.999999912e-15	1.981426904e-13	4.194795146e-14	4.999999912e-15	4.999999912e-15	1.551951384e-13	4.999999912e-15	2.538065786e-14	1.372259511e-13	1.286077635e-13	4.940903589e-12	4.999999912e-15	2.88698644e-12	6.026878757e-13	3.336072304e-12	3.500136379e-12	3.776599866e-10	4.999999912e-15	4.999999912e-15	1.181257512e-13	4.999999912e-15	4.999999912e-15	4.753943956e-14	1.268714138e-13	4.363643995e-12	4.999999912e-15	8.634157625e-12	4.999999912e-15	2.543282154e-13	4.999999912e-15	1.609140609e-13	4.999999912e-15	8.014060769e-12	2.325517708e-13	1.434510497e-12	2.268647238e-13	2.043271552e-09	1.100173351e-13	4.999999912e-15	4.999999912e-15	1.797581181e-11	2.030014069e-13	4.999999912e-15	4.999999912e-15	1.132670685e-13	4.999999912e-15	4.999999912e-15	1	1	1	1	1	1	1	0	0	0	0	0	0	0	0	0	0
1910.67	1748436432.081	05/28/2025_14:47:12.081	1	3	4.466512837e-05	6.794708042e-06	0.01400000043	4.547050399e-14	1.824854151e-13	2.802703951e-14	1.540182912e-13	4.999999912e-15	4.999999912e-15	1.042426508e-14	4.867246471e-14	4.999999912e-15	4.999999912e-15	1.916611536e-13	4.999999912e-15	4.999999912e-15	5.270961619e-12	1.007957823e-13	2.575474773e-12	5.635337574e-13	3.630048302e-12	3.432690113e-12	3.761817524e-10	3.505221558e-14	1.31684255e-13	4.999999912e-15	4.999999912e-15	7.294994686e-14	1.231995192e-14	4.999999912e-15	4.399233582e-12	4.999999912e-15	8.28188039e-12	4.999999912e-15	5.705907209e-13	1.76087511e-14	4.999999912e-15	4.999999912e-15	8.196303879e-12	4.999999912e-15	1.237807599e-12	4.730506351e-13	2.042644054e-09	4.999999912e-15	4.999999912e-15	1.579689748e-13	1.777770813e-11	2.179835902e-14	8.942168837e-14	1.120583796e-13	4.999999912e-15	4.999999912e-15	7.914675859e-14	1	1	1	1	1	1	1	0	0	0	0	0	0	0	0	0	0
1919.689	1748436441.100	05/28/2025_14:47:21.100	1	3	4.463524601e-05	6.84962788e-06	0.01400000043	4.999999912e-15	4.499798971e-13	1.449341542e-13	4.999999912e-15	4.999999912e-15	1.923421817e-13	1.695162972e-14	4.999999912e-15	5.586889729e-14	2.091643644e-13	4.999999912e-15	4.999999912e-15	9.895984856e-14	5.230542562e-12	4.999999912e-15	2.654213221e-12	7.713061418e-13	3.317240579e-12	3.435824325e-12	3.801301773e-10	5.228461978e-14	4.999999912e-15	4.999999912e-15	1.019069269e-13	4.999999912e-15	4.999999912e-15	3.716695192e-14	4.780867108e-12	4.999999912e-15	8.365317987e-12	1.728755756e-13	3.704567306e-13	4.999999912e-15	6.960065662e-14	1.062080518e-13	7.912248981e-12	4.999999912e-15	1.554255205e-12	3.519459301e-13	2.038337499e-09	4.999999912e-15	1.946998335e-13	4.999999912e-15	1.765375172e-11	2.240430877e-13	4.400096959e-14	4.999999912e-15	2.909038434e-14	1.415410351e-13	4.999999912e-15	1	1	1	1	1	1	1	0	0	0	0	0	0	0	0	0	0
1928.708	1748436450.119	05/28/2025_14:47:30.119	1	3	4.45405276e-05	6.854878848e-06	0.01400000043	1.884910549e-13	3.032515645e-13	4.999999912e-15	7.968838534e-14	1.648189099e-13	4.999999912e-15	4.999999912e-15	1.581760439e-13	6.388571855e-14	4.999999912e-15	6.711954126e-14	1.274309434e-13	4.999999912e-15	5.068362396e-12	1.13826632e-13	2.867266754e-12	4.320465426e-13	3.382924583e-12	3.491026045e-12	3.76770587e-10	4.999999912e-15	1.354119182e-13	1.446354429e-13	4.999999912e-15	4.999999912e-15	2.012670223e-13	4.999999912e-15	4.49772988e-12	1.711909558e-13	8.470412739e-12	4.999999912e-15	3.857376658e-13	1.180002954e-13	4.242785322e-14	4.999999912e-15	8.154773731e-12	1.411308543e-13	1.394687317e-12	2.975007935e-13	2.028085033e-09	7.475006128e-14	4.999999912e-15	4.999999912e-15	1.803912054e-11	7.718736132e-14	4.999999912e-15	1.137310596e-13	4.510411819e-14	4.999999912e-15	4.999999912e-15	1	1	1	1	1	1	1	0	0	0	0	0	0	0	0	0	0
1937.727	1748436459.138	05/28/2025_14:47:39.138	1	3	4.451938366e-05	6.833889984e-06	0.01400000043	4.999999912e-15	2.553736302e-13	1.457107276e-13	1.425884421e-13	4.999999912e-15	1.697950388e-14	1.510473197e-13	4.999999912e-15	4.999999912e-15	1.307523697e-13	5.573746149e-14	4.999999912e-15	1.263058939e-14	5.388501711e-12	4.999999912e-15	2.601863169e-12	7.14606976e-13	3.591887638e-12	3.227804959e-12	3.768858281e-10	1.93278065e-13	4.999999912e-15	4.999999912e-15	7.545893977e-14	1.469373668e-13	4.999999912e-15	4.999999912e-15	4.629702871e-12	7.353140449e-14	8.134199911e-12	1.129743543e-13	6.451835051e-13	4.999999912e-15	4.999999912e-15	1.49948142e-13	8.193890011e-12	4.999999912e-15	1.404221466e-12	4.820431706e-13	2.01814121e-09	4.999999912e-15	6.202986258e-14	1.579291304e-13	1.760907913e-11	1.205411639e-13	1.80231291e-13	3.995073247e-14	4.999999912e-15	5.438341495e-14	1.082271751e-13	1	1	1	1	1	1	1	0	0	0	0	0	0	0	0	0	0
1946.746	1748436468.157	05/28/2025_14:47:48.157	1	3	4.446529783e-05	6.740236131e-06	0.01400000043	1.326301265e-13	5.751208429e-13	4.999999912e-15	4.999999912e-15	2.041085264e-13	1.966213786e-13	4.999999912e-15	4.999999912e-15	2.256938261e-13	5.310701423e-14	4.999999912e-15	7.150628424e-14	1.392251928e-13	4.931305364e-12	4.999999912e-15	2.802373784e-12	6.088448972e-13	3.264952111e-12	3.440055749e-12	3.718370056e-10	4.999999912e-15	4.999999912e-15	1.368994029e-13	2.043952708e-13	4.999999912e-15	2.390711869e-14	1.882580734e-13	4.493864482e-12	4.999999912e-15	8.493135015e-12	9.616610351e-14	2.636393708e-13	2.172468748e-14	1.54295088e-13	4.999999912e-15	7.905934588e-12	8.656024844e-14	1.609462997e-12	3.181521886e-13	2.038300861e-09	3.443691729e-14	2.588244696e-14	4.999999912e-15	1.774499298e-11	2.576655794e-13	4.999999912e-15	4.999999912e-15	1.142786495e-13	3.599806678e-14	4.999999912e-15	1	1	1	1	1	1	1	0	0	0	0	0	0	0	0	0	0
1955.765	1748436477.176	05/28/2025_14:47:57.176	1	3	4.453840302e-05	6.78430888e-06	0.01400000043	1.902811947e-13	2.64053536e-13	4.999999912e-15	1.83399384e-13	2.189992504e-14	7.47560244e-14	9.814143855e-14	1.96557641e-13	4.999999912e-15	4.999999912e-15	1.485443035e-13	2.13264363e-14	4.999999912e-15	5.086432577e-12	2.218068936e-13	2.714709967e-12	5.42097671e-13	3.487400039e-12	3.437013261e-12	3.746392918e-10	5.624523403e-14	2.517554849e-13	4.999999912e-15	4.999999912e-15	6.731666277e-14	1.617503603e-13	4.999999912e-15	4.282694858e-12	2.388680345e-13	8.331778843e-12	4.999999912e-15	5.068284659e-13	1.358798734e-13	4.999999912e-15	4.999999912e-15	8.211553833e-12	5.89533576e-14	1.343780664e-12	4.692652517e-13	2.043746283e-09	4.999999912e-15	4.999999912e-15	1.780628054e-13	1.79124042e-11	4.999999912e-15	7.755973056e-14	1.630406964e-13	1.033187208e-13	4.999999912e-15	9.374471414e-14	1	1	1	1	1	1	1	0	0	0	0	0	0	0	0	0	0
1964.784	1748436486.195	05/28/2025_14:48:06.195	1	3	4.461817662e-05	6.719605608e-06	0.01400000043	4.999999912e-15	4.086292665e-13	2.218327518e-13	4.999999912e-15	4.999999912e-15	1.813862374e-13	6.46822209e-14	4.999999912e-15	1.176179922e-13	1.869139744e-13	4.999999912e-15	4.999999912e-15	1.108954779e-13	5.244771631e-12	4.999999912e-15	2.682174795e-12	7.586297584e-13	3.402454533e-12	3.3120672e-12	3.774820179e-10	1.583353538e-13	4.999999912e-15	4.999999912e-15	1.683394635e-13	8.663391998e-14	4.999999912e-15	1.341056443e-13	4.699181582e-12	4.999999912e-15	8.345249838e-12	1.534288918e-13	4.898250317e-13	4.999999912e-15	4.999999912e-15	1.36447372e-13	8.100102186e-12	4.999999912e-15	1.555533697e-12	4.317119578e-13	2.016921963e-09	4.999999912e-15	2.097258998e-13	4.999999912e-15	1.766946485e-11	3.00750554e-13	1.15371837e-13	4.999999912e-15	4.999999912e-15	1.38820948e-13	4.999999912e-15	1	1	1	1	1	1	1	0	0	0	0	0	0	0	0	0	0
1973.803	1748436495.214	05/28/2025_14:48:15.214	1	3	4.456265378e-05	6.815575944e-06	0.0120000001	1.537315333e-13	4.486138295e-13	4.999999912e-15	1.026596072e-13	1.902114805e-13	4.999999912e-15	4.999999912e-15	3.690009927e-14	6.928602115e-14	4.999999912e-15	4.999999912e-15	1.715254729e-13	4.999999912e-15	5.022946035e-12	2.428605277e-13	2.852929698e-12	4.932978396e-13	3.377284997e-12	3.560290517e-12	3.757703038e-10	4.999999912e-15	1.005787589e-14	1.007002099e-13	4.999999912e-15	4.999999912e-15	1.885069791e-13	4.999999912e-15	4.356270119e-12	4.994687322e-14	8.508932274e-12	4.999999912e-15	3.752078943e-13	2.298296915e-13	6.938160712e-14	4.999999912e-15	8.1794016e-12	4.999999912e-15	1.409135829e-12	3.026940135e-13	2.044358016e-09	8.768529793e-14	4.999999912e-15	4.999999912e-15	1.80257094e-11	4.461028105e-14	4.999999912e-15	8.969249497e-14	4.569352776e-14	4.999999912e-15	4.999999912e-15	1	1	1	1	1	1	1	0	0	0	0	0	0	0	0	0	0
1982.822	1748436504.233	05/28/2025_14:48:24.233	1	3	4.450035703e-05	6.742826827e-06	0.0120000001	5.858299414e-14	3.097530912e-13	2.861287054e-13	1.652988185e-13	4.999999912e-15	4.999999912e-15	2.178363149e-13	4.999999912e-15	4.999999912e-15	1.981944882e-13	2.262633304e-13	4.999999912e-15	4.999999912e-15	5.312923278e-12	7.967445334e-14	2.644916187e-12	6.164555086e-13	3.545796035e-12	3.318871436e-12	3.766282008e-10	1.933517501e-13	7.698227093e-14	4.999999912e-15	1.116143311e-13	1.97429841e-13	4.999999912e-15	6.857914166e-15	4.480718747e-12	3.712512543e-14	8.20887542e-12	9.28486617e-14	6.653927626e-13	4.999999912e-15	4.999999912e-15	2.073065027e-13	8.308549161e-12	4.999999912e-15	1.480918903e-12	5.607957133e-13	2.025571044e-09	4.999999912e-15	2.055223396e-13	1.168553237e-13	1.77466479e-11	1.604879017e-13	2.503337435e-13	1.17165968e-14	4.999999912e-15	1.450038413e-13	1.437453536e-13	1	1	1	1	1	1	1	0	0	0	0	0	0	0	0	0	0
1991.841	1748436513.252	05/28/2025_14:48:33.252	1	3	4.443358921e-05	6.865393971e-06	0.01600000076	4.999999912e-15	5.774366987e-13	4.999999912e-15	4.999999912e-15	7.007854583e-14	2.237085707e-13	4.999999912e-15	3.466591773e-14	1.558462696e-13	5.421216522e-14	4.999999912e-15	8.608832234e-14	1.643370363e-13	5.094499909e-12	3.412429437e-14	2.837680394e-12	6.450281932e-13	3.292278125e-12	3.392956489e-12	3.75211695e-10	4.999999912e-15	4.999999912e-15	1.498724918e-13	1.6126251e-13	4.999999912e-15	4.999999912e-15	2.356083265e-13	4.524965905e-12	4.999999912e-15	8.475586552e-12	2.468709102e-13	3.167722432e-13	4.999999912e-15	2.135929373e-13	4.999999912e-15	8.138186305e-12	1.873401201e-13	1.60983542e-12	2.967640239e-13	2.039084457e-09	1.887897526e-13	4.999999912e-15	4.999999912e-15	1.787049675e-11	2.74828283e-13	4.999999912e-15	4.999999912e-15	1.099038259e-13	5.993107757e-14	4.999999912e-15	1	1	1	1	1	1	1	0	0	0	0	0	0	0	0	0	0
2000.86	1748436522.271	05/28/2025_14:48:42.271	1	3	4.444883234e-05	6.781701813e-06	0.01400000043	1.824913918e-13	2.792190307e-13	4.999999912e-15	2.164862528e-13	2.452838686e-14	2.585895636e-13	1.069189157e-13	2.044908568e-13	4.999999912e-15	4.999999912e-15	1.92734446e-13	5.543280407e-14	4.999999912e-15	5.259609154e-12	2.326394014e-13	2.597018304e-12	4.682138466e-13	3.569854481e-12	3.328146786e-12	3.739459575e-10	5.551245227e-14	1.59663515e-13	4.999999912e-15	4.999999912e-15	1.585802616e-13	1.2073033e-13	4.999999912e-15	4.526457768e-12	1.60157342e-13	8.365726514e-12	4.999999912e-15	5.955113789e-13	1.302884124e-13	4.999999912e-15	3.419796591e-14	8.248640486e-12	4.999999912e-15	1.317798409e-12	4.845422024e-13	2.010635436e-09	4.999999912e-15	4.999999912e-15	1.910617931e-13	1.78535884e-11	4.999999912e-15	1.009132759e-13	1.083048378e-13	4.999999912e-15	4.999999912e-15	1.706712571e-13	1	1	1	1	1	1	1	0	0	0	0	0	0	0	0	0	0
2009.879	1748436531.290	05/28/2025_14:48:51.290	1	3	4.448390973e-05	6.807738828e-06	0.01600000076	4.999999912e-15	4.761331303e-13	1.929594451e-13	4.999999912e-15	1.750519963e-14	1.304178255e-13	3.196973732e-14	4.999999912e-15	1.881326177e-13	1.67901378e-13	4.999999912e-15	2.324004297e-14	1.589964461e-13	5.256870893e-12	4.999999912e-15	2.703305895e-12	7.621104811e-13	3.370060958e-12	3.316487926e-12	3.758111045e-10	2.798721541e-14	4.999999912e-15	3.752935327e-14	2.137641735e-13	4.999999912e-15	4.999999912e-15	1.73190184e-13	4.545639472e-12	4.999999912e-15	8.311072316e-12	2.357636384e-13	4.928756513e-13	4.999999912e-15	1.707050842e-13	1.469692017e-13	8.041614249e-12	1.965576546e-14	1.734118274e-12	3.18488725e-13	2.016876222e-09	1.151089857e-13	1.890724854e-13	4.999999912e-15	1.766211136e-11	3.375252009e-13	4.999999912e-15	4.999999912e-15	1.224049752e-13	1.230740634e-13	4.999999912e-15	1	1	1	1	1	1	1	0	0	0	0	0	0	0	0	0	0
2018.898	1748436540.309	05/28/2025_14:49:00.309	1	3	4.455924864e-05	6.76872105e-06	0.01400000043	1.88578672e-13	3.584892528e-13	4.999999912e-15	8.809152138e-14	1.025082796e-13	4.999999912e-15	4.999999912e-15	1.523058074e-13	4.999999912e-15	4.999999912e-15	8.036542894e-14	1.545678868e-13	4.999999912e-15	5.104148874e-12	1.675190612e-13	2.674297415e-12	4.993911101e-13	3.498553227e-12	3.377452614e-12	3.769883294e-10	4.999999912e-15	1.640622181e-13	4.335976904e-14	1.06713805e-13	4.999999912e-15	1.609717812e-13	4.999999912e-15	4.339854431e-12	1.2837878e-13	8.407670393e-12	4.999999912e-15	4.20903438e-13	1.501552517e-13	4.999999912e-15	4.999999912e-15	8.273190293e-12	1.28601814e-13	1.247962996e-12	2.963777769e-13	2.042181757e-09	1.055827924e-13	4.999999912e-15	3.572923546e-14	1.819623098e-11	7.070973445e-15	4.999999912e-15	1.741619137e-13	4.009409788e-14	4.999999912e-15	5.46203775e-15	1	1	1	1	1	1	1	0	0	0	0	0	0	0	0	0	0
2027.917	1748436549.328	05/28/2025_14:49:09.328	1	3	4.44981888e-05	6.833889984e-06	0.0120000001	4.999999912e-15	3.502354385e-13	2.04729842e-13	4.820053184e-14	4.999999912e-15	1.043382571e-13	2.025633079e-13	4.999999912e-15	4.999999912e-15	1.544384466e-13	3.421389691e-14	4.999999912e-15	6.596261623e-14	5.248856471e-12	4.999999912e-15	2.638420732e-12	6.749230081e-13	3.520789563e-12	3.222466131e-12	3.75388054e-10	1.656532713e-13	4.999999912e-15	4.999999912e-15	1.468397886e-13	1.451989841e-13	4.999999912e-15	3.384750433e-14	4.646076926e-12	8.407110321e-15	8.443831571e-12	1.533870687e-13	6.769779507e-13	4.999999912e-15	4.999999912e-15	2.087601197e-13	8.213657185e-12	4.999999912e-15	1.533173762e-12	5.783546385e-13	2.035292823e-09	4.999999912e-15	8.737267501e-14	8.722931638e-14	1.769728288e-11	1.922724675e-13	2.70298161e-13	4.999999912e-15	4.999999912e-15	1.566845883e-13	9.667587504e-14	1	1	1	1	1	1	1	0	0	0	0	0	0	0	0	0	0
2036.936	1748436558.347	05/28/2025_14:49:18.347	1	3	4.440148041e-05	6.820809631e-06	0.01400000043	6.793993672e-14	5.424501993e-13	4.999999912e-15	4.999999912e-15	2.143376622e-13	1.045791871e-13	4.999999912e-15	1.178649057e-13	1.220863959e-13	4.999999912e-15	4.999999912e-15	1.779692116e-13	1.302585291e-13	5.041990263e-12	4.999999912e-15	2.875255806e-12	6.245698403e-13	3.398400485e-12	3.442208324e-12	3.737067045e-10	4.999999912e-15	4.999999912e-15	1.969260529e-13	4.999999912e-15	4.999999912e-15	1.116362319e-13	1.632020121e-13	4.240498144e-12	4.999999912e-15	8.529154813e-12	7.001085096e-14	2.783129901e-13	2.077087417e-14	2.199928607e-13	4.999999912e-15	8.037106571e-12	1.593787629e-13	1.422397573e-12	2.526814478e-13	2.018025302e-09	1.417441468e-13	4.999999912e-15	4.999999912e-15	1.776962431e-11	1.626922338e-13	4.999999912e-15	4.999999912e-15	2.780262457e-13	4.999999912e-15	4.999999912e-15	1	1	1	1	1	1	1	0	0	0	0	0	0	0	0	0	0
2045.955	1748436567.366	05/28/2025_14:49:27.366	1	3	4.437585449e-05	6.704166481e-06	0.01400000043	7.246010432e-14	2.012231934e-13	7.05006935e-14	1.494981032e-13	4.999999912e-15	4.999999912e-15	1.963584663e-14	8.518825836e-14	4.999999912e-15	1.847196034e-13	1.782201367e-13	4.999999912e-15	4.999999912e-15	5.123755153e-12	1.182113896e-13	2.549018939e-12	5.451224324e-13	3.662899845e-12	3.423534459e-12	3.748951427e-10	3.244365565e-14	1.67005312e-13	4.999999912e-15	4.999999912e-15	1.657308866e-13	4.999999912e-15	4.999999912e-15	4.485148798e-12	1.83939005e-13	8.245514514e-12	4.999999912e-15	6.05401959e-13	1.23834699e-13	4.999999912e-15	4.636657337e-14	8.142750363e-12	4.999999912e-15	1.330859251e-12	4.858942567e-13	2.015717149e-09	4.999999912e-15	6.070366649e-14	6.382596545e-14	1.743755661e-11	4.999999912e-15	1.225762249e-13	1.538311037e-13	4.999999912e-15	4.999999912e-15	1.301908207e-13	1	1	1	1	1	1	1	0	0	0	0	0	0	0	0	0	0
2054.974	1748436576.385	05/28/2025_14:49:36.385	1	3	4.441851706e-05	6.833889984e-06	0.0120000001	4.999999912e-15	4.859062371e-13	1.203260853e-13	4.999999912e-15	4.131275129e-14	2.289694584e-13	4.999999912e-15	4.999999912e-15	1.12791158e-13	1.253440982e-13	4.999999912e-15	2.023720953e-14	1.422459427e-13	5.095793579e-12	4.999999912e-15	2.781021073e-12	6.524874499e-13	3.110981741e-12	3.300072021e-12	3.73182707e-10	4.999999912e-15	4.999999912e-15	1.451929939e-13	1.413060478e-13	4.999999912e-15	4.999999912e-15	1.725450295e-13	4.504945895e-12	4.999999912e-15	8.248043741e-12	1.71270604e-13	2.989663638e-13	4.999999912e-15	1.875671114e-13	2.774028836e-14	7.991218798e-12	2.084355366e-13	1.634993031e-12	2.869231816e-13	2.02385908e-09	1.33452521e-13	1.12233607e-13	4.999999912e-15	1.780528502e-11	2.395470432e-13	4.999999912e-15	4.999999912e-15	1.510393644e-13	1.020224012e-13	4.999999912e-15	1	1	1	1	1	1	1	0	0	0	0	0	0	0	0	0	0
2063.993	1748436585.404	05/28/2025_14:49:45.404	1	3	4.4457287e-05	6.833889984e-06	0.01400000043	1.695282369e-13	3.132178761e-13	4.999999912e-15	1.056963016e-13	4.999999912e-15	4.999999912e-15	4.999999912e-15	8.199228107e-14	4.999999912e-15	4.999999912e-15	9.903748421e-14	8.575179277e-14	4.999999912e-15	4.976821906e-12	1.656253802e-13	2.636640472e-12	4.486397419e-13	3.408757217e-12	3.443819232e-12	3.750291466e-10	4.999999912e-15	1.292728403e-13	4.999999912e-15	4.999999912e-15	3.718087714e-14	8.737665946e-14	4.999999912e-15	4.406268753e-12	1.267081058e-13	8.238320616e-12	4.999999912e-15	4.117615266e-13	1.161464317e-13	4.999999912e-15	4.999999912e-15	8.156201409e-12	6.101232529e-15	1.346460812e-12	2.708756613e-13	2.026707246e-09	4.999999912e-15	4.999999912e-15	5.652003523e-14	1.777222119e-11	4.999999912e-15	1.484686126e-14	5.897327304e-14	4.999999912e-15	4.999999912e-15	4.449280435e-14	1	1	1	1	1	1	1	0	0	0	0	0	0	0	0	0	0
2073.012	1748436594.423	05/28/2025_14:49:54.423	1	3	4.449903281e-05	6.865393971e-06	0.0120000001	4.999999912e-15	3.165393024e-13	2.518152245e-13	4.999999912e-15	4.999999912e-15	1.088106249e-13	1.055608915e-13	4.999999912e-15	4.999999912e-15	1.209015662e-13	4.999999912e-15	1.086991147e-13	8.410303975e-14	5.22164343e-12	4.999999912e-15	2.703555045e-12	6.787581565e-13	3.382480494e-12	3.230140547e-12	3.75459136e-10	1.522998443e-13	4.999999912e-15	4.999999912e-15	1.64151841e-13	4.999999912e-15	4.999999912e-15	1.143702375e-13	4.659072173e-12	4.999999912e-15	8.256791952e-12	1.654103151e-13	4.85653347e-13	4.999999912e-15	1.936304781e-14	1.806872929e-13	7.935210648e-12	7.479189116e-15	1.540083274e-12	4.068311172e-13	1.995878351e-09	1.227414776e-14	1.707787557e-13	4.999999912e-15	1.743441502e-11	3.070130413e-13	1.778596733e-14	4.999999912e-15	4.999999912e-15	8.117187207e-14	4.999999912e-15	1	1	1	1	1	1	1	0	0	0	0	0	0	0	0	0	0
2082.031	1748436603.442	05/28/2025_14:50:03.442	1	3	4.443832222e-05	6.902330369e-06	0.01400000043	1.976687856e-13	3.779976549e-13	4.999999912e-15	4.599819196e-14	1.324827834e-13	4.999999912e-15	4.999999912e-15	9.407526705e-14	1.339165053e-13	4.999999912e-15	4.999999912e-15	1.29535678e-13	4.999999912e-15	5.038431478e-12	2.624486186e-14	2.821676703e-12	4.560870453e-13	3.240622831e-12	3.476340743e-12	3.755203093e-10	4.999999912e-15	4.749562424e-14	1.545300617e-13	4.999999912e-15	4.999999912e-15	2.606962768e-14	7.067394223e-14	4.147826613e-12	8.964670775e-14	8.210036817e-12	4.999999912e-15	2.78498226e-13	1.249956085e-13	6.734454709e-14	4.999999912e-15	8.097140146e-12	2.550968334e-13	1.326189809e-12	1.640244201e-13	2.023693657e-09	4.639644653e-14	4.999999912e-15	4.999999912e-15	1.788708591e-11	9.632140869e-14	4.999999912e-15	4.271658304e-14	7.016417747e-14	4.999999912e-15	4.999999912e-15	1	1	1	1	1	1	1	0	0	0	0	0	0	0	0	0	0
2091.05	1748436612.461	05/28/2025_14:50:12.461	1	3	4.440010525e-05	6.737660442e-06	0.01400000043	4.999999912e-15	1.932242615e-13	1.564416457e-13	8.748019399e-14	4.999999912e-15	4.999999912e-15	1.04907741e-13	4.999999912e-15	4.999999912e-15	1.675051699e-14	7.056242526e-14	4.999999912e-15	4.999999912e-15	5.27845042e-12	3.269654241e-14	2.478016273e-12	6.472324846e-13	3.55932059e-12	3.250786142e-12	3.748565347e-10	1.399858555e-13	4.781422383e-14	4.999999912e-15	6.475587211e-15	4.999999912e-15	4.999999912e-15	4.999999912e-15	4.54247924e-12	2.318388808e-13	8.173175678e-12	4.999999912e-15	6.114534335e-13	4.999999912e-15	4.999999912e-15	9.343806111e-14	8.034137591e-12	4.999999912e-15	1.408755708e-12	5.635834139e-13	2.015942746e-09	4.999999912e-15	4.999999912e-15	1.224308876e-13	1.704406408e-11	7.989747373e-14	1.529688919e-13	4.999999912e-15	4.999999912e-15	4.999999912e-15	1.664776173e-13	1	1	1	1	1	1	1	0	0	0	0	0	0	0	0	0	0
2100.069	1748436621.480	05/28/2025_14:50:21.480	1	3	4.441694546e-05	6.84962788e-06	0.01400000043	4.999999912e-15	4.661528867e-13	4.999999912e-15	4.999999912e-15	7.388982818e-14	1.868343262e-13	4.999999912e-15	4.999999912e-15	1.710475836e-13	6.050852365e-14	4.999999912e-15	5.329219596e-14	1.007957823e-13	4.928495979e-12	4.999999912e-15	2.738663029e-12	6.085840382e-13	3.235666509e-12	3.428899092e-12	3.759337841e-10	4.999999912e-15	4.999999912e-15	1.091272526e-13	4.969199423e-14	4.999999912e-15	4.999999912e-15	2.109047258e-13	4.361894092e-12	4.999999912e-15	8.362757535e-12	1.106087471e-13	2.901251559e-13	4.999999912e-15	1.155630089e-13	4.999999912e-15	8.074469912e-12	5.577728221e-14	1.520933336e-12	1.73628283e-13	2.012052303e-09	4.633072355e-14	1.0724749e-13	4.999999912e-15	1.772644358e-11	2.383204311e-13	4.999999912e-15	4.999999912e-15	1.441734915e-13	4.999999912e-15	4.999999912e-15	1	1	1	1	1	1	1	0	0	0	0	0	0	0	0	0	0
2109.088	1748436630.499	05/28/2025_14:50:30.499	1	3	4.450436245e-05	6.797319202e-06	0.01400000043	2.171234519e-13	1.689826528e-13	4.999999912e-15	1.785885215e-13	4.999999912e-15	4.999999912e-15	6.672724981e-14	7.574367836e-14	4.999999912e-15	4.999999912e-15	1.68536585e-13	3.36244704e-14	4.999999912e-15	5.080427398e-12	1.733156397e-13	2.516236785e-12	4.241671034e-13	3.431963264e-12	3.291141448e-12	3.71394443e-10	9.267340042e-15	1.191851251e-13	4.999999912e-15	4.999999912e-15	1.195196421e-13	9.740865341e-14	4.999999912e-15	4.36658305e-12	1.351789638e-13	8.354639029e-12	4.999999912e-15	4.934153129e-13	4.33737112e-14	4.999999912e-15	4.98254053e-14	8.2570192e-12	4.999999912e-15	1.194897805e-12	4.057996343e-13	2.016288247e-09	4.999999912e-15	4.999999912e-15	1.351470747e-13	1.763109277e-11	4.999999912e-15	4.999999912e-15	1.926069845e-13	4.999999912e-15	4.999999912e-15	5.621338898e-14	1	1	1	1	1	1	1	0	0	0	0	0	0	0	0	0	0
2118.107	1748436639.518	05/28/2025_14:50:39.518	1	3	4.455911767e-05	6.841757568e-06	0.01000000071	4.999999912e-15	4.204055723e-13	2.246086211e-13	4.999999912e-15	4.999999912e-15	4.932958271e-14	1.211425301e-13	4.999999912e-15	2.076689312e-14	1.928598747e-13	4.999999912e-15	4.999999912e-15	1.031255701e-13	5.223493513e-12	4.999999912e-15	2.627490673e-12	8.203948046e-13	3.383629531e-12	3.250836015e-12	3.761515266e-10	1.588331788e-13	4.999999912e-15	4.999999912e-15	1.763721954e-13	4.999999912e-15	4.999999912e-15	4.999999912e-15	4.643398947e-12	4.999999912e-15	8.264153251e-12	1.415808524e-13	4.980967353e-13	4.999999912e-15	1.112917606e-14	1.924457094e-13	8.053399093e-12	4.999999912e-15	1.492932297e-12	5.268505359e-13	1.998992749e-09	4.999999912e-15	1.352406956e-13	4.999999912e-15	1.763107542e-11	1.992637961e-13	1.36260198e-13	4.999999912e-15	4.999999912e-15	1.249657523e-13	3.785989602e-14	1	1	1	1	1	1	1	0	0	0	0	0	0	0	0	0	0
2127.126	1748436648.537	05/28/2025_14:50:48.537	1	3	4.456688112e-05	6.696471246e-06	0.01600000076	4.999999912e-15	4.584726696e-13	4.999999912e-15	4.999999912e-15	1.969160783e-13	4.204354421e-14	4.999999912e-15	1.033107451e-13	1.517861086e-13	4.999999912e-15	4.999999912e-15	1.263934974e-13	2.928352818e-14	4.973065796e-12	4.999999912e-15	2.838765898e-12	4.901097974e-13	3.431158786e-12	3.474632257e-12	3.774398294e-10	4.999999912e-15	4.999999912e-15	1.237968875e-13	4.999999912e-15	4.999999912e-15	1.370188956e-13	3.729637177e-14	4.359867935e-12	6.092071698e-14	8.504676997e-12	4.999999912e-15	2.718353971e-13	6.547675135e-14	8.483183367e-14	4.999999912e-15	8.037589691e-12	2.686215237e-14	1.471372937e-12	1.78835435e-13	2.048209158e-09	1.526781902e-13	4.999999912e-15	4.999999912e-15	1.792826304e-11	1.525507151e-13	4.999999912e-15	4.999999912e-15	1.671427211e-13	4.999999912e-15	4.999999912e-15	1	1	1	1	1	1	1	0	0	0	0	0	0	0	0	0	0
2136.145	1748436657.556	05/28/2025_14:50:57.556	1	3	4.448609252e-05	6.745403425e-06	0.0120000001	5.91724071e-14	1.953589336e-13	6.19283135e-14	2.543321998e-13	4.999999912e-15	4.999999912e-15	9.746839295e-14	7.731678795e-14	4.999999912e-15	1.456809255e-14	1.079504189e-13	4.999999912e-15	4.999999912e-15	5.195056191e-12	1.568239896e-13	2.465591099e-12	4.347406766e-13	3.633316304e-12	3.400880055e-12	3.780965818e-10	4.999999912e-15	1.279586382e-13	4.999999912e-15	4.999999912e-15	1.065326348e-13	4.999999912e-15	4.999999912e-15	4.485115404e-12	2.013167871e-13	8.254751917e-12	4.999999912e-15	5.750849558e-13	3.86862783e-14	4.999999912e-15	4.999999912e-15	8.284063539e-12	4.999999912e-15	1.34912925e-12	4.316183912e-13	2.032237045e-09	4.999999912e-15	4.999999912e-15	1.112798005e-13	1.796388559e-11	4.999999912e-15	4.999999912e-15	1.227813288e-13	4.999999912e-15	4.999999912e-15	1.508501982e-13	1	1	1	1	1	1	1	0	0	0	0	0	0	0	0	0	0
2145.164	1748436666.575	05/28/2025_14:51:06.575	1	3	4.445439117e-05	6.841757568e-06	0.0120000001	4.999999912e-15	4.423235053e-13	2.333044511e-13	4.0518231e-14	4.999999912e-15	2.096960165e-13	4.639644991e-14	4.999999912e-15	4.872224653e-14	1.601215227e-13	4.999999912e-15	4.999999912e-15	9.106448505e-14	5.227999891e-12	4.999999912e-15	2.549558654e-12	7.59491916e-13	3.331806836e-12	3.326709351e-12	3.754295208e-10	6.656395541e-14	4.999999912e-15	4.999999912e-15	1.921728971e-13	4.999999912e-15	1.340598639e-13	1.121878062e-13	4.595367923e-12	4.999999912e-15	8.206691403e-12	2.074339371e-13	4.700578034e-13	4.999999912e-15	8.469243915e-14	2.547782406e-13	8.04162379e-12	4.999999912e-15	1.514228738e-12	4.240197332e-13	2.032779722e-09	4.999999912e-15	1.559318945e-13	4.999999912e-15	1.779966105e-11	1.690583031e-13	1.440958084e-13	4.999999912e-15	4.999999912e-15	1.791579851e-13	1.230600975e-14	1	1	1	1	1	1	1	0	0	0	0	0	0	0	0	0	0
2154.183	1748436675.594	05/28/2025_14:51:15.594	1	3	4.447933679e-05	6.773910627e-06	0.0120000001	1.327715065e-13	5.271373615e-13	4.999999912e-15	4.999999912e-15	1.823141789e-13	4.999999912e-15	4.999999912e-15	1.233568098e-13	1.477936155e-13	4.999999912e-15	1.226020899e-14	1.714976089e-13	4.999999912e-15	5.06600881e-12	8.101458144e-14	2.79617475e-12	5.436089946e-13	3.16341159e-12	3.49246413e-12	3.727325393e-10	4.999999912e-15	4.999999912e-15	1.476024571e-13	4.999999912e-15	4.999999912e-15	1.247746074e-13	9.579773227e-14	4.34735364e-12	2.106956848e-14	8.539410498e-12	4.999999912e-15	3.601101622e-13	8.815127447e-14	1.029025498e-13	4.999999912e-15	8.052330504e-12	1.74858866e-13	1.343523708e-12	2.915150489e-13	2.034206137e-09	1.233249478e-13	4.999999912e-15	4.999999912e-15	1.781487631e-11	1.104056218e-13	4.999999912e-15	5.061991882e-14	2.002674014e-13	4.999999912e-15	4.999999912e-15	1	1	1	1	1	1	1	0	0	0	0	0	0	0	0	0	0
2163.202	1748436684.613	05/28/2025_14:51:24.613	1	3	4.454763985e-05	6.802530606e-06	0.01400000043	3.418402375e-14	2.84063761e-13	6.226678109e-15	1.765355033e-13	4.999999912e-15	4.999999912e-15	1.453284108e-13	7.208177197e-14	4.999999912e-15	1.756891683e-14	1.729990256e-13	4.999999912e-15	4.999999912e-15	5.202660785e-12	8.984383604e-14	2.410383091e-12	5.532826259e-13	3.665246058e-12	3.328992897e-12	3.736519982e-10	8.466655382e-14	1.501870866e-13	4.999999912e-15	4.999999912e-15	1.556989265e-13	2.878372115e-14	4.999999912e-15	4.340969424e-12	2.800015807e-13	8.239148079e-12	4.999999912e-15	6.300976993e-13	4.140037854e-14	4.999999912e-15	6.499286515e-14	8.109810566e-12	4.999999912e-15	1.392034925e-12	4.905180537e-13	2.033437863e-09	4.999999912e-15	4.999999912e-15	1.916372334e-13	1.780613504e-11	4.999999912e-15	1.513022157e-13	1.675827717e-13	4.999999912e-15	4.999999912e-15	1.430026209e-13	1	1	1	1	1	1	1	0	0	0	0	0	0	0	0	0	0
2172.221	1748436693.632	05/28/2025_14:51:33.632	1	3	4.458704643e-05	6.78950255e-06	0.01400000043	4.999999912e-15	5.3492318e-13	7.74422437e-14	4.999999912e-15	4.999999912e-15	2.483564027e-13	4.999999912e-15	4.999999912e-15	9.630349225e-14	1.345198367e-13	4.999999912e-15	4.999999912e-15	1.888415097e-13	5.164548476e-12	4.999999912e-15	2.741769485e-12	7.219586257e-13	3.25362003e-12	3.351351098e-12	3.750156019e-10	4.999999912e-15	4.999999912e-15	1.858048424e-14	2.005979204e-13	4.999999912e-15	4.999999912e-15	1.306488012e-13	4.601625504e-12	4.999999912e-15	8.331869049e-12	2.502361653e-13	4.275701971e-13	4.999999912e-15	6.046075777e-14	1.361765789e-13	8.012613142e-12	4.999999912e-15	1.647147588e-12	4.068450763e-13	2.037211067e-09	1.224030033e-14	2.254489184e-13	4.999999912e-15	1.777888774e-11	2.122746965e-13	1.189402038e-13	4.999999912e-15	4.999999912e-15	1.673995957e-13	4.999999912e-15	1	1	1	1	1	1	1	0	0	0	0	0	0	0	0	0	0
2181.24	1748436702.651	05/28/2025_14:51:42.651	1	3	4.448775871e-05	6.886486972e-06	0.01400000043	2.403077195e-13	4.636638296e-13	4.999999912e-15	1.107003351e-13	2.08973206e-13	4.999999912e-15	4.999999912e-15	1.773041349e-13	7.64187433e-14	4.999999912e-15	4.999999912e-15	2.386828799e-13	4.999999912e-15	5.138499001e-12	1.381797915e-13	2.72683872e-12	5.11470098e-13	3.24482238e-12	3.532551855e-12	3.727403941e-10	4.999999912e-15	1.874516032e-13	1.009511078e-13	4.999999912e-15	4.999999912e-15	2.095785432e-13	1.425944053e-14	4.245297256e-12	3.785193391e-14	8.546698071e-12	4.999999912e-15	4.170045385e-13	2.043693855e-13	1.234125649e-13	4.999999912e-15	8.205508321e-12	1.73863216e-13	1.374436155e-12	2.470621093e-13	2.008917699e-09	1.250055831e-13	4.999999912e-15	4.999999912e-15	1.782785204e-11	4.087049438e-13	4.999999912e-15	9.333651202e-14	4.999999912e-15	4.999999912e-15	4.999999912e-15	1	1	1	1	1	1	1	0	0	0	0	0	0	0	0	0	0
2190.259	1748436711.670	05/28/2025_14:51:51.670	1	3	4.44276593e-05	6.826030585e-06	0.01400000043	4.999999912e-15	2.890001335e-13	8.002889258e-14	1.334425598e-13	4.999999912e-15	1.301092074e-14	1.595838804e-13	3.077299835e-14	4.999999912e-15	7.204790421e-14	1.415509826e-13	4.999999912e-15	4.999999912e-15	5.27553912e-12	4.999999912e-15	2.384940769e-12	6.36611098e-13	3.499729803e-12	3.425113491e-12	3.727657349e-10	9.610237953e-14	9.333054891e-14	4.999999912e-15	1.64040263e-14	1.414554102e-13	4.999999912e-15	4.999999912e-15	4.356531629e-12	6.556435489e-14	8.281917686e-12	5.318665565e-14	6.203942525e-13	4.999999912e-15	4.999999912e-15	4.999999912e-15	8.165659121e-12	4.999999912e-15	1.399169626e-12	5.597323278e-13	2.019128864e-09	4.999999912e-15	5.436548157e-14	4.187627892e-14	1.757036704e-11	2.489477943e-14	1.061702131e-13	1.177514168e-13	4.999999912e-15	4.999999912e-15	7.818100551e-14	1	1	1	1	1	1	1	0	0	0	0	0	0	0	0	0	0
2199.278	1748436720.689	05/28/2025_14:52:00.689	1	3	4.436495146e-05	6.76872105e-06	0.0120000001	1.319013258e-14	5.476294873e-13	9.038746178e-14	4.999999912e-15	3.907656398e-14	2.0734632e-13	4.999999912e-15	4.999999912e-15	1.960837092e-13	1.247327843e-14	4.999999912e-15	4.999999912e-15	1.131356497e-13	5.030856374e-12	4.999999912e-15	2.820951805e-12	6.466032679e-13	3.222199634e-12	3.348859601e-12	3.714638319e-10	4.999999912e-15	4.999999912e-15	2.38378192e-13	8.755190718e-14	4.999999912e-15	5.20277384e-14	1.052980335e-13	4.541961425e-12	4.999999912e-15	8.327434228e-12	1.439604187e-13	3.130744633e-13	4.999999912e-15	1.591896103e-13	4.999999912e-15	7.962921121e-12	8.057451055e-14	1.512372909e-12	2.840179535e-13	2.010447808e-09	1.428612274e-13	1.286197169e-13	4.999999912e-15	1.762695372e-11	3.33863281e-13	1.23792903e-13	4.999999912e-15	1.476880684e-13	2.083658495e-13	4.999999912e-15	1	1	1	1	1	1	1	0	0	0	0	0	0	0	0	0	0
2208.297	1748436729.708	05/28/2025_14:52:09.708	1	3	4.443938815e-05	6.799924449e-06	0.0120000001	1.762786423e-13	3.044841668e-13	4.999999912e-15	1.863783379e-13	9.184903408e-14	4.999999912e-15	5.071748685e-14	2.029137763e-13	1.412601928e-14	4.999999912e-15	8.91090519e-14	1.760078086e-13	4.999999912e-15	5.055098701e-12	2.367652515e-13	2.624673265e-12	4.416264717e-13	3.420271011e-12	3.613917325e-12	3.701580986e-10	4.999999912e-15	1.979436038e-13	6.346157866e-14	4.999999912e-15	4.644822396e-14	1.642195223e-13	4.999999912e-15	4.304869395e-12	2.339297105e-13	8.313650983e-12	4.999999912e-15	5.152873028e-13	1.436696899e-13	4.999999912e-15	4.999999912e-15	8.079494539e-12	1.854543808e-13	1.241780116e-12	3.580889654e-13	2.013464728e-09	4.999999912e-15	4.999999912e-15	1.145335183e-13	1.779286267e-11	4.999999912e-15	4.999999912e-15	1.33649656e-13	4.999999912e-15	4.999999912e-15	4.999999912e-15	1	1	1	1	1	1	1	0	0	0	0	0	0	0	0	0	0
2217.316	1748436738.727	05/28/2025_14:52:18.727	1	3	4.448937034e-05	6.912925983e-06	0.01600000076	4.999999912e-15	2.612617967e-13	2.067967379e-13	1.737178516e-14	4.999999912e-15	9.608247086e-14	1.727222423e-13	4.999999912e-15	4.999999912e-15	1.758923411e-13	8.817314825e-15	4.999999912e-15	3.140621308e-14	5.149480668e-12	4.999999912e-15	2.551804905e-12	7.657844628e-13	3.339867662e-12	3.160016302e-12	3.716028318e-10	1.676405325e-13	4.999999912e-15	4.999999912e-15	2.270120669e-13	1.09113307e-13	4.999999912e-15	4.999999912e-15	4.567776279e-12	4.220683861e-14	8.005064493e-12	8.524999012e-14	5.787011495e-13	4.999999912e-15	4.999999912e-15	1.716389888e-13	8.036048389e-12	4.999999912e-15	1.570255102e-12	5.121291845e-13	2.025467793e-09	4.999999912e-15	1.074565648e-13	6.05742534e-14	1.7395866e-11	1.070264618e-13	1.6359429e-13	4.999999912e-15	4.999999912e-15	1.046210102e-13	1.094000514e-13	1	1	1	1	1	1	1	0	0	0	0	0	0	0	0	0	0
2226.335	1748436747.746	05/28/2025_14:52:27.746	1	3	4.454705049e-05	6.794708042e-06	0.01000000071	5.932971806e-14	5.6928442e-13	4.999999912e-15	4.999999912e-15	1.838076132e-13	8.281069786e-14	4.999999912e-15	4.999999912e-15	1.841421438e-13	4.999999912e-15	4.999999912e-15	3.901881666e-14	1.111025741e-13	4.948997809e-12	4.999999912e-15	2.882751329e-12	5.83063979e-13	3.160364765e-12	3.520512874e-12	3.738891141e-10	4.999999912e-15	4.999999912e-15	1.09318411e-13	1.01056621e-14	4.999999912e-15	5.897924293e-14	1.516606393e-13	4.449812047e-12	4.999999912e-15	8.427099296e-12	1.6373567e-13	2.462854953e-13	4.999999912e-15	1.535085264e-13	4.999999912e-15	8.103033002e-12	1.250892022e-13	1.57976323e-12	2.657043151e-13	2.039732383e-09	2.475917691e-13	6.585108571e-15	4.999999912e-15	1.798257029e-11	2.704037081e-13	4.999999912e-15	4.999999912e-15	1.749026678e-13	2.414008663e-14	4.999999912e-15	1	1	1	1	1	1	1	0	0	0	0	0	0	0	0	0	0
2235.354	1748436756.765	05/28/2025_14:52:36.765	1	3	4.443886064e-05	6.766127626e-06	0.01400000043	1.301171627e-13	2.010698736e-13	4.999999912e-15	1.470827312e-13	4.999999912e-15	4.999999912e-15	8.025590419e-14	3.426248272e-13	4.999999912e-15	4.999999912e-15	1.474969235e-13	2.502621862e-14	4.999999912e-15	5.12968704e-12	1.714717235e-13	2.584565374e-12	3.891566973e-13	3.373408324e-12	3.494269978e-12	3.744110855e-10	9.975435869e-14	1.535503495e-13	4.999999912e-15	4.999999912e-15	1.04740469e-13	5.876619043e-14	4.999999912e-15	4.316980801e-12	1.951120201e-13	8.229336483e-12	4.999999912e-15	5.26936242e-13	1.319809876e-13	4.999999912e-15	4.999999912e-15	8.155134554e-12	6.211150978e-14	1.343481858e-12	4.628813066e-13	2.026509183e-09	4.999999912e-15	4.999999912e-15	1.146808885e-13	1.782076049e-11	1.937101331e-14	7.257759796e-14	1.904604133e-13	4.999999912e-15	4.999999912e-15	6.704984739e-14	1	1	1	1	1	1	1	0	0	0	0	0	0	0	0	0	0
2244.373	1748436765.784	05/28/2025_14:52:45.784	1	3	4.433678987e-05	6.776499504e-06	0.0120000001	4.999999912e-15	4.434206095e-13	9.136516142e-14	4.999999912e-15	4.999999912e-15	1.265069863e-13	7.602447318e-14	4.999999912e-15	8.385212826e-15	2.380178032e-13	4.999999912e-15	4.999999912e-15	4.999999912e-15	5.238240397e-12	4.999999912e-15	2.629732803e-12	9.269474294e-13	3.268928964e-12	3.289653923e-12	3.754483113e-10	1.322896328e-13	4.999999912e-15	4.999999912e-15	1.785506693e-13	2.249929572e-14	4.999999912e-15	6.775674043e-14	4.579196397e-12	4.999999912e-15	8.177234931e-12	1.123929102e-13	4.976148616e-13	4.999999912e-15	1.846897743e-14	1.68371339e-13	8.046067285e-12	4.999999912e-15	1.379920158e-12	4.915454979e-13	2.0175559e-09	4.999999912e-15	1.511190261e-13	1.859641862e-14	1.746519075e-11	1.449859384e-13	7.228089926e-14	4.999999912e-15	4.999999912e-15	3.768009396e-13	4.999999912e-15	1	1	1	1	1	1	1	0	0	0	0	0	0	0	0	0	0
2253.392	1748436774.803	05/28/2025_14:52:54.803	1	3	4.43580393e-05	6.841757568e-06	0.0120000001	1.134323619e-13	4.927283082e-13	4.999999912e-15	4.999999912e-15	1.833177571e-13	3.790769917e-14	4.999999912e-15	4.25752234e-14	5.222887146e-14	4.999999912e-15	4.999999912e-15	2.451743778e-13	1.992260117e-14	4.983761667e-12	5.737429168e-14	2.784179354e-12	4.715412631e-13	3.190126115e-12	3.512328666e-12	3.71740555e-10	4.999999912e-15	3.298529256e-14	1.633732483e-13	4.999999912e-15	4.999999912e-15	1.307961714e-13	3.962815183e-14	4.237913839e-12	1.834552069e-14	8.450599595e-12	4.999999912e-15	3.133871201e-13	2.474205194e-13	1.477458157e-13	4.999999912e-15	7.911875148e-12	1.860418151e-13	1.435647716e-12	1.885906118e-13	2.010666522e-09	1.428871398e-13	4.999999912e-15	4.999999912e-15	1.81631897e-11	4.999999912e-15	4.999999912e-15	4.999999912e-15	1.000032847e-13	4.999999912e-15	4.999999912e-15	1	1	1	1	1	1	1	0	0	0	0	0	0	0	0	0	0
2262.411	1748436783.822	05/28/2025_14:53:03.822	1	3	4.443080979e-05	6.714464689e-06	0.01400000043	5.270876644e-14	2.042519257e-13	7.278070968e-14	1.770751243e-13	4.999999912e-15	4.999999912e-15	1.377437118e-13	5.753559386e-14	4.999999912e-15	3.53130814e-14	9.844411392e-14	4.999999912e-15	4.999999912e-15	5.180165758e-12	9.130742088e-14	2.455734184e-12	5.01077695e-13	3.380971067e-12	3.398924154e-12	3.71698089e-10	9.575191795e-14	6.209160112e-14	4.999999912e-15	4.999999912e-15	1.254137853e-13	4.999999912e-15	4.999999912e-15	4.480881811e-12	1.549323007e-13	8.242873398e-12	4.999999912e-15	5.095684616e-13	2.027506174e-14	4.999999912e-15	3.771852622e-14	8.128542978e-12	4.999999912e-15	1.269976528e-12	5.589199893e-13	1.992153331e-09	4.999999912e-15	4.999999912e-15	2.227467885e-13	1.753487286e-11	4.999999912e-15	1.474451529e-13	1.151388826e-13	4.999999912e-15	1.888913288e-14	1.043860433e-13	1	1	1	1	1	1	1	0	0	0	0	0	0	0	0	0	0
2271.43	1748436792.841	05/28/2025_14:53:12.841	1	3	4.449277549e-05	6.747996395e-06	0.01600000076	4.999999912e-15	5.965249995e-13	4.800340355e-14	4.999999912e-15	2.277010232e-14	1.047783279e-13	4.999999912e-15	4.999999912e-15	9.711593237e-14	4.999999912e-15	4.999999912e-15	4.999999912e-15	1.591477872e-13	5.145702874e-12	4.999999912e-15	2.671724821e-12	6.951005526e-13	3.031378534e-12	3.246227939e-12	3.738758747e-10	4.253937019e-14	4.999999912e-15	1.711492412e-14	1.747274471e-13	4.999999912e-15	4.999999912e-15	8.910309556e-14	4.493285084e-12	4.999999912e-15	8.216279219e-12	1.648030128e-13	4.020023518e-13	4.999999912e-15	9.37546888e-14	1.654720469e-13	8.029578738e-12	4.999999912e-15	1.562001179e-12	3.693933993e-13	2.015023481e-09	4.999999912e-15	1.511031019e-13	4.999999912e-15	1.753335671e-11	2.821919944e-13	9.01863355e-14	4.999999912e-15	4.104195147e-14	1.116760493e-13	4.999999912e-15	1	1	1	1	1	1	1	0	0	0	0	0	0	0	0	0	0
2280.449	1748436801.860	05/28/2025_14:53:21.860	1	3	4.447868196e-05	6.794708042e-06	0.01400000043	1.535961571e-13	4.41724077e-13	4.999999912e-15	4.691219134e-14	1.151408613e-13	4.999999912e-15	4.999999912e-15	1.253998668e-13	6.900725922e-14	4.999999912e-15	4.999999912e-15	1.778895634e-13	4.999999912e-15	5.084491855e-12	1.438150678e-13	2.775246396e-12	4.398602793e-13	3.212400615e-12	3.462280159e-12	3.729652143e-10	4.999999912e-15	5.954476278e-14	1.506968649e-13	4.999999912e-15	4.999999912e-15	4.049573719e-13	2.591630456e-14	4.225475438e-12	4.702370831e-14	8.446605394e-12	4.999999912e-15	3.557493113e-13	2.027564721e-13	1.342410612e-13	4.999999912e-15	8.017670729e-12	1.269450718e-13	1.348147397e-12	1.567343938e-13	2.009837852e-09	1.09995441e-13	4.999999912e-15	4.999999912e-15	1.772704379e-11	9.317323117e-14	4.999999912e-15	1.003099242e-13	1.328232771e-13	4.999999912e-15	3.759307386e-14	1	1	1	1	1	1	1	0	0	0	0	0	0	0	0	0	0
2289.468	1748436810.879	05/28/2025_14:53:30.879	1	3	4.438242831e-05	6.870664947e-06	0.0120000001	4.999999912e-15	2.107414449e-13	1.00982963e-13	1.186972612e-13	4.999999912e-15	4.999999912e-15	2.00355032e-13	4.999999912e-15	4.999999912e-15	1.692434983e-13	7.304156872e-14	4.999999912e-15	4.999999912e-15	5.251363146e-12	4.999999912e-15	2.457221926e-12	6.192691217e-13	3.260099222e-12	3.194993098e-12	3.73257647e-10	1.143642743e-13	4.999999912e-15	4.999999912e-15	7.785244481e-14	1.446155478e-13	4.999999912e-15	4.999999912e-15	4.52606572e-12	3.533955897e-13	8.103665308e-12	1.789151103e-14	3.541124642e-13	4.999999912e-15	4.999999912e-15	1.158616931e-13	8.145227548e-12	4.999999912e-15	1.359159096e-12	5.089691147e-13	2.012058742e-09	4.999999912e-15	3.78519373e-14	1.466546069e-13	1.720447569e-11	2.697167034e-14	1.235241022e-13	1.95801017e-14	4.999999912e-15	1.742953926e-14	9.73031131e-14	1	1	1	1	1	1	1	0	0	0	0	0	0	0	0	0	0
2298.487	1748436819.898	05/28/2025_14:53:39.898	1	3	4.435039591e-05	6.802530606e-06	0.01400000043	4.999999912e-15	5.939144033e-13	5.205165183e-14	4.999999912e-15	7.13270724e-14	1.489545385e-13	4.999999912e-15	4.999999912e-15	2.072428058e-13	7.766725631e-14	4.999999912e-15	4.999999912e-15	1.315747506e-13	5.02490714e-12	4.999999912e-15	2.783253445e-12	6.106888541e-13	3.01075137e-12	3.232450549e-12	3.714950847e-10	4.999999912e-15	4.999999912e-15	7.358915181e-14	1.066600692e-13	4.999999912e-15	4.999999912e-15	9.390006676e-14	4.327199623e-12	4.999999912e-15	8.179006084e-12	9.633736679e-14	2.727792764e-13	4.999999912e-15	1.170146337e-13	6.006448865e-14	7.898938448e-12	4.999999912e-15	1.558498556e-12	2.373825691e-13	2.010738687e-09	4.789388558e-14	4.999999912e-15	4.999999912e-15	1.75768948e-11	2.947787685e-13	9.215576165e-15	4.999999912e-15	1.818342569e-13	1.108815459e-13	4.999999912e-15	1	1	1	1	1	1	1	0	0	0	0	0	0	0	0	0	0
2307.506	1748436828.917	05/28/2025_14:53:48.917	1	3	4.436070958e-05	6.737660442e-06	0.0120000001	1.560573366e-13	2.808060587e-13	4.999999912e-15	1.017994012e-13	1.657747155e-13	4.999999912e-15	4.999999912e-15	1.51278309e-13	1.823002605e-14	4.999999912e-15	5.418428428e-14	1.83935007e-13	4.999999912e-15	4.83901634e-12	2.020157045e-13	2.65076047e-12	3.807197342e-13	3.180516614e-12	3.515431219e-12	3.707729401e-10	4.999999912e-15	9.576188583e-14	1.356986761e-13	4.999999912e-15	4.999999912e-15	1.634648634e-13	4.999999912e-15	4.106932242e-12	8.945355036e-14	8.379228734e-12	4.999999912e-15	3.73614876e-13	2.070018419e-13	4.999999912e-15	4.999999912e-15	8.070821789e-12	1.915655406e-13	1.339250434e-12	2.430516725e-13	2.000992483e-09	1.125262942e-14	4.999999912e-15	4.999999912e-15	1.806233114e-11	2.286568829e-14	4.999999912e-15	9.824697208e-14	1.360491038e-13	4.999999912e-15	4.999999912e-15	1	1	1	1	1	1	1	0	0	0	0	0	0	0	0	0	0
2316.525	1748436837.936	05/28/2025_14:53:57.936	1	3	4.443412035e-05	6.839129583e-06	0.01400000043	4.999999912e-15	3.09655513e-13	1.304576835e-13	1.158338291e-13	4.999999912e-15	4.999999912e-15	1.907690721e-13	2.476136836e-14	4.999999912e-15	6.074748181e-14	1.421025705e-13	4.999999912e-15	4.999999912e-15	5.191199033e-12	8.926832797e-15	2.417591734e-12	5.703836383e-13	3.356448799e-12	3.28165663e-12	3.719911323e-10	1.916452159e-13	5.38656847e-14	4.999999912e-15	4.999999912e-15	1.184782253e-13	4.999999912e-15	4.999999912e-15	4.425071854e-12	1.726405883e-13	8.0407625e-12	4.999999912e-15	5.31785011e-13	4.999999912e-15	4.999999912e-15	1.289602241e-13	8.150122938e-12	4.999999912e-15	1.395005747e-12	5.275156939e-13	2.033975655e-09	4.999999912e-15	4.999999912e-15	1.397767806e-13	1.741609461e-11	4.999999912e-15	1.837279379e-13	4.999999912e-15	4.999999912e-15	4.999999912e-15	1.525686722e-13	1	1	1	1	1	1	1	0	0	0	0	0	0	0	0	0	0
2325.544	1748436846.955	05/28/2025_14:54:06.955	1	3	4.447021638e-05	6.805137673e-06	0.0120000001	4.999999912e-15	4.925490896e-13	1.070881868e-13	4.999999912e-15	3.645407544e-14	2.002156036e-13	4.999999912e-15	4.999999912e-15	1.98033186e-13	7.201007233e-14	4.999999912e-15	4.999999912e-15	1.453682552e-13	5.0645395e-12	4.999999912e-15	2.649789025e-12	6.847618718e-13	3.055943085e-12	3.36532191e-12	3.736789489e-10	4.999999912e-15	4.999999912e-15	4.626701989e-14	4.972385622e-14	4.999999912e-15	4.999999912e-15	1.535244642e-13	4.379257807e-12	4.999999912e-15	8.260087059e-12	1.928399931e-13	1.934134547e-13	4.999999912e-15	7.986361274e-14	1.607248677e-13	7.864016729e-12	1.943692603e-13	1.630867099e-12	3.267007162e-13	2.024459045e-09	5.735436946e-14	1.07135973e-13	4.999999912e-15	1.739712194e-11	2.256241526e-13	1.936524129e-13	4.999999912e-15	9.372880347e-15	1.373076186e-13	4.999999912e-15	1	1	1	1	1	1	1	0	0	0	0	0	0	0	0	0	0
2334.563	1748436855.974	05/28/2025_14:54:15.974	1	3	4.441800411e-05	6.802530606e-06	0.0120000001	2.077943666e-13	4.319150831e-13	4.999999912e-15	2.609053652e-13	1.733694026e-13	4.999999912e-15	4.999999912e-15	1.041052823e-13	6.047269077e-14	4.999999912e-15	4.999999912e-15	1.781962436e-13	4.999999912e-15	4.960129529e-12	1.284942611e-13	2.717057482e-12	4.199834382e-13	3.1468684e-12	3.550441625e-12	3.742176291e-10	4.999999912e-15	7.149634346e-14	8.95132899e-14	4.999999912e-15	4.999999912e-15	1.85699275e-13	5.433959624e-14	4.174965495e-12	9.113815659e-14	8.591460876e-12	4.999999912e-15	2.923832509e-13	1.005369155e-13	5.733446758e-14	4.999999912e-15	8.081013289e-12	1.469094757e-13	1.449259766e-12	1.897933308e-13	1.999761912e-09	1.378293096e-13	1.830568981e-14	4.999999912e-15	1.773107702e-11	1.596217055e-13	4.999999912e-15	2.875584699e-14	1.294660044e-13	4.999999912e-15	4.999999912e-15	1	1	1	1	1	1	1	0	0	0	0	0	0	0	0	0	0
2343.582	1748436864.993	05/28/2025_14:54:24.993	1	3	4.437912503e-05	6.797319202e-06	0.0120000001	4.999999912e-15	1.944011358e-13	3.108562127e-14	1.284663971e-13	4.999999912e-15	4.999999912e-15	1.2007123e-13	7.487750925e-14	4.999999912e-15	4.999999912e-15	1.67192486e-13	4.999999912e-15	4.999999912e-15	5.124563534e-12	1.306169528e-13	2.524180084e-12	5.9660458e-13	3.229645067e-12	3.198709093e-12	3.73975545e-10	4.999999912e-15	1.339782235e-13	4.999999912e-15	4.999999912e-15	9.061645206e-14	7.427215852e-14	4.999999912e-15	4.306408962e-12	1.787736896e-13	8.205622813e-12	4.999999912e-15	4.669812714e-13	1.107520922e-13	4.999999912e-15	4.999999912e-15	8.076429282e-12	4.999999912e-15	1.242968835e-12	3.565537351e-13	2.022171097e-09	4.999999912e-15	4.999999912e-15	1.309833454e-13	1.764073956e-11	4.999999912e-15	3.279014972e-14	4.894328486e-14	4.999999912e-15	4.999999912e-15	6.584511582e-14	1	1	1	1	1	1	1	0	0	0	0	0	0	0	0	0	0
2352.601	1748436874.012	05/28/2025_14:54:34.012	1	3	4.43698591e-05	6.750582088e-06	0.0120000001	4.999999912e-15	4.314630792e-13	1.657966299e-13	4.999999912e-15	4.999999912e-15	1.267997073e-13	9.008080198e-14	4.999999912e-15	4.999999912e-15	2.431692001e-13	4.999999912e-15	4.999999912e-15	4.343743518e-14	5.246068337e-12	4.999999912e-15	2.524584274e-12	6.875237142e-13	3.084543688e-12	3.177224759e-12	3.752214373e-10	4.999999912e-15	4.999999912e-15	4.999999912e-15	1.858526625e-13	2.459211085e-14	4.999999912e-15	7.975809954e-14	4.604228457e-12	4.999999912e-15	8.046932912e-12	1.032868588e-13	5.013644122e-13	4.999999912e-15	4.999999912e-15	2.216476243e-13	8.058195604e-12	4.999999912e-15	1.584532202e-12	4.654897886e-13	2.020758227e-09	4.999999912e-15	1.10598786e-13	4.999999912e-15	1.725953928e-11	1.704004234e-13	1.635823367e-13	4.999999912e-15	4.999999912e-15	1.920972333e-13	4.999999912e-15	1	1	1	1	1	1	1	0	0	0	0	0	0	0	0	0	0
2361.62	1748436883.031	05/28/2025_14:54:43.031	1	3	4.440027624e-05	6.823423064e-06	0.01400000043	1.578256026e-13	5.116652002e-13	4.999999912e-15	4.999999912e-15	2.003589894e-13	4.999999912e-15	4.999999912e-15	3.97675328e-14	1.324170537e-13	4.999999912e-15	4.999999912e-15	1.154196367e-13	6.640268711e-14	4.840768411e-12	6.877627672e-14	2.72684284e-12	4.952253885e-13	3.084346363e-12	3.40901786e-12	3.718069741e-10	4.999999912e-15	4.999999912e-15	1.436159405e-13	4.999999912e-15	4.999999912e-15	6.971615803e-14	1.025481037e-13	4.188924381e-12	4.999999912e-15	8.371088545e-12	4.999999912e-15	2.416339156e-13	3.459025736e-14	1.860537278e-13	4.999999912e-15	7.957797615e-12	2.220239238e-13	1.464333754e-12	2.677274364e-13	2.037126912e-09	1.967269392e-13	4.999999912e-15	4.999999912e-15	1.771691995e-11	2.010758368e-13	4.999999912e-15	4.999999912e-15	1.62684292e-13	4.999999912e-15	4.999999912e-15	1	1	1	1	1	1	1	0	0	0	0	0	0	0	0	0	0
2370.639	1748436892.050	05/28/2025_14:54:52.050	1	3	4.446490129e-05	6.841757568e-06	0.0120000001	4.999999912e-15	2.179797141e-13	4.999999912e-15	1.294082571e-13	4.999999912e-15	4.999999912e-15	1.114550414e-13	6.527362608e-14	4.999999912e-15	4.999999912e-15	1.089380796e-13	4.999999912e-15	6.916058573e-14	5.068061422e-12	7.381219252e-14	2.501608946e-12	4.429447802e-13	3.313853532e-12	3.257811555e-12	3.724534015e-10	4.923202823e-14	6.468421312e-14	4.999999912e-15	4.999999912e-15	8.827673699e-14	4.999999912e-15	4.999999912e-15	4.318517766e-12	1.845583148e-13	7.979337677e-12	4.999999912e-15	5.441487105e-13	5.233050863e-15	4.999999912e-15	2.608557223e-14	8.022683212e-12	4.999999912e-15	1.298551002e-12	4.946857268e-13	2.025955848e-09	4.999999912e-15	4.999999912e-15	1.865655254e-13	1.755997778e-11	4.999999912e-15	7.510251508e-14	1.229724872e-13	4.999999912e-15	4.999999912e-15	3.591443413e-14	1	1	1	1	1	1	1	0	0	0	0	0	0	0	0	0	0
2379.658	1748436901.069	05/28/2025_14:55:01.069	1	3	4.443381113e-05	6.742826827e-06	0.01400000043	4.999999912e-15	4.529050203e-13	9.877865127e-14	4.999999912e-15	5.226271889e-14	2.032961066e-13	4.999999912e-15	4.999999912e-15	1.442909784e-13	1.191851251e-13	4.999999912e-15	4.999999912e-15	1.759759737e-13	5.137059181e-12	4.999999912e-15	2.61854015e-12	6.855164765e-13	3.000559653e-12	3.153186262e-12	3.711878027e-10	4.440916493e-14	4.999999912e-15	1.159314344e-14	1.578315793e-13	4.999999912e-15	4.999999912e-15	1.520648841e-13	4.34394621e-12	4.999999912e-15	8.303789947e-12	2.652483268e-13	3.269137348e-13	4.999999912e-15	1.173213002e-13	4.292768398e-14	7.867114078e-12	4.999999912e-15	1.596687084e-12	2.964872813e-13	2.019085565e-09	4.999999912e-15	1.123192522e-13	4.999999912e-15	1.778789269e-11	2.828510538e-13	5.428584015e-14	4.999999912e-15	3.599807355e-14	1.496275705e-13	4.999999912e-15	1	1	1	1	1	1	1	0	0	0	0	0	0	0	0	0	0
2388.677	1748436910.088	05/28/2025_14:55:10.088	1	3	4.436089148e-05	6.839129583e-06	0.0120000001	1.750500244e-13	3.340803383e-13	4.999999912e-15	4.247963743e-14	1.987858933e-13	4.999999912e-15	5.100225255e-14	1.05116843e-13	4.999999912e-15	4.999999912e-15	1.232394991e-14	1.624652561e-13	4.999999912e-15	4.998018492e-12	1.679452204e-13	2.677670585e-12	4.138901949e-13	3.289387209e-12	3.52297011e-12	3.722145647e-10	4.999999912e-15	7.851355742e-14	2.502023518e-14	4.999999912e-15	4.999999912e-15	1.057062424e-13	4.999999912e-15	4.211150526e-12	4.146010792e-14	8.424570069e-12	4.999999912e-15	3.563984231e-13	1.062000829e-13	4.999999912e-15	4.999999912e-15	8.068962165e-12	1.63516634e-13	1.389529876e-12	2.799975963e-13	2.026645074e-09	9.949350642e-14	4.999999912e-15	4.999999912e-15	1.804775773e-11	5.94292817e-14	4.999999912e-15	4.576125991e-14	1.69595986e-14	4.999999912e-15	4.999999912e-15	1	1	1	1	1	1	1	0	0	0	0	0	0	0	0	0	0
2397.696	1748436919.107	05/28/2025_14:55:19.107	1	3	4.43502322e-05	6.78950255e-06	0.01600000076	4.999999912e-15	2.404311559e-13	8.280274253e-14	9.167581245e-14	4.999999912e-15	4.999999912e-15	1.088643878e-13	4.999999912e-15	4.999999912e-15	8.214959203e-14	1.188207247e-13	4.999999912e-15	2.543840518e-14	5.214241799e-12	4.999999912e-15	2.343285505e-12	6.037492012e-13	3.364517215e-12	3.20935791e-12	3.720816155e-10	9.177139842e-14	6.16296429e-15	4.999999912e-15	4.999999912e-15	7.737056438e-14	4.999999912e-15	4.999999912e-15	4.431436555e-12	4.999999912e-15	8.066975039e-12	4.999999912e-15	5.780699812e-13	4.999999912e-15	4.999999912e-15	3.633459636e-14	8.078062524e-12	4.999999912e-15	1.370688394e-12	5.319523034e-13	2.023547774e-09	4.999999912e-15	4.999999912e-15	4.999999912e-15	1.732955272e-11	4.999999912e-15	7.348360473e-14	4.999999912e-15	4.999999912e-15	4.999999912e-15	1.40533486e-13	1	1	1	1	1	1	1	0	0	0	0	0	0	0	0	0	0
2406.715	1748436928.126	05/28/2025_14:55:28.126	1	3	4.425305815e-05	6.889119049e-06	0.01400000043	4.999999912e-15	5.518270303e-13	1.939491997e-14	4.999999912e-15	4.553623375e-14	1.317818738e-13	4.999999912e-15	4.999999912e-15	1.229565766e-13	3.382760245e-14	4.999999912e-15	8.004895032e-15	1.587515384e-13	4.944077699e-12	4.999999912e-15	2.733662905e-12	6.158500901e-13	3.035681949e-12	3.244207203e-12	3.698419626e-10	4.999999912e-15	4.999999912e-15	1.114231794e-13	1.354617102e-13	4.999999912e-15	4.999999912e-15	1.509617084e-13	4.34244524e-12	4.999999912e-15	8.492128008e-12	2.016194828e-13	3.467109141e-13	4.999999912e-15	9.9395935e-14	5.158966651e-14	7.885078875e-12	4.999999912e-15	1.578682064e-12	3.235167126e-13	2.001105059e-09	9.090519543e-14	4.999999912e-15	4.999999912e-15	1.755648751e-11	3.197571873e-13	4.999999912e-15	4.999999912e-15	6.380806934e-14	1.858327403e-13	4.999999912e-15	1	1	1	1	1	1	1	0	0	0	0	0	0	0	0	0	0
2415.734	1748436937.145	05/28/2025_14:55:37.145	1	3	4.431843263e-05	6.865393971e-06	0.01400000043	1.514675023e-13	2.777455186e-13	4.999999912e-15	8.457695807e-14	1.667922528e-13	4.999999912e-15	4.999999912e-15	1.40013733e-13	6.806153677e-15	4.999999912e-15	8.33544117e-15	1.477239148e-13	4.999999912e-15	5.024011155e-12	2.718077228e-14	2.722364435e-12	3.653451782e-13	3.22427458e-12	3.533350695e-12	3.696878081e-10	4.999999912e-15	1.059710859e-13	4.999999912e-15	4.999999912e-15	4.999999912e-15	1.083128135e-13	4.999999912e-15	4.262439793e-12	1.642912423e-13	8.491853054e-12	4.999999912e-15	3.933980962e-13	1.911493967e-13	4.999999912e-15	4.999999912e-15	8.064320045e-12	1.14461839e-13	1.303708335e-12	2.33714659e-13	2.004545863e-09	4.999999912e-15	4.999999912e-15	4.999999912e-15	1.775984741e-11	1.540841022e-14	4.999999912e-15	8.159803128e-14	4.444899581e-14	4.999999912e-15	4.999999912e-15	1	1	1	1	1	1	1	0	0	0	0	0	0	0	0	0	0
2424.753	1748436946.164	05/28/2025_14:55:46.164	1	3	4.438935866e-05	6.831264272e-06	0.01400000043	4.999999912e-15	3.535091057e-13	1.520887908e-13	4.999999912e-15	4.999999912e-15	6.053841375e-14	1.344860096e-13	4.999999912e-15	4.999999912e-15	8.637706571e-14	1.311247389e-13	4.999999912e-15	4.999999912e-15	5.207398315e-12	2.186010433e-14	2.453241169e-12	6.408564543e-13	3.407040709e-12	3.105929793e-12	3.713147845e-10	1.547172221e-13	4.999999912e-15	4.999999912e-15	7.32028438e-14	2.099987122e-14	4.999999912e-15	4.999999912e-15	4.402545602e-12	5.595054449e-14	8.199503576e-12	4.032309832e-14	5.494494291e-13	4.999999912e-15	4.999999912e-15	4.999999912e-15	8.004439125e-12	4.999999912e-15	1.434813206e-12	4.834350693e-13	2.038596625e-09	4.999999912e-15	4.74916669e-14	7.368076012e-14	1.742580732e-11	1.548805843e-14	1.399022499e-13	4.999999912e-15	4.999999912e-15	4.629690321e-14	4.25214673e-14	1	1	1	1	1	1	1	0	0	0	0	0	0	0	0	0	0
2433.772	1748436955.183	05/28/2025_14:55:55.183	1	3	4.433873255e-05	6.831264272e-06	0.01000000071	4.999999912e-15	5.864670728e-13	4.999999912e-15	4.999999912e-15	9.7683458e-14	1.002959922e-13	4.999999912e-15	4.999999912e-15	2.363232223e-13	6.228687271e-15	4.999999912e-15	4.999999912e-15	1.291932192e-13	5.005814339e-12	4.999999912e-15	2.805181434e-12	6.236479974e-13	3.038907667e-12	3.265497681e-12	3.72140263e-10	4.999999912e-15	4.999999912e-15	7.178109561e-14	7.797790733e-14	4.999999912e-15	4.999999912e-15	1.953828402e-13	4.240548017e-12	4.999999912e-15	8.240391876e-12	1.085955734e-13	2.662399923e-13	4.999999912e-15	1.247805841e-13	4.999999912e-15	7.966122553e-12	5.913258978e-14	1.424645883e-12	2.519347578e-13	2.007932709e-09	1.502687406e-13	4.999999912e-15	4.999999912e-15	1.736742174e-11	2.371197314e-13	4.999999912e-15	4.999999912e-15	3.337359279e-14	6.564800786e-14	4.999999912e-15	1	1	1	1	1	1	1	0	0	0	0	0	0	0	0	0	0
2442.791	1748436964.202	05/28/2025_14:56:04.202	1	3	4.427844397e-05	6.760936685e-06	0.01400000043	1.596216919e-13	2.983889448e-13	4.999999912e-15	1.502707464e-13	8.282264441e-14	4.999999912e-15	4.999999912e-15	2.203632242e-13	4.999999912e-15	4.999999912e-15	4.999999912e-15	1.010626248e-13	4.999999912e-15	4.880080281e-12	1.819398039e-13	2.510938289e-12	3.815122589e-13	3.324887241e-12	3.371737568e-12	3.677086136e-10	4.999999912e-15	1.179804138e-13	1.075143189e-13	4.999999912e-15	5.747783299e-14	2.365482213e-13	4.999999912e-15	4.255731184e-12	1.272676626e-13	8.362705493e-12	4.999999912e-15	2.709891502e-13	1.551931327e-13	4.999999912e-15	4.999999912e-15	8.076042439e-12	5.384578281e-14	1.285864644e-12	2.758477854e-13	2.017336298e-09	4.999999912e-15	4.999999912e-15	6.023569772e-15	1.739864849e-11	4.999999912e-15	4.999999912e-15	4.471781696e-14	4.999999912e-15	4.999999912e-15	4.999999912e-15	1	1	1	1	1	1	1	0	0	0	0	0	0	0	0	0	0
2451.81	1748436973.221	05/28/2025_14:56:13.221	1	3	4.419196193e-05	6.773910627e-06	0.0120000001	4.999999912e-15	2.984725368e-13	1.738034629e-13	3.055992552e-14	4.999999912e-15	1.397669415e-14	1.301231258e-13	4.999999912e-15	4.999999912e-15	7.882817256e-14	6.89196489e-14	4.999999912e-15	4.999999912e-15	5.325123589e-12	4.999999912e-15	2.468106015e-12	6.605321758e-13	3.453606325e-12	3.203057394e-12	3.711835839e-10	9.768942789e-14	4.999999912e-15	4.999999912e-15	4.999999912e-15	1.112140775e-13	4.999999912e-15	4.999999912e-15	4.483169912e-12	2.640954133e-13	7.998021516e-12	2.030094029e-14	5.438121741e-13	4.999999912e-15	4.999999912e-15	5.375418128e-14	7.976436352e-12	4.999999912e-15	1.328370248e-12	4.278409766e-13	2.007178868e-09	4.999999912e-15	3.517967032e-14	7.72670163e-14	1.753063146e-11	2.39011488e-14	1.548148003e-13	4.999999912e-15	4.999999912e-15	1.525049347e-13	8.575776943e-14	1	1	1	1	1	1	1	0	0	0	0	0	0	0	0	0	0
2460.829	1748436982.240	05/28/2025_14:56:22.240	1	3	4.426503074e-05	6.802530606e-06	0.01400000043	4.999999912e-15	4.851635044e-13	2.906848346e-14	4.999999912e-15	8.79461773e-14	1.824754811e-13	4.999999912e-15	4.999999912e-15	1.296671375e-13	4.999999912e-15	4.999999912e-15	5.710548408e-14	1.037329063e-13	5.115139649e-12	4.999999912e-15	2.753834487e-12	5.679841905e-13	2.898750901e-12	3.466245086e-12	3.697893103e-10	4.999999912e-15	4.999999912e-15	6.746005528e-14	1.043541948e-13	4.999999912e-15	4.999999912e-15	2.291507099e-13	4.151000724e-12	4.999999912e-15	8.293483088e-12	1.502647833e-13	5.422889243e-13	4.999999912e-15	2.024836733e-13	4.999999912e-15	7.885592353e-12	4.999999912e-15	1.533890528e-12	2.994183948e-13	2.007813693e-09	4.999999912e-15	8.144669699e-14	4.999999912e-15	1.732343435e-11	2.785977287e-13	4.999999912e-15	4.999999912e-15	6.816097843e-14	1.230083743e-13	4.999999912e-15	1	1	1	1	1	1	1	0	0	0	0	0	0	0	0	0	0
2469.848	1748436991.259	05/28/2025_14:56:31.259	1	3	4.428403554e-05	6.818188467e-06	0.01400000043	1.747832022e-13	3.32029353e-13	4.999999912e-15	1.545838246e-13	4.864857161e-14	4.999999912e-15	3.169894089e-14	1.54089984e-13	4.999999912e-15	4.999999912e-15	6.92621416e-14	1.059332608e-13	4.999999912e-15	5.054096464e-12	2.191166899e-13	2.60653066e-12	3.94825855e-13	3.418185873e-12	3.51781256e-12	3.719687336e-10	4.999999912e-15	1.37809428e-13	1.204118999e-14	4.999999912e-15	1.043224074e-14	1.504101477e-13	4.999999912e-15	4.365644998e-12	8.380633427e-14	8.111849734e-12	4.999999912e-15	3.792780434e-13	3.024630513e-13	4.999999912e-15	4.999999912e-15	8.057146096e-12	9.35396373e-14	1.202880677e-12	3.563227729e-13	2.003611055e-09	4.999999912e-15	4.999999912e-15	3.842144837e-14	1.755558546e-11	4.999999912e-15	4.999999912e-15	1.33572e-13	4.999999912e-15	4.999999912e-15	3.052011497e-14	1	1	1	1	1	1	1	0	0	0	0	0	0	0	0	0	0
2478.867	1748437000.278	05/28/2025_14:56:40.278	1	3	4.433506183e-05	6.786908671e-06	0.01400000043	4.999999912e-15	3.415216786e-13	1.935628307e-13	7.977010708e-15	4.999999912e-15	7.891379065e-14	1.072056804e-13	4.999999912e-15	4.999999912e-15	1.548845416e-13	4.999999912e-15	4.999999912e-15	4.999999912e-15	5.233435647e-12	4.999999912e-15	2.535289036e-12	7.095073227e-13	3.286617289e-12	3.046454582e-12	3.688873651e-10	1.190576907e-13	4.999999912e-15	4.999999912e-15	9.337833512e-14	9.589529691e-14	4.999999912e-15	4.999999912e-15	4.486043047e-12	4.999999912e-15	8.168447689e-12	8.074576706e-14	4.800499733e-13	4.999999912e-15	4.999999912e-15	1.106147238e-13	7.994713398e-12	4.999999912e-15	1.57232994e-12	4.458321191e-13	2.017771727e-09	4.999999912e-15	1.234703258e-13	6.503868624e-14	1.74830081e-11	1.177832923e-13	1.878916944e-13	4.999999912e-15	4.999999912e-15	5.280434564e-14	4.609778271e-14	1	1	1	1	1	1	1	0	0	0	0	0	0	0	0	0	0
2487.886	1748437009.297	05/28/2025_14:56:49.297	1	3	4.427188469e-05	6.815575944e-06	0.0120000001	4.878399185e-14	5.472531065e-13	4.999999912e-15	4.999999912e-15	1.820712363e-13	9.76416349e-14	4.999999912e-15	9.372890512e-15	1.941621912e-13	2.355964002e-13	4.999999912e-15	1.142089488e-13	1.624294097e-13	4.869060884e-12	4.999999912e-15	2.827616613e-12	4.941261701e-13	3.180819106e-12	3.459564449e-12	3.695628803e-10	4.999999912e-15	4.999999912e-15	1.759540864e-13	4.999999912e-15	4.999999912e-15	4.999999912e-15	2.385275408e-13	4.234309084e-12	4.999999912e-15	8.351223359e-12	9.383435055e-14	3.208224973e-13	4.999999912e-15	1.156904704e-13	4.999999912e-15	7.964774673e-12	1.062120362e-13	1.538249562e-12	2.446446908e-13	1.99657002e-09	3.008620913e-13	4.999999912e-15	4.999999912e-15	1.769233891e-11	2.488502297e-13	4.999999912e-15	1.376959798e-14	1.609319774e-13	4.999999912e-15	4.999999912e-15	1	1	1	1	1	1	1	0	0	0	0	0	0	0	0	0	0
2496.905	1748437018.316	05/28/2025_14:56:58.316	1	3	4.420533514e-05	6.833889984e-06	0.0120000001	7.923837368e-14	2.154408244e-13	3.261094465e-14	1.501432984e-13	4.999999912e-15	1.234782946e-14	9.373476658e-14	4.999999912e-15	4.999999912e-15	4.999999912e-15	1.304377477e-13	7.386993307e-14	4.999999912e-15	5.236675676e-12	1.58267659e-13	2.452904633e-12	5.431551476e-13	3.318483075e-12	3.336818885e-12	3.6863676e-10	4.999999912e-15	1.593668367e-13	4.999999912e-15	4.999999912e-15	1.513380621e-13	8.489355865e-14	4.999999912e-15	4.449664595e-12	1.662964335e-13	8.433721603e-12	4.999999912e-15	4.850738951e-13	1.183308686e-13	4.999999912e-15	4.999999912e-15	8.228891527e-12	4.999999912e-15	1.333447892e-12	3.698195721e-13	2.017291667e-09	4.999999912e-15	4.999999912e-15	2.140071296e-13	1.756278976e-11	4.999999912e-15	3.813868844e-14	1.187768959e-13	4.999999912e-15	4.999999912e-15	1.507805111e-13	1	1	1	1	1	1	1	0	0	0	0	0	0	0	0	0	0
2505.924	1748437027.335	05/28/2025_14:57:07.335	1	3	4.417638047e-05	6.828654932e-06	0.0120000001	4.999999912e-15	4.616526345e-13	1.083705608e-13	4.999999912e-15	4.999999912e-15	1.818561442e-13	4.999999912e-15	4.999999912e-15	8.093890412e-14	1.345755918e-13	4.999999912e-15	4.999999912e-15	1.655915395e-13	5.133429272e-12	4.999999912e-15	2.702605284e-12	7.189876407e-13	3.241234104e-12	3.188186911e-12	3.679115346e-10	9.12138339e-14	4.999999912e-15	4.999999912e-15	1.65957905e-13	4.999999912e-15	4.999999912e-15	6.034127191e-14	4.586627519e-12	4.999999912e-15	8.146497366e-12	1.938993535e-13	6.012322801e-13	4.999999912e-15	1.389882404e-13	2.710010764e-13	7.905219881e-12	4.999999912e-15	1.602105276e-12	4.26335589e-13	2.002480182e-09	5.580119225e-14	2.109764051e-13	4.999999912e-15	1.747760964e-11	2.373088976e-13	2.37338869e-14	4.999999912e-15	4.999999912e-15	1.340180408e-13	4.999999912e-15	1	1	1	1	1	1	1	0	0	0	0	0	0	0	0	0	0
2514.943	1748437036.354	05/28/2025_14:57:16.354	1	3	4.422580241e-05	6.815575944e-06	0.0120000001	1.918423645e-13	4.583531363e-13	4.999999912e-15	4.557207679e-14	2.014004469e-13	4.999999912e-15	4.999999912e-15	1.351630261e-13	8.83125631e-14	4.999999912e-15	6.016405906e-14	2.524564217e-13	4.999999912e-15	4.927275168e-12	1.161106123e-13	2.725335799e-12	4.252822053e-13	3.261208361e-12	3.475245482e-12	3.710630969e-10	4.999999912e-15	4.292767381e-14	1.693809074e-13	4.999999912e-15	4.999999912e-15	2.066255153e-13	5.514607664e-14	4.219245179e-12	4.323034918e-14	8.320373036e-12	4.999999912e-15	3.377621804e-13	1.347010611e-13	4.999999912e-15	4.999999912e-15	8.034188766e-12	1.997596153e-13	1.471938348e-12	2.783269492e-13	2.018369027e-09	7.453301756e-14	4.999999912e-15	1.602171629e-14	1.775055276e-11	6.006847309e-14	4.999999912e-15	3.798934298e-14	1.662904569e-13	4.999999912e-15	4.999999912e-15	1	1	1	1	1	1	1	0	0	0	0	0	0	0	0	0	0
2523.962	1748437045.373	05/28/2025_14:57:25.373	1	3	4.429234832e-05	6.833889984e-06	0.0120000001	4.999999912e-15	2.894800285e-13	1.470966632e-13	1.635684047e-13	4.999999912e-15	4.999999912e-15	1.442133088e-13	4.999999912e-15	4.999999912e-15	7.330839088e-14	1.345915295e-13	4.999999912e-15	4.999999912e-15	5.159156522e-12	3.064755616e-14	2.619306681e-12	7.462599874e-13	3.576737864e-12	3.193252954e-12	3.712020136e-10	1.125601823e-13	4.999999912e-15	4.999999912e-15	1.286954755e-14	1.450735419e-13	4.999999912e-15	4.999999912e-15	4.491572479e-12	1.420468018e-13	8.132798254e-12	2.562956358e-14	6.659403931e-13	4.999999912e-15	4.999999912e-15	1.59904479e-13	8.105334112e-12	4.999999912e-15	1.497587753e-12	5.491726323e-13	2.024298951e-09	4.999999912e-15	1.347189504e-13	1.479409856e-13	1.745818941e-11	1.342092128e-13	2.085231673e-13	4.999999912e-15	4.999999912e-15	4.999999912e-15	1.281079734e-13	1	1	1	1	1	1	1	0	0	0	0	0	0	0	0	0	0
2532.981	1748437054.392	05/28/2025_14:57:34.392	1	3	4.429795445e-05	6.818188467e-06	0.01600000076	5.49250417e-14	6.067122174e-13	4.899904335e-14	4.999999912e-15	5.568968206e-14	1.595699348e-13	4.999999912e-15	4.999999912e-15	6.838598427e-14	4.686440512e-14	4.999999912e-15	1.986285824e-14	8.984383604e-14	4.921415272e-12	4.999999912e-15	2.808189879e-12	6.111886713e-13	3.285535689e-12	3.339427259e-12	3.688323535e-10	4.999999912e-15	4.999999912e-15	3.775416665e-13	1.310231898e-13	4.999999912e-15	2.633049012e-14	1.955720064e-13	4.203333428e-12	4.999999912e-15	8.315802907e-12	1.33699448e-13	3.318222162e-13	4.999999912e-15	4.999999912e-15	2.537469136e-14	7.874029553e-12	7.028167111e-14	1.601053925e-12	2.737250801e-13	2.010444256e-09	1.686023283e-13	3.91383059e-14	4.999999912e-15	1.776879512e-11	3.545385556e-13	4.999999912e-15	4.999999912e-15	1.210031424e-13	6.56141401e-14	4.999999912e-15	1	1	1	1	1	1	1	0	0	0	0	0	0	0	0	0	0
2542	1748437063.411	05/28/2025_14:57:43.411	1	3	4.424133294e-05	6.807738828e-06	0.0120000001	1.076995074e-13	2.869291989e-13	4.999999912e-15	2.052714552e-13	6.017999684e-14	4.999999912e-15	7.410290101e-14	1.534507927e-13	4.999999912e-15	4.999999912e-15	1.366604448e-13	5.028738724e-14	4.999999912e-15	5.07961468e-12	2.326553121e-13	2.550741519e-12	5.044230008e-13	3.607353999e-12	3.278955015e-12	3.680374061e-10	4.999999912e-15	2.075335346e-13	4.999999912e-15	4.999999912e-15	1.770273652e-13	5.382387176e-14	4.999999912e-15	4.310955239e-12	1.786681561e-13	8.11947818e-12	4.999999912e-15	5.561162425e-13	1.146291043e-13	4.999999912e-15	7.403528745e-15	8.074810785e-12	4.999999912e-15	1.331418808e-12	5.183618292e-13	2.012943812e-09	4.999999912e-15	4.999999912e-15	1.741440108e-13	1.764041344e-11	4.999999912e-15	7.082129208e-14	1.108536684e-13	4.999999912e-15	4.999999912e-15	1.572421528e-13	1	1	1	1	1	1	1	0	0	0	0	0	0	0	0	0	0
2551.019	1748437072.430	05/28/2025_14:57:52.430	1	3	4.416193406e-05	6.714464689e-06	0.01400000043	4.999999912e-15	4.931245841e-13	9.686305577e-14	4.999999912e-15	3.855883711e-14	1.639925446e-13	8.753607783e-15	4.999999912e-15	1.452905857e-13	1.970634485e-13	4.999999912e-15	4.999999912e-15	1.785685993e-13	5.187122867e-12	4.999999912e-15	2.690842774e-12	7.26883072e-13	3.624427147e-12	3.249464066e-12	3.715070751e-10	7.056243881e-14	4.999999912e-15	4.999999912e-15	1.141631684e-13	4.999999912e-15	4.999999912e-15	1.539087732e-13	4.489639129e-12	4.999999912e-15	8.045176504e-12	2.280156587e-13	4.188265403e-13	4.999999912e-15	4.029522755e-14	1.355891446e-13	7.885716385e-12	4.999999912e-15	1.591537666e-12	4.342150012e-13	1.996286247e-09	4.223870738e-14	1.077911089e-13	4.999999912e-15	1.737719517e-11	3.394149653e-13	1.689786549e-13	4.999999912e-15	4.999999912e-15	1.163933723e-13	4.999999912e-15	1	1	1	1	1	1	1	0	0	0	0	0	0	0	0	0	0
2560.038	1748437081.449	05/28/2025_14:58:01.449	1	3	4.413966235e-05	6.836508874e-06	0.01400000043	2.107315109e-13	4.559118382e-13	4.999999912e-15	7.970632889e-14	1.836980953e-13	4.999999912e-15	4.999999912e-15	1.508024256e-13	2.267652551e-14	4.999999912e-15	4.999999912e-15	1.981307777e-13	4.999999912e-15	4.879098427e-12	1.245018086e-13	2.714626701e-12	3.269416259e-13	3.268580068e-12	3.481470104e-12	3.680326599e-10	4.999999912e-15	6.208762345e-14	1.414673771e-13	4.999999912e-15	4.999999912e-15	1.690901786e-13	4.999999912e-15	4.196525072e-12	1.228132044e-13	8.315908726e-12	4.999999912e-15	3.416610799e-13	1.237052995e-13	4.11235885e-14	4.999999912e-15	8.19173375e-12	1.703167907e-13	1.350849662e-12	2.56976596e-13	1.993457621e-09	1.761073993e-14	4.999999912e-15	4.999999912e-15	1.772757635e-11	2.036664633e-14	4.999999912e-15	9.507886557e-14	1.189421825e-13	4.999999912e-15	4.999999912e-15	1	1	1	1	1	1	1	0	0	0	0	0	0	0	0	0	0
2569.057	1748437090.468	05/28/2025_14:58:10.468	1	3	4.421624908e-05	6.805137673e-06	0.01400000043	4.999999912e-15	3.101393654e-13	1.812647661e-13	8.012447856e-14	4.999999912e-15	3.184032085e-14	2.266177968e-13	4.999999912e-15	4.999999912e-15	9.667588182e-14	1.101208832e-13	4.999999912e-15	4.999999912e-15	5.241878979e-12	9.240660537e-14	2.409680311e-12	5.235232278e-13	3.400007706e-12	3.198236814e-12	3.662742887e-10	1.92527377e-13	7.190454558e-14	4.999999912e-15	4.999999912e-15	2.004286765e-13	4.999999912e-15	4.999999912e-15	4.567573316e-12	1.083367201e-13	8.11434947e-12	2.476734502e-14	6.174949332e-13	4.999999912e-15	4.999999912e-15	1.78763715e-13	8.060441203e-12	4.999999912e-15	1.43450269e-12	5.888525887e-13	2.003474719e-09	4.999999912e-15	9.490762939e-14	6.804946147e-14	1.722219936e-11	9.298009411e-14	2.565504775e-13	7.123547764e-14	4.999999912e-15	4.276837402e-14	1.961275651e-13	1	1	1	1	1	1	1	0	0	0	0	0	0	0	0	0	0
2578.076	1748437099.487	05/28/2025_14:58:19.487	1	3	4.424363215e-05	6.873290204e-06	0.01400000043	2.874191499e-14	6.238271618e-13	4.999999912e-15	4.999999912e-15	1.474212462e-13	1.839808687e-13	4.999999912e-15	1.000810085e-14	1.78644263e-13	1.632079888e-13	4.999999912e-15	2.843923962e-14	2.203333544e-13	5.028136761e-12	4.999999912e-15	2.751500633e-12	7.282808796e-13	3.152110951e-12	3.357577888e-12	3.711638774e-10	4.999999912e-15	4.999999912e-15	8.403532454e-14	1.794885583e-13	4.999999912e-15	7.921255611e-15	8.570800455e-14	4.331640515e-12	4.999999912e-15	8.305804829e-12	1.133467303e-13	3.49223905e-13	4.999999912e-15	1.536499335e-13	5.910471223e-14	7.903330768e-12	4.999999912e-15	1.693327119e-12	3.084268951e-13	2.010948963e-09	2.543123047e-13	1.590980223e-13	4.999999912e-15	1.76087981e-11	3.127598278e-13	4.999999912e-15	4.999999912e-15	1.268714138e-13	1.936504342e-13	4.999999912e-15	1	1	1	1	1	1	1	0	0	0	0	0	0	0	0	0	0
2587.095	1748437108.506	05/28/2025_14:58:28.506	1	3	4.419227844e-05	6.76872105e-06	0.0120000001	2.654673627e-13	2.979488943e-13	4.999999912e-15	1.629570773e-13	1.115187586e-13	4.999999912e-15	4.999999912e-15	2.394853521e-13	7.182091293e-14	4.999999912e-15	9.996941697e-14	1.466446593e-13	4.999999912e-15	5.021417743e-12	2.05092223e-13	2.662996776e-12	4.031991483e-13	3.419884601e-12	3.447729949e-12	3.72555875e-10	4.999999912e-15	1.803527623e-13	1.027890473e-13	4.999999912e-15	4.321043374e-14	9.788258528e-14	4.999999912e-15	4.14456143e-12	1.816749469e-13	8.229774501e-12	4.999999912e-15	3.776949998e-13	1.929694062e-13	1.816830445e-14	4.999999912e-15	8.10749471e-12	1.159313802e-13	1.227088526e-12	2.582032353e-13	1.982909836e-09	1.077673581e-14	4.999999912e-15	4.881783928e-14	1.78754251e-11	4.242986239e-14	4.999999912e-15	1.732160829e-13	4.999999912e-15	4.999999912e-15	4.999999912e-15	1	1	1	1	1	1	1	0	0	0	0	0	0	0	0	0	0
2596.114	1748437117.525	05/28/2025_14:58:37.525	1	3	4.42397577e-05	6.799924449e-06	0.01400000043	4.999999912e-15	3.617011204e-13	2.161158622e-13	9.002903132e-14	4.999999912e-15	5.418628667e-14	3.569858168e-13	4.999999912e-15	4.999999912e-15	1.147207058e-13	3.487899056e-14	4.999999912e-15	4.999999912e-15	5.23212593e-12	4.999999912e-15	2.523943077e-12	7.11844971e-13	3.522792735e-12	3.025980725e-12	3.710104446e-10	1.419771283e-13	4.999999912e-15	4.999999912e-15	1.174925364e-13	6.272483618e-14	4.999999912e-15	4.999999912e-15	4.502590575e-12	9.429832132e-14	8.059162712e-12	5.683068287e-14	5.631693029e-13	4.999999912e-15	4.999999912e-15	1.234982033e-13	7.960762258e-12	4.999999912e-15	1.510278014e-12	5.621657111e-13	2.00825756e-09	4.999999912e-15	9.092111287e-14	8.591906483e-14	1.741442407e-11	1.143542997e-13	2.241764988e-13	4.999999912e-15	4.999999912e-15	6.226284408e-14	1.260310893e-13	1	1	1	1	1	1	1	0	0	0	0	0	0	0	0	0	0
2605.133	1748437126.544	05/28/2025_14:58:46.544	1	3	4.41559132e-05	6.862755981e-06	0.01400000043	7.941177826e-15	5.396086681e-13	6.677108546e-14	4.999999912e-15	8.405524676e-14	1.253620417e-13	4.999999912e-15	4.999999912e-15	1.747772391e-13	4.999999912e-15	4.999999912e-15	1.171898949e-13	1.573019059e-13	4.812032717e-12	7.124744452e-14	2.824799205e-12	6.354282335e-13	3.162724639e-12	3.367681568e-12	3.690324712e-10	4.999999912e-15	4.999999912e-15	1.566647203e-13	1.134622249e-13	4.999999912e-15	4.999999912e-15	2.580439118e-13	4.277019711e-12	4.999999912e-15	8.23606721e-12	1.155490905e-13	2.633805175e-13	4.999999912e-15	1.193723126e-13	4.999999912e-15	7.96584413e-12	1.993414656e-13	1.660053171e-12	2.259128756e-13	2.00494199e-09	9.374076358e-14	5.420222105e-14	4.999999912e-15	1.729733717e-11	2.874986761e-13	4.999999912e-15	4.999999912e-15	1.450994544e-13	5.906090368e-14	4.999999912e-15	1	1	1	1	1	1	1	0	0	0	0	0	0	0	0	0	0
2614.152	1748437135.563	05/28/2025_14:58:55.563	1	3	4.419456309e-05	6.737660442e-06	0.0120000001	1.683056364e-13	3.424695152e-13	4.999999912e-15	1.945584535e-13	7.917665547e-14	4.999999912e-15	2.917202477e-14	1.09953645e-13	4.999999912e-15	4.999999912e-15	1.37273778e-13	6.004456643e-14	4.999999912e-15	5.062911895e-12	5.510265638e-13	2.615170884e-12	4.151108439e-13	3.434567951e-12	3.460135824e-12	3.68277131e-10	4.999999912e-15	9.959905351e-14	4.999999912e-15	4.999999912e-15	9.869103419e-14	1.340718172e-13	4.999999912e-15	4.253391476e-12	1.893811713e-13	8.110756858e-12	4.999999912e-15	4.279823837e-13	2.113328501e-13	4.999999912e-15	4.999999912e-15	8.099669373e-12	1.224906136e-13	1.178800547e-12	3.328636466e-13	2.012272793e-09	4.999999912e-15	4.999999912e-15	6.307130653e-14	1.772786085e-11	4.999999912e-15	4.999999912e-15	1.690225108e-13	4.999999912e-15	4.999999912e-15	1.807629838e-13	1	1	1	1	1	1	1	0	0	0	0	0	0	0	0	0	0
2623.171	1748437144.582	05/28/2025_14:59:04.582	1	3	4.42423152e-05	6.831264272e-06	0.01600000076	4.999999912e-15	3.833780624e-13	1.429608114e-13	1.341715774e-14	4.999999912e-15	1.151786864e-13	1.627141618e-13	4.999999912e-15	4.999999912e-15	1.114510638e-13	5.69103819e-15	4.999999912e-15	4.999999912e-15	5.276757763e-12	4.999999912e-15	2.464679068e-12	6.706298928e-13	3.29705924e-12	3.045889062e-12	3.699878737e-10	1.223791169e-13	4.999999912e-15	4.999999912e-15	9.872289618e-14	8.792229098e-14	4.999999912e-15	4.999999912e-15	4.480968981e-12	3.199165515e-14	7.823409455e-12	3.839556304e-14	5.137819423e-13	4.999999912e-15	4.999999912e-15	1.206108781e-13	8.145373265e-12	4.999999912e-15	1.421654895e-12	5.110260088e-13	2.001241839e-09	4.999999912e-15	3.642141656e-13	3.858672821e-14	1.751702429e-11	4.999999912e-15	2.104885548e-13	4.999999912e-15	4.999999912e-15	7.363298068e-14	9.969463948e-14	1	1	1	1	1	1	1	0	0	0	0	0	0	0	0	0	0
2632.19	1748437153.601	05/28/2025_14:59:13.601	1	3	4.430278204e-05	6.799924449e-06	0.0120000001	5.253753026e-14	5.962959618e-13	4.999999912e-15	4.999999912e-15	1.745303392e-13	9.887821491e-14	4.999999912e-15	4.999999912e-15	1.702451385e-13	4.999999912e-15	4.999999912e-15	1.289702123e-13	7.82009345e-14	4.973460446e-12	4.999999912e-15	2.7187445e-12	5.509429718e-13	3.231741914e-12	3.426009693e-12	3.693025885e-10	4.999999912e-15	4.999999912e-15	1.352466587e-13	4.106783679e-14	4.999999912e-15	3.356476474e-14	1.393885007e-13	4.281185649e-12	4.999999912e-15	8.349656036e-12	7.762744576e-14	2.13415738e-13	9.35098624e-15	1.327137727e-13	4.999999912e-15	7.773895243e-12	8.01444211e-14	1.506208027e-12	2.271634215e-13	2.024324042e-09	1.642713201e-13	7.944347084e-14	4.999999912e-15	1.781883495e-11	2.232445999e-13	4.999999912e-15	4.999999912e-15	1.420328969e-13	1.134225228e-14	4.999999912e-15	1	1	1	1	1	1	1	0	0	0	0	0	0	0	0	0	0
2641.209	1748437162.620	05/28/2025_14:59:22.620	1	3	4.431253546e-05	6.84962788e-06	0.01400000043	1.395617291e-13	2.900216688e-13	4.999999912e-15	4.999999912e-15	4.999999912e-15	4.999999912e-15	5.033716906e-14	1.608603116e-13	4.999999912e-15	4.999999912e-15	1.796578294e-13	4.999999912e-15	4.999999912e-15	5.218320567e-12	9.906565314e-15	2.478436727e-12	4.138941793e-13	3.552460409e-12	3.372004065e-12	3.722748221e-10	4.999999912e-15	6.029349248e-14	4.999999912e-15	4.999999912e-15	1.170524994e-13	8.366298241e-14	4.999999912e-15	4.249052499e-12	1.686182389e-13	8.096827028e-12	4.999999912e-15	4.578135288e-13	6.126523578e-14	4.999999912e-15	4.999999912e-15	8.046727347e-12	4.999999912e-15	1.2516907e-12	3.867174593e-13	2.014830969e-09	4.999999912e-15	4.999999912e-15	3.361055873e-14	1.739061499e-11	4.999999912e-15	4.999999912e-15	1.083068571e-13	4.999999912e-15	4.999999912e-15	5.000263848e-14	1	1	1	1	1	1	1	0	0	0	0	0	0	0	0	0	0
2650.228	1748437171.639	05/28/2025_14:59:31.639	1	3	4.421567792e-05	6.818188467e-06	0.01400000043	4.999999912e-15	4.182750066e-13	1.293186749e-13	4.999999912e-15	4.999999912e-15	1.504419961e-13	4.70874289e-14	4.999999912e-15	5.92402646e-15	1.240776552e-13	4.999999912e-15	4.999999912e-15	1.045473387e-13	5.187877471e-12	4.999999912e-15	2.677754069e-12	7.356346977e-13	3.284133816e-12	3.168337988e-12	3.686245198e-10	3.783203541e-14	4.999999912e-15	4.999999912e-15	9.605659909e-14	4.999999912e-15	4.999999912e-15	1.171480718e-13	4.488051857e-12	4.999999912e-15	8.028169275e-12	1.566866076e-13	3.852359512e-13	4.999999912e-15	4.999999912e-15	1.302107429e-13	7.845482076e-12	4.999999912e-15	1.544932151e-12	4.496572927e-13	2.016000478e-09	4.999999912e-15	1.226758089e-13	4.999999912e-15	1.763236779e-11	2.090648211e-13	1.281557732e-13	4.999999912e-15	4.999999912e-15	1.222457059e-13	4.999999912e-15	1	1	1	1	1	1	1	0	0	0	0	0	0	0	0	0	0
2659.247	1748437180.658	05/28/2025_14:59:40.658	1	3	4.417511809e-05	6.810354535e-06	0.0120000001	1.542891384e-13	3.798913766e-13	4.999999912e-15	2.973157473e-14	1.387891267e-13	7.748020433e-15	4.999999912e-15	1.296611744e-13	7.645460328e-14	4.999999912e-15	1.536997119e-13	4.999999912e-15	4.999999912e-15	4.979328581e-12	8.416477151e-14	2.659171711e-12	3.927310408e-13	3.265200827e-12	3.529529316e-12	3.722488984e-10	4.999999912e-15	4.9277829e-14	2.17292723e-13	4.999999912e-15	4.999999912e-15	9.434410176e-14	1.736980649e-14	4.148095496e-12	3.070331126e-14	8.463578796e-12	4.999999912e-15	2.47241355e-13	2.681635838e-14	1.046349558e-13	4.999999912e-15	7.999790066e-12	1.305691937e-13	1.414344987e-12	2.188379279e-13	2.012325639e-09	8.273104966e-14	4.999999912e-15	4.999999912e-15	1.748320759e-11	1.48809147e-13	4.999999912e-15	4.999999912e-15	1.991483015e-13	4.999999912e-15	4.999999912e-15	1	1	1	1	1	1	1	0	0	0	0	0	0	0	0	0	0
2668.266	1748437189.677	05/28/2025_14:59:49.677	1	3	4.424099825e-05	6.873290204e-06	0.0120000001	9.008486773e-15	2.373985069e-13	1.028049987e-13	1.406230682e-13	4.999999912e-15	4.999999912e-15	1.84606101e-13	1.896480341e-14	4.999999912e-15	6.231065739e-14	8.611023678e-14	4.999999912e-15	4.999999912e-15	5.196697239e-12	8.281269008e-14	2.191800127e-12	5.654791956e-13	3.480833026e-12	3.328588707e-12	3.707931184e-10	7.577158302e-14	1.153738427e-13	4.999999912e-15	4.999999912e-15	1.400018068e-13	4.999999912e-15	4.999999912e-15	4.434489234e-12	1.586718902e-13	8.298448734e-12	4.999999912e-15	4.417818379e-13	5.838394818e-15	4.999999912e-15	4.999999912e-15	8.161912118e-12	4.999999912e-15	1.325456997e-12	4.621883388e-13	2.019435952e-09	4.999999912e-15	6.877826217e-14	2.938070523e-13	1.724710999e-11	4.999999912e-15	2.454035374e-14	4.999999912e-15	4.999999912e-15	4.999999912e-15	6.874641373e-14	1	1	1	1	1	1	1	0	0	0	0	0	0	0	0	0	0
2677.285	1748437198.696	05/28/2025_14:59:58.696	1	3	4.427320891e-05	6.755765298e-06	0.01400000043	4.999999912e-15	5.110877541e-13	7.35513267e-14	4.999999912e-15	4.999999912e-15	1.956715904e-13	1.387713051e-14	4.999999912e-15	4.999999912e-15	2.209048509e-13	4.999999912e-15	4.999999912e-15	1.483272869e-13	5.134755034e-12	4.999999912e-15	2.586829188e-12	6.430209555e-13	3.197000607e-12	3.204838088e-12	3.705909746e-10	6.316490029e-14	4.999999912e-15	4.999999912e-15	1.426561641e-13	1.448248124e-14	4.999999912e-15	1.5925534e-13	4.455017084e-12	4.999999912e-15	8.173375171e-12	1.821309894e-13	3.251037677e-13	4.999999912e-15	7.852151275e-14	2.622296775e-14	7.839751417e-12	4.999999912e-15	1.90208938e-12	4.372676266e-13	2.010474454e-09	4.999999912e-15	4.705955135e-14	4.999999912e-15	1.750055136e-11	2.426653713e-13	8.447937987e-14	4.999999912e-15	4.999999912e-15	1.905420944e-13	4.999999912e-15	1	1	1	1	1	1	1	0	0	0	0	0	0	0	0	0	0
2686.304	1748437207.715	05/28/2025_15:00:07.715	1	3	4.433304275e-05	6.747996395e-06	0.01400000043	1.390937875e-13	5.099786153e-13	4.999999912e-15	5.652801767e-14	1.980033162e-13	4.999999912e-15	4.999999912e-15	1.018491864e-13	9.501516192e-14	4.999999912e-15	4.999999912e-15	1.205670492e-13	1.576364365e-13	5.024779638e-12	9.601875366e-14	2.767291387e-12	3.24281319e-13	3.163377546e-12	3.538707088e-12	3.712249952e-10	4.999999912e-15	8.626169982e-15	1.288188848e-13	4.999999912e-15	4.999999912e-15	1.211405379e-13	6.411075148e-14	4.164808255e-12	7.921249512e-14	8.418578334e-12	7.385997873e-14	2.460804184e-13	1.450197926e-13	1.038723076e-13	4.999999912e-15	8.086690172e-12	2.350727035e-13	1.380814083e-12	2.444715166e-13	2.037429114e-09	1.049236991e-13	4.999999912e-15	4.999999912e-15	1.78323814e-11	1.645500956e-13	4.999999912e-15	9.08814514e-15	3.085901489e-13	4.999999912e-15	4.999999912e-15	1	1	1	1	1	1	1	0	0	0	0	0	0	0	0	0	0
2695.323	1748437216.734	05/28/2025_15:00:16.734	1	3	4.422399434e-05	6.862755981e-06	0.01400000043	9.483595007e-14	2.466817711e-13	9.725732589e-14	5.386370603e-14	4.999999912e-15	4.999999912e-15	1.378631774e-13	8.37486005e-14	4.999999912e-15	4.999999912e-15	1.550836553e-13	4.999999912e-15	4.999999912e-15	5.050614007e-12	1.188426392e-13	2.507451278e-12	4.458719093e-13	3.430123373e-12	3.366673693e-12	3.69168307e-10	1.491458324e-14	9.897779211e-14	4.999999912e-15	4.999999912e-15	1.392650372e-13	1.32574385e-13	4.999999912e-15	4.322926565e-12	4.999999912e-15	8.218491859e-12	4.999999912e-15	5.56331294e-13	7.203997598e-14	4.999999912e-15	1.126658852e-14	8.165077989e-12	4.999999912e-15	1.287873887e-12	5.191822449e-13	1.99796113e-09	4.999999912e-15	4.999999912e-15	1.516745984e-13	1.778524029e-11	4.999999912e-15	8.675938928e-14	1.057958788e-13	4.999999912e-15	4.999999912e-15	3.451298492e-13	1	1	1	1	1	1	1	0	0	0	0	0	0	0	0	0	0
2704.342	1748437225.753	05/28/2025_15:00:25.753	1	3	4.415169678e-05	6.794708042e-06	0.01400000043	4.999999912e-15	4.658522916e-13	2.142839129e-13	4.999999912e-15	4.999999912e-15	1.572222441e-13	3.371609903e-14	4.999999912e-15	7.374846854e-14	1.423435209e-13	4.999999912e-15	4.999999912e-15	1.69838888e-13	5.141499206e-12	4.999999912e-15	2.564804055e-12	6.565197604e-13	3.036557984e-12	3.118359303e-12	3.714980823e-10	1.031235847e-13	4.999999912e-15	3.116728203e-14	1.72180602e-13	4.999999912e-15	4.999999912e-15	4.999999912e-15	4.434218184e-12	4.999999912e-15	8.236846968e-12	1.063096212e-13	4.371143475e-13	4.999999912e-15	4.999999912e-15	1.729134143e-13	7.898603646e-12	4.999999912e-15	1.616500011e-12	4.593050116e-13	2.013096578e-09	4.999999912e-15	1.470907001e-13	2.289237051e-13	1.733773541e-11	2.192859609e-13	1.221600674e-13	4.999999912e-15	4.999999912e-15	1.105948219e-13	4.999999912e-15	1	1	1	1	1	1	1	0	0	0	0	0	0	0	0	0	0
2713.361	1748437234.772	05/28/2025_15:00:34.772	1	3	4.41246375e-05	6.745403425e-06	0.0120000001	1.78863299e-13	5.157374094e-13	4.999999912e-15	3.958634229e-14	2.151361771e-13	4.999999912e-15	4.999999912e-15	1.209254864e-13	1.54267224e-13	4.999999912e-15	4.999999912e-15	7.828058948e-14	4.999999912e-15	4.752716883e-12	1.390858186e-13	2.917026429e-12	4.063611969e-13	3.047239544e-12	3.524553262e-12	3.715329155e-10	4.999999912e-15	4.650001494e-14	1.285719578e-13	4.999999912e-15	4.999999912e-15	1.265010232e-13	8.028777973e-14	4.112565323e-12	8.564030968e-14	8.500355801e-12	1.556373235e-14	2.634362726e-13	9.250616901e-14	6.454883015e-14	4.999999912e-15	7.938818873e-12	2.075375191e-13	1.443045119e-12	2.500549409e-13	2.008818001e-09	1.241752198e-13	4.999999912e-15	4.999999912e-15	1.76334225e-11	3.027039882e-13	4.999999912e-15	5.707760653e-14	1.843910495e-13	4.999999912e-15	4.999999912e-15	1	1	1	1	1	1	1	0	0	0	0	0	0	0	0	0	0
2722.38	1748437243.791	05/28/2025_15:00:43.791	1	3	4.415885633e-05	6.714464689e-06	0.0120000001	1.461191465e-14	2.14184356e-13	9.440583352e-14	1.454140627e-13	4.999999912e-15	4.999999912e-15	2.893308694e-14	4.999999912e-15	4.999999912e-15	4.999999912e-15	1.876447945e-13	4.999999912e-15	4.999999912e-15	5.139647822e-12	1.043303085e-13	2.539438711e-12	3.991967076e-13	3.49091242e-12	3.224417911e-12	3.694866912e-10	6.562013031e-14	1.042984601e-13	4.999999912e-15	4.999999912e-15	1.204675059e-13	4.999999912e-15	4.999999912e-15	4.312763254e-12	9.356155174e-14	8.190247092e-12	4.999999912e-15	5.066612277e-13	7.825689966e-15	4.999999912e-15	4.999999912e-15	8.059206948e-12	4.999999912e-15	1.284433063e-12	3.992604045e-13	2.013026634e-09	4.999999912e-15	4.999999912e-15	1.262501388e-13	1.751796624e-11	4.999999912e-15	6.045878587e-14	4.462424354e-14	4.999999912e-15	4.999999912e-15	1.712049285e-13	1	1	1	1	1	1	1	0	0	0	0	0	0	0	0	0	0
2731.399	1748437252.810	05/28/2025_15:00:52.810	1	3	4.420814003e-05	6.79211189e-06	0.0120000001	4.999999912e-15	5.218605496e-13	1.503225441e-13	4.999999912e-15	4.999999912e-15	1.339144995e-13	4.999999912e-15	4.999999912e-15	1.634170772e-13	1.433451339e-13	4.999999912e-15	4.999999912e-15	1.258220416e-13	4.968161299e-12	4.999999912e-15	2.690331031e-12	6.844113492e-13	3.131228783e-12	3.207964276e-12	3.694762551e-10	4.51997245e-14	4.999999912e-15	2.767660504e-14	1.468497633e-13	4.999999912e-15	4.999999912e-15	1.490003325e-13	4.386473823e-12	4.999999912e-15	8.208871083e-12	1.775311397e-13	2.550789441e-13	4.999999912e-15	7.597670729e-14	1.231935289e-13	7.800917898e-12	4.999999912e-15	1.647227276e-12	3.359720542e-13	2.01904915e-09	2.644998614e-14	1.236714453e-13	4.999999912e-15	1.742780399e-11	2.776041116e-13	8.379838571e-14	4.999999912e-15	1.072475238e-13	1.599124479e-13	4.999999912e-15	1	1	1	1	1	1	1	0	0	0	0	0	0	0	0	0	0
2740.418	1748437261.829	05/28/2025_15:01:01.829	1	3	4.421049744e-05	6.860133908e-06	0.01400000043	1.986325736e-13	4.014388648e-13	4.999999912e-15	9.457711036e-14	1.694167538e-13	4.999999912e-15	4.999999912e-15	2.418191515e-13	8.305963068e-14	4.999999912e-15	1.695442018e-13	1.599224361e-13	4.999999912e-15	4.98701731e-12	9.60108051e-14	2.751018597e-12	3.993838138e-13	2.963399057e-12	3.493266657e-12	3.712009589e-10	8.777517829e-15	1.258319756e-13	1.636341209e-13	4.999999912e-15	4.999999912e-15	1.508263187e-13	4.999999912e-15	4.110908662e-12	4.992499605e-14	8.392715342e-12	4.999999912e-15	2.70270297e-13	1.795961112e-13	1.129126632e-13	4.999999912e-15	7.878650857e-12	1.771428598e-13	1.308403798e-12	2.804974135e-13	2.025646761e-09	7.157401299e-14	4.999999912e-15	2.873793732e-14	1.794090571e-11	1.489625074e-13	4.999999912e-15	1.045493309e-13	3.241780081e-14	4.999999912e-15	4.999999912e-15	1	1	1	1	1	1	1	0	0	0	0	0	0	0	0	0	0
2749.437	1748437270.848	05/28/2025_15:01:10.848	1	3	4.416960292e-05	6.786908671e-06	0.01400000043	8.756385374e-14	4.527616617e-13	1.531321998e-13	1.156805093e-13	4.999999912e-15	4.999999912e-15	1.330762079e-13	4.999999912e-15	4.999999912e-15	2.387527703e-14	1.028089696e-13	4.999999912e-15	4.999999912e-15	5.298988678e-12	5.043076959e-14	2.477590398e-12	5.464148014e-13	3.205532844e-12	3.330902611e-12	3.694358708e-10	7.767126785e-14	9.600682066e-14	4.999999912e-15	4.999999912e-15	1.052940694e-13	4.999999912e-15	4.999999912e-15	4.361740569e-12	1.176558444e-13	8.013320042e-12	4.999999912e-15	4.559636089e-13	4.999999912e-15	4.999999912e-15	4.367640689e-14	8.03041314e-12	4.999999912e-15	1.330462975e-12	4.799702302e-13	2.005703825e-09	4.999999912e-15	4.999999912e-15	1.027293485e-13	1.752595465e-11	2.03387925e-14	1.393048545e-13	2.15813424e-14	4.999999912e-15	4.999999912e-15	1.238367319e-13	1	1	1	1	1	1	1	0	0	0	0	0	0	0	0	0	0
2758.456	1748437279.867	05/28/2025_15:01:19.867	1	3	4.408134555e-05	6.719605608e-06	0.01600000076	4.999999912e-15	5.983330693e-13	1.68839484e-14	4.999999912e-15	4.999999912e-15	1.408043061e-13	4.999999912e-15	4.999999912e-15	8.78525971e-14	6.746206106e-14	4.999999912e-15	8.600291432e-15	1.103759824e-14	4.913896113e-12	4.999999912e-15	2.653572674e-12	6.549964022e-13	2.976602905e-12	3.359977227e-12	3.678336524e-10	4.999999912e-15	4.999999912e-15	9.342813388e-14	4.999999912e-15	4.999999912e-15	4.999999912e-15	1.59474376e-13	4.292366809e-12	4.999999912e-15	8.178819601e-12	1.417760223e-13	2.57062248e-13	4.999999912e-15	1.624851783e-13	6.441941029e-14	7.788819069e-12	1.505199231e-14	1.564573991e-12	2.388381918e-13	2.033583524e-09	1.233289458e-13	4.999999912e-15	4.999999912e-15	1.763085511e-11	4.850061325e-13	4.999999912e-15	4.999999912e-15	8.495331852e-14	1.13197395e-13	4.999999912e-15	1	1	1	1	1	1	1	0	0	0	0	0	0	0	0	0	0
2767.475	1748437288.886	05/28/2025_15:01:28.886	1	3	4.40460135e-05	6.78950255e-06	0.01400000043	1.836324062e-13	2.736056553e-13	1.192172446e-14	1.546395932e-13	7.784053214e-14	4.999999912e-15	9.05846104e-14	1.529987888e-13	4.999999912e-15	4.999999912e-15	7.997515004e-14	5.791196109e-14	4.999999912e-15	5.030974769e-12	2.32155522e-13	2.677825843e-12	3.826313452e-13	3.225391525e-12	3.348228812e-12	3.654335723e-10	4.999999912e-15	1.419751632e-13	4.999999912e-15	4.999999912e-15	8.527989377e-14	1.447788558e-13	4.999999912e-15	4.267953612e-12	1.922346559e-13	8.140053735e-12	4.999999912e-15	4.378450998e-13	1.039977634e-13	4.999999912e-15	4.999999912e-15	8.172822662e-12	3.785593529e-14	1.249388722e-12	3.674340021e-13	2.005289712e-09	4.999999912e-15	1.125265652e-14	1.368456401e-13	1.782439821e-11	4.999999912e-15	5.566581267e-14	3.919185939e-13	4.999999912e-15	4.999999912e-15	4.478553894e-14	1	1	1	1	1	1	1	0	0	0	0	0	0	0	0	0	0
2776.494	1748437297.905	05/28/2025_15:01:37.905	1	3	4.414650175e-05	6.745403425e-06	0.01400000043	4.999999912e-15	4.325284163e-13	1.877304193e-13	1.812251385e-14	4.999999912e-15	1.191194224e-13	1.124128527e-13	4.999999912e-15	1.299302462e-14	1.049257049e-13	4.999999912e-15	4.999999912e-15	3.480133797e-14	5.091671876e-12	4.999999912e-15	2.513463179e-12	6.524118268e-13	2.972664215e-12	3.091518794e-12	3.683084671e-10	7.647451872e-14	4.999999912e-15	4.999999912e-15	3.969187582e-14	4.904286206e-14	4.999999912e-15	4.999999912e-15	4.538722263e-12	4.999999912e-15	8.263882634e-12	1.655716308e-13	4.717324079e-13	4.999999912e-15	9.345023128e-15	1.124128527e-13	7.963265464e-12	4.999999912e-15	1.577106935e-12	4.514693198e-13	2.003472277e-09	4.999999912e-15	1.489087445e-13	4.999999912e-15	1.740744701e-11	2.193994498e-13	1.451492192e-13	4.999999912e-15	4.999999912e-15	1.706851891e-13	4.999999912e-15	1	1	1	1	1	1	1	0	0	0	0	0	0	0	0	0	0
2785.513	1748437306.924	05/28/2025_15:01:46.924	1	3	4.423125938e-05	6.815575944e-06	0.01400000043	1.299379712e-13	5.729065768e-13	4.999999912e-15	4.999999912e-15	1.526543106e-13	4.999999912e-15	4.999999912e-15	1.305592326e-13	1.421722982e-13	4.999999912e-15	1.046727944e-13	1.16811549e-13	4.999999912e-15	4.902631686e-12	3.846725591e-14	2.719807886e-12	3.687940795e-13	2.866444278e-12	3.434050353e-12	3.67554015e-10	4.999999912e-15	4.990508061e-14	1.332992148e-13	4.999999912e-15	4.999999912e-15	9.170569577e-14	1.184803937e-14	4.197882927e-12	1.055808273e-13	8.535414563e-12	4.999999912e-15	2.439975305e-13	9.407927183e-14	9.172161999e-14	4.999999912e-15	7.612676982e-12	1.43701579e-13	1.409954293e-12	1.995843947e-13	2.011748768e-09	1.578475171e-13	4.999999912e-15	4.999999912e-15	1.751676235e-11	5.170518148e-14	4.999999912e-15	4.999999912e-15	8.010856789e-14	4.999999912e-15	4.999999912e-15	1	1	1	1	1	1	1	0	0	0	0	0	0	0	0	0	0
2794.532	1748437315.943	05/28/2025_15:01:55.943	1	3	4.428159446e-05	6.750582088e-06	0.01400000043	2.940501981e-14	2.69615195e-13	6.692043431e-14	1.62070986e-13	4.999999912e-15	4.999999912e-15	1.400874588e-13	6.375033558e-14	4.999999912e-15	3.553810756e-14	1.611948693e-13	4.999999912e-15	4.999999912e-15	4.937297099e-12	1.197606196e-13	2.43099681e-12	4.791757811e-13	3.1857815e-12	3.111021423e-12	3.703968798e-10	6.126524933e-14	1.104892883e-13	4.999999912e-15	4.999999912e-15	1.943135594e-13	4.999999912e-15	4.999999912e-15	4.362777934e-12	1.596814857e-13	8.097766381e-12	4.999999912e-15	4.292667567e-13	4.999999912e-15	4.999999912e-15	7.150652141e-15	8.221528493e-12	4.999999912e-15	1.414034363e-12	4.534168722e-13	2.001621979e-09	4.999999912e-15	4.999999912e-15	1.352287694e-13	1.722260008e-11	2.862443491e-14	1.20971294e-13	3.86763443e-14	4.999999912e-15	4.999999912e-15	1.74862864e-13	1	1	1	1	1	1	1	0	0	0	0	0	0	0	0	0	0
2803.551	1748437324.962	05/28/2025_15:02:04.962	1	3	4.401900514e-05	6.781701813e-06	0.0120000001	4.999999912e-15	5.153053006e-13	7.673337877e-14	4.999999912e-15	2.070717729e-14	8.955711877e-14	4.999999912e-15	4.999999912e-15	3.607973431e-14	9.538753793e-14	4.999999912e-15	4.999999912e-15	1.345278191e-13	4.986808275e-12	4.999999912e-15	2.671828037e-12	6.694928357e-13	2.896522432e-12	3.198828138e-12	3.675053317e-10	2.604376269e-14	4.999999912e-15	4.999999912e-15	1.676624741e-13	4.999999912e-15	4.999999912e-15	9.779124125e-15	4.333259446e-12	4.999999912e-15	8.223153929e-12	1.28203573e-13	3.365853603e-13	4.999999912e-15	7.810336308e-14	1.02428645e-13	7.883332875e-12	4.999999912e-15	1.60807923e-12	3.468761736e-13	2.007487732e-09	4.999999912e-15	9.51326691e-14	4.999999912e-15	1.750075605e-11	2.544656109e-13	7.069586344e-14	4.999999912e-15	4.999999912e-15	2.122986167e-13	4.999999912e-15	1	1	1	1	1	1	1	0	0	0	0	0	0	0	0	0	0
2812.57	1748437333.981	05/28/2025_15:02:13.981	1	3	4.423796781e-05	6.717023552e-06	0.0120000001	1.89016771e-13	4.903666991e-13	4.999999912e-15	1.739469029e-13	1.6113906e-13	4.999999912e-15	4.999999912e-15	1.409396959e-13	2.947669913e-14	4.999999912e-15	4.999999912e-15	1.575866445e-13	4.999999912e-15	4.87673877e-12	5.824647812e-14	2.688833531e-12	3.366411154e-13	2.947522651e-12	3.520767662e-12	3.693800543e-10	4.999999912e-15	3.924185738e-14	1.175065091e-13	4.999999912e-15	4.999999912e-15	5.716322462e-14	9.353168874e-14	4.132723243e-12	4.999999912e-15	8.394170775e-12	4.999999912e-15	2.349751524e-13	1.11707918e-13	1.147187271e-13	4.999999912e-15	7.753174838e-12	1.706175078e-13	1.382229834e-12	1.955640511e-13	1.999377774e-09	1.30983386e-13	4.999999912e-15	4.999999912e-15	1.749931276e-11	1.297567468e-13	3.146796517e-14	3.740989452e-14	9.915499818e-14	4.999999912e-15	4.999999912e-15	1	1	1	1	1	1	1	0	0	0	0	0	0	0	0	0	0
2821.589	1748437343.000	05/28/2025_15:02:23.000	1	3	4.407145752e-05	6.831264272e-06	0.01400000043	5.24359744e-14	3.02522818e-13	2.608757123e-14	1.787299014e-13	4.999999912e-15	4.999999912e-15	1.606651688e-13	2.494060731e-14	4.999999912e-15	4.999999912e-15	1.749704033e-13	4.999999912e-15	4.999999912e-15	5.168757783e-12	8.152435975e-14	2.538122924e-12	4.213295294e-13	3.128014774e-12	3.228772935e-12	3.694260731e-10	3.239589993e-14	2.029118112e-13	4.999999912e-15	4.999999912e-15	5.458653007e-14	3.69041142e-14	4.999999912e-15	4.30544142e-12	2.021312127e-13	8.123299776e-12	4.999999912e-15	5.211316947e-13	8.275097187e-14	4.999999912e-15	4.999999912e-15	8.131933495e-12	4.999999912e-15	1.165839235e-12	4.587175908e-13	2.017795264e-09	4.999999912e-15	4.999999912e-15	1.069169438e-13	1.76577919e-11	4.999999912e-15	7.357523336e-14	1.295058489e-13	4.999999912e-15	4.999999912e-15	3.545447491e-14	1	1	1	1	1	1	1	0	0	0	0	0	0	0	0	0	0
2830.608	1748437352.019	05/28/2025_15:02:32.019	1	3	4.409760368e-05	6.828654932e-06	0.0120000001	4.999999912e-15	4.999725677e-13	1.708086526e-13	4.999999912e-15	4.999999912e-15	1.131097847e-13	6.393353186e-14	4.999999912e-15	2.234000609e-14	2.655450729e-13	4.999999912e-15	4.999999912e-15	7.701215425e-14	5.165090144e-12	4.999999912e-15	2.533339857e-12	6.769879796e-13	3.062840996e-12	3.194439505e-12	3.708336971e-10	1.081395986e-13	4.999999912e-15	4.999999912e-15	1.234484249e-13	4.999999912e-15	4.999999912e-15	9.181735504e-15	4.476781792e-12	4.999999912e-15	8.011895834e-12	1.407166755e-13	4.604977424e-13	4.999999912e-15	5.252758948e-14	1.952613689e-13	8.084729067e-12	4.999999912e-15	1.523036146e-12	4.448702962e-13	2.008753386e-09	4.999999912e-15	1.839509719e-13	1.031277521e-14	1.748760511e-11	2.518451214e-13	1.7671872e-13	4.999999912e-15	4.999999912e-15	1.150054715e-13	4.999999912e-15	1	1	1	1	1	1	1	0	0	0	0	0	0	0	0	0	0
2839.627	1748437361.038	05/28/2025_15:02:41.038	1	3	4.443999933e-05	6.805137673e-06	0.01400000043	1.827263384e-13	5.664827331e-13	4.999999912e-15	4.999999912e-15	1.986405289e-13	9.358958514e-15	4.999999912e-15	4.95665622e-14	1.990069351e-13	4.999999912e-15	4.999999912e-15	4.999999912e-15	7.811332419e-14	4.954575812e-12	7.182094004e-14	2.844791243e-12	4.479945603e-13	2.902856558e-12	3.38679757e-12	3.707844032e-10	4.999999912e-15	4.999999912e-15	1.674493877e-13	4.999999912e-15	4.999999912e-15	9.348587442e-14	1.383291404e-13	4.233897521e-12	4.999999912e-15	8.464584068e-12	8.268525567e-14	2.237304851e-13	7.151824434e-14	1.017695449e-13	4.999999912e-15	7.861007852e-12	1.305711859e-13	1.452515408e-12	3.926374471e-13	2.055639436e-09	1.418337561e-13	4.999999912e-15	4.999999912e-15	1.79291252e-11	2.568810507e-13	4.999999912e-15	4.999999912e-15	1.606631495e-13	4.999999912e-15	4.999999912e-15	1	1	1	1	1	1	1	0	0	0	0	0	0	0	0	0	0
2848.646	1748437370.057	05/28/2025_15:02:50.057	1	3	4.421930498e-05	6.766127626e-06	0.0120000001	1.302466029e-13	2.42761025e-13	2.576100276e-14	1.759182264e-13	4.999999912e-15	4.999999912e-15	1.203221415e-13	1.015724099e-13	4.999999912e-15	4.999999912e-15	1.606731241e-13	4.999999912e-15	4.999999912e-15	5.066780762e-12	1.225842073e-13	2.486246452e-12	3.893020888e-13	3.200870992e-12	3.363836119e-12	3.6754505e-10	4.999999912e-15	1.446314856e-13	4.999999912e-15	4.999999912e-15	1.201309695e-13	8.468648959e-14	4.999999912e-15	4.372547029e-12	1.597969532e-13	8.101785735e-12	4.999999912e-15	4.102661678e-13	7.756572077e-14	4.999999912e-15	4.999999912e-15	7.907821099e-12	8.713971385e-14	1.460570055e-12	4.119547043e-13	2.001391719e-09	4.999999912e-15	4.999999912e-15	6.711557037e-14	1.7614913e-11	1.502410121e-14	4.956058892e-14	1.36236332e-13	4.999999912e-15	4.999999912e-15	8.807959516e-14	1	1	1	1	1	1	1	0	0	0	0	0	0	0	0	0	0
2857.665	1748437379.076	05/28/2025_15:02:59.076	1	3	4.396727672e-05	6.87592501e-06	0.01400000043	4.999999912e-15	4.22462602e-13	1.593449493e-13	4.999999912e-15	4.999999912e-15	1.126537828e-13	6.43855493e-14	4.999999912e-15	4.999999912e-15	1.557765825e-13	4.999999912e-15	4.999999912e-15	8.657619977e-14	5.213602553e-12	4.999999912e-15	2.465817914e-12	6.565555391e-13	2.993948839e-12	3.058179578e-12	3.693302053e-10	1.104713651e-13	4.999999912e-15	4.999999912e-15	1.616389043e-13	4.999999912e-15	4.999999912e-15	4.999999912e-15	4.328685414e-12	4.999999912e-15	8.045514775e-12	1.356409288e-13	5.134235051e-13	4.999999912e-15	4.999999912e-15	1.803248848e-13	7.916274407e-12	4.999999912e-15	1.475395218e-12	4.368952845e-13	1.991926624e-09	4.999999912e-15	1.80500119e-13	4.098420415e-14	1.752412278e-11	1.267997209e-13	2.033598713e-13	4.999999912e-15	4.999999912e-15	1.063135853e-13	6.205974591e-14	1	1	1	1	1	1	1	0	0	0	0	0	0	0	0	0	0
2866.684	1748437388.095	05/28/2025_15:03:08.095	1	3	4.384492786e-05	6.831264272e-06	0.01400000043	1.039858168e-13	6.382817452e-13	4.999999912e-15	4.999999912e-15	2.055880829e-13	6.529156285e-14	4.999999912e-15	6.285424926e-14	2.565484988e-13	4.999999912e-15	4.999999912e-15	1.635325718e-13	1.551851909e-13	4.833189404e-12	1.316824525e-14	2.760937312e-12	4.79139894e-13	2.906586213e-12	3.408591985e-12	3.703710394e-10	4.999999912e-15	4.999999912e-15	1.463121209e-13	4.999999912e-15	4.999999912e-15	3.966001721e-14	1.324210652e-13	4.231955498e-12	4.999999912e-15	8.150540139e-12	1.159174753e-13	3.36453955e-13	4.999999912e-15	1.853408919e-13	2.820626491e-14	7.952735692e-12	8.60325808e-14	1.568648098e-12	2.641153084e-13	2.001390165e-09	2.628090074e-13	4.999999912e-15	4.999999912e-15	1.772487018e-11	3.383337176e-13	4.999999912e-15	4.999999912e-15	2.143018022e-13	6.138869252e-14	4.999999912e-15	1	1	1	1	1	1	1	0	0	0	0	0	0	0	0	0	0
2875.703	1748437397.114	05/28/2025_15:03:17.114	1	3	4.405486106e-05	6.852252227e-06	0.0120000001	1.506132594e-13	2.998465191e-13	4.999999912e-15	1.603624731e-13	6.269497996e-14	4.999999912e-15	4.999999912e-15	7.798786844e-14	4.999999912e-15	4.999999912e-15	2.310125019e-13	9.417286558e-14	4.999999912e-15	4.953016729e-12	2.870705518e-13	2.518130452e-12	3.760721389e-13	3.231496884e-12	3.275511589e-12	3.676139393e-10	4.999999912e-15	1.577818009e-13	4.999999912e-15	4.999999912e-15	1.260968055e-13	1.37375327e-13	4.999999912e-15	4.231127601e-12	1.644405776e-13	8.197518185e-12	4.999999912e-15	4.252802266e-13	1.604580591e-13	4.999999912e-15	4.999999912e-15	8.085831484e-12	3.123298807e-14	1.276266744e-12	3.555382171e-13	1.983436748e-09	4.999999912e-15	4.999999912e-15	1.169369912e-13	1.760609714e-11	4.999999912e-15	4.999999912e-15	2.102396626e-13	4.999999912e-15	4.999999912e-15	6.995909386e-14	1	1	1	1	1	1	1	0	0	0	0	0	0	0	0	0	0
2884.722	1748437406.133	05/28/2025_15:03:26.133	1	3	4.406760854e-05	6.781701813e-06	0.0120000001	4.999999912e-15	5.313190751e-13	2.844341245e-13	1.108936297e-14	4.999999912e-15	1.118313951e-13	1.405533676e-13	4.999999912e-15	4.999999912e-15	2.827296231e-13	8.788844354e-14	4.999999912e-15	6.920240883e-14	5.184393713e-12	4.999999912e-15	2.756468881e-12	7.790163371e-13	2.958924555e-12	3.327197025e-12	3.699083539e-10	1.737995327e-13	4.999999912e-15	4.999999912e-15	1.841700349e-13	1.337352809e-13	4.999999912e-15	4.999999912e-15	4.604441828e-12	4.999999912e-15	8.106422651e-12	1.543807129e-13	5.632430286e-13	4.999999912e-15	4.999999912e-15	2.695076421e-13	8.102152629e-12	4.999999912e-15	1.521757872e-12	5.944182321e-13	2.002845667e-09	4.999999912e-15	1.467023931e-13	6.469632569e-15	1.754182563e-11	1.76061585e-13	7.643468107e-14	4.999999912e-15	4.999999912e-15	1.601155731e-13	1.451253397e-13	1	1	1	1	1	1	1	0	0	0	0	0	0	0	0	0	0
2893.741	1748437415.152	05/28/2025_15:03:35.152	1	3	4.401791739e-05	6.686208053e-06	0.0120000001	1.486339263e-13	6.613605063e-13	3.435130598e-14	4.999999912e-15	2.05759292e-13	1.751734879e-13	4.999999912e-15	6.995510941e-14	2.78878537e-13	1.292530773e-14	4.999999912e-15	1.539227323e-13	1.211863455e-13	5.161314518e-12	9.703629773e-14	2.929075819e-12	6.229052105e-13	3.079535542e-12	3.566471337e-12	3.710831642e-10	4.999999912e-15	5.434359763e-14	7.188265825e-14	4.649005383e-14	4.999999912e-15	1.634011394e-13	2.731118012e-13	4.219144131e-12	4.999999912e-15	8.40629389e-12	1.136354872e-13	2.607022942e-13	2.686415475e-14	2.509689776e-13	2.203353466e-13	8.061024938e-12	1.671447269e-13	1.669433905e-12	3.240881955e-13	2.022033874e-09	2.041025633e-13	6.286621614e-14	4.999999912e-15	1.741859608e-11	2.764412234e-13	4.999999912e-15	4.999999912e-15	1.963286846e-13	9.069611381e-14	4.999999912e-15	1	1	1	1	1	1	1	0	0	0	0	0	0	0	0	0	0
2902.76	1748437424.171	05/28/2025_15:03:44.171	1	3	4.395038195e-05	6.868032415e-06	0.0120000001	2.013725422e-13	3.05189088e-13	2.730422564e-14	2.392703006e-13	2.38633237e-14	4.999999912e-15	1.355174789e-13	1.786562163e-13	4.999999912e-15	4.999999912e-15	2.026469541e-13	1.036731871e-13	4.999999912e-15	5.165163436e-12	2.072189127e-13	2.581474531e-12	3.677944451e-13	3.184636365e-12	3.388860373e-12	3.693516326e-10	5.212334131e-14	1.853309308e-13	4.999999912e-15	4.999999912e-15	1.372379315e-13	1.867168665e-13	4.999999912e-15	4.266497745e-12	2.204568179e-13	8.174728255e-12	4.999999912e-15	5.492065136e-13	1.714717506e-13	4.999999912e-15	4.999999912e-15	8.071946757e-12	5.464030311e-14	1.366978796e-12	4.095950467e-13	1.999544308e-09	4.999999912e-15	4.999999912e-15	2.625284091e-14	1.73922092e-11	4.999999912e-15	4.999999912e-15	2.437785217e-13	4.999999912e-15	4.999999912e-15	1.203838597e-13	1	1	1	1	1	1	1	0	0	0	0	0	0	0	0	0	0
2911.779	1748437433.190	05/28/2025_15:03:53.190	1	3	4.404050196e-05	6.709306035e-06	0.01400000043	4.999999912e-15	5.333102666e-13	2.385873075e-13	4.999999912e-15	4.999999912e-15	1.780210094e-13	1.274906965e-13	4.999999912e-15	5.067780336e-15	2.312116698e-13	7.716746621e-14	4.999999912e-15	1.594146364e-13	5.259551041e-12	4.999999912e-15	2.53252367e-12	6.762830313e-13	3.181659363e-12	3.247801333e-12	3.686741745e-10	2.13736323e-13	4.999999912e-15	4.999999912e-15	2.25110417e-13	2.04084779e-14	4.999999912e-15	8.451124186e-14	4.568519608e-12	4.999999912e-15	8.181643731e-12	1.948272815e-13	4.896298753e-13	4.999999912e-15	9.276305039e-14	2.13242496e-13	7.845820348e-12	4.567363604e-14	1.598445443e-12	4.683472577e-13	2.018787582e-09	4.999999912e-15	2.277070134e-13	4.999999912e-15	1.730182664e-11	2.966366302e-13	1.836921321e-13	4.999999912e-15	4.999999912e-15	8.363508453e-14	5.088278364e-14	1	1	1	1	1	1	1	0	0	0	0	0	0	0	0	0	0
2920.798	1748437442.209	05/28/2025_15:04:02.209	1	3	4.409568646e-05	6.742826827e-06	0.0120000001	2.671798601e-13	6.105215617e-13	4.999999912e-15	1.334784198e-13	2.749378145e-13	4.06695924e-14	4.999999912e-15	2.067569477e-13	2.417872489e-13	4.999999912e-15	1.428932724e-14	2.218746156e-13	8.172148803e-14	4.860898142e-12	1.464455185e-13	2.988998805e-12	4.406906426e-13	3.055937014e-12	3.524011378e-12	3.666695281e-10	4.999999912e-15	9.296814078e-14	2.80784185e-13	4.999999912e-15	4.999999912e-15	2.005441982e-13	1.618658685e-13	4.175489381e-12	9.390802209e-14	8.347570031e-12	4.146609475e-14	3.111151202e-13	1.838972225e-13	1.986166358e-13	4.999999912e-15	7.954924046e-12	2.588643546e-13	1.540362239e-12	3.190801573e-13	1.997130017e-09	1.990308282e-13	4.999999912e-15	5.451285514e-14	1.786453797e-11	2.805133513e-13	4.999999912e-15	1.420328834e-13	2.24566798e-13	4.999999912e-15	4.999999912e-15	1	1	1	1	1	1	1	0	0	0	0	0	0	0	0	0	0
2929.817	1748437451.228	05/28/2025_15:04:11.228	1	3	4.409879693e-05	6.826030585e-06	0.01600000076	1.015624488e-13	3.178137007e-13	1.64709392e-13	1.721806291e-13	4.999999912e-15	4.999999912e-15	2.846949835e-13	4.05979063e-14	4.999999912e-15	5.123921849e-14	1.759241895e-13	4.999999912e-15	4.999999912e-15	5.173837053e-12	7.459276388e-14	2.409819956e-12	5.797684923e-13	3.326709351e-12	3.274633819e-12	3.685965699e-10	1.041590452e-13	1.729452627e-13	4.999999912e-15	2.962206015e-14	2.337345541e-13	1.439046907e-13	4.999999912e-15	4.265103895e-12	1.936066325e-13	8.036128187e-12	4.180859421e-14	6.358105774e-13	6.336203535e-14	4.999999912e-15	7.889388876e-14	8.248174713e-12	4.999999912e-15	1.433367531e-12	5.509031274e-13	2.007390476e-09	4.999999912e-15	2.6324527e-14	1.910418709e-13	1.730866318e-11	2.162514247e-14	2.086128037e-13	9.396377719e-14	4.999999912e-15	4.999999912e-15	1.916790836e-13	1	1	1	1	1	1	1	0	0	0	0	0	0	0	0	0	0
2938.836	1748437460.247	05/28/2025_15:04:20.247	1	3	4.413401621e-05	6.820809631e-06	0.0120000001	7.724129021e-15	6.279311381e-13	1.497251352e-13	4.999999912e-15	8.031764273e-14	2.359388997e-13	2.21568115e-14	5.216913869e-14	1.461249334e-13	1.362801338e-13	1.967349081e-13	4.436339127e-14	2.108171358e-13	5.093746605e-12	4.999999912e-15	2.732617735e-12	7.112774996e-13	2.912850733e-12	3.305767118e-12	3.716983943e-10	5.290192384e-14	4.999999912e-15	4.93176531e-14	3.509205323e-14	4.999999912e-15	4.999999912e-15	2.409728233e-13	4.308743033e-12	4.999999912e-15	8.314831462e-12	1.664517591e-13	2.220000442e-13	4.999999912e-15	1.927842651e-13	1.830987212e-13	7.749694116e-12	4.999999912e-15	1.61322442e-12	4.075221334e-13	1.986438125e-09	1.371403533e-13	1.659420079e-13	4.999999912e-15	1.7502267e-11	3.086917386e-13	8.648259246e-14	4.999999912e-15	1.139779731e-13	2.548001686e-13	4.999999912e-15	1	1	1	1	1	1	1	0	0	0	0	0	0	0	0	0	0
2947.855	1748437469.266	05/28/2025_15:04:29.266	1	3	4.401969272e-05	6.76872105e-06	0.01400000043	2.753520068e-13	5.084732548e-13	4.999999912e-15	1.801536351e-13	2.416438902e-13	4.999999912e-15	3.240186643e-14	2.201701007e-13	5.129512097e-15	4.999999912e-15	1.487553976e-13	2.245508602e-13	4.999999912e-15	5.006420192e-12	1.848849036e-13	2.658289387e-12	4.601413109e-13	3.175142007e-12	3.49457247e-12	3.701718654e-10	4.999999912e-15	1.101567297e-13	1.142826339e-13	4.999999912e-15	2.883351991e-14	1.885169538e-13	4.999999912e-15	4.210312654e-12	1.178509737e-13	8.398370541e-12	4.999999912e-15	3.367625731e-13	2.054347496e-13	9.596301889e-14	4.999999912e-15	8.043607447e-12	1.41841725e-13	1.367791405e-12	2.55503084e-13	1.998541777e-09	2.189593992e-13	4.999999912e-15	6.430988554e-14	1.766475854e-11	1.726665008e-13	4.999999912e-15	1.293365914e-13	1.514794421e-13	4.999999912e-15	4.999999912e-15	1	1	1	1	1	1	1	0	0	0	0	0	0	0	0	0	0
2956.874	1748437478.285	05/28/2025_15:04:38.285	1	3	4.401675687e-05	6.857506378e-06	0.0120000001	4.999999912e-15	2.525301203e-13	8.032561839e-14	1.31604661e-13	4.999999912e-15	4.999999912e-15	1.567742247e-13	8.512674344e-15	4.999999912e-15	5.406299594e-15	1.462921852e-13	4.999999912e-15	4.999999912e-15	5.124292917e-12	4.207741198e-14	2.457560197e-12	5.616221464e-13	3.398360586e-12	3.294130376e-12	3.686765893e-10	6.962057206e-14	7.352345593e-14	4.999999912e-15	2.890320362e-14	1.764001e-13	4.999999912e-15	4.999999912e-15	4.305564585e-12	1.566468038e-13	7.909721489e-12	4.999999912e-15	5.211117995e-13	4.999999912e-15	4.999999912e-15	3.994278053e-14	8.111761263e-12	4.999999912e-15	1.36064467e-12	5.253174198e-13	2.004828525e-09	4.999999912e-15	2.651369657e-14	1.90434528e-13	1.747096044e-11	4.999999912e-15	7.320484957e-14	8.543917662e-14	4.999999912e-15	4.999999912e-15	1.384068099e-13	1	1	1	1	1	1	1	0	0	0	0	0	0	0	0	0	0
2965.893	1748437487.304	05/28/2025_15:04:47.304	1	3	4.395476572e-05	6.729920187e-06	0.0120000001	4.999999912e-15	5.605149591e-13	9.634335024e-14	4.999999912e-15	4.069945878e-14	2.563772491e-13	4.999999912e-15	4.999999912e-15	1.02221542e-13	8.232483299e-14	4.999999912e-15	4.999999912e-15	1.711511521e-13	5.094846853e-12	4.999999912e-15	2.61876458e-12	6.989316894e-13	3.100348103e-12	3.185733361e-12	3.649918978e-10	4.999999912e-15	4.999999912e-15	4.999999912e-15	1.296532055e-13	4.999999912e-15	4.999999912e-15	1.16144453e-13	4.348902315e-12	4.999999912e-15	8.168561313e-12	1.959224883e-13	3.815242393e-13	4.999999912e-15	7.929811999e-14	1.481321305e-13	7.776998663e-12	4.999999912e-15	1.522152088e-12	5.199409154e-13	2.006553812e-09	1.145036756e-13	8.076370383e-14	4.999999912e-15	1.748291269e-11	2.855771446e-13	9.712392159e-14	4.999999912e-15	1.239164478e-14	1.910956744e-13	4.999999912e-15	1	1	1	1	1	1	1	0	0	0	0	0	0	0	0	0	0
2974.912	1748437496.323	05/28/2025_15:04:56.323	1	3	4.400401303e-05	6.846995802e-06	0.0120000001	1.990188884e-13	4.175641224e-13	4.999999912e-15	7.83642289e-14	1.786602279e-13	4.999999912e-15	4.999999912e-15	1.262182904e-13	1.261067802e-13	4.999999912e-15	1.912012893e-14	1.957850657e-13	4.999999912e-15	4.867115391e-12	1.374808741e-13	2.564656387e-12	3.691206412e-13	3.235266438e-12	3.550188572e-12	3.662382897e-10	4.999999912e-15	3.586268381e-14	5.133199638e-13	4.999999912e-15	4.999999912e-15	1.438847685e-13	2.624089097e-14	4.052146639e-12	4.999999912e-15	8.360826788e-12	4.999999912e-15	5.809751551e-13	3.289968124e-14	1.229048059e-13	4.999999912e-15	7.912681795e-12	2.180872128e-13	1.373084047e-12	2.415523022e-13	1.982314091e-09	8.992948123e-14	4.999999912e-15	4.999999912e-15	1.73611004e-11	1.388667827e-13	4.999999912e-15	4.999999912e-15	5.239814252e-14	4.999999912e-15	4.999999912e-15	1	1	1	1	1	1	1	0	0	0	0	0	0	0	0	0	0
2983.931	1748437505.342	05/28/2025_15:05:05.342	1	3	4.414781142e-05	6.742826827e-06	0.01600000076	3.443892307e-14	3.065411423e-13	5.565783023e-14	1.1722772e-13	4.999999912e-15	4.999999912e-15	1.679651291e-13	3.259103599e-14	4.999999912e-15	2.054786734e-14	2.672256947e-13	4.999999912e-15	4.999999912e-15	5.150887963e-12	9.713983903e-14	2.381645228e-12	5.153212384e-13	3.299140041e-12	3.144856771e-12	3.679612726e-10	8.101857943e-14	1.497092245e-13	4.999999912e-15	4.999999912e-15	9.057662118e-14	4.999999912e-15	4.999999912e-15	4.285134747e-12	1.556352025e-13	8.078316661e-12	4.999999912e-15	4.823140043e-13	9.970275744e-15	1.321701808e-13	4.999999912e-15	7.988216859e-12	4.999999912e-15	1.229770842e-12	4.342369563e-13	2.006610433e-09	4.999999912e-15	4.999999912e-15	1.674713021e-13	1.719658617e-11	4.999999912e-15	4.999999912e-15	1.768222477e-13	4.999999912e-15	4.999999912e-15	8.622773719e-14	1	1	1	1	1	1	1	0	0	0	0	0	0	0	0	0	0
2992.95	1748437514.361	05/28/2025_15:05:14.361	1	3	4.418265235e-05	6.779103387e-06	0.01600000076	4.999999912e-15	4.406149382e-13	1.411447998e-13	4.999999912e-15	4.999999912e-15	1.953390385e-13	7.172553025e-15	4.999999912e-15	4.999999912e-15	2.26514269e-13	4.999999912e-15	4.999999912e-15	1.290538314e-13	5.058770243e-12	4.999999912e-15	2.671850154e-12	6.945250581e-13	3.14139036e-12	3.109355004e-12	3.660434178e-10	9.41191027e-14	4.999999912e-15	4.999999912e-15	1.451751317e-13	4.999999912e-15	4.999999912e-15	4.999999912e-15	4.359023992e-12	4.999999912e-15	8.531916493e-12	1.278590542e-13	3.988462121e-13	4.999999912e-15	4.999999912e-15	1.902254531e-13	7.894266837e-12	4.999999912e-15	1.524005856e-12	3.940512196e-13	2.006446564e-09	4.999999912e-15	1.119767527e-13	4.999999912e-15	1.731139884e-11	1.870235059e-13	1.899705843e-13	4.999999912e-15	4.999999912e-15	9.364119994e-14	6.136679164e-14	1	1	1	1	1	1	1	0	0	0	0	0	0	0	0	0	0
3001.969	1748437523.380	05/28/2025_15:05:23.380	1	3	4.406825974e-05	6.805137673e-06	0.01400000043	1.888634106e-13	5.123562165e-13	4.999999912e-15	1.097863662e-13	2.02563335e-13	3.518565037e-14	4.999999912e-15	6.499090003e-14	1.127493688e-13	4.999999912e-15	4.999999912e-15	2.159924258e-13	1.619696063e-14	4.936355144e-12	1.214472045e-13	2.729429313e-12	3.737164387e-13	3.172079353e-12	3.404452067e-12	3.66075753e-10	4.999999912e-15	4.999999912e-15	1.073012799e-13	4.999999912e-15	4.999999912e-15	7.571187058e-14	1.447848325e-13	4.149025741e-12	4.999999912e-15	8.441489695e-12	1.818822667e-14	2.431532623e-13	9.121185523e-14	1.335540971e-13	4.999999912e-15	7.985091754e-12	1.449600531e-13	1.514901811e-12	1.964780335e-13	2.010523525e-09	1.753547123e-13	4.999999912e-15	4.999999912e-15	1.772914281e-11	1.983099828e-13	4.999999912e-15	4.999999912e-15	1.871907848e-13	4.999999912e-15	4.999999912e-15	1	1	1	1	1	1	1	0	0	0	0	0	0	0	0	0	0
3010.988	1748437532.399	05/28/2025_15:05:32.399	1	3	4.39478863e-05	6.820809631e-06	0.0120000001	6.247194602e-14	2.241466425e-13	4.999999912e-15	4.999999912e-15	1.725649381e-13	4.999999912e-15	7.110605778e-14	3.435529042e-14	4.999999912e-15	7.088305095e-14	1.671486978e-13	4.999999912e-15	4.999999912e-15	5.018297843e-12	9.541541548e-14	2.496338206e-12	4.686419438e-13	3.331314825e-12	3.269729106e-12	3.678658211e-10	4.999999912e-15	1.682638268e-13	4.999999912e-15	4.999999912e-15	7.462662487e-14	1.361805498e-13	4.999999912e-15	4.174193109e-12	1.046867264e-13	8.082486937e-12	4.999999912e-15	4.859421242e-13	1.393347243e-13	4.999999912e-15	4.999999912e-15	7.953388816e-12	5.824469596e-15	1.245760548e-12	3.294128208e-13	1.999252985e-09	4.999999912e-15	4.999999912e-15	8.284654429e-14	1.747169423e-11	4.999999912e-15	4.999999912e-15	1.398285649e-13	4.999999912e-15	4.999999912e-15	4.283011933e-14	1	1	1	1	1	1	1	0	0	0	0	0	0	0	0	0	0
3020.007	1748437541.418	05/28/2025_15:05:41.418	1	3	4.402664854e-05	6.724764262e-06	0.0120000001	4.999999912e-15	3.987067837e-13	1.947535964e-13	4.999999912e-15	4.999999912e-15	1.246133188e-13	9.109637415e-14	4.999999912e-15	4.999999912e-15	1.583851729e-13	6.555262518e-15	4.999999912e-15	6.355320729e-14	5.138871099e-12	4.999999912e-15	2.583664836e-12	6.426765045e-13	3.305681683e-12	3.131421988e-12	3.652371738e-10	1.468995552e-13	4.999999912e-15	4.999999912e-15	7.371661333e-14	4.999999912e-15	4.999999912e-15	4.999999912e-15	4.326977145e-12	5.248988635e-15	7.868383896e-12	1.156128009e-13	4.52168305e-13	4.999999912e-15	4.999999912e-15	1.922844344e-13	7.852357653e-12	4.999999912e-15	1.403833213e-12	4.725587868e-13	1.994548748e-09	4.999999912e-15	1.030121084e-13	3.210716334e-14	1.699125389e-11	1.014031524e-13	2.044550374e-13	4.999999912e-15	4.999999912e-15	6.632503791e-14	1.050830159e-13	1	1	1	1	1	1	1	0	0	0	0	0	0	0	0	0	0
3029.026	1748437550.437	05/28/2025_15:05:50.437	1	3	4.401982369e-05	6.714464689e-06	0.01600000076	2.848306511e-14	6.01744132e-13	4.999999912e-15	4.999999912e-15	1.358042232e-13	7.171738518e-14	4.999999912e-15	4.999999912e-15	1.797713454e-13	1.72682608e-14	4.999999912e-15	9.263362375e-14	1.329049311e-13	4.81129199e-12	4.999999912e-15	2.778020435e-12	6.278056959e-13	3.152600793e-12	3.380353723e-12	3.67091052e-10	4.999999912e-15	4.999999912e-15	2.603777111e-13	4.5623861e-14	4.999999912e-15	4.999999912e-15	1.508103809e-13	4.312807056e-12	4.999999912e-15	8.081201507e-12	7.093681382e-14	1.647651742e-13	4.999999912e-15	2.001618814e-13	4.999999912e-15	7.848304472e-12	6.466034034e-14	1.556658773e-12	2.322451313e-13	1.986022458e-09	8.036743471e-14	4.586281916e-14	4.999999912e-15	1.750584053e-11	2.59947581e-13	4.999999912e-15	4.999999912e-15	8.23427562e-14	6.840391426e-14	4.999999912e-15	1	1	1	1	1	1	1	0	0	0	0	0	0	0	0	0	0
3038.045	1748437559.456	05/28/2025_15:05:59.456	1	3	4.404701394e-05	6.883841252e-06	0.0120000001	2.071472469e-13	3.449905292e-13	4.999999912e-15	1.123630675e-13	4.886564244e-14	4.999999912e-15	4.999999912e-15	1.42184238e-13	4.999999912e-15	4.999999912e-15	1.308260683e-13	1.265249434e-13	4.999999912e-15	4.952170184e-12	1.749683975e-13	2.562525712e-12	3.332181536e-13	3.264645498e-12	3.334929121e-12	3.683450767e-10	4.999999912e-15	7.108814134e-14	4.999999912e-15	4.999999912e-15	4.999999912e-15	1.957890637e-13	4.999999912e-15	4.18581966e-12	1.799864104e-13	8.219149319e-12	4.999999912e-15	3.618126848e-13	1.630367526e-13	8.564827179e-14	4.999999912e-15	8.077307052e-12	9.47443621e-14	1.251668907e-12	2.736395095e-13	2.014214573e-09	4.999999912e-15	4.999999912e-15	1.890110654e-14	1.776399514e-11	2.165701293e-14	4.999999912e-15	1.453543232e-13	4.999999912e-15	4.999999912e-15	4.999999912e-15	1	1	1	1	1	1	1	0	0	0	0	0	0	0	0	0	0
3047.064	1748437568.475	05/28/2025_15:06:08.475	1	3	4.39916148e-05	6.781701813e-06	0.01600000076	4.999999912e-15	4.018689949e-13	1.586958104e-13	4.999999912e-15	4.999999912e-15	6.975798791e-14	1.124825466e-13	4.999999912e-15	4.999999912e-15	1.312004162e-13	3.592243012e-14	4.999999912e-15	4.084483674e-14	5.278011535e-12	4.999999912e-15	2.404188394e-12	6.613545432e-13	3.310468436e-12	3.085296558e-12	3.654457015e-10	1.366325943e-13	4.999999912e-15	4.999999912e-15	3.541267214e-14	1.222795736e-13	4.999999912e-15	4.999999912e-15	4.342564069e-12	4.999999912e-15	7.970616354e-12	7.362900979e-14	5.450647529e-13	4.999999912e-15	4.999999912e-15	4.779035783e-14	7.900060814e-12	4.999999912e-15	1.441930126e-12	4.695241591e-13	1.990289267e-09	4.999999912e-15	9.343013288e-14	1.023032028e-13	1.746499299e-11	1.002482196e-13	1.759003099e-13	4.999999912e-15	4.999999912e-15	2.985305281e-14	2.72564252e-13	1	1	1	1	1	1	1	0	0	0	0	0	0	0	0	0	0
3056.083	1748437577.494	05/28/2025_15:06:17.494	1	3	4.400445687e-05	6.740236131e-06	0.01400000043	4.536898879e-14	6.570056456e-13	4.999999912e-15	4.999999912e-15	1.35788299e-13	1.486757494e-13	4.999999912e-15	4.999999912e-15	2.057692937e-13	3.120711968e-14	4.999999912e-15	1.047883026e-13	2.172070846e-13	4.85414443e-12	4.999999912e-15	2.791895404e-12	6.569897079e-13	3.051253694e-12	3.321587363e-12	3.647855074e-10	4.999999912e-15	4.999999912e-15	8.642088781e-14	1.647492364e-13	4.999999912e-15	4.999999912e-15	1.908905434e-13	4.154175268e-12	4.999999912e-15	8.309910919e-12	1.64064251e-13	3.677147833e-13	4.999999912e-15	4.858365771e-13	5.180475189e-14	8.017735781e-12	1.016341416e-13	1.640307898e-12	2.959336877e-13	2.000736687e-09	1.810616679e-13	6.583917981e-14	4.999999912e-15	1.746015138e-11	3.115293125e-13	4.999999912e-15	4.999999912e-15	5.867062478e-14	4.999999912e-15	4.999999912e-15	1	1	1	1	1	1	1	0	0	0	0	0	0	0	0	0	0
3065.102	1748437586.513	05/28/2025_15:06:26.513	1	3	4.390552203e-05	6.831264272e-06	0.00800000038	2.3064615e-13	3.769482827e-13	4.999999912e-15	1.14053664e-13	4.999999912e-15	4.999999912e-15	4.999999912e-15	1.525089462e-13	4.999999912e-15	4.999999912e-15	7.183885648e-14	7.521605138e-14	4.999999912e-15	4.893071191e-12	1.781564262e-13	2.554737888e-12	3.798316371e-13	3.233026043e-12	3.392311172e-12	3.67307823e-10	4.999999912e-15	6.812137117e-15	9.281305921e-15	4.999999912e-15	4.999999912e-15	1.21652322e-13	4.999999912e-15	4.102220733e-12	1.078409009e-13	8.093350642e-12	4.999999912e-15	2.265520941e-13	1.343804625e-13	4.999999912e-15	4.999999912e-15	7.999458734e-12	1.038424582e-13	1.242542744e-12	1.489246823e-13	1.97858796e-09	2.22165629e-14	4.999999912e-15	4.999999912e-15	1.780754884e-11	4.999999912e-15	4.999999912e-15	1.519832437e-13	3.758911314e-14	7.564615438e-14	4.999999912e-15	1	1	1	1	1	1	1	0	0	0	0	0	0	0	0	0	0
3074.121	1748437595.532	05/28/2025_15:06:35.532	1	3	4.400704711e-05	6.833889984e-06	0.01600000076	4.999999912e-15	3.567668079e-13	1.220684795e-13	4.999999912e-15	4.999999912e-15	5.180077423e-14	2.344076268e-13	4.999999912e-15	4.999999912e-15	4.98413634e-14	4.966612923e-14	4.999999912e-15	4.999999912e-15	5.14306436e-12	4.999999912e-15	2.429226742e-12	6.532740386e-13	3.195433284e-12	3.108598231e-12	3.657432135e-10	9.578380705e-14	4.999999912e-15	4.999999912e-15	8.165380671e-14	1.315946863e-13	4.999999912e-15	4.999999912e-15	4.436579576e-12	2.543642651e-14	7.975359088e-12	4.706951923e-14	4.702369679e-13	4.999999912e-15	4.999999912e-15	1.029045623e-13	8.134420221e-12	4.999999912e-15	1.363597711e-12	5.345787289e-13	1.983434528e-09	4.999999912e-15	4.045852873e-14	9.070209725e-14	1.737694363e-11	3.047034332e-14	1.520170979e-13	4.409059245e-14	4.999999912e-15	4.999999912e-15	1.180063263e-13	1	1	1	1	1	1	1	0	0	0	0	0	0	0	0	0	0
3083.14	1748437604.551	05/28/2025_15:06:44.551	1	3	4.402537888e-05	6.786908671e-06	0.01400000043	2.429145481e-14	6.768366249e-13	4.999999912e-15	4.999999912e-15	2.955015789e-13	1.876229071e-13	4.999999912e-15	4.999999912e-15	1.735406659e-13	3.770460777e-14	4.999999912e-15	7.416862399e-14	1.801835184e-13	4.982172227e-12	4.999999912e-15	2.786302005e-12	6.366609171e-13	3.190687731e-12	3.189158356e-12	3.666484338e-10	4.999999912e-15	4.999999912e-15	1.000550554e-13	9.302988609e-14	4.999999912e-15	4.999999912e-15	1.861732475e-13	4.243891696e-12	4.999999912e-15	8.303584383e-12	1.820792052e-13	2.115021076e-13	4.999999912e-15	1.416963741e-13	3.227242963e-14	7.770913253e-12	6.953296852e-14	1.585123851e-12	2.665088202e-13	1.998438082e-09	1.634568945e-13	5.986338947e-14	4.999999912e-15	1.763743492e-11	4.004651428e-13	4.999999912e-15	4.999999912e-15	1.332534208e-13	1.72138806e-13	4.999999912e-15	1	1	1	1	1	1	1	0	0	0	0	0	0	0	0	0	0
3092.159	1748437613.570	05/28/2025_15:06:53.570	1	3	4.413545685e-05	6.818188467e-06	0.0120000001	1.551513638e-13	3.918887242e-13	4.999999912e-15	1.432515673e-13	1.248682147e-13	4.999999912e-15	4.999999912e-15	1.597870057e-13	4.999999912e-15	4.999999912e-15	9.761179224e-14	1.113594758e-13	4.999999912e-15	4.919863128e-12	1.568877135e-13	2.551597605e-12	3.248866833e-13	3.280432349e-12	3.526425029e-12	3.678807814e-10	4.999999912e-15	1.766888502e-13	7.352545493e-14	4.999999912e-15	4.999999912e-15	1.715275057e-13	4.999999912e-15	4.055702822e-12	1.194360501e-13	8.3375893e-12	4.999999912e-15	3.051652084e-13	1.284684165e-13	4.999999912e-15	4.999999912e-15	7.883597421e-12	9.35018122e-14	1.254201712e-12	2.729067243e-13	2.021863343e-09	4.999999912e-15	4.999999912e-15	4.999999912e-15	1.761114518e-11	4.999999912e-15	4.999999912e-15	1.017536072e-13	7.037129397e-14	4.999999912e-15	4.999999912e-15	1	1	1	1	1	1	1	0	0	0	0	0	0	0	0	0	0
3101.178	1748437622.589	05/28/2025_15:07:02.589	1	3	4.411047485e-05	6.794708042e-06	0.01600000076	4.999999912e-15	3.275649608e-13	1.255870543e-13	4.999999912e-15	4.999999912e-15	1.047606961e-14	6.5562383e-14	4.999999912e-15	4.999999912e-15	1.58052621e-13	7.526383759e-14	4.999999912e-15	4.999999912e-15	5.154023042e-12	4.999999912e-15	2.481363856e-12	7.100788057e-13	3.2918722e-12	3.019499147e-12	3.683111593e-10	1.24551587e-13	4.999999912e-15	4.999999912e-15	4.999999912e-15	1.130181967e-13	4.999999912e-15	4.999999912e-15	4.391272502e-12	3.676075557e-14	8.224565994e-12	1.576486879e-14	5.088495814e-13	4.999999912e-15	4.999999912e-15	1.232612509e-13	8.023895784e-12	4.999999912e-15	1.328278633e-12	5.489775301e-13	2.008461175e-09	4.999999912e-15	8.297400581e-14	8.413690751e-14	1.745404342e-11	6.429827103e-15	1.448624884e-13	6.429820326e-15	4.999999912e-15	4.69560236e-14	1.788573494e-13	1	1	1	1	1	1	1	0	0	0	0	0	0	0	0	0	0
3110.197	1748437631.608	05/28/2025_15:07:11.608	1	3	4.402409832e-05	6.797319202e-06	0.01400000043	4.999999912e-15	6.215212806e-13	4.999999912e-15	4.999999912e-15	1.563779759e-13	1.254257657e-13	4.999999912e-15	4.999999912e-15	1.024067577e-13	3.298333083e-14	4.999999912e-15	1.006703943e-13	1.117417926e-13	4.948298715e-12	4.999999912e-15	2.668429496e-12	6.219991969e-13	3.014304084e-12	3.482744692e-12	3.677756155e-10	4.999999912e-15	4.999999912e-15	5.699001655e-14	1.2939236e-13	4.999999912e-15	4.999999912e-15	1.607747003e-13	4.310966948e-12	4.999999912e-15	8.201355393e-12	1.732001722e-13	4.078188525e-13	4.999999912e-15	1.78281882e-13	4.91205282e-14	7.664480162e-12	4.529730608e-14	1.51067635e-12	2.250527103e-13	2.004810318e-09	8.174540146e-14	2.033481822e-14	4.999999912e-15	1.78517201e-11	3.196616149e-13	4.999999912e-15	4.999999912e-15	2.010141592e-13	1.119648265e-13	4.999999912e-15	1	1	1	1	1	1	1	0	0	0	0	0	0	0	0	0	0
3119.216	1748437640.627	05/28/2025_15:07:20.627	1	3	4.40367221e-05	6.805137673e-06	0.01400000043	1.989213237e-13	3.053822928e-13	4.999999912e-15	1.671885422e-13	1.736880361e-13	4.999999912e-15	4.999999912e-15	1.373036748e-13	4.999999912e-15	4.999999912e-15	1.051407632e-13	1.383231908e-13	4.999999912e-15	5.095359464e-12	1.328591507e-13	2.631305764e-12	3.593853188e-13	3.241094459e-12	3.414223331e-12	3.659183234e-10	4.999999912e-15	1.578216317e-13	1.172658162e-14	4.999999912e-15	4.999999912e-15	1.344681067e-13	4.999999912e-15	4.085613792e-12	9.195063059e-14	8.101722418e-12	4.999999912e-15	3.479315902e-13	1.339902039e-13	4.999999912e-15	4.999999912e-15	8.046029988e-12	1.086613032e-13	1.296522026e-12	3.409701449e-13	2.019210799e-09	4.999999912e-15	4.999999912e-15	4.999999912e-15	1.752134202e-11	4.999999912e-15	4.999999912e-15	1.165307949e-13	4.11335801e-14	4.999999912e-15	4.999999912e-15	1	1	1	1	1	1	1	0	0	0	0	0	0	0	0	0	0
3128.235	1748437649.646	05/28/2025_15:07:29.646	1	3	4.402012928e-05	6.802530606e-06	0.01400000043	4.999999912e-15	5.671339049e-13	1.865794845e-13	1.929737565e-14	4.999999912e-15	9.337241267e-14	1.365111366e-13	4.999999912e-15	4.999999912e-15	1.321781362e-13	5.504455127e-14	4.999999912e-15	4.999999912e-15	5.136973746e-12	4.999999912e-15	2.461335823e-12	5.713075412e-13	3.316942207e-12	3.08939636e-12	3.684383076e-10	9.928248002e-14	4.999999912e-15	4.999999912e-15	4.303324461e-14	1.183348938e-13	4.999999912e-15	4.999999912e-15	4.359440326e-12	4.999999912e-15	7.886463184e-12	5.748186486e-14	5.303034487e-13	4.999999912e-15	4.999999912e-15	1.104494778e-13	7.974444889e-12	4.999999912e-15	1.458901576e-12	5.255562695e-13	2.005972055e-09	1.69120089e-13	4.999999912e-15	5.222490734e-14	1.72489887e-11	4.999999912e-15	1.79936632e-13	4.999999912e-15	4.999999912e-15	5.263908612e-14	9.056870651e-14	1	1	1	1	1	1	1	0	0	0	0	0	0	0	0	0	0
3137.254	1748437658.665	05/28/2025_15:07:38.665	1	3	4.409556641e-05	6.794708042e-06	0.01400000043	4.999999912e-15	6.594468895e-13	4.999999912e-15	4.999999912e-15	8.865510322e-14	6.064995782e-14	4.999999912e-15	4.999999912e-15	1.434546655e-13	3.347318015e-14	4.999999912e-15	4.508898951e-13	1.264413108e-13	4.829312731e-12	4.999999912e-15	2.774647482e-12	5.565542601e-13	3.139446819e-12	3.266345961e-12	3.664337445e-10	4.999999912e-15	4.999999912e-15	2.079716336e-13	5.305128285e-14	4.999999912e-15	4.999999912e-15	1.679870571e-13	4.091159269e-12	4.999999912e-15	8.373221387e-12	1.950247621e-14	1.509737024e-13	4.999999912e-15	1.142229215e-13	1.117102287e-14	7.802970943e-12	1.095872525e-13	1.609423098e-12	1.945106944e-13	1.992564114e-09	1.332912594e-13	6.439781434e-15	4.999999912e-15	1.784540918e-11	3.145599829e-13	4.999999912e-15	4.999999912e-15	1.091890115e-13	4.999999912e-15	4.999999912e-15	1	1	1	1	1	1	1	0	0	0	0	0	0	0	0	0	0
3146.273	1748437667.684	05/28/2025_15:07:47.684	1	3	4.417343007e-05	6.904983366e-06	0.01400000043	1.624095281e-13	3.022440425e-13	4.999999912e-15	1.598447665e-13	4.999999912e-15	4.999999912e-15	4.986327106e-14	1.266464012e-13	4.999999912e-15	4.999999912e-15	8.497324751e-14	5.242803262e-14	4.999999912e-15	4.950922051e-12	1.608483583e-13	2.474665221e-12	4.020939668e-13	3.228286779e-12	3.459034274e-12	3.689462347e-10	4.999999912e-15	1.539187614e-13	4.999999912e-15	4.999999912e-15	3.329595714e-14	9.623581771e-14	4.999999912e-15	4.317476498e-12	9.698454062e-14	8.195184115e-12	4.999999912e-15	4.094855152e-13	2.034136206e-13	4.999999912e-15	4.999999912e-15	8.191791863e-12	5.491311887e-14	1.328780402e-12	2.919372643e-13	2.015883238e-09	4.999999912e-15	4.999999912e-15	7.146449502e-14	1.746571117e-11	4.999999912e-15	1.434208384e-13	9.860940732e-14	5.241208129e-14	4.999999912e-15	2.953644545e-14	1	1	1	1	1	1	1	0	0	0	0	0	0	0	0	0	0
3155.292	1748437676.703	05/28/2025_15:07:56.703	1	3	4.406966036e-05	6.852252227e-06	0.01400000043	4.999999912e-15	5.130033768e-13	1.383112375e-13	4.999999912e-15	4.999999912e-15	5.386570503e-14	1.137310732e-13	4.999999912e-15	4.999999912e-15	1.965198837e-13	4.999999912e-15	4.999999912e-15	1.015923253e-13	5.014549973e-12	4.999999912e-15	2.592982253e-12	6.442037659e-13	3.174590582e-12	3.09286906e-12	3.687071481e-10	1.379926447e-13	4.999999912e-15	4.999999912e-15	9.273519317e-14	7.785646991e-14	4.999999912e-15	4.999999912e-15	4.378668001e-12	4.999999912e-15	8.106537143e-12	9.985596199e-14	4.471164378e-13	4.999999912e-15	4.999999912e-15	2.361061921e-13	8.095960534e-12	4.999999912e-15	1.391947321e-12	5.651107837e-13	2.013184286e-09	4.999999912e-15	1.018312835e-13	4.999999912e-15	1.730993647e-11	1.490799942e-13	1.700121706e-13	4.999999912e-15	4.999999912e-15	7.564217671e-14	1.916993447e-14	1	1	1	1	1	1	1	0	0	0	0	0	0	0	0	0	0
3164.311	1748437685.722	05/28/2025_15:08:05.722	1	3	4.3938413e-05	6.815575944e-06	0.0120000001	1.248443352e-13	6.053283417e-13	4.999999912e-15	4.999999912e-15	2.025832843e-13	1.085796831e-13	4.999999912e-15	8.708994219e-14	1.650200701e-13	4.999999912e-15	4.999999912e-15	1.120205748e-13	1.331598406e-13	4.785468896e-12	1.806478009e-14	2.714745963e-12	5.024676421e-13	2.845245307e-12	3.335207761e-12	3.64894559e-10	4.999999912e-15	4.999999912e-15	2.05195805e-13	4.999999912e-15	4.999999912e-15	8.10365162e-14	1.862708392e-13	4.186433318e-12	3.281606893e-14	8.341564418e-12	9.28407267e-14	2.461680491e-13	4.999999912e-15	1.6199333e-13	4.999999912e-15	7.919670128e-12	1.237132684e-13	1.500393451e-12	2.110262106e-13	1.990267284e-09	2.107076178e-13	4.999999912e-15	4.999999912e-15	1.77842012e-11	4.414393655e-13	4.999999912e-15	4.999999912e-15	1.716469848e-13	4.86824597e-14	4.999999912e-15	1	1	1	1	1	1	1	0	0	0	0	0	0	0	0	0	0
3173.33	1748437694.741	05/28/2025_15:08:14.741	1	3	4.392402116e-05	6.722180842e-06	0.01600000076	1.848889016e-13	2.974192073e-13	4.999999912e-15	1.876766835e-13	7.204428568e-15	4.999999912e-15	6.36448156e-14	2.173544683e-13	4.999999912e-15	4.999999912e-15	1.928858142e-13	1.197984447e-13	4.999999912e-15	5.038555077e-12	1.330363906e-13	2.492238187e-12	4.348164623e-13	3.2094917e-12	3.332503978e-12	3.647112057e-10	1.068631945e-13	1.175363789e-13	4.999999912e-15	4.999999912e-15	1.506869445e-13	9.247831179e-14	4.999999912e-15	4.314452007e-12	1.66601135e-13	8.10666291e-12	4.999999912e-15	4.288744923e-13	1.302645464e-13	4.999999912e-15	4.999999912e-15	8.176055319e-12	4.999999912e-15	1.243651991e-12	3.622228927e-13	1.979162834e-09	4.999999912e-15	4.999999912e-15	1.516268258e-13	1.788085305e-11	4.999999912e-15	4.999999912e-15	1.622203484e-13	4.999999912e-15	4.999999912e-15	1.206268294e-13	1	1	1	1	1	1	1	0	0	0	0	0	0	0	0	0	0
3182.349	1748437703.760	05/28/2025_15:08:23.760	1	3	4.402130435e-05	6.810354535e-06	0.01600000076	4.999999912e-15	4.645718489e-13	2.032861997e-13	4.999999912e-15	4.999999912e-15	1.016839336e-13	6.055237963e-14	4.999999912e-15	3.63226803e-14	1.222178554e-13	4.999999912e-15	4.999999912e-15	5.378208255e-14	5.128813173e-12	4.999999912e-15	2.540504048e-12	7.242167478e-13	2.988236178e-12	3.177852296e-12	3.672188942e-10	1.036751929e-13	4.999999912e-15	4.999999912e-15	1.207363474e-13	4.772864301e-14	4.999999912e-15	3.435508442e-13	4.434052951e-12	2.31006925e-14	8.11298511e-12	1.835806355e-13	3.92758959e-13	4.999999912e-15	8.228105155e-14	2.266397519e-13	7.738691632e-12	4.999999912e-15	1.520244434e-12	4.536915819e-13	2.012321643e-09	4.999999912e-15	1.657389097e-13	4.999999912e-15	1.733943544e-11	2.319922412e-13	1.490441613e-13	4.999999912e-15	4.999999912e-15	1.135200061e-13	4.999999912e-15	1	1	1	1	1	1	1	0	0	0	0	0	0	0	0	0	0
3191.368	1748437712.779	05/28/2025_15:08:32.779	1	3	4.411475675e-05	6.810354535e-06	0.01400000043	1.581701079e-13	5.571397293e-13	4.999999912e-15	4.999999912e-15	2.125554913e-13	4.999999912e-15	4.999999912e-15	1.311048438e-13	1.145216056e-13	4.999999912e-15	4.999999912e-15	1.752949863e-13	4.999999912e-15	4.953755288e-12	8.47800969e-14	2.791290419e-12	3.984917864e-13	3.060891384e-12	3.359262304e-12	3.671676296e-10	4.999999912e-15	4.999999912e-15	1.731284929e-13	4.999999912e-15	4.999999912e-15	1.317739049e-13	1.173412496e-13	4.02424925e-12	4.140239448e-14	8.368661666e-12	4.999999912e-15	2.315442217e-13	3.354563806e-13	8.403137398e-14	4.999999912e-15	7.901542268e-12	2.13511324e-13	1.423196196e-12	2.307795339e-13	2.011222078e-09	1.414116491e-13	4.999999912e-15	4.999999912e-15	1.711653735e-11	1.797554212e-13	4.999999912e-15	7.439398896e-15	1.998114266e-13	4.999999912e-15	4.999999912e-15	1	1	1	1	1	1	1	0	0	0	0	0	0	0	0	0	0
3200.387	1748437721.798	05/28/2025_15:08:41.798	1	3	4.406490189e-05	6.844365089e-06	0.01000000071	5.243399573e-14	3.405300944e-13	6.081323189e-14	1.590383099e-13	4.999999912e-15	4.999999912e-15	1.799067351e-13	4.698590014e-14	4.999999912e-15	4.999999912e-15	1.364493913e-13	4.999999912e-15	4.999999912e-15	5.10170595e-12	8.389597746e-14	2.481982935e-12	5.097238278e-13	3.238042213e-12	3.249941765e-12	3.691005279e-10	1.103240288e-13	1.206308003e-13	4.999999912e-15	4.999999912e-15	9.83764326e-14	3.875002939e-14	4.999999912e-15	4.275188276e-12	1.39380559e-13	8.241435312e-12	4.999999912e-15	5.440850136e-13	5.319863609e-14	4.999999912e-15	2.029894807e-13	8.188499358e-12	4.999999912e-15	1.29683059e-12	4.771466967e-13	1.99973571e-09	4.999999912e-15	4.999999912e-15	1.610454933e-13	1.748927912e-11	4.999999912e-15	1.353183787e-13	6.336206923e-14	4.999999912e-15	1.072654403e-13	1.085876519e-13	1	1	1	1	1	1	1	0	0	0	0	0	0	0	0	0	0
3209.406	1748437730.817	05/28/2025_15:08:50.817	1	3	4.392435221e-05	6.747996395e-06	0.01400000043	4.999999912e-15	6.162285309e-13	2.116674078e-13	4.999999912e-15	4.999999912e-15	2.178801844e-13	4.999999912e-15	4.999999912e-15	4.776250061e-14	1.392650643e-13	4.999999912e-15	4.999999912e-15	9.496341837e-14	5.126648238e-12	4.999999912e-15	2.65754454e-12	6.967711998e-13	3.084328582e-12	3.14362013e-12	3.678324312e-10	3.693001986e-14	4.999999912e-15	4.999999912e-15	1.805718389e-13	1.42614734e-14	4.999999912e-15	6.303947165e-14	4.063520787e-12	4.999999912e-15	8.095767112e-12	1.850959978e-13	3.183195352e-13	4.999999912e-15	8.43061718e-14	1.154813821e-13	7.776319519e-12	4.999999912e-15	1.642972e-12	4.330959961e-13	2.013427203e-09	6.370853958e-14	1.629053338e-13	4.999999912e-15	1.75038508e-11	2.909356783e-13	1.598786208e-13	4.999999912e-15	4.999999912e-15	1.447450287e-13	4.999999912e-15	1	1	1	1	1	1	1	0	0	0	0	0	0	0	0	0	0
3218.425	1748437739.836	05/28/2025_15:08:59.836	1	3	4.405181244e-05	6.76872105e-06	0.01400000043	1.567204754e-13	5.106238782e-13	4.999999912e-15	6.636487556e-14	2.361002019e-13	4.999999912e-15	4.999999912e-15	1.283330267e-13	8.622973619e-14	4.999999912e-15	2.614135443e-14	2.325159379e-13	4.999999912e-15	4.891993928e-12	1.365688704e-13	2.662734182e-12	3.254203276e-13	3.00822648e-12	3.545278437e-12	3.663322978e-10	4.999999912e-15	5.088080836e-14	1.34928093e-13	4.999999912e-15	4.999999912e-15	1.727780245e-13	6.418245113e-14	4.129530919e-12	9.685543925e-15	8.37734309e-12	4.999999912e-15	2.376772824e-13	1.140118273e-13	7.268914881e-14	4.999999912e-15	7.891013364e-12	1.715673502e-13	1.328316363e-12	2.579244598e-13	2.000354549e-09	9.723743756e-14	4.999999912e-15	4.999999912e-15	1.763988955e-11	7.420250531e-14	4.999999912e-15	2.485894249e-13	1.102045633e-13	4.999999912e-15	4.999999912e-15	1	1	1	1	1	1	1	0	0	0	0	0	0	0	0	0	0
3227.444	1748437748.855	05/28/2025_15:09:08.855	1	3	4.396380245e-05	6.701604889e-06	0.01400000043	4.999999912e-15	3.802697632e-13	5.007036723e-14	1.10254335e-13	4.999999912e-15	4.999999912e-15	1.940944828e-13	4.999999912e-15	4.999999912e-15	7.140078459e-14	1.577738591e-13	7.753388589e-14	4.999999912e-15	5.122297551e-12	6.408887093e-14	2.433597377e-12	5.034254263e-13	3.145290885e-12	3.160329203e-12	3.660205472e-10	1.0979237e-13	1.422101369e-13	4.999999912e-15	4.999999912e-15	3.85688321e-14	4.999999912e-15	4.999999912e-15	4.271406579e-12	1.227276202e-13	7.961361605e-12	4.999999912e-15	6.795964616e-13	3.321631571e-14	4.999999912e-15	4.999999912e-15	8.126413605e-12	4.999999912e-15	1.237516925e-12	5.298375128e-13	1.996567134e-09	4.999999912e-15	1.38453024e-14	2.042738401e-13	1.755728028e-11	4.999999912e-15	1.348982097e-13	1.283190812e-13	4.999999912e-15	4.999999912e-15	1.186335779e-13	1	1	1	1	1	1	1	0	0	0	0	0	0	0	0	0	0
3236.463	1748437757.874	05/28/2025_15:09:17.874	1	3	4.39707328e-05	6.78950255e-06	0.01400000043	4.999999912e-15	6.160811878e-13	1.356289891e-13	4.999999912e-15	4.999999912e-15	2.531294944e-13	4.999999912e-15	4.999999912e-15	6.31469974e-14	1.827662099e-13	4.999999912e-15	4.999999912e-15	4.020763418e-14	5.033867854e-12	4.999999912e-15	2.638775266e-12	6.260215328e-13	2.884975028e-12	3.33476172e-12	3.645289071e-10	7.343783784e-14	4.999999912e-15	5.268092616e-14	1.865894321e-13	4.999999912e-15	4.999999912e-15	1.024943747e-13	4.346611179e-12	4.999999912e-15	7.928321194e-12	1.667086608e-13	3.170730009e-13	4.999999912e-15	6.943938155e-14	1.740683877e-13	7.831068259e-12	4.999999912e-15	1.532875064e-12	4.192964877e-13	2.012787936e-09	5.961051965e-14	1.678874867e-13	4.999999912e-15	1.742381413e-11	1.895683588e-13	6.104421439e-14	4.999999912e-15	4.999999912e-15	1.433391844e-13	4.999999912e-15	1	1	1	1	1	1	1	0	0	0	0	0	0	0	0	0	0
3245.482	1748437766.893	05/28/2025_15:09:26.893	1	3	4.411154077e-05	6.812965239e-06	0.01400000043	2.214644348e-13	5.459130327e-13	4.999999912e-15	9.958314284e-14	1.560872471e-13	4.999999912e-15	4.999999912e-15	1.066879874e-13	8.484779177e-14	4.999999912e-15	4.999999912e-15	2.064423529e-13	4.999999912e-15	4.877852029e-12	1.344223127e-13	2.797315764e-12	3.95325645e-13	2.966254412e-12	3.43264024e-12	3.691624784e-10	4.999999912e-15	9.206413301e-14	2.101540648e-13	4.999999912e-15	4.999999912e-15	1.995605151e-13	3.058984272e-14	4.106054038e-12	2.300710214e-14	8.215513339e-12	4.999999912e-15	2.997131623e-13	1.82085209e-13	3.062169794e-14	4.999999912e-15	8.080648997e-12	2.080831303e-13	1.312326658e-12	2.805492384e-13	2.007005007e-09	1.336258036e-13	4.999999912e-15	4.999999912e-15	1.789182691e-11	1.09714714e-13	4.999999912e-15	8.840020729e-14	2.176889989e-13	4.999999912e-15	4.999999912e-15	1	1	1	1	1	1	1	0	0	0	0	0	0	0	0	0	0
3254.501	1748437775.912	05/28/2025_15:09:35.912	1	3	4.406852167e-05	6.836508874e-06	0.01400000043	4.999999912e-15	2.660229621e-13	7.943354362e-14	8.988369402e-14	4.999999912e-15	4.999999912e-15	9.509283823e-14	4.999999912e-15	4.999999912e-15	8.121773382e-14	2.065399175e-13	4.999999912e-15	4.999999912e-15	5.117045242e-12	7.983179818e-14	2.394285941e-12	3.815640566e-13	3.139687729e-12	3.181233272e-12	3.66134012e-10	7.027372933e-14	9.549109279e-14	4.999999912e-15	4.999999912e-15	1.167896617e-13	4.999999912e-15	4.999999912e-15	4.227634302e-12	1.657429077e-13	8.071984921e-12	4.999999912e-15	5.501683093e-13	4.999999912e-15	4.999999912e-15	1.86920317e-14	8.045875598e-12	4.999999912e-15	1.382548698e-12	5.122069218e-13	1.995421162e-09	4.999999912e-15	4.999999912e-15	2.075275715e-13	1.778433477e-11	4.999999912e-15	1.165029309e-13	5.901114558e-14	4.999999912e-15	4.999999912e-15	1.512942874e-13	1	1	1	1	1	1	1	0	0	0	0	0	0	0	0	0	0
3263.52	1748437784.931	05/28/2025_15:09:44.931	1	3	4.395012002e-05	6.745403425e-06	0.01400000043	4.999999912e-15	6.097928152e-13	1.211525184e-13	4.999999912e-15	1.551994752e-14	1.970913531e-13	4.999999912e-15	4.999999912e-15	1.069109943e-13	1.493647464e-13	4.999999912e-15	4.999999912e-15	2.100903408e-13	5.141065091e-12	4.999999912e-15	2.782867253e-12	6.531704973e-13	2.961220678e-12	3.220562922e-12	3.66205205e-10	4.999999912e-15	4.999999912e-15	1.937503841e-14	1.503683246e-13	4.999999912e-15	4.999999912e-15	8.272908454e-14	4.205792398e-12	4.999999912e-15	8.142186578e-12	2.245867473e-13	3.209957799e-13	4.999999912e-15	1.340240446e-13	4.999999912e-15	7.880487062e-12	4.999999912e-15	1.632187332e-12	3.774520843e-13	1.995957399e-09	1.70333108e-14	1.26982924e-13	4.999999912e-15	1.73146341e-11	3.183195352e-13	9.588736868e-14	4.999999912e-15	4.999999912e-15	1.173770824e-13	4.999999912e-15	1	1	1	1	1	1	1	0	0	0	0	0	0	0	0	0	0
3272.539	1748437793.950	05/28/2025_15:09:53.950	1	3	4.388294474e-05	6.799924449e-06	0.01600000076	2.180275004e-13	4.684488474e-13	4.999999912e-15	6.594274822e-14	1.263019366e-13	4.999999912e-15	4.999999912e-15	1.025501298e-13	1.096071882e-13	4.999999912e-15	2.503421122e-14	1.676405732e-13	4.999999912e-15	4.922269189e-12	1.538291521e-13	2.763165564e-12	3.524139259e-13	3.013523242e-12	3.503230908e-12	3.668468029e-10	4.999999912e-15	5.842371129e-14	8.555271292e-14	4.999999912e-15	4.999999912e-15	1.721169187e-13	4.999999912e-15	4.116269391e-12	7.787439313e-14	8.35769301e-12	4.999999912e-15	3.455321153e-13	2.000742779e-13	3.925979753e-14	4.999999912e-15	7.880299711e-12	1.619853882e-13	1.334664584e-12	2.830382955e-13	1.98723904e-09	8.878652208e-14	4.999999912e-15	4.999999912e-15	1.758783917e-11	1.159792206e-13	4.999999912e-15	7.370070266e-14	1.371981142e-13	4.999999912e-15	1.12068727e-14	1	1	1	1	1	1	1	0	0	0	0	0	0	0	0	0	0
3281.558	1748437802.969	05/28/2025_15:10:02.969	1	3	4.397269004e-05	6.773910627e-06	0.01000000071	4.999999912e-15	4.079762244e-13	3.795250247e-13	1.475825348e-13	4.999999912e-15	4.999999912e-15	1.457346749e-13	4.999999912e-15	4.999999912e-15	4.425985674e-14	8.327271706e-14	4.999999912e-15	4.999999912e-15	5.087367593e-12	4.999999912e-15	2.484673274e-12	5.245209106e-13	3.030518544e-12	3.299020562e-12	3.675626747e-10	4.999999912e-15	3.439910574e-14	4.999999912e-15	4.999999912e-15	1.155789738e-13	4.999999912e-15	4.999999912e-15	4.270455083e-12	6.65620174e-14	7.953225752e-12	4.999999912e-15	5.304627722e-13	4.999999912e-15	4.999999912e-15	8.577372753e-14	8.040299329e-12	4.999999912e-15	1.302722687e-12	1.792675573e-13	1.969361563e-09	4.999999912e-15	9.730713143e-14	7.350753849e-14	1.738786545e-11	4.999999912e-15	1.899088661e-13	4.999999912e-15	4.999999912e-15	2.531895321e-14	1.007161883e-13	1	1	1	1	1	1	1	0	0	0	0	0	0	0	0	0	0
3290.577	1748437811.988	05/28/2025_15:10:11.988	1	3	4.413641e-05	6.826030585e-06	0.0120000001	4.999999912e-15	6.500243052e-13	4.999999912e-15	4.999999912e-15	8.294414282e-14	1.367401472e-13	4.999999912e-15	4.714918099e-14	1.430165936e-13	2.1406115e-14	4.999999912e-15	5.912861211e-14	1.213835076e-13	4.858680298e-12	4.999999912e-15	2.714168517e-12	5.381948684e-13	2.726403088e-12	3.303933299e-12	3.620112821e-10	4.999999912e-15	4.999999912e-15	1.300972676e-13	5.511423837e-14	4.999999912e-15	8.773540163e-15	1.807231665e-13	4.17065861e-12	4.999999912e-15	8.097702196e-12	1.4484857e-13	2.820545989e-13	4.999999912e-15	1.916193441e-13	4.999999912e-15	7.90380001e-12	9.748833549e-14	1.496247787e-12	4.909939642e-13	2.017506162e-09	1.452945837e-13	2.432133135e-14	4.999999912e-15	1.744960079e-11	3.004220137e-13	4.999999912e-15	4.999999912e-15	1.869040404e-13	6.876634272e-14	4.999999912e-15	1	1	1	1	1	1	1	0	0	0	0	0	0	0	0	0	0
3299.596	1748437821.007	05/28/2025_15:10:21.007	1	3	4.404853098e-05	6.779103387e-06	0.01000000071	1.85002404e-13	3.130326944e-13	4.999999912e-15	2.143137555e-13	3.46539949e-14	4.999999912e-15	7.126140362e-14	1.051447544e-13	4.999999912e-15	4.999999912e-15	2.138518041e-13	4.999999912e-15	4.999999912e-15	4.952661545e-12	1.158019806e-13	2.480595156e-12	3.539093931e-13	3.074676798e-12	3.278454981e-12	3.675542926e-10	4.999999912e-15	1.406211031e-13	4.999999912e-15	4.999999912e-15	2.073107717e-14	7.10861559e-14	4.999999912e-15	4.122512227e-12	2.043574728e-13	8.142666229e-12	4.999999912e-15	2.296066982e-13	1.382634513e-13	4.999999912e-15	4.999999912e-15	8.178907204e-12	4.999999912e-15	1.270575767e-12	3.542598073e-13	2.007964017e-09	4.999999912e-15	4.999999912e-15	9.67973599e-14	1.746695844e-11	4.999999912e-15	8.035749393e-14	1.46499322e-13	4.999999912e-15	4.999999912e-15	6.465039956e-14	1	1	1	1	1	1	1	0	0	0	0	0	0	0	0	0	0
3308.615	1748437830.026	05/28/2025_15:10:30.026	1	3	4.389488458e-05	6.722180842e-06	0.01400000043	4.999999912e-15	3.813151509e-13	1.998393042e-13	4.999999912e-15	4.999999912e-15	8.303972879e-14	1.003716899e-13	4.999999912e-15	4.999999912e-15	1.339523382e-13	4.999999912e-15	4.999999912e-15	5.06538103e-14	5.16898243e-12	4.999999912e-15	2.420640077e-12	5.975026788e-13	2.973940755e-12	2.962917238e-12	3.680835636e-10	9.414301614e-14	4.999999912e-15	4.999999912e-15	1.381738419e-13	5.157400657e-15	4.999999912e-15	3.432544098e-14	4.385173214e-12	4.999999912e-15	8.104105928e-12	1.145016699e-13	4.558839742e-13	4.999999912e-15	4.999999912e-15	1.614796079e-13	7.963379088e-12	4.999999912e-15	1.485861347e-12	5.037539396e-13	1.985658526e-09	4.999999912e-15	1.978480314e-13	4.999999912e-15	1.73904207e-11	1.515551465e-13	1.46568982e-13	4.999999912e-15	4.999999912e-15	1.601892447e-13	4.999999912e-15	1	1	1	1	1	1	1	0	0	0	0	0	0	0	0	0	0
3317.634	1748437839.045	05/28/2025_15:10:39.045	1	3	4.392532719e-05	6.857506378e-06	0.0120000001	1.057859516e-13	5.679503092e-13	4.999999912e-15	4.999999912e-15	1.413738104e-13	5.590876205e-14	4.999999912e-15	1.329467677e-13	1.26749956e-13	4.999999912e-15	4.999999912e-15	1.917766889e-13	5.01579911e-14	4.72507233e-12	3.660145917e-14	2.7669748e-12	4.445556607e-13	2.812965139e-12	3.408257183e-12	3.648510383e-10	4.999999912e-15	4.999999912e-15	1.680726684e-13	4.999999912e-15	4.999999912e-15	4.18902448e-14	4.756137433e-14	4.045892094e-12	4.999999912e-15	8.348870206e-12	2.999045511e-14	2.257077988e-13	4.999999912e-15	1.574472974e-13	4.999999912e-15	7.883917477e-12	8.080751915e-14	1.447021756e-12	2.116733709e-13	2.008809341e-09	2.577592003e-13	4.999999912e-15	4.999999912e-15	1.77853756e-11	1.176697899e-13	4.999999912e-15	4.999999912e-15	1.120783357e-13	4.999999912e-15	4.999999912e-15	1	1	1	1	1	1	1	0	0	0	0	0	0	0	0	0	0
3326.653	1748437848.064	05/28/2025_15:10:48.064	1	3	4.383941268e-05	6.675967143e-06	0.01400000043	1.264214021e-13	3.405380361e-13	4.999999912e-15	1.651315667e-13	4.999999912e-15	4.999999912e-15	8.313929243e-14	7.566806882e-14	4.999999912e-15	4.999999912e-15	1.864779083e-13	4.999999912e-15	2.982119759e-14	5.100598763e-12	1.588391555e-13	2.396717156e-12	3.745009945e-13	3.022866029e-12	3.225624412e-12	3.621116462e-10	7.710177711e-14	1.934075052e-13	4.999999912e-15	4.999999912e-15	7.245017032e-14	5.639287865e-15	4.999999912e-15	4.220874084e-12	2.040647789e-13	8.123911266e-12	4.999999912e-15	4.849445498e-13	1.004234537e-13	6.642860632e-14	4.999999912e-15	7.925389511e-12	4.999999912e-15	1.289781433e-12	4.673258308e-13	1.999608479e-09	4.999999912e-15	4.999999912e-15	1.079265393e-13	1.767080926e-11	1.024309489e-14	3.48391834e-14	1.780508656e-13	4.999999912e-15	4.999999912e-15	8.659612198e-14	1	1	1	1	1	1	1	0	0	0	0	0	0	0	0	0	0
3335.672	1748437857.083	05/28/2025_15:10:57.083	1	3	4.388735033e-05	6.79211189e-06	0.0120000001	4.999999912e-15	5.525181007e-13	1.621824962e-13	4.999999912e-15	8.127346181e-14	1.324569252e-13	2.722260216e-14	4.999999912e-15	4.999999912e-15	1.839111545e-13	4.999999912e-15	4.999999912e-15	4.999999912e-15	5.032225071e-12	4.999999912e-15	2.470997365e-12	4.969538236e-13	2.920545099e-12	3.107962672e-12	3.632345258e-10	1.300833356e-13	4.999999912e-15	4.999999912e-15	9.812752011e-14	4.999999912e-15	4.999999912e-15	4.934952186e-14	4.259534132e-12	4.999999912e-15	8.124514082e-12	1.64046321e-13	3.821933276e-13	4.999999912e-15	1.333154642e-14	1.596336995e-13	7.936746746e-12	4.999999912e-15	1.602631114e-12	4.428710274e-13	2.007016775e-09	4.999999912e-15	1.114928869e-13	4.999999912e-15	1.752251469e-11	1.774754389e-13	1.319152849e-13	4.999999912e-15	4.999999912e-15	1.438150814e-13	1.462188254e-14	1	1	1	1	1	1	1	0	0	0	0	0	0	0	0	0	0
3344.691	1748437866.102	05/28/2025_15:11:06.102	1	3	4.398314195e-05	6.852252227e-06	0.0120000001	1.918105431e-13	5.651804979e-13	4.999999912e-15	4.999999912e-15	2.294215165e-13	4.999999912e-15	4.999999912e-15	5.396726767e-14	1.405633422e-13	4.999999912e-15	4.999999912e-15	1.230720983e-13	4.999999912e-15	4.848915106e-12	8.260961224e-14	2.692105219e-12	4.173012305e-13	2.885656341e-12	3.552060555e-12	3.667092185e-10	4.999999912e-15	2.991279913e-14	1.895803122e-13	4.999999912e-15	4.999999912e-15	1.269112311e-13	1.08926167e-13	4.072210017e-12	4.999999912e-15	8.391149754e-12	4.999999912e-15	2.011774536e-13	6.370055714e-14	1.539765223e-13	4.999999912e-15	7.823974975e-12	1.943593398e-13	1.400300557e-12	3.099800961e-13	2.008496702e-09	1.945027256e-13	4.999999912e-15	4.999999912e-15	1.774322529e-11	1.716748488e-13	4.999999912e-15	4.999999912e-15	9.21358191e-14	4.999999912e-15	4.999999912e-15	1	1	1	1	1	1	1	0	0	0	0	0	0	0	0	0	0
3353.71	1748437875.121	05/28/2025_15:11:15.121	1	3	4.388951129e-05	6.841757568e-06	0.01400000043	2.385338292e-14	2.948405138e-13	2.8266018e-14	1.234165764e-13	4.999999912e-15	4.999999912e-15	1.229546114e-13	1.231457698e-13	4.999999912e-15	4.999999912e-15	1.357942757e-13	4.999999912e-15	4.999999912e-15	4.929897636e-12	1.056385882e-13	2.378578888e-12	4.037546664e-13	3.422256185e-12	3.221026961e-12	3.664893389e-10	7.331638009e-14	1.46531184e-13	4.999999912e-15	4.999999912e-15	1.080440126e-13	1.013056013e-13	4.999999912e-15	4.211019554e-12	8.774906257e-14	8.051626206e-12	4.999999912e-15	5.004823053e-13	7.909902659e-14	4.999999912e-15	1.61113527e-14	8.156175388e-12	4.999999912e-15	1.275147739e-12	3.75972555e-13	2.000452026e-09	4.999999912e-15	4.999999912e-15	3.841924879e-13	1.781068348e-11	4.999999912e-15	1.441575944e-13	1.439026985e-13	4.999999912e-15	4.999999912e-15	8.317711754e-14	1	1	1	1	1	1	1	0	0	0	0	0	0	0	0	0	0
3362.729	1748437884.140	05/28/2025_15:11:24.140	1	3	4.393274867e-05	6.766127626e-06	0.01400000043	4.999999912e-15	4.859699882e-13	1.891920323e-13	4.999999912e-15	4.999999912e-15	1.120265379e-13	1.531485035e-14	4.999999912e-15	3.95286153e-14	1.609797907e-13	4.999999912e-15	4.999999912e-15	1.523934516e-13	5.119466483e-12	4.999999912e-15	2.625527183e-12	6.842043208e-13	2.93465122e-12	3.27616081e-12	3.674892612e-10	1.005568716e-13	4.999999912e-15	1.155533866e-14	1.535244913e-13	4.999999912e-15	4.999999912e-15	6.16077488e-14	4.364872613e-12	4.999999912e-15	8.16724726e-12	1.459258333e-13	3.632603116e-13	4.999999912e-15	4.478555927e-14	1.830748552e-13	7.912143163e-12	4.999999912e-15	1.593686229e-12	3.935594526e-13	1.997241705e-09	4.999999912e-15	2.245090507e-13	4.999999912e-15	1.740941939e-11	2.535496769e-13	1.548307652e-13	4.999999912e-15	4.999999912e-15	1.727202908e-13	4.999999912e-15	1	1	1	1	1	1	1	0	0	0	0	0	0	0	0	0	0
3371.748	1748437893.159	05/28/2025_15:11:33.159	1	3	4.392599658e-05	6.737660442e-06	0.0120000001	2.99876416e-13	5.529421864e-13	4.999999912e-15	4.999999912e-15	1.714000849e-13	4.999999912e-15	4.999999912e-15	1.589905101e-13	1.224309011e-13	4.999999912e-15	5.344594938e-15	1.989432517e-13	5.025157468e-14	4.914654187e-12	2.819709798e-13	2.75870494e-12	3.286939948e-13	2.937058582e-12	3.437710403e-12	3.652453617e-10	4.999999912e-15	4.319453662e-14	1.186395275e-13	4.999999912e-15	4.999999912e-15	7.70300978e-14	4.410255594e-14	4.001349599e-12	3.190008411e-14	8.372859697e-12	4.999999912e-15	2.250208077e-13	7.4513136e-14	4.999999912e-15	4.999999912e-15	7.766893899e-12	1.65394418e-13	1.5731226e-12	1.919817793e-13	1.999574284e-09	1.96697083e-13	4.999999912e-15	4.999999912e-15	1.785215031e-11	1.522839336e-13	4.999999912e-15	4.999999912e-15	2.166256676e-13	4.999999912e-15	4.999999912e-15	1	1	1	1	1	1	1	0	0	0	0	0	0	0	0	0	0
3380.767	1748437902.178	05/28/2025_15:11:42.178	1	3	4.400821854e-05	6.826030585e-06	0.0120000001	6.767912511e-14	2.343558832e-13	3.078497879e-14	1.81802422e-13	4.999999912e-15	4.999999912e-15	3.334973357e-14	1.196272221e-13	4.999999912e-15	4.999999912e-15	1.370547556e-13	4.999999912e-15	4.999999912e-15	5.049407073e-12	1.805758098e-13	2.361838156e-12	4.658681752e-13	3.252315518e-12	3.394794428e-12	3.674937576e-10	2.600595114e-14	1.78345606e-13	4.999999912e-15	4.999999912e-15	1.23928347e-13	6.524181152e-14	4.999999912e-15	4.291054491e-12	2.432767529e-13	8.119379301e-12	4.999999912e-15	4.060825027e-13	1.440002902e-13	4.999999912e-15	4.999999912e-15	7.93047919e-12	4.999999912e-15	1.229016129e-12	5.085767961e-13	2.000101196e-09	4.999999912e-15	4.999999912e-15	1.286118022e-13	1.754001631e-11	4.999999912e-15	3.32063546e-14	9.184511062e-14	4.999999912e-15	4.999999912e-15	3.861697745e-13	1	1	1	1	1	1	1	0	0	0	0	0	0	0	0	0	0
3389.786	1748437911.197	05/28/2025_15:11:51.197	1	3	4.382194311e-05	6.747996395e-06	0.0120000001	4.999999912e-15	6.303664188e-13	1.666250146e-13	4.999999912e-15	4.999999912e-15	1.137211121e-13	7.3242695e-14	4.999999912e-15	2.062555042e-14	1.282493941e-13	4.999999912e-15	4.999999912e-15	2.078484683e-14	5.04330952e-12	4.999999912e-15	2.313048407e-12	5.820026535e-13	3.063197265e-12	3.032309213e-12	3.632548706e-10	9.208802612e-14	4.999999912e-15	4.999999912e-15	1.303362258e-13	5.124323004e-14	4.999999912e-15	2.903665535e-14	4.341875817e-12	4.999999912e-15	7.91288042e-12	2.382627244e-13	4.2593541e-13	4.999999912e-15	4.999999912e-15	6.597858111e-14	7.943434972e-12	4.999999912e-15	1.539848544e-12	5.265021275e-13	1.991215637e-09	4.999999912e-15	1.302406398e-13	4.999999912e-15	1.711503855e-11	1.254456744e-13	1.56843966e-13	4.999999912e-15	4.999999912e-15	1.371861609e-13	3.920005461e-14	1	1	1	1	1	1	1	0	0	0	0	0	0	0	0	0	0
3398.805	1748437920.216	05/28/2025_15:12:00.216	1	3	4.398129386e-05	6.868032415e-06	0.01400000043	1.760994508e-13	6.282120006e-13	4.999999912e-15	4.999999912e-15	2.449015925e-13	2.122690993e-14	4.999999912e-15	5.450491675e-14	1.377556923e-13	4.999999912e-15	4.999999912e-15	2.108908209e-13	6.471610221e-14	4.829173953e-12	3.196379793e-14	2.82326983e-12	4.251348622e-13	2.954884601e-12	3.51919275e-12	3.672087912e-10	4.999999912e-15	4.999999912e-15	1.647412946e-13	2.845918217e-14	4.999999912e-15	4.999999912e-15	1.068671857e-13	4.042400963e-12	4.999999912e-15	8.287425433e-12	4.999999912e-15	2.132803482e-13	3.169299133e-14	1.237690506e-13	4.999999912e-15	7.831220047e-12	2.032284389e-13	1.475932766e-12	2.358373913e-13	1.994165499e-09	7.800183432e-14	4.999999912e-15	3.822434719e-14	1.767330379e-11	2.395012899e-13	4.999999912e-15	5.376450153e-15	1.566328718e-13	4.999999912e-15	4.999999912e-15	1	1	1	1	1	1	1	0	0	0	0	0	0	0	0	0	0
3407.824	1748437929.235	05/28/2025_15:12:09.235	1	3	4.390096001e-05	6.799924449e-06	0.01400000043	5.253755059e-14	3.121506146e-13	1.314237347e-14	1.597153399e-13	4.999999912e-15	4.999999912e-15	2.379962682e-14	6.118760013e-14	4.999999912e-15	4.999999912e-15	1.370786487e-13	4.999999912e-15	4.999999912e-15	5.075620913e-12	9.051493008e-14	2.490800318e-12	4.636140647e-13	3.246397725e-12	3.223952138e-12	3.651560165e-10	1.142192081e-14	1.668042603e-13	4.999999912e-15	4.999999912e-15	6.241421225e-14	4.999999912e-15	4.999999912e-15	4.292767097e-12	1.65577594e-13	8.02300934e-12	4.999999912e-15	3.207210159e-13	3.056992051e-14	4.999999912e-15	4.999999912e-15	8.057610135e-12	2.293940726e-14	1.279761453e-12	4.317379516e-13	2.004517663e-09	4.999999912e-15	4.999999912e-15	1.084363041e-13	1.745052887e-11	4.999999912e-15	6.220710253e-14	4.931966565e-14	4.999999912e-15	4.999999912e-15	3.058585828e-14	1	1	1	1	1	1	1	0	0	0	0	0	0	0	0	0	0
3416.843	1748437938.254	05/28/2025_15:12:18.254	1	3	4.391811308e-05	6.797319202e-06	0.01600000076	4.999999912e-15	5.021012902e-13	1.564496552e-13	4.999999912e-15	4.999999912e-15	1.410930292e-13	6.499488447e-14	4.999999912e-15	4.999999912e-15	1.344820251e-13	4.999999912e-15	4.999999912e-15	8.952726256e-14	5.167935524e-12	4.999999912e-15	2.48520887e-12	6.87686995e-13	2.969962384e-12	3.073396355e-12	3.658435499e-10	9.996147519e-14	4.999999912e-15	4.999999912e-15	1.125144221e-13	4.999999912e-15	4.999999912e-15	4.528934736e-14	4.297227504e-12	4.999999912e-15	7.993937109e-12	1.011084527e-13	3.369378344e-13	4.999999912e-15	4.999999912e-15	1.495041477e-13	7.823421598e-12	4.999999912e-15	1.742961353e-12	3.786269258e-13	2.022168433e-09	2.313055211e-14	1.336377298e-13	4.999999912e-15	1.739986974e-11	2.18577096e-13	1.688432787e-13	4.999999912e-15	4.999999912e-15	1.200174942e-13	4.999999912e-15	1	1	1	1	1	1	1	0	0	0	0	0	0	0	0	0	0
3425.862	1748437947.273	05/28/2025_15:12:27.273	1	3	4.386156434e-05	6.846995802e-06	0.01400000043	1.850382505e-13	5.372052087e-13	4.999999912e-15	1.477720805e-14	3.09563898e-13	4.999999912e-15	4.999999912e-15	1.142448359e-13	1.368177761e-13	4.999999912e-15	4.999999912e-15	1.442731026e-13	4.999999912e-15	4.759194341e-12	8.106239475e-14	2.703668669e-12	4.110547081e-13	3.113932506e-12	3.404896374e-12	3.645809765e-10	4.999999912e-15	3.306497464e-14	1.542931229e-13	4.999999912e-15	4.999999912e-15	9.911121674e-14	4.999999912e-15	4.028464194e-12	1.696657002e-13	8.339886073e-12	4.999999912e-15	2.416698027e-13	6.662972583e-14	9.904749276e-14	4.999999912e-15	7.941059268e-12	1.430464633e-13	1.444727801e-12	1.689329151e-13	1.994840071e-09	1.277057615e-13	4.999999912e-15	4.999999912e-15	1.765258079e-11	1.504061768e-13	4.999999912e-15	4.999999912e-15	1.725649652e-13	4.999999912e-15	4.999999912e-15	1	1	1	1	1	1	1	0	0	0	0	0	0	0	0	0	0
3434.881	1748437956.292	05/28/2025_15:12:36.292	1	3	4.385003558e-05	6.747996395e-06	0.0120000001	4.999999912e-15	3.362010106e-13	1.76943963e-14	7.093282938e-14	4.999999912e-15	4.999999912e-15	9.525812485e-14	4.999999912e-15	4.999999912e-15	2.546830205e-14	4.999999912e-15	4.999999912e-15	4.999999912e-15	5.066902193e-12	6.417845313e-14	2.362065404e-12	4.690740526e-13	3.20773139e-12	3.083954099e-12	3.643452207e-10	1.097189559e-14	5.853920593e-14	4.999999912e-15	4.999999912e-15	1.009451718e-13	4.999999912e-15	4.999999912e-15	4.4260021e-12	1.704322854e-13	7.971853212e-12	4.999999912e-15	4.682935355e-13	1.718464509e-14	4.999999912e-15	5.801351695e-14	8.002487561e-12	4.999999912e-15	1.366098857e-12	2.874549557e-13	1.979181485e-09	4.999999912e-15	4.999999912e-15	1.462504027e-13	1.725324571e-11	4.999999912e-15	5.09086859e-14	2.48788891e-14	4.999999912e-15	4.999999912e-15	1.347647986e-13	1	1	1	1	1	1	1	0	0	0	0	0	0	0	0	0	0
3443.9	1748437965.311	05/28/2025_15:12:45.311	1	3	4.396636359e-05	6.704166481e-06	0.01400000043	4.999999912e-15	6.058799838e-13	1.134483132e-13	4.999999912e-15	1.770834185e-14	1.090834644e-13	8.54909676e-14	4.999999912e-15	5.410864085e-14	7.459477643e-14	4.999999912e-15	4.999999912e-15	1.523815118e-13	4.921777395e-12	4.999999912e-15	2.650637088e-12	8.087021179e-13	3.049208455e-12	3.079507786e-12	3.628214673e-10	1.675254309e-14	4.999999912e-15	1.695962571e-14	1.355433642e-13	4.999999912e-15	4.999999912e-15	1.042247885e-13	4.342669887e-12	4.999999912e-15	8.067256932e-12	1.872525166e-13	2.5949555e-13	4.999999912e-15	8.574586353e-14	1.085099756e-13	7.768137696e-12	4.999999912e-15	1.588242125e-12	3.822689235e-13	1.993855747e-09	4.999999912e-15	1.457386458e-13	4.999999912e-15	1.736354463e-11	2.533465516e-13	8.310145378e-14	4.999999912e-15	4.999999912e-15	1.799406029e-13	4.999999912e-15	1	1	1	1	1	1	1	0	0	0	0	0	0	0	0	0	0
3452.919	1748437974.330	05/28/2025_15:12:54.330	1	3	4.396343502e-05	6.758346899e-06	0.01400000043	1.564894861e-13	6.012900681e-13	4.999999912e-15	5.831221465e-14	1.358440541e-13	4.999999912e-15	4.999999912e-15	1.159791935e-13	7.873460591e-14	4.999999912e-15	4.999999912e-15	3.528599667e-13	4.999999912e-15	4.889437379e-12	1.267639151e-13	2.7920151e-12	3.315773762e-13	3.16597421e-12	3.434237486e-12	3.646546121e-10	4.999999912e-15	9.834457061e-14	1.618738509e-13	4.999999912e-15	4.999999912e-15	1.213157992e-13	4.330604343e-14	4.04847076e-12	4.999999912e-15	8.282615045e-12	4.999999912e-15	3.408008738e-13	5.638465904e-14	1.205511385e-13	4.999999912e-15	7.853903292e-12	2.021451854e-13	1.312266918e-12	2.500311156e-13	2.019153511e-09	1.825352478e-13	4.999999912e-15	4.999999912e-15	1.776939533e-11	1.399381099e-13	4.999999912e-15	1.185121066e-13	1.580665666e-13	4.999999912e-15	4.999999912e-15	1	1	1	1	1	1	1	0	0	0	0	0	0	0	0	0	0
3461.938	1748437983.349	05/28/2025_15:13:03.349	1	3	4.400352555e-05	6.797319202e-06	0.0120000001	4.999999912e-15	3.178774247e-13	3.419400857e-14	1.857212572e-13	4.999999912e-15	4.999999912e-15	1.389663395e-13	4.999999912e-15	4.999999912e-15	4.999999912e-15	1.312561713e-13	4.999999912e-15	4.999999912e-15	5.156872325e-12	1.327695549e-13	2.322586568e-12	6.613305823e-13	3.352659513e-12	3.141776769e-12	3.639951951e-10	3.940316633e-14	1.245655326e-13	4.999999912e-15	4.999999912e-15	1.081097221e-13	4.999999912e-15	4.999999912e-15	4.213969017e-12	1.336775742e-13	7.951236024e-12	4.999999912e-15	5.00564e-13	4.999999912e-15	4.999999912e-15	4.999999912e-15	7.970464566e-12	4.999999912e-15	1.225718637e-12	4.198939102e-13	1.986349307e-09	4.999999912e-15	4.999999912e-15	1.968404823e-13	1.745791359e-11	4.999999912e-15	7.844787509e-14	6.718527779e-14	4.999999912e-15	4.999999912e-15	1.298702628e-13	1	1	1	1	1	1	1	0	0	0	0	0	0	0	0	0	0
3470.957	1748437992.368	05/28/2025_15:13:12.368	1	3	4.387137596e-05	6.724764262e-06	0.0120000001	4.999999912e-15	5.897387613e-13	8.003888757e-14	4.999999912e-15	4.999999912e-15	3.995872508e-14	4.999999912e-15	4.999999912e-15	2.877578953e-14	1.10417609e-13	4.999999912e-15	4.999999912e-15	1.639427797e-13	5.154145773e-12	4.999999912e-15	2.772673584e-12	6.267603081e-13	3.081017212e-12	3.095337788e-12	3.630948597e-10	1.05319975e-13	4.999999912e-15	4.999999912e-15	8.362316509e-14	4.999999912e-15	4.999999912e-15	5.267095489e-14	4.311490834e-12	4.999999912e-15	8.073944291e-12	7.589705909e-14	3.9352755e-13	4.999999912e-15	4.999999912e-15	1.966313668e-13	8.006527732e-12	4.999999912e-15	1.579874794e-12	4.335440427e-13	2.007661815e-09	4.999999912e-15	1.425805275e-13	4.999999912e-15	1.72710353e-11	1.882840129e-13	1.277814389e-13	4.999999912e-15	4.999999912e-15	1.569335211e-13	4.999999912e-15	1	1	1	1	1	1	1	0	0	0	0	0	0	0	0	0	0
3479.976	1748438001.387	05/28/2025_15:13:21.387	1	3	4.381293547e-05	6.820809631e-06	0.0120000001	1.41104969e-13	7.19606937e-13	4.999999912e-15	3.037477428e-14	2.072946036e-13	4.999999912e-15	4.999999912e-15	1.071419971e-13	1.777760881e-13	4.999999912e-15	4.999999912e-15	1.386198692e-13	9.426673716e-15	4.677379577e-12	2.501625209e-13	2.794965865e-12	4.351748725e-13	3.112230092e-12	3.353985492e-12	3.637588009e-10	4.999999912e-15	4.999999912e-15	2.330695045e-13	4.999999912e-15	4.999999912e-15	3.770262572e-14	1.260828871e-13	4.003217029e-12	4.999999912e-15	8.335124257e-12	2.207517955e-14	2.786455691e-13	2.629666301e-14	1.886563551e-13	4.999999912e-15	7.754423839e-12	1.257961427e-13	1.474503137e-12	1.964461851e-13	1.993728738e-09	7.33542052e-14	4.999999912e-15	4.999999912e-15	1.748445659e-11	1.835587346e-13	4.999999912e-15	4.999999912e-15	1.185479395e-13	4.999999912e-15	4.999999912e-15	1	1	1	1	1	1	1	0	0	0	0	0	0	0	0	0	0
3488.995	1748438010.406	05/28/2025_15:13:30.406	1	3	4.394666757e-05	6.78430888e-06	0.01400000043	1.082829844e-13	2.909535677e-13	4.999999912e-15	1.772603603e-13	4.999999912e-15	4.999999912e-15	6.783641574e-14	1.924577034e-13	4.999999912e-15	4.999999912e-15	1.251688911e-13	4.999999912e-15	4.999999912e-15	4.94756406e-12	1.693430823e-13	2.402617385e-12	4.71409912e-13	3.351319005e-12	3.324954895e-12	3.630699075e-10	4.999999912e-15	1.2860981e-13	4.999999912e-15	4.999999912e-15	1.306329177e-13	1.186375623e-13	4.999999912e-15	4.016162836e-12	2.153970632e-13	8.077608027e-12	4.999999912e-15	4.212459645e-13	1.068174141e-13	4.999999912e-15	4.999999912e-15	8.063334722e-12	4.999999912e-15	1.231531045e-12	3.903574241e-13	2.013923917e-09	4.999999912e-15	4.999999912e-15	6.374238702e-14	1.764010292e-11	4.999999912e-15	4.999999912e-15	8.837033752e-14	4.999999912e-15	4.999999912e-15	3.870025773e-14	1	1	1	1	1	1	1	0	0	0	0	0	0	0	0	0	0
3498.014	1748438019.425	05/28/2025_15:13:39.425	1	3	4.386220462e-05	6.76872105e-06	0.01000000071	4.999999912e-15	5.54328122e-13	1.798430111e-13	4.999999912e-15	4.999999912e-15	1.391734492e-13	1.315429428e-13	4.999999912e-15	4.999999912e-15	1.694406605e-13	4.999999912e-15	4.999999912e-15	8.164982227e-14	5.102502622e-12	4.999999912e-15	2.568929661e-12	6.73899467e-13	3.245736362e-12	3.090641024e-12	3.655089287e-10	9.27053234e-14	4.999999912e-15	4.999999912e-15	4.999999912e-15	1.056883463e-13	4.999999912e-15	2.788569343e-14	4.431590078e-12	4.999999912e-15	8.00963549e-12	9.233893083e-14	4.788831007e-13	4.999999912e-15	4.999999912e-15	1.677520427e-13	7.938316671e-12	4.999999912e-15	1.41657725e-12	5.044031599e-13	1.976242059e-09	4.999999912e-15	1.147844298e-13	9.550127074e-15	1.725905703e-11	4.999999912e-15	1.701893834e-13	4.999999912e-15	4.999999912e-15	7.785844858e-14	1.179545556e-13	1	1	1	1	1	1	1	0	0	0	0	0	0	0	0	0	0
3507.033	1748438028.444	05/28/2025_15:13:48.444	1	3	4.398429883e-05	6.750582088e-06	0.01400000043	1.363378811e-13	7.242227651e-13	4.999999912e-15	4.999999912e-15	1.307145717e-13	5.791395331e-14	4.999999912e-15	2.692988112e-14	1.890984385e-13	1.490023247e-13	4.999999912e-15	1.608224865e-13	1.549124056e-13	4.852160774e-12	5.87027375e-15	2.747808925e-12	6.099401583e-13	3.0392184e-12	3.365451147e-12	3.667040838e-10	4.999999912e-15	4.999999912e-15	1.591975927e-13	1.112161172e-13	4.999999912e-15	4.999999912e-15	1.407823917e-13	4.097487974e-12	2.818836202e-14	8.256872616e-12	1.338209464e-13	2.148733665e-13	4.999999912e-15	4.999999912e-15	6.422226845e-14	7.729187082e-12	1.312083986e-13	1.645652364e-12	3.144365465e-13	1.986857345e-09	1.378512511e-13	6.288414613e-14	4.999999912e-15	1.751852656e-11	3.368661144e-13	4.999999912e-15	9.227520007e-14	1.004792088e-13	4.999999912e-15	4.999999912e-15	1	1	1	1	1	1	1	0	0	0	0	0	0	0	0	0	0
3516.052	1748438037.463	05/28/2025_15:13:57.463	1	3	4.377832011e-05	6.799924449e-06	0.01400000043	2.420540981e-13	3.569261314e-13	4.999999912e-15	1.237570701e-13	4.999999912e-15	4.999999912e-15	4.999999912e-15	1.347807228e-13	4.999999912e-15	4.999999912e-15	6.811319222e-14	1.238048834e-13	4.999999912e-15	4.976132787e-12	4.57620324e-13	2.620387848e-12	3.534533777e-13	3.255856088e-12	3.483751915e-12	3.652457781e-10	4.999999912e-15	1.03637361e-13	1.224189478e-13	4.999999912e-15	5.188042243e-14	1.037170228e-13	4.999999912e-15	4.152115717e-12	1.383331383e-13	8.179773699e-12	4.999999912e-15	3.361692164e-13	1.475088769e-13	4.999999912e-15	4.999999912e-15	8.063499521e-12	1.232313947e-13	1.262250287e-12	3.317087815e-13	1.986874887e-09	4.999999912e-15	4.999999912e-15	6.757157903e-14	1.779898277e-11	2.612143222e-14	4.999999912e-15	4.999999912e-15	4.999999912e-15	4.999999912e-15	4.999999912e-15	1	1	1	1	1	1	1	0	0	0	0	0	0	0	0	0	0
3525.071	1748438046.482	05/28/2025_15:14:06.482	1	3	4.376392462e-05	6.753169146e-06	0.0120000001	4.999999912e-15	4.455254525e-13	1.773419871e-13	4.999999912e-15	4.999999912e-15	8.760766906e-14	1.384406641e-13	4.999999912e-15	4.999999912e-15	1.667962643e-13	2.914417432e-14	4.999999912e-15	5.136667323e-14	5.192061624e-12	4.999999912e-15	2.417211179e-12	6.303147023e-13	3.178638559e-12	3.072544172e-12	3.656352165e-10	8.515443125e-14	2.317037621e-14	4.999999912e-15	4.999999912e-15	9.97942099e-14	4.999999912e-15	4.999999912e-15	4.355539367e-12	7.776286939e-14	8.079967251e-12	3.937129756e-14	5.244591653e-13	4.999999912e-15	4.999999912e-15	1.023908334e-13	7.973745796e-12	4.999999912e-15	1.300207771e-12	4.188584158e-13	1.986875553e-09	4.999999912e-15	2.399873377e-14	1.414036531e-13	1.739917932e-11	2.675465372e-14	1.805120859e-13	4.999999912e-15	4.999999912e-15	6.462053657e-14	2.228065416e-13	1	1	1	1	1	1	1	0	0	0	0	0	0	0	0	0	0
3534.09	1748438055.501	05/28/2025_15:14:15.501	1	3	4.374664059e-05	6.828654932e-06	0.0120000001	4.920216863e-14	7.764117582e-13	1.058496417e-13	4.999999912e-15	1.031574592e-13	2.424344091e-13	4.999999912e-15	4.999999912e-15	1.365151075e-13	8.937791371e-14	4.999999912e-15	4.999999912e-15	1.971929022e-13	4.956346097e-12	4.999999912e-15	2.740259842e-12	6.921733694e-13	3.109344813e-12	3.354764166e-12	3.628780609e-10	1.883937478e-14	4.999999912e-15	1.184025751e-13	1.68279751e-13	4.999999912e-15	4.999999912e-15	2.54684674e-13	4.300216433e-12	4.999999912e-15	8.168493659e-12	2.314267213e-13	4.075022654e-13	4.999999912e-15	1.732499506e-13	1.144041188e-13	7.688694299e-12	4.999999912e-15	1.698956405e-12	4.486178681e-13	2.002735977e-09	1.090515888e-13	1.202345244e-13	4.999999912e-15	1.771200027e-11	2.389138692e-13	4.999867775e-14	4.999999912e-15	8.641491114e-14	9.538356704e-14	4.999999912e-15	1	1	1	1	1	1	1	0	0	0	0	0	0	0	0	0	0
3543.109	1748438064.520	05/28/2025_15:14:24.520	1	3	4.388403249e-05	6.823423064e-06	0.0120000001	1.887280479e-13	4.70420198e-13	5.799396879e-13	1.004592934e-13	2.214325728e-13	4.999999912e-15	4.999999912e-15	1.93299993e-13	4.816074839e-14	4.999999912e-15	4.999999912e-15	2.074300204e-13	4.999999912e-15	4.847839578e-12	8.787449799e-14	2.61837275e-12	4.513678656e-13	3.113592283e-12	3.369795979e-12	3.625229839e-10	4.999999912e-15	8.969053663e-14	1.87549222e-13	4.999999912e-15	4.999999912e-15	1.789788207e-13	4.999999912e-15	4.142231263e-12	8.553278393e-14	8.383687841e-12	4.999999912e-15	2.494536153e-13	1.021956838e-13	4.346134862e-14	4.999999912e-15	8.034451576e-12	1.933796276e-13	1.34783493e-12	2.758816938e-13	1.995936305e-09	1.179983303e-13	4.999999912e-15	4.999999912e-15	1.781189259e-11	1.78341608e-13	4.999999912e-15	1.090137705e-13	1.513400679e-13	4.999999912e-15	4.999999912e-15	1	1	1	1	1	1	1	0	0	0	0	0	0	0	0	0	0
3552.128	1748438073.539	05/28/2025_15:14:33.539	1	3	4.385074863e-05	6.758346899e-06	0.01400000043	4.999999912e-15	3.476109645e-13	1.351988725e-13	1.594285955e-13	4.999999912e-15	4.999999912e-15	1.477518195e-13	2.384741303e-14	4.999999912e-15	1.129763939e-13	8.009663489e-14	4.999999912e-15	4.999999912e-15	5.117914773e-12	9.682325877e-14	2.511700483e-12	6.006767891e-13	3.341070259e-12	3.168117027e-12	3.648614744e-10	2.99199386e-13	6.840393459e-14	4.999999912e-15	4.999999912e-15	1.180580969e-13	4.999999912e-15	4.999999912e-15	4.214056621e-12	1.636819207e-13	8.046777654e-12	1.903650984e-14	5.332923773e-13	4.999999912e-15	4.999999912e-15	3.09681683e-14	8.181609903e-12	4.999999912e-15	1.264165855e-12	5.065775815e-13	2.002488841e-09	4.999999912e-15	4.999999912e-15	2.567137583e-13	1.749903694e-11	3.295943434e-14	1.075442158e-13	1.95366916e-13	4.999999912e-15	1.376364842e-14	1.372220209e-13	1	1	1	1	1	1	1	0	0	0	0	0	0	0	0	0	0
3561.147	1748438082.558	05/28/2025_15:14:42.558	1	3	4.388056914e-05	6.766127626e-06	0.01400000043	4.999999912e-15	7.229502912e-13	1.553285766e-13	4.999999912e-15	4.999999912e-15	2.606903408e-13	2.337946799e-14	4.999999912e-15	8.552283637e-14	1.717047321e-13	4.999999912e-15	4.999999912e-15	9.455519592e-14	4.950245075e-12	4.999999912e-15	2.67641226e-12	7.273470021e-13	3.07114425e-12	3.161882214e-12	3.634668122e-10	6.285428314e-14	4.999999912e-15	2.842930901e-14	1.534647382e-13	4.999999912e-15	4.999999912e-15	1.42600409e-13	4.346541356e-12	4.999999912e-15	8.314572121e-12	2.301204474e-13	1.191034982e-13	4.999999912e-15	6.995910741e-14	2.251980747e-13	7.914662849e-12	4.999999912e-15	1.648951917e-12	4.409714239e-13	1.997522148e-09	1.008475936e-13	9.699250951e-14	4.999999912e-15	1.738861832e-11	3.232478846e-13	1.813902354e-13	4.999999912e-15	1.856857157e-14	1.680089715e-13	4.999999912e-15	1	1	1	1	1	1	1	0	0	0	0	0	0	0	0	0	0
3570.166	1748438091.577	05/28/2025_15:14:51.577	1	3	4.377215009e-05	6.760936685e-06	0.01400000043	2.405626154e-13	4.620708655e-13	4.999999912e-15	3.296142317e-14	2.145965561e-13	4.999999912e-15	4.999999912e-15	1.276818684e-13	9.398967607e-14	4.999999912e-15	1.317622091e-14	1.458899868e-13	4.999999912e-15	4.921785202e-12	9.144086584e-14	2.715639996e-12	4.347507055e-13	3.120902191e-12	3.506665661e-12	3.631298318e-10	4.999999912e-15	4.422400692e-14	2.123345038e-13	4.999999912e-15	4.999999912e-15	1.24591445e-13	1.028786973e-13	4.143360134e-12	7.216543173e-14	8.34604174e-12	3.232421722e-14	2.960631686e-13	1.101746868e-13	9.89462215e-15	4.999999912e-15	7.981290108e-12	2.021869949e-13	1.323889999e-12	1.715852531e-13	2.000785537e-09	5.171116153e-14	4.999999912e-15	4.999999912e-15	1.741260261e-11	1.411746696e-13	4.999999912e-15	1.704383027e-13	1.62536949e-13	4.999999912e-15	4.999999912e-15	1	1	1	1	1	1	1	0	0	0	0	0	0	0	0	0	0
3579.185	1748438100.596	05/28/2025_15:15:00.596	1	3	4.371880641e-05	6.732499514e-06	0.0120000001	7.167159796e-14	3.857018329e-13	4.999999912e-15	9.655443085e-14	4.999999912e-15	4.999999912e-15	1.102861766e-13	3.966799626e-14	4.999999912e-15	4.2822164e-14	1.523894671e-13	4.999999912e-15	4.999999912e-15	5.141254176e-12	1.231258476e-13	2.396639527e-12	4.606531085e-13	3.349324073e-12	3.072108106e-12	3.620016231e-10	7.238844534e-14	5.058012521e-14	4.999999912e-15	4.999999912e-15	1.828956366e-13	4.999999912e-15	4.999999912e-15	4.303219239e-12	1.085975859e-13	7.975476182e-12	9.607881168e-15	5.053210996e-13	4.999999912e-15	4.999999912e-15	7.882421522e-14	8.049502905e-12	4.999999912e-15	1.325801556e-12	4.538986916e-13	1.986345977e-09	4.999999912e-15	4.999999912e-15	2.192322116e-13	1.703994931e-11	4.999999912e-15	1.265189667e-13	3.399687351e-14	4.999999912e-15	4.999999912e-15	1.290200043e-13	1	1	1	1	1	1	1	0	0	0	0	0	0	0	0	0	0
3588.204	1748438109.615	05/28/2025_15:15:09.615	1	3	4.381547478e-05	6.833889984e-06	0.01400000043	4.999999912e-15	6.375908915e-13	9.577583816e-14	4.999999912e-15	1.807948593e-13	1.558960751e-13	4.999999912e-15	4.999999912e-15	4.436937471e-14	1.579192235e-13	4.999999912e-15	4.999999912e-15	1.370188956e-13	5.082123524e-12	4.999999912e-15	2.629826478e-12	6.92008137e-13	2.966397744e-12	3.148622205e-12	3.627942946e-10	1.28034329e-13	4.999999912e-15	5.213165918e-15	1.459875515e-13	4.999999912e-15	4.999999912e-15	2.000065966e-13	4.344830485e-12	4.999999912e-15	8.003993301e-12	2.144870382e-13	3.999931896e-13	4.999999912e-15	7.288427809e-14	2.584700845e-13	7.71213822e-12	4.999999912e-15	1.584890747e-12	4.698945226e-13	1.996719456e-09	1.142590525e-14	1.977285794e-13	4.999999912e-15	1.734843692e-11	2.250487123e-13	1.369551987e-13	4.999999912e-15	4.999999912e-15	1.880589868e-13	4.999999912e-15	1	1	1	1	1	1	1	0	0	0	0	0	0	0	0	0	0
