PV MassSpec-24.10.00;;;;;;;;;;;;;;;;;;;;;;;;;;;;;;;;;;;;;;;;;
EXPORTED RUN DATA;;;;;;;;;;;;;;;;;;;;;;;;;;;;;;;;;;;;;;;;;
Run Path and Name: C:\Pfeiffer Vacuum\data\005-21-2025\1000ppm.isi;;;;;;;;;;;;;;;;;;;;;;;;;;;;;;;;;;;;;;;;;
05/21/2025 15:58:55;;;;;;;;;;;;;;;;;;;;;;;;;;;;;;;;;;;;;;;;;
SensorID:  RGA PrismaPro A 200 47505932;;;;;;;;;;;;;;;;;;;;;;;;;;;;;;;;;;;;;;;;;
39 Bins;;;;;;;;;;;;;;;;;;;;;;;;;;;;;;;;;;;;;;;;;
1141 TimePoints;;;;;;;;;;;;;;;;;;;;;;;;;;;;;;;;;;;;;;;;;
;;;;;;;;;;;;;;;;;;;;;;;;;;;;;;;;;;;;;;;;;
Time Relative (sec);Time Absolute (UTC);Time Absolute (Date_Time);Step;Ionizer_State;Pressure_(mBar);External_Pressure_(mBar);12_amu_(Methane_/_CH4);13_amu_(Methane_/_CH4);14_amu_(Nitrogen_/_N2);15_amu_(Methane_/_CH4);16_amu_(Oxygen_/_O2);17_amu_(Water_/_H2O);18_amu_(Water_/_H2O);22_amu_(Carbon_dioxide_/_CO2);28_amu_(Nitrogen_/_N2);29_amu_(Nitrogen_/_N2);32_amu_(Oxygen_/_O2);44_amu_(Carbon_dioxide_/_CO2);45_amu_(Carbon_dioxide_/_CO2);Periph:_Digital_In_0;Periph:_Digital_In_1;Periph:_Digital_In_13;Periph:_Digital_In_14;Periph:_Digital_In_15;Periph:_Digital_In_16;Periph:_Digital_In_17;Periph:_Digital_Out_2;Periph:_Digital_Out_3;Periph:_Digital_Out_4;Periph:_Digital_Out_5;Periph:_Digital_Out_6;Periph:_Digital_Out_7;Periph:_Digital_Out_8;Periph:_Digital_Out_9;Periph:_Digital_Out_10;Periph:_Digital_Out_11;;ch4;co2;n2;o2
3.563;1747835939.171;3:58:59 PM;1;3;4.135038762e-05;6.612297511e-06;9.297411067e-14;3.458208112e-13;4.92036023e-10;4.716207459e-12;1.743696298e-10;9.253224272e-13;2.68146204e-12;4.443904486e-14;2.906669572e-09;2.00872409e-11;6.70239142e-10;1.055111063e-13;4.999999912e-15;1;1;1;1;1;1;1;0;0;0;0;0;0;0;0;0;0;8.971838202e-09;0,14;0.001068486246;79.07085516;20.78751479
5.429;1747835941.037;3:59:01 PM;1;3;3.90031455e-05;6.722180842e-06;1.062896922e-13;3.063838788e-13;4.908821682e-10;4.65271181e-12;1.74504855e-10;7.949404481e-13;2.656397888e-12;3.970182337e-14;2.898394413e-09;2.014747917e-11;6.707052136e-10;1.378153776e-13;4.999999912e-15;1;1;1;1;1;1;1;0;0;0;0;0;0;0;0;0;0;1.155692937e-08;0.1388262664;0.002078610769;79.0130974;20.84599772
7.295;1747835942.903;3:59:02 PM;1;3;3.885741899e-05;6.683646461e-06;1.201692961e-13;3.565681821e-13;4.889131322e-10;4.582766892e-12;1.739678956e-10;6.824783794e-13;2.575190278e-12;8.411149652e-14;2.878557614e-09;1.996438431e-11;6.647654649e-10;2.102301758e-13;1.839579717e-14;1;1;1;1;1;1;1;0;0;0;0;0;0;0;0;0;0;5.918501243e-09;0.1378313383;0.00439233304;79.04140368;20.81637265
9.162;1747835944.770;3:59:04 PM;1;3;3.890719745e-05;6.650420346e-06;1.72382738e-13;4.980618782e-13;4.93208141e-10;4.743377132e-12;1.746787992e-10;7.318044825e-13;2.562894992e-12;2.877674837e-14;2.905427454e-09;2.015323672e-11;6.684420795e-10;2.666611235e-13;5.337682472e-14;1;1;1;1;1;1;1;0;0;0;0;0;0;0;0;0;0;7.055567166e-09;0.1419892908;0.006173431082;79.09993756;20.75189972
11.028;1747835946.636;3:59:06 PM;1;3;3.880643999e-05;6.561809187e-06;2.240814142e-13;4.871353429e-13;4.905292839e-10;4.628932654e-12;1.733812538e-10;7.570830356e-13;2.521502104e-12;4.999999912e-15;2.902126539e-09;2.001703664e-11;6.63580968e-10;2.276656782e-13;7.31834298e-14;1;1;1;1;1;1;1;0;0;0;0;0;0;0;0;0;0;8.7157467e-09;0.1388800977;0.005005399379;79.20284506;20.65326945
12.895;1747835948.503;3:59:08 PM;1;3;3.889875734e-05;6.647880127e-06;1.810860489e-13;5.203019005e-13;4.888494054e-10;4.728053886e-12;1.739986349e-10;7.598708446e-13;2.491330709e-12;4.999999912e-15;2.897720508e-09;1.989834859e-11;6.656484253e-10;2.243203724e-13;9.034813913e-14;1;1;1;1;1;1;1;0;0;0;0;0;0;0;0;0;0;9.487139707e-09;0.1420355708;0.004933355001;79.1231069;20.72992417
14.761;1747835950.369;3:59:10 PM;1;3;3.896237467e-05;6.681078503e-06;1.395492744e-13;4.409549711e-13;4.869783465e-10;4.667249226e-12;1.727671756e-10;8.131261506e-13;2.552399698e-12;4.999999912e-15;2.890516493e-09;2.001205798e-11;6.707622791e-10;1.282588131e-13;4.384912707e-14;1;1;1;1;1;1;1;0;0;0;0;0;0;0;0;0;0;1.562685489e-09;0.1400064794;0.001851877416;78.97307197;20.88506967
16.627;1747835952.235;3:59:12 PM;1;3;3.877819472e-05;6.675967143e-06;1.12679641e-13;3.788439289e-13;4.898301209e-10;4.573545969e-12;1.731866733e-10;8.363846725e-13;2.589437562e-12;4.999999912e-15;2.894772422e-09;1.984036373e-11;6.662589924e-10;1.073032451e-13;4.999999912e-15;1;1;1;1;1;1;1;0;0;0;0;0;0;0;0;0;0;4.038322486e-09;0.1369563313;0.001129403429;79.10487938;20.75703489
18.494;1747835954.102;3:59:14 PM;1;3;3.894764814e-05;6.673402368e-06;5.650510035e-14;2.694588259e-13;4.873312309e-10;4.669606282e-12;1.731310095e-10;8.050410924e-13;2.598333658e-12;5.605507513e-14;2.879736671e-09;1.987694731e-11;6.618426363e-10;7.664473846e-14;4.999999912e-15;1;1;1;1;1;1;1;0;0;0;0;0;0;0;0;0;0;1.660114866e-08;0.1402873268;0.0001714733703;79.12092357;20.73861762
20.36;1747835955.968;3:59:15 PM;1;3;3.88403605e-05;6.675967143e-06;8.546752851e-14;3.354986102e-13;4.852934721e-10;4.657401201e-12;1.722291199e-10;8.453219136e-13;2.603767245e-12;7.08516633e-14;2.871828553e-09;1.986530038e-11;6.631621363e-10;1.525333001e-13;4.999999912e-15;1;1;1;1;1;1;1;0;0;0;0;0;0;0;0;0;0;9.594363563e-09;0.1403864673;0.002562544204;79.04698244;20.81006855
22.227;1747835957.835;3:59:17 PM;1;3;3.893256871e-05;6.691326234e-06;1.652206204e-13;3.712208763e-13;4.856732239e-10;4.53745895e-12;1.732469307e-10;6.930967844e-13;2.532905309e-12;1.509925675e-14;2.872320604e-09;1.98784704e-11;6.598694924e-10;1.901990799e-13;1.086183891e-14;1;1;1;1;1;1;1;0;0;0;0;0;0;0;0;0;0;2.780225928e-09;0.1369807696;0.003762302458;79.1236239;20.73563303
24.093;1747835959.701;3:59:19 PM;1;3;3.889175787e-05;6.614831818e-06;1.777616411e-13;3.8966798e-13;4.847739987e-10;4.874412506e-12;1.747809952e-10;7.049408258e-13;2.427109078e-12;4.999999912e-15;2.900028662e-09;2.005500974e-11;6.657397411e-10;2.236602288e-13;4.999999912e-15;1;1;1;1;1;1;1;0;0;0;0;0;0;0;0;0;0;3.849483793e-09;0.1460518545;0.004762486481;79.12279505;20.72639061
25.959;1747835961.567;3:59:21 PM;1;3;3.875505718e-05;6.719605608e-06;1.824600312e-13;4.397313134e-13;4.867379833e-10;4.578753175e-12;1.72568404e-10;7.635825023e-13;2.458088637e-12;4.999999912e-15;2.886803907e-09;1.980750806e-11;6.652300932e-10;1.724399703e-13;3.7488035e-14;1;1;1;1;1;1;1;0;0;0;0;0;0;0;0;0;0;3.593430396e-09;0.1377066425;0.003231114952;79.08302139;20.77604085
27.826;1747835963.434;3:59:23 PM;1;3;3.88005792e-05;6.704166481e-06;1.219639217e-13;4.157231742e-13;4.854436297e-10;4.621666331e-12;1.731313148e-10;7.644970269e-13;2.55246475e-12;4.999999912e-15;2.879811944e-09;1.992733582e-11;6.654047313e-10;1.162051819e-13;4.999999912e-15;1;1;1;1;1;1;1;0;0;0;0;0;0;0;0;0;0;8.47882291e-10;0.1391514087;0.001414047862;79.03612467;20.82330987
29.692;1747835965.300;3:59:25 PM;1;3;3.899581498e-05;6.714464689e-06;7.763092198e-14;3.525487736e-13;4.856324232e-10;4.625339174e-12;1.726871424e-10;8.797439231e-13;2.589431057e-12;4.999999912e-15;2.892145634e-09;2.004873351e-11;6.65738964e-10;7.901285285e-14;4.999999912e-15;1;1;1;1;1;1;1;0;0;0;0;0;0;0;0;0;0;7.987553224e-09;0.1385783369;0.0002448716097;79.10079348;20.76038332
31.559;1747835967.167;3:59:27 PM;1;3;3.882679448e-05;6.714464689e-06;5.759332085e-14;3.115153263e-13;4.89163765e-10;4.638961958e-12;1.738036104e-10;8.509567291e-13;2.604360521e-12;7.044096751e-14;2.895139462e-09;1.993819172e-11;6.665338836e-10;4.687235368e-14;4.999999912e-15;1;1;1;1;1;1;1;0;0;0;0;0;0;0;0;0;0;1.246009768e-08;0.1386857607;0;79.09610322;20.76521102
33.425;1747835969.033;3:59:29 PM;1;3;3.904635014e-05;6.701604889e-06;1.538251406e-13;3.432939696e-13;4.882409477e-10;4.554192093e-12;1.729992816e-10;7.928694593e-13;2.644482289e-12;2.580279706e-14;2.891937578e-09;2.008498923e-11;6.681776799e-10;1.238924599e-13;4.999999912e-15;1;1;1;1;1;1;1;0;0;0;0;0;0;0;0;0;0;5.824601555e-09;0.1363418609;0.0016486866;79.04410753;20.81790192
35.291;1747835970.899;3:59:30 PM;1;3;3.908477811e-05;6.66317419e-06;1.557292706e-13;3.756524172e-13;4.883171645e-10;4.577936554e-12;1.733159727e-10;7.001727215e-13;2.555863507e-12;2.0785311e-14;2.88963653e-09;1.994427887e-11;6.693483545e-10;1.69584507e-13;4.999999912e-15;1;1;1;1;1;1;1;0;0;0;0;0;0;0;0;0;0;3.045470343e-09;0.137189955;0.003078790434;79.00061235;20.85911891
37.158;1747835972.766;3:59:32 PM;1;3;3.883838872e-05;6.755765298e-06;1.625737441e-13;4.110755247e-13;4.889187943e-10;4.601559151e-12;1.739884903e-10;7.178218523e-13;2.458397635e-12;4.999999912e-15;2.895380158e-09;2.005346236e-11;6.68026412e-10;1.944817734e-13;4.3926285e-14;1;1;1;1;1;1;1;0;0;0;0;0;0;0;0;0;0;1.652727838e-10;0.1378481457;0.003920421572;79.05901271;20.79921872
39.024;1747835974.632;3:59:34 PM;1;3;3.897525312e-05;6.681078503e-06;1.544608354e-13;4.420471422e-13;4.877820925e-10;4.571821654e-12;1.728229226e-10;7.236756767e-13;2.498425512e-12;4.999999912e-15;2.897403206e-09;1.998691664e-11;6.694473864e-10;1.507093061e-13;6.196264882e-14;1;1;1;1;1;1;1;0;0;0;0;0;0;0;0;0;0;3.007390946e-09;0.136909375;0.002581535506;79.04419976;20.81630933
40.891;1747835976.499;3:59:36 PM;1;3;3.894831389e-05;6.701604889e-06;1.272751164e-13;4.392105982e-13;4.887138472e-10;4.692554505e-12;1.738062194e-10;7.298116647e-13;2.585809388e-12;4.999999912e-15;2.886316741e-09;1.981244682e-11;6.637748129e-10;1.742848758e-13;3.792709961e-14;1;1;1;1;1;1;1;0;0;0;0;0;0;0;0;0;0;7.915158152e-10;0.1411871026;0.003290891263;79.10662727;20.74889474
42.757;1747835978.365;3:59:38 PM;1;3;3.904809273e-05;6.668290098e-06;9.621338828e-14;4.245767962e-13;4.889189609e-10;4.654622607e-12;1.73942194e-10;8.066685883e-13;2.617376585e-12;4.999999912e-15;2.891673567e-09;1.999190397e-11;6.709724443e-10;9.015197985e-14;4.999999912e-15;1;1;1;1;1;1;1;0;0;0;0;0;0;0;0;0;0;1.141234378e-09;0.1394619163;0.0005926391033;78.97148717;20.88845827
44.623;1747835980.231;3:59:40 PM;1;3;3.894153997e-05;6.581962225e-06;8.1408838e-14;3.51503928e-13;4.895673311e-10;4.584206278e-12;1.729843768e-10;8.029314518e-13;2.586391388e-12;4.999999912e-15;2.886109574e-09;1.994300038e-11;6.636021177e-10;6.850544302e-14;6.660578529e-14;1;1;1;1;1;1;1;0;0;0;0;0;0;0;0;0;0;7.584065811e-09;0.1376050366;0.0001069391599;79.12009078;20.74219725
46.49;1747835982.098;3:59:42 PM;1;3;3.902185927e-05;6.704166481e-06;5.292431261e-14;3.278222691e-13;4.898149109e-10;4.607470221e-12;1.739746264e-10;8.303496237e-13;2.610129127e-12;5.127156159e-14;2.904174234e-09;1.999208785e-11;6.695513588e-10;1.101811174e-13;4.999999912e-15;1;1;1;1;1;1;1;0;0;0;0;0;0;0;0;0;0;1.082874154e-08;0.1373076153;0.001215116668;79.07563374;20.78584352
48.356;1747835983.964;3:59:43 PM;1;3;3.903594188e-05;6.704166481e-06;8.290080861e-14;3.588461993e-13;4.883483062e-10;4.63540404e-12;1.733776178e-10;8.291387867e-13;2.635597469e-12;4.871477909e-14;2.909089858e-09;2.000949059e-11;6.709779954e-10;5.990169569e-14;4.999999912e-15;1;1;1;1;1;1;1;0;0;0;0;0;0;0;0;0;0;7.346637589e-09;0.138049584;0;79.07190696;20.79004345
50.223;1747835985.831;3:59:45 PM;1;3;3.897482748e-05;6.79211189e-06;1.974144047e-13;3.67540037e-13;4.875789217e-10;4.533662942e-12;1.724950044e-10;7.238329402e-13;2.505448756e-12;3.540516743e-14;2.884126271e-09;1.987149854e-11;6.658961715e-10;1.671471934e-13;4.999999912e-15;1;1;1;1;1;1;1;0;0;0;0;0;0;0;0;0;0;2.08957718e-09;0.1362061748;0.003010308396;79.05509903;20.80568448
52.089;1747835987.697;3:59:47 PM;1;3;3.887787898e-05;6.686208053e-06;2.134665058e-13;4.116251339e-13;4.856232083e-10;4.581754247e-12;1.726496168e-10;6.970848052e-13;2.545415918e-12;4.457145306e-14;2.89643709e-09;1.996924674e-11;6.670591857e-10;2.437217637e-13;2.592126986e-14;1;1;1;1;1;1;1;0;0;0;0;0;0;0;0;0;0;1.964225254e-09;0.1373247605;0.005429390523;79.09084518;20.76640067
53.955;1747835989.563;3:59:49 PM;1;3;3.880212171e-05;6.779103387e-06;2.058225145e-13;4.591391828e-13;4.895882033e-10;4.669169565e-12;1.733972133e-10;7.588403105e-13;2.560934321e-12;4.999999912e-15;2.90479818e-09;2.007237258e-11;6.701886268e-10;2.161930303e-13;5.588830451e-14;1;1;1;1;1;1;1;0;0;0;0;0;0;0;0;0;0;5.235584361e-09;0.1396458447;0.004605089056;79.06264263;20.79310644
55.822;1747835991.430;3:59:51 PM;1;3;3.890241715e-05;6.737660442e-06;1.669555472e-13;4.777082592e-13;4.886996363e-10;4.667431372e-12;1.735307731e-10;7.933673792e-13;2.560080403e-12;4.999999912e-15;2.888154826e-09;1.978518564e-11;6.679105047e-10;1.949327879e-13;7.091687806e-14;1;1;1;1;1;1;1;0;0;0;0;0;0;0;0;0;0;5.744458859e-09;0.140325997;0.003989060824;79.02186995;20.83381499
57.688;1747835993.296;3:59:53 PM;1;3;3.884379839e-05;6.584477887e-06;1.646307331e-13;3.000048398e-13;4.865134962e-10;4.649275756e-12;1.718157283e-10;8.652490616e-13;2.583136613e-12;4.999999912e-15;2.87694224e-09;1.973196433e-11;6.626243443e-10;1.182382642e-13;4.999999912e-15;1;1;1;1;1;1;1;0;0;0;0;0;0;0;0;0;0;1.031086707e-08;0.1399408022;0.001480321739;79.0926771;20.76590177
59.555;1747835995.163;3:59:55 PM;1;3;3.879651194e-05;6.758346899e-06;9.768841823e-14;3.529007598e-13;4.864045278e-10;4.683378685e-12;1.71831771e-10;8.92226668e-13;2.6676853e-12;3.766774829e-14;2.874926297e-09;2.005465238e-11;6.642427719e-10;1.030927053e-13;4.999999912e-15;1;1;1;1;1;1;1;0;0;0;0;0;0;0;0;0;0;7.878222578e-09;0.1410819988;0.001003824836;79.04278571;20.81512846
61.421;1747835997.029;3:59:57 PM;1;3;3.878084317e-05;6.706743534e-06;4.966709823e-14;3.126891378e-13;4.866400061e-10;4.61624055e-12;1.732577831e-10;8.255152746e-13;2.667286964e-12;8.163884472e-14;2.886740846e-09;1.992949729e-11;6.676464381e-10;1.319939167e-13;4.999999912e-15;1;1;1;1;1;1;1;0;0;0;0;0;0;0;0;0;0;1.238595629e-08;0.1382701008;0.001905126341;79.02304779;20.83677699
63.287;1747835998.895;3:59:58 PM;1;3;3.895937334e-05;6.650420346e-06;1.05430462e-13;2.734413444e-13;4.848557111e-10;4.545471204e-12;1.716455728e-10;8.037787016e-13;2.628975163e-12;4.753645123e-14;2.874660954e-09;1.998001244e-11;6.620821114e-10;1.416595113e-13;4.999999912e-15;1;1;1;1;1;1;1;0;0;0;0;0;0;0;0;0;0;1.358100494e-08;0.1367406314;0.002219226322;79.09405872;20.76698143
65.154;1747836000.762;4:00:00 PM;1;3;3.888524225e-05;6.758346899e-06;1.807206457e-13;4.075256029e-13;4.844233348e-10;4.522114454e-12;1.724033971e-10;7.567972399e-13;2.536688741e-12;5.660662741e-15;2.875490512e-09;2.001948086e-11;6.622088988e-10;1.763159795e-13;3.312417547e-14;1;1;1;1;1;1;1;0;0;0;0;0;0;0;0;0;0;1.138968906e-09;0.1364313946;0.003358645812;79.0905454;20.76966456
67.02;1747836002.628;4:00:02 PM;1;3;3.892714085e-05;6.599648259e-06;1.808854038e-13;4.689655782e-13;4.854887048e-10;4.612391632e-12;1.718325621e-10;6.978175091e-13;2.572855557e-12;4.999999912e-15;2.870401472e-09;1.996747732e-11;6.681100118e-10;1.107770085e-13;4.191908458e-14;1;1;1;1;1;1;1;0;0;0;0;0;0;0;0;0;0;5.889659738e-09;0.1393242585;0.001310061464;78.92719414;20.93217154
68.887;1747836004.495;4:00:04 PM;1;3;3.882439705e-05;6.706743534e-06;2.128750735e-13;4.572947381e-13;4.85220919e-10;4.631139222e-12;1.723128862e-10;7.309860725e-13;2.495070556e-12;4.999999912e-15;2.87449442e-09;1.975503788e-11;6.619406689e-10;2.558425748e-13;8.96556592e-14;1;1;1;1;1;1;1;0;0;0;0;0;0;0;0;0;0;5.638249595e-09;0.1399900029;0.005962404548;79.0876231;20.76642449
70.753;1747836006.361;4:00:06 PM;1;3;3.901506352e-05;6.701604889e-06;1.113793641e-13;4.432035522e-13;4.866704817e-10;4.674325163e-12;1.726029319e-10;7.884131173e-13;2.565532639e-12;4.999999912e-15;2.871212379e-09;1.979854648e-11;6.639824801e-10;1.655019302e-13;9.764759124e-14;1;1;1;1;1;1;1;0;0;0;0;0;0;0;0;0;0;8.350981661e-10;0.1412106777;0.003132034619;79.02241669;20.8332406
72.619;1747836008.227;4:00:08 PM;1;3;3.895899499e-05;6.675967143e-06;7.945292373e-14;3.897914706e-13;4.880195692e-10;4.63587892e-12;1.732930188e-10;8.188291625e-13;2.585323015e-12;9.702926735e-15;2.891196393e-09;1.985756698e-11;6.677562392e-10;1.12607467e-13;1.699892126e-14;1;1;1;1;1;1;1;0;0;0;0;0;0;0;0;0;0;4.644262157e-09;0.1389371041;0.001316797574;79.04624138;20.81350471
74.486;1747836010.094;4:00:10 PM;1;3;3.88927765e-05;6.711885362e-06;1.039350152e-13;3.464629842e-13;4.876135051e-10;4.663765901e-12;1.725544291e-10;9.071233348e-13;2.636743037e-12;4.999999912e-15;2.892178941e-09;1.997524195e-11;6.693898769e-10;1.038115516e-13;4.999999912e-15;1;1;1;1;1;1;1;0;0;0;0;0;0;0;0;0;0;8.089030528e-09;0.1395961384;0.001020079584;79.01696329;20.84242049
76.352;1747836011.960;4:00:11 PM;1;3;3.887669664e-05;6.627525181e-06;5.468358649e-14;3.249777292e-13;4.898477179e-10;4.661656044e-12;1.734655197e-10;8.237416283e-13;2.642812835e-12;2.986447081e-14;2.899375184e-09;1.993762447e-11;6.682637776e-10;6.32778877e-14;4.999999912e-15;1;1;1;1;1;1;1;0;0;0;0;0;0;0;0;0;0;1.153680819e-08;0.1391839932;0;79.08129128;20.77952473
78.219;1747836013.827;4:00:13 PM;1;3;3.873915921e-05;6.69389874e-06;7.203744843e-14;2.777708619e-13;4.881466342e-10;4.637798826e-12;1.730485755e-10;8.022140352e-13;2.649939729e-12;3.620665711e-14;2.893898676e-09;2.005676528e-11;6.686122211e-10;1.158293567e-13;4.999999912e-15;1;1;1;1;1;1;1;0;0;0;0;0;0;0;0;0;0;1.507238364e-08;0.138541873;0.001395506959;79.04297372;20.8170889
80.085;1747836015.693;4:00:15 PM;1;3;3.886524064e-05;6.658084658e-06;1.499267426e-13;3.601524461e-13;4.868086489e-10;4.579194662e-12;1.727769039e-10;7.272219936e-13;2.717502005e-12;9.383340357e-15;2.897725837e-09;2.000886956e-11;6.664002683e-10;1.486762238e-13;4.999999912e-15;1;1;1;1;1;1;1;0;0;0;0;0;0;0;0;0;0;4.644477709e-09;0.137018157;0.00242170324;79.11632808;20.74423206
81.951;1747836017.559;4:00:17 PM;1;3;3.88360786e-05;6.742826827e-06;1.814399732e-13;4.350871605e-13;4.894548655e-10;4.59638317e-12;1.735518673e-10;7.055765477e-13;2.578631319e-12;4.999999912e-15;2.90754687e-09;2.038681897e-11;6.689358512e-10;1.688870533e-13;6.232661549e-15;1;1;1;1;1;1;1;0;0;0;0;0;0;0;0;0;0;2.976073995e-09;0.1372965214;0.003044729286;79.10902438;20.75063436
83.818;1747836019.426;4:00:19 PM;1;3;3.885713522e-05;6.650420346e-06;2.049204854e-13;4.545971076e-13;4.902147022e-10;4.641265237e-12;1.730323523e-10;7.379141785e-13;2.58064555e-12;4.999999912e-15;2.880621297e-09;1.986178756e-11;6.645264339e-10;1.954102163e-13;1.089773955e-13;1;1;1;1;1;1;1;0;0;0;0;0;0;0;0;0;0;5.054333748e-09;0.1399140755;0.004082119918;79.06332906;20.79267474
85.684;1747836021.292;4:00:21 PM;1;3;3.896043199e-05;6.737660442e-06;1.843865772e-13;5.09480316e-13;4.911880902e-10;4.654360231e-12;1.746593287e-10;7.254408662e-13;2.564253931e-12;4.999999912e-15;2.895125917e-09;1.996812785e-11;6.68041622e-10;1.899143006e-13;6.486691474e-14;1;1;1;1;1;1;1;0;0;0;0;0;0;0;0;0;0;9.289899694e-09;0.1397418397;0.003813510548;79.05427301;20.80217164
87.551;1747836023.159;4:00:23 PM;1;3;3.904450568e-05;6.742826827e-06;1.670974015e-13;4.530907171e-13;4.895233108e-10;4.704112967e-12;1.734942606e-10;8.177070674e-13;2.608689523e-12;4.999999912e-15;2.907439178e-09;1.998157889e-11;6.676601494e-10;1.456953048e-13;4.999999912e-15;1;1;1;1;1;1;1;0;0;0;0;0;0;0;0;0;0;3.170257688e-09;0.1406624385;0.002321202516;79.13633517;20.72068119
89.417;1747836025.025;4:00:25 PM;1;3;3.889204527e-05;6.691326234e-06;8.910457956e-14;4.213071407e-13;4.893973005e-10;4.659943438e-12;1.727693266e-10;8.56465994e-13;2.610232126e-12;2.894053066e-14;2.910597319e-09;2.026720458e-11;6.688899989e-10;1.363413641e-13;4.999999912e-15;1;1;1;1;1;1;1;0;0;0;0;0;0;0;0;0;0;1.706478282e-09;0.1389999409;0.002027493981;79.13047481;20.72849775
91.283;1747836026.891;4:00:26 PM;1;3;3.8962291e-05;6.683646461e-06;4.375504204e-14;3.85659034e-13;4.913918716e-10;4.743957831e-12;1.734539734e-10;8.072972629e-13;2.745043776e-12;6.321764672e-14;2.895139684e-09;1.996789019e-11;6.66406319e-10;1.29765705e-13;4.999999912e-15;1;1;1;1;1;1;1;0;0;0;0;0;0;0;0;0;0;7.122067643e-09;0.1420737463;0.001831401712;79.09883383;20.75726102
93.15;1747836028.758;4:00:28 PM;1;3;3.895327245e-05;6.658084658e-06;7.493972213e-14;3.375157684e-13;4.881744453e-10;4.62578283e-12;1.734061783e-10;8.687731524e-13;2.67957683e-12;3.203594481e-14;2.899358753e-09;1.993882143e-11;6.655904161e-10;1.097111632e-13;4.999999912e-15;1;1;1;1;1;1;1;0;0;0;0;0;0;0;0;0;0;9.440873763e-09;0.1382642288;0.001203529852;79.14202811;20.71850413
95.016;1747836030.624;4:00:30 PM;1;3;3.884065882e-05;6.67851873e-06;1.527149853e-13;3.520803712e-13;4.887317218e-10;4.581870907e-12;1.733934107e-10;7.518584279e-13;2.598815694e-12;4.130378629e-14;2.877705629e-09;1.987997614e-11;6.659388596e-10;1.298353786e-13;4.999999912e-15;1;1;1;1;1;1;1;0;0;0;0;0;0;0;0;0;0;5.317335257e-09;0.1378158151;0.001842691621;79.01416787;20.84617362
96.883;1747836032.491;4:00:32 PM;1;3;3.898991417e-05;6.647880127e-06;1.653426202e-13;4.111561623e-13;4.871061887e-10;4.588147137e-12;1.730232901e-10;7.312320237e-13;2.591502533e-12;1.794925496e-14;2.876212601e-09;2.000780965e-11;6.656505347e-10;1.885766527e-13;2.537069404e-13;1;1;1;1;1;1;1;0;0;0;0;0;0;0;0;0;0;3.823958633e-10;0.1382633124;0.004123120938;79.01094434;20.84666923
98.749;1747836034.357;4:00:34 PM;1;3;3.909326915e-05;6.717023552e-06;1.355821651e-13;4.165335882e-13;4.915942098e-10;4.661191572e-12;1.744859951e-10;7.4305308e-13;2.566166897e-12;4.999999912e-15;2.913101094e-09;1.998749083e-11;6.718021694e-10;2.037152727e-13;4.999999912e-15;1;1;1;1;1;1;1;0;0;0;0;0;0;0;0;0;0;7.228136989e-10;0.1388256759;0.004117007274;79.06801107;20.78904624
100.615;1747836036.223;4:00:36 PM;1;3;3.896839189e-05;6.704166481e-06;1.972491316e-13;4.532101962e-13;4.890500227e-10;4.667887604e-12;1.732974458e-10;7.159455862e-13;2.554870161e-12;4.999999912e-15;2.901366924e-09;2.000505837e-11;6.673115394e-10;2.217894786e-13;6.038557512e-14;1;1;1;1;1;1;1;0;0;0;0;0;0;0;0;0;0;4.444948871e-09;0.1398313571;0.00479573791;79.11031786;20.74505504
102.482;1747836038.090;4:00:38 PM;1;3;3.892335735e-05;6.660628969e-06;1.779114779e-13;4.602567242e-13;4.888855987e-10;4.687061069e-12;1.733238691e-10;7.681937768e-13;2.569801793e-12;4.999999912e-15;2.88330404e-09;2.005061915e-11;6.690057952e-10;1.881744679e-13;1.313278371e-13;1;1;1;1;1;1;1;0;0;0;0;0;0;0;0;0;0;4.312629631e-09;0.1410246284;0.003885871504;78.97012597;20.88496353
104.348;1747836039.956;4:00:39 PM;1;3;3.877818381e-05;6.686208053e-06;1.188032826e-13;4.617587237e-13;4.906177686e-10;4.699730188e-12;1.743533928e-10;8.181750633e-13;2.643375753e-12;4.999999912e-15;2.896715312e-09;2.001374413e-11;6.677003395e-10;1.445543175e-13;1.779044306e-14;1;1;1;1;1;1;1;0;0;0;0;0;0;0;0;0;0;2.513860492e-09;0.1408919689;0.002314014096;79.07242515;20.78436886
106.215;1747836041.823;4:00:41 PM;1;3;3.893216854e-05;6.612297511e-06;6.065588705e-14;3.678600664e-13;4.880686411e-10;4.698954767e-12;1.727045312e-10;8.048708184e-13;2.659904632e-12;4.999999912e-15;2.878156824e-09;1.98698575e-11;6.608429359e-10;1.23340872e-13;7.308535694e-14;1;1;1;1;1;1;1;0;0;0;0;0;0;0;0;0;0;7.80197431e-09;0.1415670096;0.001759503686;79.13629919;20.7203743
108.081;1747836043.689;4:00:43 PM;1;3;3.895546615e-05;6.722180842e-06;4.072183739e-14;3.196939512e-13;4.890855498e-10;4.647296437e-12;1.73671813e-10;8.453836047e-13;2.655179679e-12;6.353775064e-14;2.905474972e-09;1.995858166e-11;6.67566169e-10;9.332705913e-14;4.999999912e-15;1;1;1;1;1;1;1;0;0;0;0;0;0;0;0;0;0;1.231294201e-08;0.1385245315;0.0006900510296;79.12934859;20.73143682
109.947;1747836045.555;4:00:45 PM;1;3;3.889903383e-05;6.640242191e-06;1.275603565e-13;3.425212859e-13;4.887413807e-10;4.636570641e-12;1.737123917e-10;8.986893261e-13;2.71826615e-12;7.273290992e-14;2.90117641e-09;2.002483596e-11;6.685462184e-10;8.168165715e-14;4.999999912e-15;1;1;1;1;1;1;1;0;0;0;0;0;0;0;0;0;0;7.468094644e-09;0.138464346;0.0003273015464;79.08266423;20.77854412
111.814;1747836047.422;4:00:47 PM;1;3;3.899467629e-05;6.650420346e-06;1.462678042e-13;3.848252283e-13;4.888673355e-10;4.58040203e-12;1.7320613e-10;8.116686034e-13;2.636968552e-12;4.575277264e-14;2.899937845e-09;2.005091232e-11;6.676799114e-10;1.659215706e-13;4.999999912e-15;1;1;1;1;1;1;1;0;0;0;0;0;0;0;0;0;0;2.525545696e-09;0.1369714112;0.002957467502;79.09790669;20.76216443
113.68;1747836049.288;4:00:49 PM;1;3;3.874095637e-05;6.645325357e-06;2.057398712e-13;3.967459499e-13;4.885751248e-10;4.60524674e-12;1.735045302e-10;7.72963399e-13;2.514554754e-12;4.999999912e-15;2.889992023e-09;1.988225383e-11;6.636225458e-10;3.214920463e-13;4.999999912e-15;1;1;1;1;1;1;1;0;0;0;0;0;0;0;0;0;0;1.558324493e-10;0.1383398778;0.007843942725;79.13070132;20.72311486
115.547;1747836051.155;4:00:51 PM;1;3;3.87832406e-05;6.704166481e-06;1.844024743e-13;4.587031167e-13;4.88407037e-10;4.620269878e-12;1.73172407e-10;8.181660644e-13;2.623577137e-12;4.999999912e-15;2.902455831e-09;1.995621203e-11;6.63894939e-10;2.213643358e-13;1.813439129e-13;1;1;1;1;1;1;1;0;0;0;0;0;0;0;0;0;0;4.991767686e-09;0.1384890831;0.004995152299;79.19688;20.65963576
117.413;1747836053.021;4:00:53 PM;1;3;3.875769471e-05;6.771315384e-06;1.686277122e-13;4.880423865e-13;4.890723382e-10;4.67954538e-12;1.734991872e-10;6.897733795e-13;2.547077349e-12;4.999999912e-15;2.886029193e-09;1.994933559e-11;6.646576067e-10;2.11611097e-13;9.434559254e-14;1;1;1;1;1;1;1;0;0;0;0;0;0;0;0;0;0;6.622622621e-09;0.1409385616;0.004558764529;79.08557071;20.76893196
119.279;1747836054.887;4:00:54 PM;1;3;3.896044655e-05;6.609764114e-06;1.701306197e-13;4.899953056e-13;4.863558445e-10;4.670769847e-12;1.725065368e-10;8.32237816e-13;2.57974718e-12;4.999999912e-15;2.875301774e-09;1.992783542e-11;6.630942462e-10;2.000633003e-13;7.44782518e-14;1;1;1;1;1;1;1;0;0;0;0;0;0;0;0;0;0;6.927909537e-09;0.141173166;0.004176824634;79.06551951;20.7891305
121.146;1747836056.754;4:00:56 PM;1;3;3.894319889e-05;6.717023552e-06;1.101676665e-13;4.260976337e-13;4.86798879e-10;4.659596927e-12;1.731436661e-10;8.148640183e-13;2.629343791e-12;4.999999912e-15;2.88681723e-09;2.002788733e-11;6.646486139e-10;1.256636803e-13;4.999999912e-15;1;1;1;1;1;1;1;0;0;0;0;0;0;0;0;0;0;6.201402675e-10;0.1400913956;0.001708231007;79.09294875;20.76525162
123.012;1747836058.620;4:00:58 PM;1;3;3.880625081e-05;6.729920187e-06;5.816531881e-14;3.849834676e-13;4.858790037e-10;4.678308522e-12;1.719513976e-10;7.873701691e-13;2.681098182e-12;4.680317142e-14;2.874271932e-09;1.989523997e-11;6.650278661e-10;8.225562701e-14;4.999999912e-15;1;1;1;1;1;1;1;0;0;0;0;0;0;0;0;0;0;6.130217645e-09;0.1409740408;0.0003481364821;79.02021301;20.83846481
124.879;1747836060.487;4:01:00 PM;1;3;3.866080078e-05;6.704166481e-06;6.505807991e-14;2.687643673e-13;4.850098656e-10;4.565075748e-12;1.715181747e-10;8.152747141e-13;2.768660952e-12;5.221840213e-14;2.874369853e-09;1.979739636e-11;6.612777548e-10;1.249154859e-13;4.999999912e-15;1;1;1;1;1;1;1;0;0;0;0;0;0;0;0;0;0;1.542976111e-08;0.1373354578;0.001692449585;79.112098;20.74887409
126.745;1747836062.353;4:01:02 PM;1;3;3.881460361e-05;6.727334494e-06;8.560245069e-14;3.757534919e-13;4.893646599e-10;4.508876779e-12;1.730044163e-10;7.717602057e-13;2.63712858e-12;1.046508664e-13;2.890608863e-09;2.00176542e-11;6.646109774e-10;1.256786287e-13;4.999999912e-15;1;1;1;1;1;1;1;0;0;0;0;0;0;0;0;0;0;4.550803704e-09;0.1351687366;0.001706899188;79.12181301;20.74131135
128.611;1747836064.219;4:01:04 PM;1;3;3.868733984e-05;6.709306035e-06;1.375425652e-13;3.680433237e-13;4.844870616e-10;4.562473663e-12;1.719692028e-10;7.647827684e-13;2.638562329e-12;1.07627801e-14;2.865884197e-09;1.984434145e-11;6.620270443e-10;1.940904848e-13;3.813469722e-14;1;1;1;1;1;1;1;0;0;0;0;0;0;0;0;0;0;4.152628028e-09;0.1378832631;0.003937358679;79.04196706;20.81621231
130.478;1747836066.086;4:01:06 PM;1;3;3.897830175e-05;6.647880127e-06;1.667987309e-13;4.132614119e-13;4.851035684e-10;4.592884233e-12;1.724535237e-10;7.542175977e-13;2.589398531e-12;4.999999912e-15;2.880014005e-09;1.984316531e-11;6.671270203e-10;1.951742262e-13;2.654603628e-14;1;1;1;1;1;1;1;0;0;0;0;0;0;0;0;0;0;5.745031061e-10;0.1382325953;0.003930178324;78.9990693;20.85876793
132.344;1747836067.952;4:01:07 PM;1;3;3.891471351e-05;6.686208053e-06;1.900547048e-13;4.493849954e-13;4.85186169e-10;4.626383911e-12;1.723678561e-10;7.194839884e-13;2.5393201e-12;4.999999912e-15;2.878446592e-09;1.99324602e-11;6.638685712e-10;2.224127187e-13;6.375678658e-14;1;1;1;1;1;1;1;0;0;0;0;0;0;0;0;0;0;4.261764426e-09;0.1395736169;0.004856662149;79.06531565;20.79025407
134.211;1747836069.819;4:01:09 PM;1;3;3.880334043e-05;6.617373856e-06;1.557810819e-13;4.532918637e-13;4.851007929e-10;4.673827731e-12;1.725480869e-10;7.644388052e-13;2.567062231e-12;4.999999912e-15;2.883789429e-09;1.982677217e-11;6.642325023e-10;2.063631248e-13;3.072570003e-14;1;1;1;1;1;1;1;0;0;0;0;0;0;0;0;0;0;3.122042206e-09;0.1407896596;0.004287931449;79.08495387;20.76996854
136.077;1747836071.685;4:01:11 PM;1;3;3.876855408e-05;6.699031019e-06;1.265742068e-13;4.489160508e-13;4.881121618e-10;4.687428831e-12;1.721563031e-10;8.353048071e-13;2.608831987e-12;4.999999912e-15;2.882712735e-09;1.997422366e-11;6.673797626e-10;1.731498517e-13;4.999999912e-15;1;1;1;1;1;1;1;0;0;0;0;0;0;0;0;0;0;1.699790875e-09;0.1410622052;0.003198267308;79.01089133;20.84484819
137.943;1747836073.551;4:01:13 PM;1;3;3.886262493e-05;6.686208053e-06;3.023336247e-13;3.398251461e-13;4.899560202e-10;4.635690269e-12;1.722845755e-10;8.086204232e-13;2.615839403e-12;1.874576069e-14;2.884892991e-09;1.995133225e-11;6.626509341e-10;1.151229448e-13;1.520927617e-14;1;1;1;1;1;1;1;0;0;0;0;0;0;0;0;0;0;2.330789399e-09;0.1394439728;0.001396836507;79.13725927;20.72189992
139.81;1747836075.418;4:01:15 PM;1;3;3.888962237e-05;6.714464689e-06;6.68771001e-14;3.082223062e-13;4.884775362e-10;4.621156756e-12;1.732611693e-10;8.63526156e-13;2.684106626e-12;2.953691979e-14;2.881626715e-09;1.99885837e-11;6.641336925e-10;1.212545418e-13;4.999999912e-15;1;1;1;1;1;1;1;0;0;0;0;0;0;0;0;0;0;1.230846696e-08;0.1387463462;0.001572277275;79.07821302;20.78146835
141.676;1747836077.284;4:01:17 PM;1;3;3.894687688e-05;6.807738828e-06;1.007674169e-13;3.717943379e-13;4.857271252e-10;4.566299595e-12;1.732071986e-10;8.032137238e-13;2.619752072e-12;7.857677996e-14;2.890135464e-09;1.995746277e-11;6.647784545e-10;1.430817677e-13;4.999999912e-15;1;1;1;1;1;1;1;0;0;0;0;0;0;0;0;0;0;4.978050937e-09;0.1369556455;0.002252528241;79.10905574;20.75173608
143.543;1747836079.151;4:01:19 PM;1;3;3.895020927e-05;6.668290098e-06;1.312257865e-13;3.724474884e-13;4.86343521e-10;4.60080498e-12;1.724330956e-10;7.426791929e-13;2.621743534e-12;4.212867441e-14;2.875047977e-09;1.982458642e-11;6.680349607e-10;1.832774248e-13;4.999999912e-15;1;1;1;1;1;1;1;0;0;0;0;0;0;0;0;0;0;4.302796648e-09;0.1384665095;0.003522773093;78.95146122;20.9065495
145.409;1747836081.017;4:01:21 PM;1;3;3.888292849e-05;6.650420346e-06;1.708379803e-13;3.836921828e-13;4.891867467e-10;4.571092636e-12;1.730719873e-10;7.445530737e-13;2.541895514e-12;1.150502406e-14;2.893594475e-09;2.005039364e-11;6.672866149e-10;2.294648033e-13;4.057350159e-14;1;1;1;1;1;1;1;0;0;0;0;0;0;0;0;0;0;1.786492561e-09;0.1369512156;0.005011646956;79.07137493;20.7866622
147.275;1747836082.883;4:01:22 PM;1;3;3.898933574e-05;6.732499514e-06;1.926204286e-13;4.599515755e-13;4.86169327e-10;4.5882677e-12;1.732552019e-10;7.583664057e-13;2.552304071e-12;4.999999912e-15;2.892141637e-09;1.999955583e-11;6.695510812e-10;2.043131289e-13;7.661338469e-14;1;1;1;1;1;1;1;0;0;0;0;0;0;0;0;0;0;5.655375632e-09;0.1376877783;0.004286685325;79.00685036;20.85117518
149.142;1747836084.750;4:01:24 PM;1;3;3.889919026e-05;6.719605608e-06;1.879558927e-13;4.462666402e-13;4.859369573e-10;4.591122621e-12;1.728302779e-10;7.861156929e-13;2.619842928e-12;4.999999912e-15;2.897265761e-09;2.007796013e-11;6.700583421e-10;2.176098115e-13;1.162106571e-13;1;1;1;1;1;1;1;0;0;0;0;0;0;0;0;0;0;4.241500097e-09;0.1375287827;0.00476394413;79.02530852;20.83239875
151.008;1747836086.616;4:01:26 PM;1;3;3.882750389e-05;6.602170288e-06;1.766664343e-13;4.586892389e-13;4.902747652e-10;4.745502168e-12;1.738720695e-10;8.397652148e-13;2.590058376e-12;4.999999912e-15;2.904630536e-09;2.004482691e-11;6.689535592e-10;1.678053177e-13;5.108538375e-14;1;1;1;1;1;1;1;0;0;0;0;0;0;0;0;0;0;3.588712465e-09;0.1419869772;0.003090381234;79.08780705;20.76711559
152.875;1747836088.483;4:01:28 PM;1;3;3.876817937e-05;6.724764262e-06;1.094020301e-13;4.636240393e-13;4.867706793e-10;4.795853818e-12;1.741830291e-10;8.743022582e-13;2.681943643e-12;4.999999912e-15;2.902762253e-09;2.00632861e-11;6.736800562e-10;1.507127891e-13;4.999999912e-15;1;1;1;1;1;1;1;0;0;0;0;0;0;0;0;0;0;1.50094963e-09;0.1433592233;0.002476331575;78.96240711;20.89175733
154.741;1747836090.349;4:01:30 PM;1;3;3.883652607e-05;6.686208053e-06;1.209762677e-13;3.284301271e-13;4.910612472e-10;4.686016332e-12;1.740649014e-10;9.121293131e-13;2.699436161e-12;7.795699578e-14;2.909803509e-09;2.011535383e-11;6.688372078e-10;1.113385371e-13;4.999999912e-15;1;1;1;1;1;1;1;0;0;0;0;0;0;0;0;0;0;9.410936322e-09;0.1395728962;0.001249478286;79.12203871;20.73713891
156.607;1747836092.215;4:01:32 PM;1;3;3.879424912e-05;6.668290098e-06;1.370502155e-13;3.279965275e-13;4.890012839e-10;4.642977409e-12;1.735834532e-10;8.78835958e-13;2.688213801e-12;9.651208597e-14;2.892756257e-09;2.000359253e-11;6.663471996e-10;1.588067785e-13;4.999999912e-15;1;1;1;1;1;1;1;0;0;0;0;0;0;0;0;0;0;8.556077289e-09;0.1390245405;0.002741519729;79.08586247;20.77237147
158.474;1747836094.082;4:01:34 PM;1;3;3.897152055e-05;6.732499514e-06;1.686710125e-13;4.290845565e-13;4.879194826e-10;4.648083134e-12;1.737681804e-10;7.334253647e-13;2.624879264e-12;5.852623616e-14;2.885590655e-09;2.001826829e-11;6.644853001e-10;1.982611937e-13;3.114635692e-14;1;1;1;1;1;1;1;0;0;0;0;0;0;0;0;0;0;1.557318697e-09;0.1398397193;0.004031303004;79.08595615;20.77017283
160.34;1747836095.948;4:01:35 PM;1;3;3.88377739e-05;6.696471246e-06;2.081493344e-13;4.078850159e-13;4.879115445e-10;4.634975997e-12;1.726908616e-10;7.371446118e-13;2.588805255e-12;1.899914721e-14;2.883600025e-09;1.984076965e-11;6.655250795e-10;2.613279872e-13;7.374297299e-14;1;1;1;1;1;1;1;0;0;0;0;0;0;0;0;0;0;9.661168053e-10;0.1394555344;0.006085230741;79.05508164;20.7993776
162.207;1747836097.815;4:01:37 PM;1;3;3.882937017e-05;6.714464689e-06;2.218078965e-13;5.281518495e-13;4.886481775e-10;4.611019899e-12;1.735023097e-10;7.22240464e-13;2.525768006e-12;4.999999912e-15;2.883812966e-09;1.994287374e-11;6.638734007e-10;2.538831775e-13;7.03842163e-14;1;1;1;1;1;1;1;0;0;0;0;0;0;0;0;0;0;1.254056656e-08;0.1391212602;0.005847849112;79.09162051;20.76341039
164.073;1747836099.681;4:01:39 PM;1;3;3.886424383e-05;6.630071766e-06;1.802980101e-13;4.766498611e-13;4.859703751e-10;4.641565344e-12;1.72961076e-10;7.698156348e-13;2.549846402e-12;4.999999912e-15;2.896328954e-09;1.99694792e-11;6.654622964e-10;2.027395585e-13;7.84448461e-14;1;1;1;1;1;1;1;0;0;0;0;0;0;0;0;0;0;6.298928581e-09;0.1393644157;0.004241077496;79.12542625;20.73096826
165.939;1747836101.547;4:01:41 PM;1;3;3.886759441e-05;6.699031019e-06;1.315583384e-13;4.122508812e-13;4.872421355e-10;4.656817466e-12;1.720900089e-10;8.263223547e-13;2.596205586e-12;4.999999912e-15;2.869016136e-09;1.979334925e-11;6.640865635e-10;1.791893457e-13;2.1509143e-14;1;1;1;1;1;1;1;0;0;0;0;0;0;0;0;0;0;1.19517336e-09;0.1406844628;0.0034324282;79.01116813;20.84471498
167.806;1747836103.414;4:01:43 PM;1;3;3.871457739e-05;6.640242191e-06;9.102815073e-14;3.705777276e-13;4.865157166e-10;4.657948506e-12;1.727676335e-10;8.206033509e-13;2.613465867e-12;4.999999912e-15;2.877719618e-09;1.99607917e-11;6.628730898e-10;1.659514404e-13;4.999999912e-15;1;1;1;1;1;1;1;0;0;0;0;0;0;0;0;0;0;6.239902895e-09;0.1402846738;0.00298052532;79.08455629;20.77217851
169.672;1747836105.280;4:01:45 PM;1;3;3.878759526e-05;6.732499514e-06;7.189259225e-14;3.224493697e-13;4.867107828e-10;4.667220169e-12;1.725970616e-10;8.136702575e-13;2.641814068e-12;2.627672216e-14;2.873697058e-09;1.981810202e-11;6.64862887e-10;1.1024434e-13;4.999999912e-15;1;1;1;1;1;1;1;0;0;0;0;0;0;0;0;0;0;1.12891714e-08;0.140486813;0.001228966664;79.01781474;20.84046948
171.539;1747836107.147;4:01:47 PM;1;3;3.867783016e-05;6.709306035e-06;9.31956335e-14;3.525338929e-13;4.869889492e-10;4.705138622e-12;1.736381039e-10;8.356064863e-13;2.621324165e-12;2.870656322e-14;2.888539852e-09;1.99803056e-11;6.640825667e-10;1.496678757e-13;4.999999912e-15;1;1;1;1;1;1;1;0;0;0;0;0;0;0;0;0;0;8.251958141e-09;0.1412131719;0.002460126464;79.1117464;20.7445803
173.405;1747836109.013;4:01:49 PM;1;3;3.890451262e-05;6.781701813e-06;1.404592724e-13;3.590881661e-13;4.862725778e-10;4.508480395e-12;1.735303568e-10;7.432068741e-13;2.582660865e-12;3.931103286e-14;2.880775618e-09;1.994557124e-11;6.667966734e-10;1.879748391e-13;4.127043352e-14;1;1;1;1;1;1;1;0;0;0;0;0;0;0;0;0;0;4.375115359e-09;0.1354402877;0.003728966455;79.00865217;20.85217858
175.271;1747836110.879;4:01:50 PM;1;3;3.870394357e-05;6.696471246e-06;2.511680642e-13;3.920699215e-13;4.897673933e-10;4.627133746e-12;1.729756199e-10;7.588329379e-13;2.576339099e-12;4.999999912e-15;2.856746839e-09;1.969521594e-11;6.591479584e-10;2.563533153e-13;4.76927593e-14;1;1;1;1;1;1;1;0;0;0;0;0;0;0;0;0;0;9.242747155e-10;0.1404698569;0.005937092774;79.05425615;20.7993369
177.138;1747836112.746;4:01:52 PM;1;3;3.884936086e-05;6.729920187e-06;1.871021648e-13;4.583242965e-13;4.841665402e-10;4.606326605e-12;1.724072413e-10;6.958422553e-13;2.509481555e-12;4.999999912e-15;2.867506899e-09;1.986839165e-11;6.630517801e-10;2.406074201e-13;6.434071754e-14;1;1;1;1;1;1;1;0;0;0;0;0;0;0;0;0;0;5.169937887e-09;0.1394278233;0.005447213638;79.02188427;20.83324069
179.004;1747836114.612;4:01:54 PM;1;3;3.873609603e-05;6.735072475e-06;1.592493363e-13;4.836381946e-13;4.873925152e-10;4.591902379e-12;1.717775366e-10;7.564970785e-13;2.529980782e-12;4.999999912e-15;2.876330951e-09;1.975056403e-11;6.666293073e-10;2.684104566e-13;4.999999912e-15;1;1;1;1;1;1;1;0;0;0;0;0;0;0;0;0;0;6.74847542e-09;0.1385392041;0.006198715354;78.99383974;20.86142234
180.871;1747836116.479;4:01:56 PM;1;3;3.873762762e-05;6.773910627e-06;1.19897988e-13;4.232152823e-13;4.837906187e-10;4.650812287e-12;1.721410098e-10;8.24391228e-13;2.575206107e-12;4.999999912e-15;2.898917328e-09;2.005858153e-11;6.667821295e-10;1.527419006e-13;4.999999912e-15;1;1;1;1;1;1;1;0;0;0;0;0;0;0;0;0;0;5.012878421e-10;0.1393129503;0.002548058866;79.11280497;20.74533402
182.737;1747836118.345;4:01:58 PM;1;3;3.891045344e-05;6.686208053e-06;1.193464137e-13;3.429852431e-13;4.87428653e-10;4.680483431e-12;1.734064697e-10;8.068382659e-13;2.644113878e-12;1.980312378e-14;2.891287876e-09;1.988240302e-11;6.631428739e-10;1.30513425e-13;4.999999912e-15;1;1;1;1;1;1;1;0;0;0;0;0;0;0;0;0;0;8.086624748e-09;0.1403939289;0.001858831506;79.15169122;20.70605602
184.603;1747836120.211;4:02:00 PM;1;3;3.904205369e-05;6.722180842e-06;7.884858267e-14;3.552320113e-13;4.86296059e-10;4.620005767e-12;1.726634807e-10;8.866087118e-13;2.603755319e-12;3.371459809e-14;2.877306615e-09;1.977859543e-11;6.609786052e-10;1.291917148e-13;2.774079658e-14;1;1;1;1;1;1;1;0;0;0;0;0;0;0;0;0;0;7.656645532e-09;0.1391634709;0.00186520678;79.12882903;20.73014229
186.47;1747836122.078;4:02:02 PM;1;3;3.873998867e-05;6.559288067e-06;1.209090472e-13;3.4762243e-13;4.882684812e-10;4.529476186e-12;1.73552131e-10;7.529920155e-13;2.606444574e-12;4.154921578e-14;2.883759231e-09;1.991810709e-11;6.661046159e-10;1.366440327e-13;4.999999912e-15;1;1;1;1;1;1;1;0;0;0;0;0;0;0;0;0;0;6.213603631e-09;0.1359419231;0.002053256386;79.04406818;20.81793664
188.336;1747836123.944;4:02:03 PM;1;3;3.874537651e-05;6.67851873e-06;1.581148136e-13;3.889381764e-13;4.874355919e-10;4.554869936e-12;1.731572247e-10;7.444385277e-13;2.532318756e-12;6.249035035e-14;2.897507123e-09;1.993387747e-11;6.681104003e-10;2.095611011e-13;4.999999912e-15;1;1;1;1;1;1;1;0;0;0;0;0;0;0;0;0;0;1.550107952e-09;0.1362946211;0.004322393453;79.07288;20.78650299
190.203;1747836125.811;4:02:05 PM;1;3;3.889486834e-05;6.797319202e-06;2.101460553e-13;4.371342426e-13;4.8750598e-10;4.632050819e-12;1.730824511e-10;7.158077299e-13;2.534185969e-12;4.999999912e-15;2.885539363e-09;2.016167615e-11;6.678014808e-10;2.758458338e-13;4.999999912e-15;1;1;1;1;1;1;1;0;0;0;0;0;0;0;0;0;0;3.713347351e-09;0.1392825768;0.006413702519;79.01010583;20.84419789
192.069;1747836127.677;4:02:07 PM;1;3;3.888939682e-05;6.704166481e-06;2.101883392e-13;4.606773947e-13;4.872183768e-10;4.649567623e-12;1.726472437e-10;7.608605044e-13;2.462614748e-12;4.999999912e-15;2.884791517e-09;1.984777967e-11;6.640679118e-10;2.765412953e-13;5.627958969e-14;1;1;1;1;1;1;1;0;0;0;0;0;0;0;0;0;0;5.691830341e-09;0.1400718133;0.00653314001;79.09453868;20.75885637
193.935;1747836129.543;4:02:09 PM;1;3;3.896660564e-05;6.686208053e-06;1.758067026e-13;4.116560066e-13;4.866903547e-10;4.713355574e-12;1.727585575e-10;7.961610971e-13;2.54075927e-12;4.999999912e-15;2.89155877e-09;1.990960521e-11;6.697337129e-10;2.001200312e-13;6.050058187e-14;1;1;1;1;1;1;1;0;0;0;0;0;0;0;0;0;0;4.140974327e-10;0.1413669772;0.00412800662;78.99971856;20.85478646
195.802;1747836131.410;4:02:11 PM;1;3;3.898389696e-05;6.670853509e-06;1.25824996e-13;4.033155645e-13;4.879275317e-10;4.696285028e-12;1.736533001e-10;8.053756772e-13;2.559408631e-12;4.999999912e-15;2.889958939e-09;2.001769583e-11;6.701001976e-10;1.396802053e-13;4.999999912e-15;1;1;1;1;1;1;1;0;0;0;0;0;0;0;0;0;0;2.550471016e-09;0.1408072291;0.002142331749;78.98060914;20.8764413
197.668;1747836133.276;4:02:13 PM;1;3;3.905670383e-05;6.797319202e-06;6.164107446e-14;3.780728172e-13;4.85882945e-10;4.655084911e-12;1.733137384e-10;8.247731382e-13;2.644513298e-12;2.473897619e-14;2.883177475e-09;1.992525242e-11;6.654469753e-10;1.754218922e-13;4.999999912e-15;1;1;1;1;1;1;1;0;0;0;0;0;0;0;0;0;0;6.435650973e-09;0.1398772981;0.003271095215;79.05124729;20.80560432
199.535;1747836135.143;4:02:15 PM;1;3;3.903338802e-05;6.701604889e-06;7.406158613e-14;3.473147876e-13;4.88850016e-10;4.596548836e-12;1.735743493e-10;8.296944945e-13;2.633102503e-12;8.417323506e-14;2.900928386e-09;1.984507871e-11;6.676959541e-10;1.789454408e-13;4.999999912e-15;1;1;1;1;1;1;1;0;0;0;0;0;0;0;0;0;0;8.305479697e-09;0.1372493224;0.003363065759;79.10046607;20.75892155
201.401;1747836137.009;4:02:17 PM;1;3;3.887236744e-05;6.68877783e-06;1.126154427e-13;3.399699955e-13;4.85952445e-10;4.585937966e-12;1.729299204e-10;7.726079433e-13;2.6605931e-12;6.16191668e-14;2.890440109e-09;2.001192441e-11;6.645064499e-10;2.098169999e-13;4.999999912e-15;1;1;1;1;1;1;1;0;0;0;0;0;0;0;0;0;0;7.688963886e-09;0.1374759227;0.004343459751;79.11672806;20.74145256
203.267;1747836138.875;4:02:18 PM;1;3;3.890134758e-05;6.797319202e-06;1.498799592e-13;4.088438301e-13;4.882631521e-10;4.570987686e-12;1.73006276e-10;7.986497206e-13;2.560253225e-12;4.616696836e-14;2.891153983e-09;2.020169795e-11;6.67187583e-10;2.796187489e-13;3.256663805e-14;1;1;1;1;1;1;1;0;0;0;0;0;0;0;0;0;0;1.437750483e-10;0.1370955606;0.006571032594;79.05832602;20.79800738
205.134;1747836140.742;4:02:20 PM;1;3;3.88954395e-05;6.779103387e-06;1.894986311e-13;4.403381143e-13;4.878423221e-10;4.610052791e-12;1.734850735e-10;7.22647582e-13;2.527497526e-12;4.999999912e-15;2.891429762e-09;1.998003499e-11;6.655302975e-10;3.640767429e-13;5.392940529e-14;1;1;1;1;1;1;1;0;0;0;0;0;0;0;0;0;0;3.574119825e-09;0.1384652008;0.009254703929;79.09234007;20.75994003
207;1747836142.608;4:02:22 PM;1;3;3.895870395e-05;6.68877783e-06;2.157355105e-13;4.866669676e-13;4.896704708e-10;4.656094954e-12;1.740281252e-10;7.206962349e-13;2.473119799e-12;4.999999912e-15;2.891816786e-09;1.994635707e-11;6.631432625e-10;3.292455284e-13;9.837045593e-14;1;1;1;1;1;1;1;0;0;0;0;0;0;0;0;0;0;8.164093091e-09;0.1400946557;0.008245102428;79.14844136;20.70321888
208.867;1747836144.475;4:02:24 PM;1;3;3.893257599e-05;6.724764262e-06;1.705383068e-13;4.778899715e-13;4.892748429e-10;4.651448064e-12;1.733305027e-10;7.53333485e-13;2.576411307e-12;4.999999912e-15;2.893631557e-09;2.00575407e-11;6.686954324e-10;2.457085642e-13;3.518414943e-14;1;1;1;1;1;1;1;0;0;0;0;0;0;0;0;0;0;6.019693489e-09;0.1396021369;0.005507721406;79.03496252;20.81992763
210.733;1747836146.341;4:02:26 PM;1;3;3.883827594e-05;6.865393971e-06;1.58151175e-13;4.813332892e-13;4.871022474e-10;4.766278518e-12;1.72560341e-10;8.497051261e-13;2.508233421e-12;4.999999912e-15;2.888158157e-09;2.003575084e-11;6.654973794e-10;2.235761489e-13;3.531008629e-14;1;1;1;1;1;1;1;0;0;0;0;0;0;0;0;0;0;4.884540771e-09;0.1434660329;0.004828208382;79.07883981;20.77286595
212.599;1747836148.207;4:02:28 PM;1;3;3.881847442e-05;6.779103387e-06;9.393788509e-14;3.947581194e-13;4.866373415e-10;4.675740697e-12;1.726145477e-10;8.189292343e-13;2.584332054e-12;4.999999912e-15;2.875535365e-09;1.989163348e-11;6.599560898e-10;1.919956978e-13;2.846910262e-14;1;1;1;1;1;1;1;0;0;0;0;0;0;0;0;0;0;4.117883951e-09;0.1411049901;0.003846082872;79.14045488;20.71459405
214.466;1747836150.074;4:02:30 PM;1;3;3.891888628e-05;6.691326234e-06;6.663564828e-14;3.358665342e-13;4.881290927e-10;4.631265423e-12;1.729130034e-10;8.282065897e-13;2.646115098e-12;3.405459373e-14;2.867379667e-09;1.979870087e-11;6.622711268e-10;1.809421482e-13;4.999999912e-15;1;1;1;1;1;1;1;0;0;0;0;0;0;0;0;0;0;9.897084646e-09;0.139745159;0.003461971014;79.04169619;20.81509668
216.332;1747836151.940;4:02:31 PM;1;3;3.87998698e-05;6.747996395e-06;9.400657607e-14;3.233404755e-13;4.843880297e-10;4.605744171e-12;1.717566506e-10;8.096707983e-13;2.64089293e-12;4.862965906e-14;2.871787697e-09;1.997731321e-11;6.685701992e-10;1.784003311e-13;4.999999912e-15;1;1;1;1;1;1;1;0;0;0;0;0;0;0;0;0;0;9.956818475e-09;0.1385617009;0.003372345394;78.92258366;20.93548229
218.199;1747836153.807;4:02:33 PM;1;3;3.889593427e-05;6.66317419e-06;1.308564124e-13;3.406480284e-13;4.848144108e-10;4.514787415e-12;1.731710331e-10;7.501992734e-13;2.532822693e-12;6.160423192e-14;2.869103177e-09;1.990532912e-11;6.631640237e-10;2.73275597e-13;4.999999912e-15;1;1;1;1;1;1;1;0;0;0;0;0;0;0;0;0;0;6.405156053e-09;0.1361514458;0.006370750861;79.02649128;20.83098653
220.065;1747836155.673;4:02:35 PM;1;3;3.884888793e-05;6.686208053e-06;1.365454516e-13;3.805271257e-13;4.844560308e-10;4.532906168e-12;1.719674125e-10;7.337334408e-13;2.516292947e-12;4.076963376e-14;2.87310975e-09;1.980807879e-11;6.631510896e-10;2.864955994e-13;1.316673922e-14;1;1;1;1;1;1;1;0;0;0;0;0;0;0;0;0;0;2.773756159e-09;0.1366927828;0.00679507481;79.05462778;20.80188437
221.931;1747836157.539;4:02:37 PM;1;3;3.901818855e-05;6.747996395e-06;2.051111424e-13;4.013223402e-13;4.883286553e-10;4.641687208e-12;1.735510208e-10;6.85551442e-13;2.410989594e-12;9.492256427e-14;2.908540742e-09;1.97369638e-11;6.606007408e-10;3.112454684e-13;4.250453003e-14;1;1;1;1;1;1;1;0;0;0;0;0;0;0;0;0;0;2.137968523e-10;0.1389037764;0.007557209272;79.30257454;20.55096447
223.798;1747836159.406;4:02:39 PM;1;3;3.884863327e-05;6.602170288e-06;2.076544909e-13;4.633287569e-13;4.874375348e-10;4.632589885e-12;1.732967797e-10;6.970155247e-13;2.43332199e-12;4.999999912e-15;2.887973194e-09;1.996024353e-11;6.622826731e-10;2.589255579e-13;4.815821746e-14;1;1;1;1;1;1;1;0;0;0;0;0;0;0;0;0;0;6.012706532e-09;0.1395056298;0.005964057384;79.15152166;20.70300865
225.664;1747836161.272;4:02:41 PM;1;3;3.875884795e-05;6.670853509e-06;1.157491664e-13;4.318862433e-13;4.846295587e-10;4.66937166e-12;1.723879095e-10;7.558688918e-13;2.575039791e-12;4.999999912e-15;2.887251549e-09;1.991964232e-11;6.643659511e-10;2.513701866e-13;7.458180666e-14;1;1;1;1;1;1;1;0;0;0;0;0;0;0;0;0;0;1.319565881e-11;0.1404220404;0.00577149178;79.1006081;20.75319837
227.531;1747836163.139;4:02:43 PM;1;3;3.892309905e-05;6.729920187e-06;8.327615941e-14;4.185373294e-13;4.875816417e-10;4.642287423e-12;1.739681038e-10;8.299523178e-13;2.585880728e-12;4.999999912e-15;2.897186047e-09;1.986605151e-11;6.66164901e-10;2.309005309e-13;2.617068719e-14;1;1;1;1;1;1;1;0;0;0;0;0;0;0;0;0;0;1.973369077e-09;0.1390512124;0.005028412561;79.10943376;20.74648661
229.397;1747836165.005;4:02:45 PM;1;3;3.893053145e-05;6.642779681e-06;1.105564818e-13;3.641160453e-13;4.88737828e-10;4.688667423e-12;1.724866222e-10;8.489729102e-13;2.608134845e-12;6.45383676e-14;2.876092253e-09;1.990537943e-11;6.632736027e-10;2.204144934e-13;4.999999912e-15;1;1;1;1;1;1;1;0;0;0;0;0;0;0;0;0;0;6.512262093e-09;0.1412586136;0.004694576623;79.06751362;20.78653319
231.263;1747836166.871;4:02:46 PM;1;3;3.880741497e-05;6.724764262e-06;2.081468441e-14;3.152668556e-13;4.88700691e-10;4.592987882e-12;1.732036736e-10;7.755475407e-13;2.598796612e-12;1.05280117e-13;2.907322827e-09;2.008739182e-11;6.700720534e-10;1.643011898e-13;4.999999912e-15;1;1;1;1;1;1;1;0;0;0;0;0;0;0;0;0;0;1.282273759e-08;0.136678624;0.002899174929;79.08321606;20.77720614
233.13;1747836168.738;4:02:48 PM;1;3;3.872821617e-05;6.681078503e-06;8.673796273e-14;2.964578995e-13;4.896141825e-10;4.630424082e-12;1.738082456e-10;7.977386655e-13;2.560720299e-12;6.110242927e-14;2.88667823e-09;1.975946143e-11;6.676151854e-10;2.219487479e-13;4.999999912e-15;1;1;1;1;1;1;1;0;0;0;0;0;0;0;0;0;0;1.285322684e-08;0.1386696795;0.004722875373;79.02060873;20.83599871
234.996;1747836170.604;4:02:50 PM;1;3;3.882763122e-05;6.668290098e-06;1.892327983e-13;3.780166284e-13;4.87699936e-10;4.51503071e-12;1.7325609e-10;7.513267352e-13;2.551529084e-12;1.555874502e-14;2.884042338e-09;1.997250802e-11;6.687788101e-10;2.392214844e-13;4.999999912e-15;1;1;1;1;1;1;1;0;0;0;0;0;0;0;0;0;0;1.215705702e-09;0.1355347071;0.005266660907;78.98207655;20.87712208
236.863;1747836172.471;4:02:52 PM;1;3;3.8839833e-05;6.704166481e-06;1.777880279e-13;3.604188345e-13;4.883800031e-10;4.564932633e-12;1.734312693e-10;7.219964644e-13;2.395339352e-12;4.999999912e-15;2.885600425e-09;1.982843577e-11;6.662016494e-10;3.689255119e-13;4.999999912e-15;1;1;1;1;1;1;1;0;0;0;0;0;0;0;0;0;0;3.630991245e-09;0.1370356497;0.009334364484;79.04616643;20.80746356
238.729;1747836174.337;4:02:54 PM;1;3;3.90322457e-05;6.675967143e-06;2.106503448e-13;4.729873719e-13;4.893929151e-10;4.682392061e-12;1.742705841e-10;6.680516058e-13;2.531830865e-12;4.999999912e-15;2.909480212e-09;2.029036314e-11;6.706731281e-10;3.318784863e-13;8.432456935e-14;1;1;1;1;1;1;1;0;0;0;0;0;0;0;0;0;0;6.51989606e-09;0.1398849675;0.008246005925;79.069295;20.78257403
240.595;1747836176.203;4:02:56 PM;1;3;3.899951116e-05;6.735072475e-06;1.36154163e-13;4.668035706e-13;4.902198092e-10;4.587749017e-12;1.734935251e-10;7.957285547e-13;2.416561526e-12;4.999999912e-15;2.912337038e-09;1.998913535e-11;6.703853583e-10;3.217519025e-13;3.373948053e-14;1;1;1;1;1;1;1;0;0;0;0;0;0;0;0;0;0;4.546707183e-09;0.1368376094;0.00783904922;79.09932829;20.75599505
242.462;1747836178.070;4:02:58 PM;1;3;3.884255784e-05;6.719605608e-06;1.633110151e-13;4.304590267e-13;4.900946315e-10;4.706821738e-12;1.74148182e-10;7.905791364e-13;2.520433948e-12;4.999999912e-15;2.906503704e-09;1.994744821e-11;6.704923283e-10;2.708313445e-13;5.095993479e-14;1;1;1;1;1;1;1;0;0;0;0;0;0;0;0;0;0;9.715164822e-10;0.1405809331;0.006294759498;79.05935727;20.79376704
244.328;1747836179.936;4:02:59 PM;1;3;3.895402551e-05;6.742826827e-06;1.229700207e-13;3.96334712e-13;4.898610961e-10;4.649503439e-12;1.738985761e-10;8.080803821e-13;2.572037418e-12;4.999999912e-15;2.896686002e-09;1.993490789e-11;6.672516428e-10;2.31689044e-13;4.999999912e-15;1;1;1;1;1;1;1;0;0;0;0;0;0;0;0;0;0;2.838003441e-09;0.139207553;0.005015029854;79.08367006;20.77210736
246.195;1747836181.803;4:03:01 PM;1;3;3.900611773e-05;6.76872105e-06;6.782246341e-14;3.609444557e-13;4.876621329e-10;4.64455991e-12;1.732363142e-10;8.182541558e-13;2.556062133e-12;4.999999912e-15;2.88924884e-09;1.984312541e-11;6.66346478e-10;1.99313561e-13;4.999999912e-15;1;1;1;1;1;1;1;0;0;0;0;0;0;0;0;0;0;7.704660663e-09;0.1392391712;0.004013018706;79.0659203;20.79082751
248.061;1747836183.669;4:03:03 PM;1;3;3.903422839e-05;6.66317419e-06;8.146709354e-14;2.926685316e-13;4.874332049e-10;4.587828815e-12;1.731259858e-10;7.655100512e-13;2.508033278e-12;4.373263633e-14;2.879823935e-09;1.97494486e-11;6.626856841e-10;2.802032152e-13;4.999999912e-15;1;1;1;1;1;1;1;0;0;0;0;0;0;0;0;0;0;1.296386061e-08;0.1378218937;0.006570301133;79.09865381;20.75695399
249.927;1747836185.535;4:03:05 PM;1;3;3.886834384e-05;6.673402368e-06;1.263641291e-13;3.036025207e-13;4.90047114e-10;4.608372711e-12;1.735266375e-10;7.600282166e-13;2.548736829e-12;2.600042679e-14;2.909016361e-09;2.017422687e-11;6.675681119e-10;2.254175308e-13;4.999999912e-15;1;1;1;1;1;1;1;0;0;0;0;0;0;0;0;0;0;1.078037587e-08;0.1372382341;0.004803036424;79.14818739;20.70977134
251.794;1747836187.402;4:03:07 PM;1;3;3.909295265e-05;6.831264272e-06;1.153628788e-13;3.659794093e-13;4.900748141e-10;4.612015197e-12;1.739675071e-10;6.852984976e-13;2.494505253e-12;5.499970596e-14;2.89570834e-09;1.986393515e-11;6.659927609e-10;2.860141865e-13;4.999999912e-15;1;1;1;1;1;1;1;0;0;0;0;0;0;0;0;0;0;5.482685776e-09;0.1380559855;0.0067166238;79.10697649;20.7482509
253.66;1747836189.268;4:03:09 PM;1;3;3.895847476e-05;6.732499514e-06;1.705980463e-13;3.751048951e-13;4.8765747e-10;4.616369353e-12;1.73334791e-10;6.917994823e-13;2.550282034e-12;4.999999912e-15;2.887481587e-09;1.995487976e-11;6.692696397e-10;3.077762112e-13;1.811503116e-14;1;1;1;1;1;1;1;0;0;0;0;0;0;0;0;0;0;2.99522662e-09;0.1384555758;0.007429850559;78.98531208;20.86880249
255.527;1747836191.135;4:03:11 PM;1;3;3.89263987e-05;6.753169146e-06;2.109714313e-13;4.143949994e-13;4.879929794e-10;4.596694986e-12;1.728995697e-10;6.929449419e-13;2.553713534e-12;4.999999912e-15;2.912592167e-09;2.01116554e-11;6.675521802e-10;3.579625474e-13;2.166196977e-14;1;1;1;1;1;1;1;0;0;0;0;0;0;0;0;0;0;2.0004135e-09;0.1371550042;0.00895193623;79.16649687;20.68739619
257.393;1747836193.001;4:03:13 PM;1;3;3.893860412e-05;6.732499514e-06;2.099394606e-13;4.430806037e-13;4.885781224e-10;4.659948209e-12;1.73841691e-10;7.192848747e-13;2.426248005e-12;4.999999912e-15;2.890952366e-09;2.0032212e-11;6.676965647e-10;3.259943314e-13;4.792624224e-14;1;1;1;1;1;1;1;0;0;0;0;0;0;0;0;0;0;3.988217156e-09;0.1399378271;0.008047389289;79.03770695;20.81430783
259.259;1747836194.867;4:03:14 PM;1;3;3.884940088e-05;6.691326234e-06;1.551976185e-13;4.456632817e-13;4.857197422e-10;4.744686848e-12;1.720942694e-10;7.767308389e-13;2.487640736e-12;4.999999912e-15;2.875029326e-09;1.992947474e-11;6.658925078e-10;3.352636365e-13;5.029783962e-14;1;1;1;1;1;1;1;0;0;0;0;0;0;0;0;0;0;1.752123617e-09;0.1431961888;0.008383336628;78.99516124;20.85325923
261.126;1747836196.734;4:03:16 PM;1;3;3.889754589e-05;6.794708042e-06;2.226670996e-13;3.637600746e-13;4.883251581e-10;4.68778575e-12;1.736891742e-10;8.23933261e-13;2.478642075e-12;4.999999912e-15;2.896514584e-09;1.983179766e-11;6.671744823e-10;2.409349846e-13;4.999999912e-15;1;1;1;1;1;1;1;0;0;0;0;0;0;0;0;0;0;3.089077809e-09;0.1403976882;0.005304648842;79.08309032;20.77120734
262.992;1747836198.600;4:03:18 PM;1;3;3.905363337e-05;6.76872105e-06;6.28393076e-14;3.853802856e-13;4.867156123e-10;4.686677262e-12;1.731755017e-10;8.200692187e-13;2.562588379e-12;2.101878038e-14;2.893096429e-09;1.997866629e-11;6.634970906e-10;2.484290714e-13;4.999999912e-15;1;1;1;1;1;1;1;0;0;0;0;0;0;0;0;0;0;6.028204943e-09;0.1405673405;0.005550468295;79.15095285;20.70292934
264.859;1747836200.467;4:03:20 PM;1;3;3.883401223e-05;6.750582088e-06;8.092297991e-14;3.094404344e-13;4.857074187e-10;4.593003929e-12;1.726534887e-10;8.462930877e-13;2.544431246e-12;7.580542368e-14;2.880131911e-09;1.993346634e-11;6.659497398e-10;2.408413638e-13;4.999999912e-15;1;1;1;1;1;1;1;0;0;0;0;0;0;0;0;0;0;1.150418615e-08;0.1378992087;0.005328001984;79.02587663;20.83089616
266.725;1747836202.333;4:03:22 PM;1;3;3.898622163e-05;6.686208053e-06;1.529136518e-13;3.267748485e-13;4.862544256e-10;4.5445505e-12;1.736270988e-10;7.351233879e-13;2.536365215e-12;4.84519346e-14;2.883955741e-09;1.985387202e-11;6.634220395e-10;2.649739965e-13;4.999999912e-15;1;1;1;1;1;1;1;0;0;0;0;0;0;0;0;0;0;7.264546508e-09;0.1364815903;0.006083724155;79.10203793;20.75539675
268.591;1747836204.199;4:03:24 PM;1;3;3.903815741e-05;6.773910627e-06;1.682662934e-13;3.667394893e-13;4.861138159e-10;4.537752552e-12;1.725929538e-10;7.344703188e-13;2.488865234e-12;3.154212121e-14;2.870420124e-09;1.981245723e-11;6.619337301e-10;3.44835678e-13;4.999999912e-15;1;1;1;1;1;1;1;0;0;0;0;0;0;0;0;0;0;3.096643101e-09;0.1369628622;0.008626389296;79.06463507;20.78977568
270.458;1747836206.066;4:03:26 PM;1;3;3.876416304e-05;6.773910627e-06;1.749688854e-13;4.225148606e-13;4.858032865e-10;4.520631699e-12;1.720214804e-10;7.165409216e-13;2.47829578e-12;4.999999912e-15;2.870674809e-09;1.990333939e-11;6.624963356e-10;3.658633726e-13;5.085340176e-14;1;1;1;1;1;1;1;0;0;0;0;0;0;0;0;0;0;2.338353516e-09;0.1365743368;0.009367502269;79.05538635;20.79867181
272.324;1747836207.932;4:03:27 PM;1;3;3.870121145e-05;6.701604889e-06;2.247037056e-13;4.595175694e-13;4.842410917e-10;4.605827438e-12;1.724865528e-10;7.202257454e-13;2.398112308e-12;4.999999912e-15;2.877229344e-09;1.986235829e-11;6.61953492e-10;3.53371168e-13;6.423967667e-14;1;1;1;1;1;1;1;0;0;0;0;0;0;0;0;0;0;6.439270116e-09;0.1391278776;0.008982879774;79.09901292;20.75287633
274.191;1747836209.799;4:03:29 PM;1;3;3.874367394e-05;6.668290098e-06;2.130343834e-13;4.811899577e-13;4.870932546e-10;4.614368783e-12;1.726907228e-10;7.478839596e-13;2.438865299e-12;4.999999912e-15;2.879494865e-09;1.97495284e-11;6.643618988e-10;3.17452309e-13;6.499586026e-14;1;1;1;1;1;1;1;0;0;0;0;0;0;0;0;0;0;7.970999838e-09;0.1392384122;0.007842516342;79.05748516;20.79543391
276.057;1747836211.665;4:03:31 PM;1;3;3.887160346e-05;6.750582088e-06;1.824430906e-13;4.377749248e-13;4.854986968e-10;4.574056411e-12;1.716035647e-10;7.502878527e-13;2.499362045e-12;6.739980752e-14;2.887001305e-09;1.992642856e-11;6.681882825e-10;2.53033434e-13;9.152597571e-14;1;1;1;1;1;1;1;0;0;0;0;0;0;0;0;0;0;3.458732978e-09;0.1374431763;0.00584710497;79.01727755;20.83943217
277.923;1747836213.531;4:03:33 PM;1;3;3.897454371e-05;6.776499504e-06;1.159458407e-13;4.04081716e-13;4.851390401e-10;4.655242771e-12;1.723782089e-10;7.956319522e-13;2.565869826e-12;1.546599627e-13;2.890206519e-09;1.993073588e-11;6.667437713e-10;1.898257213e-13;4.999999912e-15;1;1;1;1;1;1;1;0;0;0;0;0;0;0;0;0;0;2.403161357e-09;0.1397038084;0.003715075334;79.0641803;20.79240081
279.79;1747836215.398;4:03:35 PM;1;3;3.902309618e-05;6.78430888e-06;8.925741819e-14;3.889824389e-13;4.859682656e-10;4.63561611e-12;1.723234472e-10;8.280003744e-13;2.600197184e-12;2.544935901e-14;2.87673485e-09;1.987197386e-11;6.622956072e-10;2.211388353e-13;4.999999912e-15;1;1;1;1;1;1;1;0;0;0;0;0;0;0;0;0;0;4.41387416e-09;0.1397156989;0.00471861485;79.09359849;20.7619672
281.656;1747836217.264;4:03:37 PM;1;3;3.891652159e-05;6.753169146e-06;9.134027898e-14;3.201165732e-13;4.85982421e-10;4.539070942e-12;1.732020083e-10;7.983027217e-13;2.584888683e-12;4.999999912e-15;2.894778639e-09;1.998638928e-11;6.668237629e-10;2.589011362e-13;4.999999912e-15;1;1;1;1;1;1;1;0;0;0;0;0;0;0;0;0;0;9.712182595e-09;0.1357136746;0.005870462282;79.08542844;20.77298743
283.523;1747836219.131;4:03:39 PM;1;3;3.890827429e-05;6.681078503e-06;1.450595964e-13;3.483238275e-13;4.852667157e-10;4.503876438e-12;1.726224302e-10;7.234779724e-13;2.48373132e-12;3.266469736e-14;2.871960447e-09;1.998936607e-11;6.64659161e-10;3.209598657e-13;4.999999912e-15;1;1;1;1;1;1;1;0;0;0;0;0;0;0;0;0;0;5.169306528e-09;0.1356874323;0.007864539982;79.00997469;20.84647334
285.389;1747836220.997;4:03:40 PM;1;3;3.885242768e-05;6.810354535e-06;1.508865732e-13;3.71518544e-13;4.859357361e-10;4.492734743e-12;1.726709192e-10;6.946528856e-13;2.470992161e-12;5.874735919e-15;2.87829538e-09;1.985683146e-11;6.654669593e-10;3.405066214e-13;1.342959557e-14;1;1;1;1;1;1;1;0;0;0;0;0;0;0;0;0;0;2.77826522e-09;0.1351492421;0.008477976305;79.0267261;20.82964668
287.255;1747836222.863;4:03:42 PM;1;3;3.892246605e-05;6.670853509e-06;2.21973671e-13;4.517058114e-13;4.866215764e-10;4.559381084e-12;1.726111892e-10;6.618240027e-13;2.41052794e-12;4.999999912e-15;2.866114679e-09;1.996904378e-11;6.652577378e-10;3.098162731e-13;3.424128656e-14;1;1;1;1;1;1;1;0;0;0;0;0;0;0;0;0;0;6.07693766e-09;0.1379401108;0.007574545508;78.96292692;20.89155842
289.122;1747836224.730;4:03:44 PM;1;3;3.90004061e-05;6.76352829e-06;2.040079802e-13;4.322745775e-13;4.855336133e-10;4.709386093e-12;1.736400468e-10;7.641506243e-13;2.453507016e-12;4.999999912e-15;2.894547935e-09;1.995204869e-11;6.706778466e-10;3.563556785e-13;4.999999912e-15;1;1;1;1;1;1;1;0;0;0;0;0;0;0;0;0;0;2.364121717e-09;0.1411706486;0.008907853494;78.98494737;20.86497413
290.988;1747836226.596;4:03:46 PM;1;3;3.892802124e-05;6.732499514e-06;2.113293535e-13;4.489150479e-13;4.864098013e-10;4.668367689e-12;1.728356763e-10;7.377916637e-13;2.48514165e-12;4.999999912e-15;2.901529017e-09;1.992242135e-11;6.643897099e-10;3.269819853e-13;6.460507314e-14;1;1;1;1;1;1;1;0;0;0;0;0;0;0;0;0;0;4.483033889e-09;0.1399771208;0.008093546064;79.17663682;20.67529251
292.855;1747836228.463;4:03:48 PM;1;3;3.908666622e-05;6.740236131e-06;1.335406395e-13;4.429392779e-13;4.884639915e-10;4.698735758e-12;1.735746685e-10;7.981050174e-13;2.424187153e-12;4.999999912e-15;2.881666017e-09;1.985665105e-11;6.64183375e-10;2.702926587e-13;8.760072339e-15;1;1;1;1;1;1;1;0;0;0;0;0;0;0;0;0;0;1.265651809e-09;0.1415507937;0.006258748459;79.06962917;20.78256129
294.721;1747836230.329;4:03:50 PM;1;3;3.889553773e-05;6.78950255e-06;6.486791762e-14;4.733597954e-13;4.916830831e-10;4.742494158e-12;1.743675204e-10;7.645183857e-13;2.525815494e-12;4.999999912e-15;2.888541406e-09;1.989777093e-11;6.67633282e-10;2.438148424e-13;4.999999912e-15;1;1;1;1;1;1;1;0;0;0;0;0;0;0;0;0;0;1.51241849e-09;0.1424773696;0.005404237703;79.02585041;20.82626798
296.587;1747836232.195;4:03:52 PM;1;3;3.888242645e-05;6.786908671e-06;8.104245898e-14;3.060114824e-13;4.887322769e-10;4.615389234e-12;1.733043847e-10;7.690121868e-13;2.534928864e-12;9.641103833e-14;2.887798223e-09;2.019280576e-11;6.689362952e-10;1.959463543e-13;4.999999912e-15;1;1;1;1;1;1;1;0;0;0;0;0;0;0;0;0;0;1.202024118e-08;0.1381478849;0.003905925275;78.99901223;20.85893396
298.454;1747836234.062;4:03:54 PM;1;3;3.905819176e-05;6.753169146e-06;1.843537123e-13;3.699912826e-13;4.890446936e-10;4.566544191e-12;1.733383298e-10;7.84751604e-13;2.512579337e-12;4.999999912e-15;2.894405826e-09;2.025003602e-11;6.711937117e-10;2.799423562e-13;4.999999912e-15;1;1;1;1;1;1;1;0;0;0;0;0;0;0;0;0;0;2.573977736e-09;0.1365966959;0.006519733851;78.98247025;20.87441332
300.32;1747836235.928;4:03:55 PM;1;3;3.901067248e-05;6.727334494e-06;1.649792363e-13;4.026764274e-13;4.870550629e-10;4.548300538e-12;1.72983905e-10;6.889484643e-13;2.533695259e-12;3.558289527e-14;2.897889928e-09;2.005129049e-11;6.685260678e-10;3.211819374e-13;4.999999912e-15;1;1;1;1;1;1;1;0;0;0;0;0;0;0;0;0;0;2.921827572e-11;0.1361080153;0.007807423617;79.06330284;20.79278172
302.187;1747836237.795;4:03:57 PM;1;3;3.909867519e-05;6.794708042e-06;1.887434436e-13;4.577115054e-13;4.875427284e-10;4.617956191e-12;1.739008798e-10;6.902553073e-13;2.489824102e-12;4.999999912e-15;2.898581375e-09;2.006897946e-11;6.727548518e-10;3.261128075e-13;1.962142505e-14;1;1;1;1;1;1;1;0;0;0;0;0;0;0;0;0;0;5.0566201e-09;0.13819661;0.007974446898;78.9626098;20.89121915
304.053;1747836239.661;4:03:59 PM;1;3;3.915267735e-05;6.706743534e-06;2.177994791e-13;4.50785378e-13;4.915050034e-10;4.642471303e-12;1.74196782e-10;7.123219657e-13;2.401774092e-12;4.999999912e-15;2.901805907e-09;1.99277643e-11;6.669987895e-10;3.360049055e-13;6.906799487e-14;1;1;1;1;1;1;1;0;0;0;0;0;0;0;0;0;0;5.092675233e-09;0.1390388475;0.008373504432;79.11517733;20.73741032
305.919;1747836241.527;4:04:01 PM;1;3;3.893840767e-05;6.755765298e-06;1.854902408e-13;5.1087872e-13;4.87309193e-10;4.686344628e-12;1.733647392e-10;7.154850714e-13;2.488916408e-12;4.999999912e-15;2.904695817e-09;1.975232651e-11;6.666570074e-10;3.403587633e-13;7.077350587e-14;1;1;1;1;1;1;1;0;0;0;0;0;0;0;0;0;0;9.153682127e-09;0.1404504952;0.008508513314;79.13853292;20.71250807
307.786;1747836243.394;4:04:03 PM;1;3;3.881580415e-05;6.753169146e-06;1.758943197e-13;4.294380064e-13;4.869930015e-10;4.712929266e-12;1.742327949e-10;7.92154699e-13;2.46225154e-12;4.999999912e-15;2.887961204e-09;1.996605832e-11;6.684598985e-10;2.500171294e-13;3.512391184e-14;1;1;1;1;1;1;1;0;0;0;0;0;0;0;0;0;0;1.208876348e-09;0.1415742108;0.005651327078;79.00035298;20.85242148
309.652;1747836245.260;4:04:05 PM;1;3;3.887346611e-05;6.691326234e-06;1.387094514e-13;4.179603441e-13;4.88548979e-10;4.750301714e-12;1.739281913e-10;8.33720354e-13;2.592962086e-12;4.076714687e-14;2.907375007e-09;2.001905412e-11;6.694697019e-10;2.167590651e-13;4.999999912e-15;1;1;1;1;1;1;1;0;0;0;0;0;0;0;0;0;0;1.325157945e-09;0.1418667321;0.004532804143;79.08805582;20.76554465
311.519;1747836247.127;4:04:07 PM;1;3;3.896524504e-05;6.760936685e-06;1.050800004e-13;3.64816467e-13;4.865253755e-10;4.629912773e-12;1.726807863e-10;8.364116149e-13;2.55233161e-12;6.151910849e-14;2.882142747e-09;1.988959344e-11;6.663197216e-10;2.296494971e-13;4.999999912e-15;1;1;1;1;1;1;1;0;0;0;0;0;0;0;0;0;0;6.070927201e-09;0.1391133651;0.004973061245;79.028347;20.82756657
313.385;1747836248.993;4:04:08 PM;1;3;3.882893361e-05;6.76872105e-06;1.018531573e-13;3.091437154e-13;4.862509839e-10;4.562288915e-12;1.72322448e-10;7.908663416e-13;2.542457998e-12;7.430999717e-14;2.888099981e-09;1.996709742e-11;6.655869189e-10;2.338460914e-13;4.999999912e-15;1;1;1;1;1;1;1;0;0;0;0;0;0;0;0;0;0;1.060209746e-08;0.1367013585;0.005098053017;79.0820845;20.77611609
315.251;1747836250.859;4:04:10 PM;1;3;3.883055251e-05;6.696471246e-06;1.309699148e-13;3.878788566e-13;4.873805248e-10;4.640302465e-12;1.736065458e-10;7.449681063e-13;2.516930457e-12;5.752811286e-14;2.894680717e-09;2.003905548e-11;6.676583175e-10;2.66825868e-13;4.999999912e-15;1;1;1;1;1;1;1;0;0;0;0;0;0;0;0;0;0;3.275102102e-09;0.1389847847;0.006116202086;79.06173968;20.79315933
317.118;1747836252.726;4:04:12 PM;1;3;3.895428381e-05;6.766127626e-06;1.833147485e-13;4.112667238e-13;4.871217874e-10;4.602590444e-12;1.740150246e-10;7.020350555e-13;2.457644765e-12;4.999999912e-15;2.881573202e-09;1.993331195e-11;6.64280797e-10;3.60999208e-13;2.064443248e-14;1;1;1;1;1;1;1;0;0;0;0;0;0;0;0;0;0;8.108428703e-10;0.1385644995;0.009128017939;79.06332859;20.78897889
318.984;1747836254.592;4:04:14 PM;1;3;3.878419739e-05;6.786908671e-06;2.289630074e-13;4.778112042e-13;4.847640622e-10;4.571782623e-12;1.724470844e-10;7.069540266e-13;2.455606465e-12;4.999999912e-15;2.896769935e-09;1.992482394e-11;6.633616989e-10;3.676146844e-13;3.019104606e-14;1;1;1;1;1;1;1;0;0;0;0;0;0;0;0;0;0;8.549478735e-09;0.137359469;0.009319039355;79.17612285;20.67719864
320.851;1747836256.459;4:04:16 PM;1;3;3.891241795e-05;6.737660442e-06;1.872256012e-13;4.84955446e-13;4.863410785e-10;4.714379928e-12;1.72861947e-10;7.454764345e-13;2.445960101e-12;4.999999912e-15;2.901492158e-09;2.000449979e-11;6.686429743e-10;2.913010274e-13;4.511308319e-14;1;1;1;1;1;1;1;0;0;0;0;0;0;0;0;0;0;6.590153384e-09;0.1412831346;0.006936614946;79.07710345;20.7746768
322.717;1747836258.325;4:04:18 PM;1;3;3.894340625e-05;6.711885362e-06;1.505286103e-13;4.259841449e-13;4.85843199e-10;4.676166138e-12;1.731837451e-10;7.695449096e-13;2.480343405e-12;4.999999912e-15;2.879530392e-09;1.973830474e-11;6.676987852e-10;2.660378157e-13;6.289404287e-15;1;1;1;1;1;1;1;0;0;0;0;0;0;0;0;0;0;4.566282252e-10;0.1407823431;0.006118894155;78.9759888;20.87710996
324.583;1747836260.191;4:04:20 PM;1;3;3.890362495e-05;6.747996395e-06;9.35012972e-14;4.013029058e-13;4.872524606e-10;4.662297892e-12;1.716394388e-10;8.105912859e-13;2.488215363e-12;3.718834458e-14;2.872965421e-09;2.010708093e-11;6.661602936e-10;2.371032786e-13;4.999999912e-15;1;1;1;1;1;1;1;0;0;0;0;0;0;0;0;0;0;3.411474113e-09;0.1405521734;0.005220168385;78.98580145;20.86842621
326.45;1747836262.058;4:04:22 PM;1;3;3.89640918e-05;6.742826827e-06;9.448050117e-14;3.237745629e-13;4.86433005e-10;4.640452519e-12;1.7275395e-10;7.938841641e-13;2.532934149e-12;4.448384613e-14;2.871743288e-09;1.980990025e-11;6.636574623e-10;2.606116278e-13;4.999999912e-15;1;1;1;1;1;1;1;0;0;0;0;0;0;0;0;0;0;1.022536947e-08;0.1398072979;0.00596596407;79.03084078;20.82338595
328.316;1747836263.924;4:04:23 PM;1;3;3.888984065e-05;6.709306035e-06;1.054757545e-13;3.59059245e-13;4.860688518e-10;4.631212514e-12;1.721960352e-10;7.899449324e-13;2.532874301e-12;5.822705057e-14;2.88678903e-09;1.993665996e-11;6.633611993e-10;2.544103708e-13;4.999999912e-15;1;1;1;1;1;1;1;0;0;0;0;0;0;0;0;0;0;6.594147817e-09;0.1390925691;0.005748307436;79.12494789;20.73021123
330.183;1747836265.791;4:04:25 PM;1;3;3.881136581e-05;6.750582088e-06;1.580680438e-13;3.812051044e-13;4.873939585e-10;4.574460168e-12;1.726496029e-10;7.371434734e-13;2.481869094e-12;7.664523991e-14;2.883407735e-09;1.986635856e-11;6.63951838e-10;2.954930951e-13;4.999999912e-15;1;1;1;1;1;1;1;0;0;0;0;0;0;0;0;0;0;2.436525976e-09;0.1375546582;0.007041766257;79.09130666;20.76409691
332.049;1747836267.657;4:04:27 PM;1;3;3.889182699e-05;6.711885362e-06;2.062959314e-13;4.230569887e-13;4.881233751e-10;4.595913927e-12;1.727095966e-10;7.048169015e-13;2.439231542e-12;2.510685616e-14;2.886842099e-09;2.008123876e-11;6.682950859e-10;3.260744268e-13;4.999999912e-15;1;1;1;1;1;1;1;0;0;0;0;0;0;0;0;0;0;2.651245901e-09;0.138064714;0.007983846467;79.00813338;20.84581806
333.915;1747836269.523;4:04:29 PM;1;3;3.887697312e-05;6.831264272e-06;2.11107851e-13;4.996659011e-13;4.876481996e-10;4.608347991e-12;1.730156851e-10;7.16729627e-13;2.428810625e-12;4.999999912e-15;2.880555794e-09;1.993348715e-11;6.655924145e-10;3.519857745e-13;6.606018765e-14;1;1;1;1;1;1;1;0;0;0;0;0;0;0;0;0;0;9.647111768e-09;0.1390060761;0.00892322934;79.0326775;20.8193932
335.782;1747836271.390;4:04:31 PM;1;3;3.893862231e-05;6.737660442e-06;2.284910813e-13;4.348895647e-13;4.840439161e-10;4.633226962e-12;1.720192461e-10;7.277050056e-13;2.424341327e-12;4.999999912e-15;2.86549473e-09;1.990757038e-11;6.640292205e-10;3.174169369e-13;1.753402653e-13;1;1;1;1;1;1;1;0;0;0;0;0;0;0;0;0;0;4.062483907e-09;0.1402644261;0.008065624927;78.98691238;20.86475757
337.648;1747836273.256;4:04:33 PM;1;3;3.883367026e-05;6.76352829e-06;1.796045544e-13;4.22582569e-13;4.875436166e-10;4.702577303e-12;1.732989585e-10;7.203760158e-13;2.384240375e-12;4.999999912e-15;2.877214911e-09;1.965031436e-11;6.608126824e-10;2.65105456e-13;7.754032334e-14;1;1;1;1;1;1;1;0;0;0;0;0;0;0;0;0;0;7.960421324e-10;0.1419736904;0.006229338251;79.12421035;20.72758662
339.515;1747836275.123;4:04:35 PM;1;3;3.900830779e-05;6.76872105e-06;1.746139447e-13;3.97145641e-13;4.860250535e-10;4.745377268e-12;1.723819559e-10;8.605963706e-13;2.520800842e-12;4.999999912e-15;2.872820426e-09;1.986743409e-11;6.631251104e-10;1.87330159e-13;9.725332451e-15;1;1;1;1;1;1;1;0;0;0;0;0;0;0;0;0;0;2.06732329e-09;0.1433034384;0.003665763144;79.05004452;20.80298627
341.381;1747836276.989;4:04:36 PM;1;3;3.890856533e-05;6.745403425e-06;1.046289791e-13;3.483994777e-13;4.856747782e-10;4.614961191e-12;1.722169768e-10;8.419183319e-13;2.540215651e-12;8.176529657e-14;2.892158957e-09;1.995985495e-11;6.677559616e-10;1.917985356e-13;4.999999912e-15;1;1;1;1;1;1;1;0;0;0;0;0;0;0;0;0;0;7.438078338e-09;0.138192151;0.003773770085;79.05391189;20.80412219
343.247;1747836278.855;4:04:38 PM;1;3;3.879456926e-05;6.737660442e-06;6.286221137e-14;3.36015856e-13;4.852487301e-10;4.67359788e-12;1.735164512e-10;7.87463302e-13;2.538660254e-12;6.878423205e-14;2.876413108e-09;1.991697952e-11;6.686859955e-10;1.778298103e-13;4.999999912e-15;1;1;1;1;1;1;1;0;0;0;0;0;0;0;0;0;0;1.039298289e-08;0.1404480962;0.003349539052;78.93560784;20.92059453
345.114;1747836280.722;4:04:40 PM;1;3;3.895243208e-05;6.650420346e-06;1.497117046e-13;3.378383456e-13;4.87403895e-10;4.55606039e-12;1.72948697e-10;8.07091644e-13;2.517949824e-12;4.364104157e-14;2.87916313e-09;2.0003426e-11;6.655345164e-10;2.637712911e-13;4.999999912e-15;1;1;1;1;1;1;1;0;0;0;0;0;0;0;0;0;0;6.464347601e-09;0.1369514061;0.006049893;79.03031096;20.82668774
346.98;1747836282.588;4:04:42 PM;1;3;3.896887938e-05;6.786908671e-06;2.062471559e-13;3.988700917e-13;4.884060378e-10;4.604929285e-12;1.736189803e-10;6.970738006e-13;2.417207276e-12;1.904046548e-14;2.888731032e-09;2.006738005e-11;6.669218511e-10;2.960053806e-13;2.046223061e-14;1;1;1;1;1;1;1;0;0;0;0;0;0;0;0;0;0;3.674582051e-10;0.1382496051;0.007067601148;79.04659514;20.80808766
348.847;1747836284.455;4:04:44 PM;1;3;3.892837049e-05;6.67851873e-06;2.368514185e-13;4.436003702e-13;4.87411167e-10;4.641276512e-12;1.731648713e-10;6.899476108e-13;2.394258186e-12;4.999999912e-15;2.893133288e-09;2.003663381e-11;6.665934471e-10;3.909792141e-13;4.502895588e-14;1;1;1;1;1;1;1;0;0;0;0;0;0;0;0;0;0;5.036527027e-09;0.1393700391;0.01007407129;79.07695009;20.7736058
350.713;1747836286.321;4:04:46 PM;1;3;3.896233466e-05;6.773910627e-06;1.777606247e-13;4.886169052e-13;4.895596706e-10;4.689677899e-12;1.734053456e-10;7.23876742e-13;2.392818799e-12;4.999999912e-15;2.870682803e-09;1.991829791e-11;6.655262452e-10;3.429439621e-13;1.800227041e-13;1;1;1;1;1;1;1;0;0;0;0;0;0;0;0;0;0;6.861504721e-09;0.1417948934;0.008859670962;78.97655638;20.87278905
352.579;1747836288.187;4:04:48 PM;1;3;3.885938349e-05;6.76352829e-06;1.414972333e-13;4.591277445e-13;4.909436746e-10;4.677501008e-12;1.7417634e-10;7.692710943e-13;2.450992968e-12;4.999999912e-15;2.894388063e-09;1.994048329e-11;6.687018161e-10;2.135809975e-13;4.884372122e-14;1;1;1;1;1;1;1;0;0;0;0;0;0;0;0;0;0;3.17914109e-09;0.1402710096;0.004525524006;79.03621275;20.81899071
354.446;1747836290.054;4:04:50 PM;1;3;3.889626532e-05;6.805137673e-06;1.107939288e-13;3.875596946e-13;4.894606942e-10;4.660214922e-12;1.744075578e-10;7.713599182e-13;2.498821462e-12;4.999999912e-15;2.896668239e-09;2.007322954e-11;6.682838727e-10;2.194213778e-13;4.999999912e-15;1;1;1;1;1;1;1;0;0;0;0;0;0;0;0;0;0;4.109581632e-09;0.1394543367;0.004630245637;79.05655361;20.79936181
356.312;1747836291.920;4:04:51 PM;1;3;3.891900269e-05;6.771315384e-06;7.074662443e-14;3.663179243e-13;4.89024099e-10;4.690916926e-12;1.740295963e-10;8.183547156e-13;2.524569312e-12;2.151859589e-14;2.899247287e-09;2.00191079e-11;6.692877919e-10;1.719665399e-13;4.999999912e-15;1;1;1;1;1;1;1;0;0;0;0;0;0;0;0;0;0;7.557160013e-09;0.1401631467;0.003144977625;79.0497323;20.80695958
358.179;1747836293.787;4:04:53 PM;1;3;3.890136577e-05;6.776499504e-06;7.875449425e-14;3.317047158e-13;4.890391425e-10;4.579210275e-12;1.740090433e-10;7.983455477e-13;2.527877864e-12;8.033556594e-14;2.897358797e-09;1.978059383e-11;6.64564126e-10;1.988994093e-13;4.999999912e-15;1;1;1;1;1;1;1;0;0;0;0;0;0;0;0;0;0;9.418927053e-09;0.1369322224;0.003993147399;79.15129098;20.70778365
360.045;1747836295.653;4:04:55 PM;1;3;3.898313662e-05;6.732499514e-06;1.098485858e-13;3.698001649e-13;4.86246321e-10;4.497853479e-12;1.730107307e-10;7.433094396e-13;2.498843797e-12;6.507699924e-14;2.873714822e-09;1.988131014e-11;6.631516447e-10;2.455930966e-13;4.999999912e-15;1;1;1;1;1;1;1;0;0;0;0;0;0;0;0;0;0;4.24393116e-09;0.135520092;0.00549106982;79.05592341;20.80306543
361.911;1747836297.519;4:04:57 PM;1;3;3.888025458e-05;6.722180842e-06;1.927384305e-13;3.641105429e-13;4.862529823e-10;4.577800378e-12;1.726293275e-10;7.187427736e-13;2.44349983e-12;3.144604396e-14;2.87294899e-09;1.978795253e-11;6.614741532e-10;3.106929319e-13;4.999999912e-15;1;1;1;1;1;1;1;0;0;0;0;0;0;0;0;0;0;2.955304573e-09;0.1381352746;0.007545901246;79.08939501;20.76492381
363.778;1747836299.386;4:04:59 PM;1;3;3.885491242e-05;6.750582088e-06;1.866625615e-13;4.768056609e-13;4.860529201e-10;4.552887147e-12;1.720764087e-10;6.473057225e-13;2.373496582e-12;4.999999912e-15;2.866487936e-09;1.99432762e-11;6.64750921e-10;3.076039857e-13;3.404812578e-14;1;1;1;1;1;1;1;0;0;0;0;0;0;0;0;0;0;7.332976054e-09;0.1377930589;0.007505314005;78.97946496;20.87523667
365.644;1747836301.252;4:05:01 PM;1;3;3.888140782e-05;6.711885362e-06;1.85124824e-13;4.465698644e-13;4.880771898e-10;4.541568076e-12;1.731522148e-10;7.067403845e-13;2.400879842e-12;4.999999912e-15;2.902980301e-09;2.007449242e-11;6.698249178e-10;3.374366216e-13;4.126396897e-14;1;1;1;1;1;1;1;0;0;0;0;0;0;0;0;0;0;4.642570173e-09;0.1358007954;0.008362723059;79.06107348;20.794763
367.511;1747836303.119;4:05:03 PM;1;3;3.888192077e-05;6.68877783e-06;1.780613282e-13;4.834057417e-13;4.876181681e-10;4.660607403e-12;1.730516841e-10;7.525807234e-13;2.40304391e-12;4.999999912e-15;2.874093852e-09;1.984400665e-11;6.596941327e-10;2.743668194e-13;7.042156029e-14;1;1;1;1;1;1;1;0;0;0;0;0;0;0;0;0;0;6.667258329e-09;0.1410216003;0.006516172107;79.1350565;20.71740573
369.377;1747836304.985;4:05:04 PM;1;3;3.874862159e-05;6.696471246e-06;1.605347257e-13;4.289132797e-13;4.841608225e-10;4.664539154e-12;1.721334603e-10;8.214392708e-13;2.497103869e-12;2.206221147e-14;2.881421324e-09;1.981478696e-11;6.624523152e-10;2.350238873e-13;1.755001106e-14;1;1;1;1;1;1;1;0;0;0;0;0;0;0;0;0;0;1.138620481e-09;0.1406127745;0.005171074635;79.11431057;20.73990558
371.243;1747836306.851;4:05:06 PM;1;3;3.881307566e-05;6.711885362e-06;8.826924922e-14;3.42788623e-13;4.852787616e-10;4.683528738e-12;1.730875582e-10;8.319067006e-13;2.5385514e-12;3.7683188e-14;2.884676276e-09;1.979147228e-11;6.698080979e-10;1.721651928e-13;4.999999912e-15;1;1;1;1;1;1;1;0;0;0;0;0;0;0;0;0;0;9.088407525e-09;0.1404428709;0.003163658512;78.95810118;20.89829229
373.11;1747836308.718;4:05:08 PM;1;3;3.879932046e-05;6.76352829e-06;1.036472815e-13;3.770637502e-13;4.882361737e-10;4.57658e-12;1.729025534e-10;8.001915103e-13;2.587394491e-12;5.587287157e-14;2.878254968e-09;2.000645656e-11;6.642769113e-10;1.916531848e-13;4.999999912e-15;1;1;1;1;1;1;1;0;0;0;0;0;0;0;0;0;0;4.506073122e-09;0.1377296362;0.003786562657;79.05686461;20.80161919
374.976;1747836310.584;4:05:10 PM;1;3;3.877964991e-05;6.719605608e-06;9.113169204e-14;3.301231901e-13;4.846947843e-10;4.578313423e-12;1.720488751e-10;7.951032411e-13;2.512002759e-12;7.663927679e-14;2.873749683e-09;1.973594205e-11;6.638456451e-10;1.879589014e-13;4.999999912e-15;1;1;1;1;1;1;1;0;0;0;0;0;0;0;0;0;0;9.173753712e-09;0.1378520295;0.003676125505;79.04323703;20.81523481
376.843;1747836312.451;4:05:12 PM;1;3;3.890406879e-05;6.683646461e-06;1.484995259e-13;3.446389495e-13;4.854460722e-10;4.525070423e-12;1.723268611e-10;7.390048317e-13;2.512468315e-12;3.927071071e-14;2.868049132e-09;1.987395144e-11;6.641134864e-10;2.423119214e-13;4.999999912e-15;1;1;1;1;1;1;1;0;0;0;0;0;0;0;0;0;0;5.595449857e-09;0.1365012651;0.005394816192;79.00395502;20.8541489
378.709;1747836314.317;4:05:14 PM;1;3;3.869030479e-05;6.691326234e-06;1.677276617e-13;4.051460773e-13;4.839491585e-10;4.560081479e-12;1.71907974e-10;6.808126111e-13;2.419823456e-12;1.260021987e-14;2.887066364e-09;1.986142154e-11;6.630786475e-10;2.769006812e-13;2.435664754e-14;1;1;1;1;1;1;1;0;0;0;0;0;0;0;0;0;0;1.70283845e-10;0.1371205053;0.006488387593;79.13371607;20.72267504
380.575;1747836316.183;4:05:16 PM;1;3;3.87682594e-05;6.732499514e-06;1.767410816e-13;4.867132088e-13;4.839805778e-10;4.588450713e-12;1.719755588e-10;7.048880793e-13;2.416996724e-12;4.999999912e-15;2.869116722e-09;1.982959977e-11;6.652604023e-10;3.303034116e-13;4.372068977e-14;1;1;1;1;1;1;1;0;0;0;0;0;0;0;0;0;0;7.597925248e-09;0.1387986545;0.008231555442;78.97953732;20.87343247
382.442;1747836318.050;4:05:18 PM;1;3;3.883695899e-05;6.747996395e-06;1.844940894e-13;4.573968157e-13;4.84406959e-10;4.659115541e-12;1.721488924e-10;6.793311573e-13;2.388903094e-12;4.999999912e-15;2.872637683e-09;1.969020953e-11;6.625643922e-10;3.342889117e-13;5.168874226e-14;1;1;1;1;1;1;1;0;0;0;0;0;0;0;0;0;0;4.514813635e-09;0.1408695535;0.008369367079;79.06017736;20.79058372
384.308;1747836319.916;4:05:19 PM;1;3;3.876433766e-05;6.67851873e-06;1.216413445e-13;4.320953046e-13;4.839962875e-10;4.630121807e-12;1.719276804e-10;7.436007105e-13;2.450663587e-12;4.999999912e-15;2.858081993e-09;1.976975181e-11;6.63060884e-10;2.616988928e-13;2.512477429e-14;1;1;1;1;1;1;1;0;0;0;0;0;0;0;0;0;0;5.51778656e-10;0.1403827202;0.006059518479;78.96997307;20.88358469
386.175;1747836321.783;4:05:21 PM;1;3;3.881537123e-05;6.76352829e-06;1.886080539e-13;3.086534121e-13;4.866321235e-10;4.589201848e-12;1.727087084e-10;7.528207116e-13;2.532174557e-12;4.999999912e-15;2.870903515e-09;1.965739203e-11;6.628324001e-10;2.07855624e-13;5.722395349e-15;1;1;1;1;1;1;1;0;0;0;0;0;0;0;0;0;0;8.229123762e-09;0.138346895;0.004307758278;79.04840203;20.80894332
388.041;1747836323.649;4:05:23 PM;1;3;3.874504182e-05;6.67851873e-06;7.369120234e-14;4.017559126e-13;4.88163121e-10;4.652761683e-12;1.730728894e-10;7.901758132e-13;2.481085866e-12;4.999999912e-15;2.863584259e-09;1.992646326e-11;6.631019622e-10;1.845129952e-13;4.999999912e-15;1;1;1;1;1;1;1;0;0;0;0;0;0;0;0;0;0;3.890818226e-09;0.1407057532;0.003577292822;78.99922072;20.85649624
389.907;1747836325.515;4:05:25 PM;1;3;3.878691132e-05;6.76872105e-06;5.969012719e-14;3.109478007e-13;4.849541879e-10;4.588187035e-12;1.72232964e-10;7.939009693e-13;2.523879543e-12;4.415428933e-14;2.878572491e-09;1.97101762e-11;6.598910862e-10;1.738970974e-13;4.999999912e-15;1;1;1;1;1;1;1;0;0;0;0;0;0;0;0;0;0;1.197530354e-08;0.1380518416;0.003232965019;79.16230973;20.69640546
391.774;1747836327.382;4:05:27 PM;1;3;3.898603245e-05;6.691326234e-06;7.135545816e-14;3.009163556e-13;4.834313505e-10;4.505334907e-12;1.715779741e-10;7.999549374e-13;2.599886235e-12;6.411919471e-14;2.893249862e-09;1.982294016e-11;6.651404427e-10;1.54661982e-13;4.999999912e-15;1;1;1;1;1;1;1;0;0;0;0;0;0;0;0;0;0;1.175839001e-08;0.134767962;0.002613517065;79.1260169;20.73660162
393.64;1747836329.248;4:05:29 PM;1;3;3.875647599e-05;6.675967143e-06;1.393635776e-13;3.643803466e-13;4.861086533e-10;4.515114411e-12;1.722724741e-10;6.832415493e-13;2.523830537e-12;9.822008387e-14;2.883559391e-09;1.990324398e-11;6.641291406e-10;2.428814257e-13;4.999999912e-15;1;1;1;1;1;1;1;0;0;0;0;0;0;0;0;0;0;3.989424794e-09;0.135673563;0.005390194862;79.09167554;20.76726071
395.507;1747836331.115;4:05:31 PM;1;3;3.877340714e-05;6.69389874e-06;1.944613632e-13;3.564268292e-13;4.855164604e-10;4.454893485e-12;1.722624543e-10;6.602060478e-13;2.422701796e-12;1.094647613e-14;2.878427718e-09;1.98784305e-11;6.636833305e-10;2.973380277e-13;6.269544752e-14;1;1;1;1;1;1;1;0;0;0;0;0;0;0;0;0;0;2.458444142e-09;0.1340624885;0.007211105143;79.07291986;20.78580654
397.373;1747836332.981;4:05:32 PM;1;3;3.871165973e-05;6.729920187e-06;2.242646308e-13;4.112044906e-13;4.877367954e-10;4.545666361e-12;1.727333554e-10;6.896508646e-13;2.462688256e-12;4.999999912e-15;2.876236804e-09;1.979117044e-11;6.631487026e-10;3.441028658e-13;3.620964883e-14;1;1;1;1;1;1;1;0;0;0;0;0;0;0;0;0;0;2.593429766e-09;0.1371105351;0.008640393686;79.06916159;20.78508748
399.239;1747836334.847;4:05:34 PM;1;3;3.878993084e-05;6.652976481e-06;2.603129843e-13;4.816777402e-13;4.857145242e-10;4.620651518e-12;1.720979609e-10;7.037275493e-13;2.418603946e-12;4.999999912e-15;2.874582572e-09;1.981929378e-11;6.651806883e-10;2.908151693e-13;1.154206396e-13;1;1;1;1;1;1;1;0;0;0;0;0;0;0;0;0;0;9.410739176e-09;0.1396419469;0.007101529552;79.01313532;20.8401212
401.106;1747836336.714;4:05:36 PM;1;3;3.891764572e-05;6.758346899e-06;2.249048116e-13;4.656287292e-13;4.874505244e-10;4.659931295e-12;1.727500226e-10;7.857363306e-13;2.483555896e-12;4.999999912e-15;2.880386818e-09;1.978063199e-11;6.632365213e-10;2.146298953e-13;7.280011012e-14;1;1;1;1;1;1;1;0;0;0;0;0;0;0;0;0;0;6.498092055e-09;0.1406170082;0.004625544646;79.09025801;20.76449943
402.972;1747836338.580;4:05:38 PM;1;3;3.871783338e-05;6.79211189e-06;1.326470536e-13;3.867164022e-13;4.869178949e-10;4.748938656e-12;1.735417365e-10;7.745946896e-13;2.450330954e-12;4.999999912e-15;2.866202164e-09;1.960641718e-11;6.60910493e-10;2.058140577e-13;1.81374318e-14;1;1;1;1;1;1;1;0;0;0;0;0;0;0;0;0;0;4.338863167e-09;0.1436746494;0.004272379017;79.05881896;20.79323401
404.839;1747836340.447;4:05:40 PM;1;3;3.880333679e-05;6.815575944e-06;8.651543701e-14;3.736079371e-13;4.857755864e-10;4.576911333e-12;1.71791581e-10;8.235100427e-13;2.531476981e-12;1.241653146e-14;2.879755323e-09;1.985763637e-11;6.679476416e-10;1.597063546e-13;4.999999912e-15;1;1;1;1;1;1;1;0;0;0;0;0;0;0;0;0;0;5.350068856e-09;0.1375358276;0.002778758083;78.98409744;20.87558798
406.705;1747836342.313;4:05:42 PM;1;3;3.900919546e-05;6.701604889e-06;8.297050248e-14;3.432605762e-13;4.855161273e-10;4.598265345e-12;1.722911397e-10;7.950664324e-13;2.525371188e-12;7.157647955e-14;2.885885975e-09;1.972783222e-11;6.61455557e-10;1.737800984e-13;9.492854941e-15;1;1;1;1;1;1;1;0;0;0;0;0;0;0;0;0;0;8.416000904e-09;0.1381358179;0.003229179232;79.16629468;20.69234032
408.571;1747836344.179;4:05:44 PM;1;3;3.89007073e-05;6.76872105e-06;8.026785752e-14;3.249423842e-13;4.862454328e-10;4.477368996e-12;1.726292165e-10;7.650554994e-13;2.511457839e-12;6.362088861e-14;2.880917727e-09;1.996495157e-11;6.654148343e-10;2.802704087e-13;4.999999912e-15;1;1;1;1;1;1;1;0;0;0;0;0;0;0;0;0;0;9.040545321e-09;0.134389216;0.006565971345;79.04518386;20.81386096
410.438;1747836346.046;4:05:46 PM;1;3;3.900232696e-05;6.776499504e-06;1.610569046e-13;3.3378717e-13;4.874476933e-10;4.559580144e-12;1.730355581e-10;7.429480208e-13;2.497140082e-12;2.643154453e-14;2.875822469e-09;2.008031415e-11;6.66276867e-10;1.712203242e-13;4.999999912e-15;1;1;1;1;1;1;1;0;0;0;0;0;0;0;0;0;0;6.516437783e-09;0.137153925;0.003144584495;78.99600266;20.86369883
412.304;1747836347.912;4:05:47 PM;1;3;3.888547872e-05;6.681078503e-06;1.947545857e-13;4.284413536e-13;4.849471935e-10;4.522866023e-12;1.723058501e-10;7.087038205e-13;2.483250584e-12;2.779107646e-14;2.878955296e-09;1.990135313e-11;6.659436336e-10;2.816573472e-13;1.793033563e-14;1;1;1;1;1;1;1;0;0;0;0;0;0;0;0;0;0;3.464684284e-09;0.1362428708;0.00663483523;79.02092371;20.83619859
414.171;1747836349.779;4:05:49 PM;1;3;3.877234849e-05;6.686208053e-06;2.202034535e-13;4.240610413e-13;4.850090329e-10;4.634536678e-12;1.735736971e-10;7.356780116e-13;2.415074217e-12;5.350032466e-15;2.888429496e-09;1.988040114e-11;6.662651542e-10;3.408222326e-13;6.933731069e-14;1;1;1;1;1;1;1;0;0;0;0;0;0;0;0;0;0;2.81119847e-09;0.1392946263;0.008559306026;79.05540799;20.79673808
416.037;1747836351.645;4:05:51 PM;1;3;3.886486957e-05;6.732499514e-06;2.247868368e-13;4.742683026e-13;4.866883563e-10;4.549716506e-12;1.717450071e-10;7.700586046e-13;2.462728589e-12;4.999999912e-15;2.871421101e-09;1.988917017e-11;6.664122032e-10;2.913866251e-13;9.988278921e-14;1;1;1;1;1;1;1;0;0;0;0;0;0;0;0;0;0;8.304110441e-09;0.1374749175;0.007095909278;78.97112046;20.88430872
417.903;1747836353.511;4:05:53 PM;1;3;3.873715468e-05;6.802530606e-06;2.16498179e-13;4.903527671e-13;4.879427973e-10;4.644058142e-12;1.737380656e-10;7.845420819e-13;2.52490303e-12;4.999999912e-15;2.884526618e-09;1.976885149e-11;6.652604578e-10;2.452042475e-13;5.887769384e-14;1;1;1;1;1;1;1;0;0;0;0;0;0;0;0;0;0;8.63444086e-09;0.1399396947;0.0055521674;79.06082759;20.79368055
419.77;1747836355.378;4:05:55 PM;1;3;3.864759492e-05;6.660628969e-06;1.553310296e-13;4.287395634e-13;4.874482484e-10;4.690996289e-12;1.730592891e-10;8.080115895e-13;2.471561367e-12;1.962640391e-14;2.873768556e-09;1.977448066e-11;6.673758213e-10;1.712611308e-13;3.86987263e-14;1;1;1;1;1;1;1;0;0;0;0;0;0;0;0;0;0;7.169254555e-10;0.1414752889;0.003205056388;78.95520707;20.90011259
421.636;1747836357.244;4:05:57 PM;1;3;3.888378342e-05;6.727334494e-06;8.158655907e-14;3.152056253e-13;4.860803426e-10;4.613372618e-12;1.726340598e-10;8.414250199e-13;2.541430824e-12;4.999999912e-15;2.869024796e-09;1.984241937e-11;6.635642591e-10;1.760481545e-13;4.999999912e-15;1;1;1;1;1;1;1;0;0;0;0;0;0;0;0;0;0;1.114905455e-08;0.1390513262;0.003305250783;79.02085634;20.83678709
423.503;1747836359.111;4:05:59 PM;1;3;3.885295155e-05;6.766127626e-06;7.732525828e-14;3.061533503e-13;4.859683211e-10;4.537696607e-12;1.729714011e-10;7.81296848e-13;2.545043169e-12;9.212433334e-14;2.883847161e-09;1.996276061e-11;6.683766873e-10;1.593494081e-13;4.999999912e-15;1;1;1;1;1;1;1;0;0;0;0;0;0;0;0;0;0;1.139956936e-08;0.1359592592;0.002763974106;78.99197697;20.8692998
425.369;1747836360.977;4:06:00 PM;1;3;3.891165034e-05;6.675967143e-06;1.168075375e-13;3.606218785e-13;4.871940074e-10;4.509822203e-12;1.729877352e-10;7.544580737e-13;2.58102849e-12;4.280422045e-14;2.873265403e-09;1.984957511e-11;6.651937889e-10;1.795403426e-13;4.999999912e-15;1;1;1;1;1;1;1;0;0;0;0;0;0;0;0;0;0;4.97545667e-09;0.1357999507;0.003409654953;79.00795606;20.85283434
427.235;1747836362.843;4:06:02 PM;1;3;3.870373621e-05;6.735072475e-06;1.397160518e-13;3.350590205e-13;4.845834289e-10;4.582063028e-12;1.723400034e-10;7.061749189e-13;2.488061406e-12;1.479210566e-14;2.869327442e-09;1.982171025e-11;6.624895632e-10;2.110709882e-13;4.999999912e-15;1;1;1;1;1;1;1;0;0;0;0;0;0;0;0;0;0;7.26600895e-09;0.1382435514;0.004410642419;79.0477785;20.8095673
429.102;1747836364.710;4:06:04 PM;1;3;3.8629747e-05;6.699031019e-06;2.168098329e-13;3.765251186e-13;4.831844369e-10;4.493383964e-12;1.716207731e-10;7.94778143e-13;2.444823207e-12;4.999999912e-15;2.870413685e-09;1.976947252e-11;6.599644164e-10;2.99825594e-13;4.999999912e-15;1;1;1;1;1;1;1;0;0;0;0;0;0;0;0;0;0;3.021123168e-10;0.1357807824;0.007213311364;79.11555945;20.74144645
430.968;1747836366.576;4:06:06 PM;1;3;3.864320752e-05;6.701604889e-06;2.057254242e-13;4.766170097e-13;4.840469692e-10;4.519197516e-12;1.713044429e-10;6.852695494e-13;2.428696784e-12;4.999999912e-15;2.86589108e-09;1.984082169e-11;6.621698745e-10;2.705729521e-13;7.915673325e-14;1;1;1;1;1;1;1;0;0;0;0;0;0;0;0;0;0;8.215114919e-09;0.1369223601;0.006423324494;79.0406518;20.81600251
432.835;1747836368.443;4:06:08 PM;1;3;3.883449608e-05;6.786908671e-06;2.257814432e-13;5.197398501e-13;4.838153767e-10;4.625634077e-12;1.715901726e-10;7.65222846e-13;2.457036744e-12;4.999999912e-15;2.871511473e-09;1.979504234e-11;6.614365722e-10;2.491947078e-13;1.184085246e-13;1;1;1;1;1;1;1;0;0;0;0;0;0;0;0;0;0;1.176230698e-08;0.1401579126;0.005809316681;79.08546135;20.76857142
434.701;1747836370.309;4:06:10 PM;1;3;3.869361171e-05;6.747996395e-06;1.863509482e-13;4.557609715e-13;4.845342461e-10;4.682624514e-12;1.73016948e-10;7.952117697e-13;2.475946097e-12;4.999999912e-15;2.877413419e-09;1.991956426e-11;6.637379535e-10;2.310787195e-13;7.823726205e-14;1;1;1;1;1;1;1;0;0;0;0;0;0;0;0;0;0;4.204725577e-09;0.1413540401;0.005155751314;79.05686591;20.7966243
436.567;1747836372.175;4:06:12 PM;1;3;3.859506614e-05;6.717023552e-06;1.03430231e-13;4.049832572e-13;4.858925484e-10;4.616084424e-12;1.717930659e-10;8.716638522e-13;2.569570641e-12;4.824434038e-14;2.868574267e-09;1.981311643e-11;6.676545428e-10;1.91225074e-13;4.999999912e-15;1;1;1;1;1;1;1;0;0;0;0;0;0;0;0;0;0;2.34212409e-09;0.1392650777;0.003779740923;78.9262759;20.93067929
438.434;1747836374.042;4:06:14 PM;1;3;3.871509034e-05;6.655526704e-06;6.145488984e-14;3.559230005e-13;4.868503378e-10;4.548819654e-12;1.723648169e-10;8.144673087e-13;2.581777674e-12;4.871876692e-14;2.870936822e-09;1.982557174e-11;6.600893721e-10;2.804939169e-13;4.999999912e-15;1;1;1;1;1;1;1;0;0;0;0;0;0;0;0;0;0;7.467077868e-09;0.1372272161;0.006600778844;79.11416134;20.74201067
440.3;1747836375.908;4:06:15 PM;1;3;3.860113065e-05;6.732499514e-06;5.902206892e-14;3.430320264e-13;4.860740144e-10;4.603217547e-12;1.728502202e-10;8.195654984e-13;2.615159608e-12;4.427078008e-14;2.88198021e-09;1.985267332e-11;6.650011652e-10;1.760526132e-13;4.999999912e-15;1;1;1;1;1;1;1;0;0;0;0;0;0;0;0;0;0;9.219203768e-09;0.1382547735;0.003292507326;79.05895604;20.79949668
442.167;1747836377.775;4:06:17 PM;1;3;3.871757508e-05;6.729920187e-06;1.182621709e-13;3.27830753e-13;4.854894264e-10;4.465522136e-12;1.711971259e-10;7.762075488e-13;2.521176193e-12;2.566441729e-14;2.85842261e-09;1.981970144e-11;6.618919302e-10;2.261727318e-13;4.999999912e-15;1;1;1;1;1;1;1;0;0;0;0;0;0;0;0;0;0;7.499591676e-09;0.1350429581;0.004902384747;79.00988882;20.85016584
444.033;1747836379.641;4:06:19 PM;1;3;3.877433119e-05;6.66317419e-06;1.614257773e-13;4.037466433e-13;4.832535483e-10;4.51285927e-12;1.713314352e-10;6.871115005e-13;2.495023936e-12;2.860849036e-14;2.859706916e-09;1.979817872e-11;6.616291404e-10;3.027099784e-13;4.999999912e-15;1;1;1;1;1;1;1;0;0;0;0;0;0;0;0;0;0;2.881859328e-10;0.1367315077;0.007321810554;79.01726491;20.83868177
445.899;1747836381.507;4:06:21 PM;1;3;3.880876102e-05;6.714464689e-06;1.828697377e-13;4.495079439e-13;4.850182478e-10;4.571431775e-12;1.721792153e-10;6.885910028e-13;2.489215431e-12;4.999999912e-15;2.876401561e-09;2.000823986e-11;6.70159872e-10;3.198129424e-13;8.574381541e-15;1;1;1;1;1;1;1;0;0;0;0;0;0;0;0;0;0;4.562733332e-09;0.1377001548;0.00781276112;78.90677393;20.94771316
447.766;1747836383.374;4:06:23 PM;1;3;3.884901525e-05;6.724764262e-06;2.062202812e-13;4.69214511e-13;4.877594995e-10;4.604345117e-12;1.738198474e-10;7.569481608e-13;2.456026051e-12;4.999999912e-15;2.89223645e-09;1.999099844e-11;6.635877958e-10;3.09041177e-13;8.942866792e-14;1;1;1;1;1;1;1;0;0;0;0;0;0;0;0;0;0;6.766106488e-09;0.138436789;0.007595791045;79.14160967;20.71235775
449.632;1747836385.240;4:06:25 PM;1;3;3.873301466e-05;6.658084658e-06;1.686555897e-13;4.727574669e-13;4.85813112e-10;4.638872186e-12;1.715223796e-10;7.807422786e-13;2.487665672e-12;4.999999912e-15;2.8943139e-09;1.996901949e-11;6.657972507e-10;2.407950955e-13;4.724423842e-14;1;1;1;1;1;1;1;0;0;0;0;0;0;0;0;0;0;5.612156088e-09;0.1393343624;0.005380089561;79.11321157;20.74207398
451.499;1747836387.107;4:06:27 PM;1;3;3.87569853e-05;6.760936685e-06;1.544384466e-13;3.849272246e-13;4.873797477e-10;4.663763299e-12;1.732286398e-10;7.989907564e-13;2.529936764e-12;4.999999912e-15;2.890738982e-09;1.993930715e-11;6.670572428e-10;1.571784288e-13;4.305511161e-14;1;1;1;1;1;1;1;0;0;0;0;0;0;0;0;0;0;3.03979464e-09;0.1398936653;0.00275759441;79.05787016;20.79947858
453.365;1747836388.973;4:06:28 PM;1;3;3.878973075e-05;6.745403425e-06;8.218196224e-14;3.497480896e-13;4.849834978e-10;4.602542306e-12;1.721899151e-10;8.283881935e-13;2.551894893e-12;1.619943735e-14;2.872488913e-09;1.995028448e-11;6.646745376e-10;2.336135842e-13;4.999999912e-15;1;1;1;1;1;1;1;0;0;0;0;0;0;0;0;0;0;7.89030761e-09;0.138650279;0.00511369271;79.01448768;20.84174835
455.231;1747836390.839;4:06:30 PM;1;3;3.8912538e-05;6.740236131e-06;8.098421022e-14;3.084503139e-13;4.850203017e-10;4.545465566e-12;1.72328582e-10;8.717071119e-13;2.595970531e-12;7.367626745e-14;2.87973001e-09;1.979842505e-11;6.635646477e-10;1.70981366e-13;4.999999912e-15;1;1;1;1;1;1;1;0;0;0;0;0;0;0;0;0;0;1.1150478e-08;0.1365616672;0.003136812006;79.08338958;20.77691194
457.098;1747836392.706;4:06:32 PM;1;3;3.888647188e-05;6.696471246e-06;1.019372846e-13;3.321791898e-13;4.85449847e-10;4.527135177e-12;1.725131288e-10;8.058331563e-13;2.578468255e-12;3.421838618e-14;2.890506279e-09;1.988802699e-11;6.661698415e-10;2.389640948e-13;4.999999912e-15;1;1;1;1;1;1;1;0;0;0;0;0;0;0;0;0;0;8.178951507e-09;0.1355840286;0.005254349674;79.08083137;20.77833026
458.964;1747836394.572;4:06:34 PM;1;3;3.888591891e-05;6.76352829e-06;1.44699194e-13;3.643992931e-13;4.857569902e-10;4.459493105e-12;1.729632826e-10;7.021575704e-13;2.551942381e-12;3.818647465e-14;2.882016181e-09;1.98295963e-11;6.631563076e-10;3.118060552e-13;3.384153445e-14;1;1;1;1;1;1;1;0;0;0;0;0;0;0;0;0;0;3.306688212e-09;0.1340624066;0.007609222777;79.10133447;20.75699391
460.831;1747836396.439;4:06:36 PM;1;3;3.874584218e-05;6.773910627e-06;1.89040637e-13;3.721891502e-13;4.854230351e-10;4.504698697e-12;1.715969034e-10;7.102779194e-13;2.513327437e-12;4.999999912e-15;2.888034478e-09;1.991145096e-11;6.63854749e-10;3.186321107e-13;2.571319961e-14;1;1;1;1;1;1;1;0;0;0;0;0;0;0;0;0;0;1.655284429e-09;0.1352800776;0.007796100157;79.12436108;20.73256274
462.697;1747836398.305;4:06:38 PM;1;3;3.890800508e-05;6.737660442e-06;2.313191685e-13;4.364989815e-13;4.859753711e-10;4.564595663e-12;1.731533805e-10;7.285059058e-13;2.456067034e-12;4.999999912e-15;2.883307593e-09;2.002649262e-11;6.614429005e-10;2.89412293e-13;4.111362401e-14;1;1;1;1;1;1;1;0;0;0;0;0;0;0;0;0;0;4.93359846e-09;0.1375871692;0.006919110852;79.14555975;20.70993397
464.563;1747836400.171;4:06:40 PM;1;3;3.884161197e-05;6.701604889e-06;1.643823288e-13;4.523549233e-13;4.843563328e-10;4.567022975e-12;1.721314619e-10;7.90375957e-13;2.48521646e-12;4.999999912e-15;2.87426527e-09;1.976676808e-11;6.663481988e-10;2.398552006e-13;5.070903007e-14;1;1;1;1;1;1;1;0;0;0;0;0;0;0;0;0;0;4.294009983e-09;0.1377972057;0.005384789018;78.98542109;20.87139692
466.43;1747836402.038;4:06:42 PM;1;3;3.8968632e-05;6.587008556e-06;1.456614506e-13;4.458445061e-13;4.862832359e-10;4.631613235e-12;1.729787286e-10;7.924558904e-13;2.515882684e-12;4.999999912e-15;2.881008099e-09;1.993361379e-11;6.638323224e-10;2.84882686e-13;4.999999912e-15;1;1;1;1;1;1;1;0;0;0;0;0;0;0;0;0;0;2.526274844e-09;0.1395724823;0.006713268248;79.07664104;20.77707321
468.296;1747836403.904;4:06:43 PM;1;3;3.895553527e-05;6.704166481e-06;1.223855679e-13;3.660605619e-13;4.85574525e-10;4.679201904e-12;1.730838944e-10;8.151742085e-13;2.592424973e-12;2.391757277e-14;2.905165664e-09;2.003019972e-11;6.705724309e-10;2.175241595e-13;4.999999912e-15;1;1;1;1;1;1;1;0;0;0;0;0;0;0;0;0;0;5.88380126e-09;0.1396104265;0.004558774719;79.05390045;20.80193035
470.163;1747836405.771;4:06:45 PM;1;3;3.895095142e-05;6.779103387e-06;3.304851171e-14;3.311526671e-13;4.888316973e-10;4.634998982e-12;1.738530292e-10;8.298846636e-13;2.647036019e-12;3.989447932e-14;2.905951035e-09;1.999824785e-11;6.702664535e-10;2.699571252e-13;4.999999912e-15;1;1;1;1;1;1;1;0;0;0;0;0;0;0;0;0;0;1.139304538e-08;0.1380408761;0.006190313288;79.0640897;20.79167911
472.029;1747836407.637;4:06:47 PM;1;3;3.923307668e-05;6.771315384e-06;8.235271731e-14;3.455858375e-13;4.931876019e-10;4.580813159e-12;1.75485862e-10;8.20745273e-13;2.658665822e-12;4.584487561e-14;2.93028668e-09;2.010188023e-11;6.756940008e-10;2.489936425e-13;4.999999912e-15;1;1;1;1;1;1;1;0;0;0;0;0;0;0;0;0;0;8.061438542e-09;0.1353542327;0.00549176044;79.07024631;20.7889077
473.895;1747836409.503;4:06:49 PM;1;3;3.917998765e-05;6.805137673e-06;1.170101613e-13;3.415211907e-13;4.94367991e-10;4.521789627e-12;1.750196932e-10;7.88946328e-13;2.553994776e-12;6.29274329e-14;2.927942555e-09;2.018098015e-11;6.745745074e-10;3.08964036e-13;4.999999912e-15;1;1;1;1;1;1;1;0;0;0;0;0;0;0;0;0;0;6.816633134e-09;0.1337184837;0.007350834833;79.08655269;20.772378
475.762;1747836411.370;4:06:51 PM;1;3;3.94578019e-05;6.818188467e-06;1.738050079e-13;4.151182978e-13;4.940285958e-10;4.492187004e-12;1.746040396e-10;7.150345312e-13;2.533349181e-12;6.420980013e-14;2.933254084e-09;2.039941827e-11;6.761518012e-10;3.379170316e-13;1.592564242e-14;1;1;1;1;1;1;1;0;0;0;0;0;0;0;0;0;0;1.894611115e-09;0.1328406155;0.008249633077;79.08118428;20.77772547
477.628;1747836413.236;4:06:53 PM;1;3;3.962720075e-05;6.87592501e-06;2.388879567e-13;4.389064524e-13;4.970604484e-10;4.568596803e-12;1.766096436e-10;7.2686708e-13;2.548403545e-12;4.999999912e-15;2.950241385e-09;2.038786674e-11;6.836342048e-10;3.788618724e-13;3.412230554e-14;1;1;1;1;1;1;1;0;0;0;0;0;0;0;0;0;0;5.34797834e-09;0.1343380877;0.009478502737;78.9924176;20.86376581
479.495;1747836415.103;4:06:55 PM;1;3;3.955483044e-05;6.766127626e-06;1.836154655e-13;4.624799892e-13;4.969212819e-10;4.661685534e-12;1.766671254e-10;7.281267061e-13;2.55681175e-12;4.999999912e-15;2.959952505e-09;2.064193781e-11;6.849254497e-10;3.367994089e-13;8.164282239e-14;1;1;1;1;1;1;1;0;0;0;0;0;0;0;0;0;0;4.925952269e-09;0.1367380987;0.008245933292;79.01445775;20.84055822
481.361;1747836416.969;4:06:56 PM;1;3;3.987425225e-05;6.868032415e-06;2.032951037e-13;4.123021911e-13;4.984455071e-10;4.633021397e-12;1.765415175e-10;8.101645982e-13;2.756557352e-12;4.999999912e-15;2.951886735e-09;2.060612618e-11;6.844463885e-10;3.128743467e-13;3.45514226e-14;1;1;1;1;1;1;1;0;0;0;0;0;0;0;0;0;0;1.236522485e-09;0.136062551;0.007451589057;78.98468857;20.87179729
483.227;1747836418.835;4:06:58 PM;1;3;3.963782729e-05;6.918217878e-06;1.941970077e-13;3.878315312e-13;5.002535053e-10;4.686306031e-12;1.771030683e-10;9.081328896e-13;2.943527583e-12;8.981594324e-15;2.971020985e-09;2.033069893e-11;6.845879974e-10;2.792239909e-13;2.557679342e-14;1;1;1;1;1;1;1;0;0;0;0;0;0;0;0;0;0;1.762760927e-09;0.1368760357;0.006373047014;79.08402744;20.77272348
485.094;1747836420.702;4:07:00 PM;1;3;3.980397742e-05;6.818188467e-06;7.243819666e-14;3.43325791e-13;5.005118542e-10;4.671987189e-12;1.781011866e-10;1.00403518e-12;3.196492333e-12;1.37954867e-14;2.96621816e-09;2.054468748e-11;6.866181512e-10;2.316039071e-13;4.999999912e-15;1;1;1;1;1;1;1;0;0;0;0;0;0;0;0;0;0;9.419110385e-09;0.1362989307;0.004890434882;79.00860298;20.85020765
486.96;1747836422.568;4:07:02 PM;1;3;3.991153062e-05;6.897043022e-06;1.243638845e-13;3.223951325e-13;5.018754856e-10;4.675234592e-12;1.783175829e-10;1.017222764e-12;3.330251439e-12;3.47888832e-14;2.977320168e-09;2.048650138e-11;6.907008299e-10;2.475634172e-13;4.999999912e-15;1;1;1;1;1;1;1;0;0;0;0;0;0;0;0;0;0;9.755121308e-09;0.1358256002;0.005354877225;78.97628281;20.88253672
488.827;1747836424.435;4:07:04 PM;1;3;3.986024967e-05;6.873290204e-06;1.324265269e-13;3.538033039e-13;5.041784212e-10;4.651699598e-12;1.791295168e-10;1.012294523e-12;3.476543055e-12;4.899654968e-14;2.976081603e-09;2.088986796e-11;6.871128111e-10;3.164551954e-13;1.380295075e-14;1;1;1;1;1;1;1;0;0;0;0;0;0;0;0;0;0;6.433578114e-09;0.1353803979;0.007470120048;79.04720932;20.80994017
490.693;1747836426.301;4:07:06 PM;1;3;3.995352017e-05;6.802530606e-06;1.223756339e-13;3.881336441e-13;5.012119608e-10;4.560138725e-12;1.781330916e-10;9.986989534e-13;3.600082472e-12;1.383182187e-14;2.966498824e-09;2.046181106e-11;6.85205559e-10;3.725062251e-13;8.619435732e-14;1;1;1;1;1;1;1;0;0;0;0;0;0;0;0;0;0;2.771167487e-09;0.1331761945;0.009325721281;79.04160578;20.8158923
492.559;1747836428.167;4:07:08 PM;1;3;3.986141382e-05;6.881195986e-06;2.271788443e-13;4.224222968e-13;5.024358152e-10;4.618692581e-12;1.778551056e-10;1.054051161e-12;3.678752615e-12;4.999999912e-15;2.969761992e-09;2.061223067e-11;6.846767042e-10;3.992360099e-13;4.999999912e-15;1;1;1;1;1;1;1;0;0;0;0;0;0;0;0;0;0;3.023988274e-09;0.135008473;0.009996317776;79.07180122;20.78319399
494.426;1747836430.034;4:07:10 PM;1;3;4.000743502e-05;6.942141226e-06;1.877085049e-13;4.591297503e-13;5.039691442e-10;4.68480723e-12;1.785027126e-10;1.103096455e-12;3.775950472e-12;4.999999912e-15;2.990064862e-09;2.055925048e-11;6.90268287e-10;3.782645041e-13;7.325462123e-14;1;1;1;1;1;1;1;0;0;0;0;0;0;0;0;0;0;4.532392948e-09;0.1360881605;0.009406586867;79.05211106;20.80239419
496.292;1747836431.900;4:07:11 PM;1;3;4.004473885e-05;6.891759313e-06;2.231694376e-13;4.794769182e-13;5.027564476e-10;4.643787525e-12;1.784812714e-10;1.154945605e-12;3.967322564e-12;4.999999912e-15;2.981912717e-09;2.067254354e-11;6.896974103e-10;3.388379529e-13;1.139764823e-13;1;1;1;1;1;1;1;0;0;0;0;0;0;0;0;0;0;7.853519807e-09;0.1352798479;0.008301079706;79.02174167;20.8346774
498.159;1747836433.767;4:07:13 PM;1;3;4.001011985e-05;6.886486972e-06;1.487782879e-13;4.411556027e-13;5.044313856e-10;4.76578282e-12;1.78964496e-10;1.213833613e-12;4.112098682e-12;4.999999912e-15;2.988455261e-09;2.055568389e-11;6.906846206e-10;3.22396542e-13;8.412195907e-14;1;1;1;1;1;1;1;0;0;0;0;0;0;0;0;0;0;9.489342641e-10;0.1384296314;0.007736021412;79.03155336;20.82228099
500.025;1747836435.633;4:07:15 PM;1;3;4.027796604e-05;6.992876024e-06;1.473435902e-13;3.791266888e-13;5.095450173e-10;4.700643954e-12;1.797272331e-10;1.312256944e-12;4.210748937e-12;4.999999912e-15;2.9983942e-09;2.05722106e-11;6.937494468e-10;2.510804607e-13;4.999999912e-15;1;1;1;1;1;1;1;0;0;0;0;0;0;0;0;0;0;4.127975472e-09;0.1358385923;0.005425085641;79.02028108;20.83845524
501.891;1747836437.499;4:07:17 PM;1;3;4.017495303e-05;6.852252227e-06;1.090182157e-13;3.356678813e-13;5.049760055e-10;4.603890186e-12;1.789650789e-10;1.252425897e-12;4.25244822e-12;7.922093835e-14;2.996049853e-09;2.068598071e-11;6.940624186e-10;2.670090711e-13;4.999999912e-15;1;1;1;1;1;1;1;0;0;0;0;0;0;0;0;0;0;8.357471696e-09;0.1329404915;0.005910064242;79.00256429;20.85858515
503.758;1747836439.366;4:07:19 PM;1;3;4.015351806e-05;6.95545441e-06;8.855799259e-14;3.299788557e-13;5.043753193e-10;4.551996367e-12;1.789330212e-10;1.26793194e-12;4.341456014e-12;5.761772895e-14;2.989764214e-09;2.072421228e-11;6.913021267e-10;3.936952489e-13;4.999999912e-15;1;1;1;1;1;1;1;0;0;0;0;0;0;0;0;0;0;9.021421299e-09;0.1316934645;0.009757087555;79.02851386;20.83003558
505.624;1747836441.232;4:07:21 PM;1;3;4.020753477e-05;6.947448128e-06;1.26008172e-13;3.911569148e-13;5.036011053e-10;4.614285516e-12;1.79036716e-10;1.223397794e-12;4.321573481e-12;3.881074132e-14;2.990404369e-09;2.078791653e-11;6.893881577e-10;3.811966476e-13;1.61660812e-14;1;1;1;1;1;1;1;0;0;0;0;0;0;0;0;0;0;2.887907335e-09;0.1337857956;0.009401299881;79.07249801;20.78431489
507.491;1747836443.099;4:07:23 PM;1;3;4.040009298e-05;6.912925983e-06;2.415567475e-13;5.092025434e-13;5.05954223e-10;4.55848163e-12;1.787723719e-10;1.204540048e-12;4.344480071e-12;1.08130659e-14;3.004336335e-09;2.084333227e-11;6.924417151e-10;4.439289106e-13;1.94631129e-14;1;1;1;1;1;1;1;0;0;0;0;0;0;0;0;0;0;1.191370572e-08;0.1319627993;0.01125431437;79.08168564;20.77509724
509.357;1747836444.965;4:07:24 PM;1;3;4.028528201e-05;6.915575341e-06;2.31668146e-13;4.504961129e-13;5.062861796e-10;4.635655575e-12;1.793697274e-10;1.316520677e-12;4.280915466e-12;4.999999912e-15;3.012429195e-09;2.074172605e-11;6.952876608e-10;4.661792328e-13;6.437408386e-14;1;1;1;1;1;1;1;0;0;0;0;0;0;0;0;0;0;5.556182479e-09;0.1336696682;0.01196411107;79.05629961;20.79806661
511.223;1747836446.831;4:07:26 PM;1;3;4.010040357e-05;6.95278186e-06;1.709176556e-13;4.864851469e-13;5.078782395e-10;4.707630553e-12;1.799599358e-10;1.286121275e-12;4.417292487e-12;4.999999912e-15;2.995861781e-09;2.074087777e-11;6.932859842e-10;4.916386308e-13;6.869413485e-14;1;1;1;1;1;1;1;0;0;0;0;0;0;0;0;0;0;6.290465163e-09;0.1364592448;0.01279580451;79.00813706;20.84260789
513.09;1747836448.698;4:07:28 PM;1;3;4.019216431e-05;6.963447049e-06;1.229346757e-13;4.113692351e-13;5.076069565e-10;4.745140478e-12;1.803054928e-10;1.325112546e-12;4.608340619e-12;4.999999912e-15;3.021621175e-09;2.072265623e-11;6.954041787e-10;3.382261376e-13;1.140397557e-14;1;1;1;1;1;1;1;0;0;0;0;0;0;0;0;0;0;2.361363014e-09;0.1363374711;0.008012413003;79.09984615;20.75580397
514.956;1747836450.564;4:07:30 PM;1;3;4.023759175e-05;6.990188922e-06;1.146310965e-13;3.712890726e-13;5.079088261e-10;4.681893762e-12;1.798813876e-10;1.333073734e-12;4.603839879e-12;4.999999912e-15;3.011511929e-09;2.079074239e-11;6.970183875e-10;3.211092687e-13;4.999999912e-15;1;1;1;1;1;1;1;0;0;0;0;0;0;0;0;0;0;5.672013551e-09;0.134662947;0.007505111668;79.01420339;20.84362855
516.823;1747836452.431;4:07:32 PM;1;3;4.028599869e-05;6.886486972e-06;9.955873474e-14;3.286018376e-13;5.094517586e-10;4.633197038e-12;1.794415033e-10;1.36689477e-12;4.607438129e-12;5.04740733e-14;3.003859828e-09;2.068943454e-11;6.9597067e-10;3.724933231e-13;4.999999912e-15;1;1;1;1;1;1;1;0;0;0;0;0;0;0;0;0;0;9.563002268e-09;0.1334020596;0.009068288301;79.00015791;20.85737174
518.689;1747836454.297;4:07:34 PM;1;3;4.012510908e-05;6.963447049e-06;1.128399471e-13;3.412897135e-13;5.059658248e-10;4.589193608e-12;1.798326071e-10;1.323982482e-12;4.640926532e-12;2.391010025e-14;3.011000782e-09;2.072189642e-11;6.976552114e-10;3.875905673e-13;4.999999912e-15;1;1;1;1;1;1;1;0;0;0;0;0;0;0;0;0;0;7.592361124e-09;0.1318679625;0.009501973973;78.99643343;20.86219663
520.555;1747836456.163;4:07:36 PM;1;3;4.024749069e-05;6.934149951e-06;1.186977491e-13;3.264702148e-13;5.096590372e-10;4.495009833e-12;1.803787952e-10;1.276430567e-12;4.613880892e-12;1.391743911e-14;3.015907302e-09;2.079534982e-11;6.951927367e-10;3.80465299e-13;4.999999912e-15;1;1;1;1;1;1;1;0;0;0;0;0;0;0;0;0;0;7.883925649e-09;0.1289790029;0.009281333335;79.08046583;20.78127384
522.422;1747836458.030;4:07:38 PM;1;3;4.014140359e-05;6.966115961e-06;1.709495176e-13;3.518160156e-13;5.020691085e-10;4.506444697e-12;1.785706583e-10;1.226590335e-12;4.583594788e-12;4.999999912e-15;2.986920267e-09;2.076770353e-11;6.89076296e-10;4.574326486e-13;4.999999912e-15;1;1;1;1;1;1;1;0;0;0;0;0;0;0;0;0;0;4.079646808e-09;0.1306758018;0.01170272134;79.06257516;20.79504632
524.288;1747836459.896;4:07:39 PM;1;3;4.0175084e-05;6.931493317e-06;2.436171924e-13;4.536716055e-13;5.035495354e-10;4.555608061e-12;1.797066523e-10;1.25542621e-12;4.657692634e-12;4.999999912e-15;3.003173266e-09;2.059658867e-11;6.920938822e-10;4.816210365e-13;8.729501226e-14;1;1;1;1;1;1;1;0;0;0;0;0;0;0;0;0;0;6.956215297e-09;0.1317863663;0.01250834394;79.07549805;20.78020724
526.155;1747836461.763;4:07:41 PM;1;3;4.035219536e-05;6.902330369e-06;2.294429024e-13;4.409748662e-13;5.08898923e-10;4.623716774e-12;1.799637661e-10;1.308970619e-12;4.561055093e-12;4.999999912e-15;3.006838556e-09;2.079253436e-11;6.973397415e-10;4.283303584e-13;6.155544282e-14;1;1;1;1;1;1;1;0;0;0;0;0;0;0;0;0;0;4.733271252e-09;0.1333874086;0.01083020745;78.980871;20.87491138
528.021;1747836463.629;4:07:43 PM;1;3;4.032926518e-05;6.915575341e-06;1.286724769e-13;4.466335342e-13;5.075045384e-10;4.603472551e-12;1.795811416e-10;1.371049975e-12;4.689367384e-12;4.999999912e-15;3.004197335e-09;2.068313402e-11;6.937901365e-10;4.169318428e-13;6.701898829e-14;1;1;1;1;1;1;1;0;0;0;0;0;0;0;0;0;0;2.337132714e-09;0.132952293;0.01051527971;79.04763702;20.80889541
529.887;1747836465.495;4:07:45 PM;1;3;4.009451732e-05;6.915575341e-06;9.465672468e-14;4.172295376e-13;5.074548559e-10;4.595402617e-12;1.792709453e-10;1.383773087e-12;4.784824013e-12;4.999999912e-15;3.001321192e-09;2.057617965e-11;6.942210695e-10;4.072891113e-13;4.999999912e-15;1;1;1;1;1;1;1;0;0;0;0;0;0;0;0;0;0;1.306546264e-09;0.132690159;0.01012808079;79.024676;20.83250576
531.754;1747836467.362;4:07:47 PM;1;3;4.012435238e-05;6.931493317e-06;8.72975127e-14;3.288856004e-13;5.039443307e-10;4.513674157e-12;1.79228174e-10;1.461564376e-12;4.755560962e-12;2.088090206e-14;2.997025073e-09;2.07753259e-11;6.951137999e-10;3.788185586e-13;4.999999912e-15;1;1;1;1;1;1;1;0;0;0;0;0;0;0;0;0;0;8.803384974e-09;0.1301745443;0.009279724709;78.98143979;20.87910594
533.62;1747836469.228;4:07:49 PM;1;3;4.00892859e-05;6.931493317e-06;1.180057977e-13;3.145196777e-13;5.029769934e-10;4.54967097e-12;1.790236986e-10;1.502133487e-12;4.812279047e-12;5.338529505e-14;3.000498738e-09;2.069172091e-11;6.910778616e-10;3.972526518e-13;4.999999912e-15;1;1;1;1;1;1;1;0;0;0;0;0;0;0;0;0;0;9.499485057e-09;0.1312623875;0.009838668801;79.08963172;20.76926722
535.487;1747836471.095;4:07:51 PM;1;3;4.008820542e-05;6.936815225e-06;1.626982105e-13;3.559942055e-13;5.043372386e-10;4.441936402e-12;1.799257826e-10;1.386660535e-12;4.875132849e-12;4.888553755e-14;3.022248007e-09;2.074577315e-11;6.918898787e-10;4.483609664e-13;4.999999912e-15;1;1;1;1;1;1;1;0;0;0;0;0;0;0;0;0;0;3.354045664e-09;0.1274868533;0.0113138924;79.18527887;20.67592038
537.353;1747836472.961;4:07:52 PM;1;3;4.011375131e-05;6.902330369e-06;2.013720408e-13;3.760099057e-13;5.028286121e-10;4.514668587e-12;1.788345305e-10;1.331147432e-12;4.828690833e-12;2.189146149e-14;3.001778159e-09;2.055898507e-11;6.930173102e-10;5.526230515e-13;6.869365628e-15;1;1;1;1;1;1;1;0;0;0;0;0;0;0;0;0;0;1.02146798e-09;0.130356279;0.01451692664;79.05075054;20.80437625
539.219;1747836474.827;4:07:54 PM;1;3;4.029823322e-05;6.889119049e-06;2.257456239e-13;4.212479432e-13;5.053882313e-10;4.442593862e-12;1.792405391e-10;1.371299884e-12;4.832367579e-12;7.124744791e-15;3.000576232e-09;2.072497382e-11;6.962472265e-10;5.224399472e-13;1.580745219e-13;1;1;1;1;1;1;1;0;0;0;0;0;0;0;0;0;0;4.509842251e-09;0.1282872913;0.01384930095;78.97413677;20.88372664
541.086;1747836476.694;4:07:56 PM;1;3;4.008737233e-05;6.907622719e-06;2.30419633e-13;4.540066511e-13;5.078782395e-10;4.453679179e-12;1.791074788e-10;1.324360218e-12;4.89930015e-12;4.999999912e-15;3.003416627e-09;2.039993174e-11;6.935515495e-10;5.326536738e-13;5.878062387e-14;1;1;1;1;1;1;1;0;0;0;0;0;0;0;0;0;0;7.528182696e-09;0.1286977182;0.01399058258;79.05221892;20.80509278
542.952;1747836478.560;4:07:58 PM;1;3;4.019836706e-05;6.936815225e-06;2.171727289e-13;4.437347842e-13;5.048810259e-10;4.492894338e-12;1.790239068e-10;1.394619012e-12;4.898944965e-12;4.999999912e-15;3.005950822e-09;2.065330545e-11;6.930181429e-10;6.343784005e-13;4.57527828e-14;1;1;1;1;1;1;1;0;0;0;0;0;0;0;0;0;0;5.822705117e-09;0.1297582823;0.0170262243;79.07229629;20.78091921
544.819;1747836480.427;4:08:00 PM;1;3;4.014290244e-05;6.912925983e-06;1.661655161e-13;4.304182065e-13;5.048185758e-10;4.528447062e-12;1.789408621e-10;1.43568794e-12;4.944916004e-12;4.999999912e-15;2.993600923e-09;2.068695042e-11;6.931909491e-10;5.22681399e-13;1.345546734e-14;1;1;1;1;1;1;1;0;0;0;0;0;0;0;0;0;0;2.713402588e-09;0.1311339544;0.01365204132;79.00430468;20.85090932
546.685;1747836482.293;4:08:02 PM;1;3;4.031084245e-05;6.934149951e-06;1.229934123e-13;4.531808685e-13;5.093568345e-10;4.501504204e-12;1.794160515e-10;1.498032818e-12;5.062211934e-12;7.468248838e-15;3.018163941e-09;2.073045902e-11;6.971634381e-10;5.230502988e-13;4.999999912e-15;1;1;1;1;1;1;1;0;0;0;0;0;0;0;0;0;0;3.705330798e-09;0.1293708744;0.01354534925;79.04944811;20.80763566
548.551;1747836484.159;4:08:04 PM;1;3;4.009544136e-05;6.899686468e-06;6.06822806e-14;2.871606761e-13;5.043387374e-10;4.380123868e-12;1.784214304e-10;1.430333391e-12;5.027134091e-12;4.587524005e-14;2.991744186e-09;2.072678661e-11;6.931565322e-10;4.484729645e-13;4.999999912e-15;1;1;1;1;1;1;1;0;0;0;0;0;0;0;0;0;0;1.217320809e-08;0.1263522362;0.01140331846;79.00295207;20.85929237
550.418;1747836486.026;4:08:06 PM;1;3;4.037826511e-05;6.995547665e-06;1.914764598e-13;3.505545463e-13;5.097007261e-10;4.39119574e-12;1.808506123e-10;1.428222666e-12;5.056289155e-12;1.783426176e-14;3.006076277e-09;2.079897365e-11;6.987487811e-10;5.593027127e-13;4.999999912e-15;1;1;1;1;1;1;1;0;0;0;0;0;0;0;0;0;0;2.491987457e-09;0.1262507868;0.0146695213;78.94400063;20.91507906
552.284;1747836487.892;4:08:07 PM;1;3;4.030636046e-05;6.899686468e-06;9.246734102e-14;3.04843607e-13;5.0947907e-10;4.310911871e-12;1.804303096e-10;1.369293676e-12;5.040332301e-12;4.999999912e-15;3.011026095e-09;2.074200707e-11;6.95311253e-10;5.621109589e-13;4.999999912e-15;1;1;1;1;1;1;1;0;0;0;0;0;0;0;0;0;0;8.945261323e-09;0.1236527956;0.01475049452;79.05130585;20.81029086
554.151;1747836489.759;4:08:09 PM;1;3;4.010377597e-05;6.923537512e-06;1.958467839e-13;3.752915676e-13;5.104316414e-10;4.375326924e-12;1.803902444e-10;1.270328786e-12;4.967010744e-12;4.999999912e-15;3.005658611e-09;2.073841793e-11;6.931735741e-10;6.377282057e-13;4.999999912e-15;1;1;1;1;1;1;1;0;0;0;0;0;0;0;0;0;0;3.838631341e-11;0.1260653849;0.01705486363;79.06788857;20.78899118
556.017;1747836491.625;4:08:11 PM;1;3;4.019675544e-05;6.912925983e-06;2.407308836e-13;3.851254168e-13;5.061993602e-10;4.379314186e-12;1.791490289e-10;1.414533204e-12;4.946207506e-12;4.999999912e-15;3.014174688e-09;2.078271062e-11;6.952611264e-10;6.155265642e-13;3.211013812e-14;1;1;1;1;1;1;1;0;0;0;0;0;0;0;0;0;0;2.275352749e-09;0.1259338986;0.01639051731;79.06986875;20.78780683
557.883;1747836493.491;4:08:13 PM;1;3;4.024904047e-05;6.912925983e-06;1.812214387e-13;4.216904603e-13;5.098871325e-10;4.446329589e-12;1.793594856e-10;1.380567644e-12;5.011705027e-12;4.999999912e-15;2.999190452e-09;2.064623993e-11;6.928242424e-10;5.796654389e-13;1.025067956e-13;1;1;1;1;1;1;1;0;0;0;0;0;0;0;0;0;0;3.146248591e-09;0.1285007331;0.01549788169;79.04536494;20.81063645
559.75;1747836495.358;4:08:15 PM;1;3;4.01989746e-05;6.904983366e-06;1.347901689e-13;3.782779482e-13;5.093824806e-10;4.376496995e-12;1.791082005e-10;1.467794202e-12;5.049767462e-12;4.999999912e-15;2.988516767e-09;2.036563453e-11;6.901639815e-10;5.626450911e-13;4.999999912e-15;1;1;1;1;1;1;1;0;0;0;0;0;0;0;0;0;0;1.578498404e-09;0.1267357367;0.01487481625;79.05080642;20.80758302
561.616;1747836497.224;4:08:17 PM;1;3;4.019457629e-05;6.960779501e-06;9.158421769e-14;3.291061813e-13;5.077264165e-10;4.386135552e-12;1.789157988e-10;1.520343855e-12;5.182381867e-12;4.999999912e-15;3.013096883e-09;2.071135624e-11;6.936985431e-10;6.165849623e-13;4.999999912e-15;1;1;1;1;1;1;1;0;0;0;0;0;0;0;0;0;0;7.466171573e-09;0.1259317942;0.01638823044;79.10164918;20.7560308
563.483;1747836499.091;4:08:19 PM;1;3;4.014602382e-05;6.95545441e-06;7.749702301e-14;2.877028043e-13;5.053850116e-10;4.352860086e-12;1.791454762e-10;1.492051057e-12;5.228028947e-12;1.569615071e-14;2.9997822e-09;2.064919763e-11;6.944403941e-10;6.061337955e-13;4.999999912e-15;1;1;1;1;1;1;1;0;0;0;0;0;0;0;0;0;0;1.135349483e-08;0.1252433815;0.0161272686;79.01150839;20.84712096
565.349;1747836500.957;4:08:20 PM;1;3;4.017174433e-05;6.960779501e-06;1.234399545e-13;2.710643125e-13;5.032895767e-10;4.170253986e-12;1.781653852e-10;1.410756277e-12;5.14373483e-12;6.279402183e-14;3.008890248e-09;2.0876436e-11;6.947680764e-10;6.382493817e-13;4.999999912e-15;1;1;1;1;1;1;1;0;0;0;0;0;0;0;0;0;0;9.756000074e-09;0.119597739;0.01705738076;79.05982082;20.80352406
567.215;1747836502.823;4:08:22 PM;1;3;4.012147474e-05;6.902330369e-06;1.786362941e-13;3.580213383e-13;5.048586549e-10;4.300289725e-12;1.789657589e-10;1.480982763e-12;5.234706765e-12;2.563554532e-14;3.016980887e-09;2.060235142e-11;6.964703259e-10;7.17328974e-13;4.999999912e-15;1;1;1;1;1;1;1;0;0;0;0;0;0;0;0;0;0;1.363228232e-09;0.1233644183;0.01938311585;79.05720571;20.80004676
569.082;1747836504.690;4:08:24 PM;1;3;4.021383575e-05;6.891759313e-06;2.397954882e-13;3.736761063e-13;5.057813612e-10;4.322280815e-12;1.789882131e-10;1.428018511e-12;5.118443863e-12;4.999999912e-15;3.001635607e-09;2.082680035e-11;6.959428589e-10;7.493838449e-13;5.252507549e-14;1;1;1;1;1;1;1;0;0;0;0;0;0;0;0;0;0;1.73596081e-09;0.1246057228;0.02050578771;78.98593457;20.86895392
570.948;1747836506.556;4:08:26 PM;1;3;4.010690827e-05;6.907622719e-06;2.318881849e-13;3.658803132e-13;5.045461826e-10;4.278056642e-12;1.786887721e-10;1.494520761e-12;5.154742518e-12;4.999999912e-15;3.002842197e-09;2.068516886e-11;6.940815145e-10;7.815845952e-13;5.100573555e-14;1;1;1;1;1;1;1;0;0;0;0;0;0;0;0;0;0;1.195227991e-09;0.1233129688;0.02147941059;79.03486485;20.82034277
572.815;1747836508.423;4:08:28 PM;1;3;4.015712693e-05;6.92087724e-06;1.703531251e-13;3.825939674e-13;5.077923082e-10;4.324699453e-12;1.786366333e-10;1.461767556e-12;5.207418698e-12;4.999999912e-15;2.991866532e-09;2.062249503e-11;6.914404049e-10;7.181697728e-13;4.105637136e-14;1;1;1;1;1;1;1;0;0;0;0;0;0;0;0;0;0;3.887636652e-10;0.125103929;0.01961967741;79.03862048;20.81665591
574.681;1747836510.289;4:08:30 PM;1;3;4.018304026e-05;6.860133908e-06;1.170519844e-13;3.264533283e-13;5.056287056e-10;4.28035862e-12;1.78945761e-10;1.526643829e-12;5.244668415e-12;4.999999912e-15;2.999262616e-09;2.058777281e-11;6.892669213e-10;6.645061021e-13;4.999999912e-15;1;1;1;1;1;1;1;0;0;0;0;0;0;0;0;0;0;5.941089294e-09;0.1234481591;0.01791583341;79.12628318;20.73235283
576.547;1747836512.155;4:08:32 PM;1;3;4.011625788e-05;6.939473678e-06;1.473176914e-13;3.214139295e-13;5.012558701e-10;4.262949369e-12;1.771038038e-10;1.601179259e-12;5.35104773e-12;1.650757947e-14;2.991176862e-09;2.059968689e-11;6.885675918e-10;6.94059068e-13;4.999999912e-15;1;1;1;1;1;1;1;0;0;0;0;0;0;0;0;0;0;5.306693905e-09;0.1232664825;0.01885680166;79.10402254;20.75385417
578.414;1747836514.022;4:08:34 PM;1;3;4.002286005e-05;6.886486972e-06;1.631552017e-13;2.929019874e-13;5.031427497e-10;4.172744181e-12;1.780172121e-10;1.591150389e-12;5.373158082e-12;5.429679736e-14;3.00444758e-09;2.124008434e-11;6.949609221e-10;6.670644397e-13;4.999999912e-15;1;1;1;1;1;1;1;0;0;0;0;0;0;0;0;0;0;6.572956525e-09;0.1198963898;0.0179436754;79.03148257;20.83067736
580.28;1747836515.888;4:08:35 PM;1;3;4.021820132e-05;6.982158084e-06;1.813936913e-13;3.301530598e-13;5.043926388e-10;4.170724096e-12;1.782623216e-10;1.508395947e-12;5.334048307e-12;7.388934028e-14;3.001649818e-09;2.072739723e-11;6.935494956e-10;7.900075993e-13;4.999999912e-15;1;1;1;1;1;1;1;0;0;0;0;0;0;0;0;0;0;2.607373607e-09;0.1200755298;0.02166780156;79.04492399;20.81333268
582.147;1747836517.755;4:08:37 PM;1;3;4.010858538e-05;6.92087724e-06;2.67680138e-13;4.034524993e-13;5.048957918e-10;4.207279924e-12;1.784258019e-10;1.472653705e-12;5.280333028e-12;4.999999912e-15;3.011100036e-09;2.078643507e-11;6.96585345e-10;7.479651122e-13;4.445944819e-14;1;1;1;1;1;1;1;0;0;0;0;0;0;0;0;0;0;6.368786446e-09;0.1210266944;0.02039860699;79.02718755;20.83138715
584.013;1747836519.621;4:08:39 PM;1;3;4.023762449e-05;6.936815225e-06;2.804829665e-13;4.45901264e-13;5.046533191e-10;4.222222398e-12;1.792517385e-10;1.451672766e-12;5.283609921e-12;4.999999912e-15;2.999174464e-09;2.077295454e-11;6.942570963e-10;8.412746411e-13;1.05426979e-13;1;1;1;1;1;1;1;0;0;0;0;0;0;0;0;0;0;1.048202553e-08;0.1220337596;0.02338821194;79.00797264;20.84660539
585.879;1747836521.487;4:08:41 PM;1;3;4.006868039e-05;6.958112408e-06;2.564723065e-13;4.097717445e-13;5.04806974e-10;4.124968596e-12;1.773509256e-10;1.501335081e-12;5.311542005e-12;4.999999912e-15;2.990107939e-09;2.076973142e-11;6.940926167e-10;8.536602957e-13;1.078563169e-13;1;1;1;1;1;1;1;0;0;0;0;0;0;0;0;0;0;7.363552029e-09;0.1193511521;0.023825711;78.97478521;20.88203793
587.746;1747836523.354;4:08:43 PM;1;3;4.003280992e-05;6.889119049e-06;1.976643133e-13;4.017011875e-13;5.077216425e-10;4.26273036e-12;1.789322301e-10;1.572389029e-12;5.341354095e-12;4.999999912e-15;3.000888427e-09;2.069534648e-11;6.89957369e-10;8.298985414e-13;4.649551889e-14;1;1;1;1;1;1;1;0;0;0;0;0;0;0;0;0;0;3.541287782e-09;0.123113531;0.02296218738;79.11757069;20.73635359
589.612;1747836525.220;4:08:45 PM;1;3;3.990603363e-05;6.944786492e-06;1.911528797e-13;3.373554691e-13;5.054389129e-10;4.253972608e-12;1.786651799e-10;1.59719243e-12;5.420539018e-12;1.622432657e-14;3.006404459e-09;2.070003717e-11;6.966355826e-10;7.31940333e-13;4.999999912e-15;1;1;1;1;1;1;1;0;0;0;0;0;0;0;0;0;0;2.42632652e-09;0.1222885971;0.01987426437;78.99964094;20.8581962
591.479;1747836527.087;4:08:47 PM;1;3;4.007171083e-05;6.868032415e-06;1.343197201e-13;2.829317184e-13;5.031350891e-10;4.130818517e-12;1.780189191e-10;1.62128427e-12;5.35387663e-12;6.45657437e-14;3.004096527e-09;2.052345099e-11;6.939011032e-10;7.637025235e-13;4.999999912e-15;1;1;1;1;1;1;1;0;0;0;0;0;0;0;0;0;0;7.976234727e-09;0.1186547803;0.02086157034;79.05203798;20.80844567
593.345;1747836528.953;4:08:48 PM;1;3;4.011397687e-05;6.926183232e-06;1.259618901e-13;2.992377125e-13;5.023448879e-10;3.99275708e-12;1.775525282e-10;1.507325731e-12;5.414950606e-12;7.350800605e-14;2.986551451e-09;2.04918426e-11;6.876849645e-10;8.647486481e-13;4.999999912e-15;1;1;1;1;1;1;1;0;0;0;0;0;0;0;0;0;0;5.467930825e-09;0.1153605807;0.02405789134;79.09991827;20.76066326
595.211;1747836530.819;4:08:50 PM;1;3;4.024107693e-05;6.878559816e-06;2.206947868e-13;3.154749682e-13;5.040697859e-10;4.087908831e-12;1.77706988e-10;1.519393118e-12;5.299704252e-12;4.583392517e-14;3.006528138e-09;2.089645644e-11;6.972976085e-10;8.904763862e-13;4.999999912e-15;1;1;1;1;1;1;1;0;0;0;0;0;0;0;0;0;0;1.963379355e-09;0.1173677342;0.02464036415;78.98936977;20.86862213
597.078;1747836532.686;4:08:52 PM;1;3;4.022814755e-05;6.860133908e-06;2.153138914e-13;3.734919275e-13;5.046884022e-10;4.218921653e-12;1.79114612e-10;1.489392268e-12;5.373946513e-12;4.999999912e-15;3.00041525e-09;2.094292968e-11;6.914973594e-10;9.801264618e-13;5.89399135e-14;1;1;1;1;1;1;1;0;0;0;0;0;0;0;0;0;0;1.927047123e-09;0.1217343159;0.02750947193;79.07432164;20.77643457
598.944;1747836534.552;4:08:54 PM;1;3;4.014597289e-05;6.926183232e-06;2.516529465e-13;4.210457937e-13;5.099647926e-10;4.146154774e-12;1.793395293e-10;1.350723027e-12;5.361570563e-12;4.999999912e-15;2.999897442e-09;2.057556382e-11;6.938965513e-10;9.362494504e-13;6.734155876e-14;1;1;1;1;1;1;1;0;0;0;0;0;0;0;0;0;0;8.043222847e-09;0.1196627972;0.02618022746;79.02377938;20.83037759
600.811;1747836536.419;4:08:56 PM;1;3;4.013533908e-05;6.805137673e-06;2.382975544e-13;3.884627808e-13;5.045588392e-10;4.117885286e-12;1.77816914e-10;1.497676332e-12;5.342035408e-12;4.999999912e-15;3.004870575e-09;2.086800698e-11;6.967025845e-10;9.246465356e-13;8.158506829e-14;1;1;1;1;1;1;1;0;0;0;0;0;0;0;0;0;0;4.933614592e-09;0.1185250757;0.02580949135;78.99184369;20.86382175
602.677;1747836538.285;4:08:58 PM;1;3;3.997359454e-05;6.923537512e-06;1.920330214e-13;3.757669089e-13;5.072645637e-10;4.12134259e-12;1.789609155e-10;1.535355718e-12;5.425903216e-12;4.999999912e-15;3.008726823e-09;2.078045722e-11;6.939752106e-10;9.386813158e-13;6.076843062e-15;1;1;1;1;1;1;1;0;0;0;0;0;0;0;0;0;0;2.324863203e-09;0.1185021186;0.02609550726;79.06975873;20.78564364
604.543;1747836540.151;4:09:00 PM;1;3;4.000248373e-05;6.918217878e-06;1.711824991e-13;3.823241636e-13;5.096252864e-10;4.145864641e-12;1.792813814e-10;1.615521952e-12;5.51293516e-12;1.486827087e-14;3.024722695e-09;2.089921292e-11;6.971190292e-10;8.548470634e-13;4.999999912e-15;1;1;1;1;1;1;1;0;0;0;0;0;0;0;0;0;0;2.051840883e-09;0.1186178201;0.02345275225;79.08683694;20.77109249
606.41;1747836542.018;4:09:02 PM;1;3;4.007199823e-05;6.902330369e-06;1.368635565e-13;2.984864959e-13;5.073541587e-10;4.038434951e-12;1.793609844e-10;1.583532784e-12;5.514229264e-12;4.2413928e-14;3.020814709e-09;2.102767613e-11;6.957414644e-10;9.193427269e-13;4.999999912e-15;1;1;1;1;1;1;1;0;0;0;0;0;0;0;0;0;0;5.625524852e-09;0.1153940734;0.02542073353;79.09549548;20.76368971
608.276;1747836543.884;4:09:03 PM;1;3;4.031785284e-05;6.934149951e-06;1.904673928e-13;2.889990764e-13;5.053651386e-10;4.007807974e-12;1.783714426e-10;1.591775648e-12;5.519443843e-12;3.875696828e-14;3.015105055e-09;2.077963669e-11;6.966809907e-10;9.829705409e-13;4.999999912e-15;1;1;1;1;1;1;1;0;0;0;0;0;0;0;0;0;0;4.554955838e-09;0.1146732357;0.02736412202;79.04658994;20.8113727
610.143;1747836545.751;4:09:05 PM;1;3;4.010743214e-05;6.97413634e-06;2.40155877e-13;3.025302448e-13;5.050437291e-10;3.94239719e-12;1.789166454e-10;1.523852117e-12;5.441471926e-12;3.788330123e-14;3.009741345e-09;2.086488621e-11;6.936711205e-10;9.911571347e-13;4.999999912e-15;1;1;1;1;1;1;1;0;0;0;0;0;0;0;0;0;0;1.189195956e-09;0.1130882414;0.02767106372;79.08332029;20.77592041
612.009;1747836547.617;4:09:07 PM;1;3;4.02618316e-05;6.95545441e-06;2.541156304e-13;3.596247649e-13;5.056582375e-10;3.946122509e-12;1.779326547e-10;1.47020048e-12;5.403699623e-12;2.317283938e-14;3.003464588e-09;2.080430793e-11;6.922860063e-10;9.955907626e-13;4.999999912e-15;1;1;1;1;1;1;1;0;0;0;0;0;0;0;0;0;0;4.395115281e-09;0.1135951915;0.02786106634;79.08602819;20.77251555
613.875;1747836549.483;4:09:09 PM;1;3;4.004948278e-05;6.939473678e-06;3.040695137e-13;3.961734369e-13;5.037500972e-10;3.999166449e-12;1.779628944e-10;1.491213294e-12;5.405281691e-12;4.999999912e-15;3.009323235e-09;2.081780061e-11;6.919896878e-10;1.086389225e-12;3.410586971e-14;1;1;1;1;1;1;1;0;0;0;0;0;0;0;0;0;0;8.76031793e-09;0.1151410511;0.03060383015;79.11867778;20.73557734
615.742;1747836551.350;4:09:11 PM;1;3;4.016541425e-05;6.958112408e-06;2.801982279e-13;4.077545864e-13;5.047705032e-10;3.966867633e-12;1.783947989e-10;1.55014673e-12;5.486723922e-12;4.999999912e-15;3.008875371e-09;2.07360136e-11;6.940825137e-10;1.073183317e-12;8.282015752e-14;1;1;1;1;1;1;1;0;0;0;0;0;0;0;0;0;0;9.379157529e-09;0.1141400509;0.03027124982;79.06906145;20.78652725
617.608;1747836553.216;4:09:13 PM;1;3;4.011274723e-05;6.841757568e-06;2.570990838e-13;4.743539003e-13;5.091678745e-10;4.092468552e-12;1.803092398e-10;1.60618437e-12;5.506839342e-12;4.999999912e-15;3.024997142e-09;2.070838813e-11;6.933794094e-10;1.032847744e-12;2.347202328e-14;1;1;1;1;1;1;1;0;0;0;0;0;0;0;0;0;0;1.355515907e-08;0.1174871459;0.0288362134;79.16270254;20.6909741
619.475;1747836555.083;4:09:15 PM;1;3;4.027078467e-05;6.960779501e-06;2.053754844e-13;3.5342199e-13;5.082631538e-10;3.983014439e-12;1.788123538e-10;1.634198853e-12;5.570421728e-12;2.048263563e-14;3.023095108e-09;2.091163007e-11;6.940663599e-10;9.966878668e-13;4.999999912e-15;1;1;1;1;1;1;1;0;0;0;0;0;0;0;0;0;0;1.989695443e-09;0.1139681589;0.02773558282;79.14791407;20.71038218
621.341;1747836556.949;4:09:16 PM;1;3;4.023009024e-05;6.826030585e-06;1.214775486e-13;2.778993127e-13;5.087715804e-10;3.883999025e-12;1.789667581e-10;1.624272656e-12;5.557950367e-12;6.754616804e-14;3.015484973e-09;2.060705252e-11;6.939901986e-10;1.032373297e-12;4.999999912e-15;1;1;1;1;1;1;1;0;0;0;0;0;0;0;0;0;0;6.534600991e-09;0.1110084069;0.02886135315;79.11038575;20.74974449
623.207;1747836558.815;4:09:18 PM;1;3;4.012101272e-05;6.889119049e-06;1.766684265e-13;2.701184545e-13;5.055845187e-10;3.879790152e-12;1.790144005e-10;1.603409029e-12;5.534071899e-12;4.344490262e-14;3.000028448e-09;2.082546982e-11;6.944481656e-10;1.096106712e-12;4.999999912e-15;1;1;1;1;1;1;1;0;0;0;0;0;0;0;0;0;0;5.505642175e-09;0.1113520382;0.030896532;79.01281204;20.84493939
625.074;1747836560.682;4:09:20 PM;1;3;4.003847425e-05;6.928837593e-06;2.064174298e-13;3.331972014e-13;5.053547025e-10;3.887010071e-12;1.776198633e-10;1.544714009e-12;5.550197454e-12;5.650708918e-14;3.010829808e-09;2.075964574e-11;6.925850449e-10;1.20067541e-12;4.999999912e-15;1;1;1;1;1;1;1;0;0;0;0;0;0;0;0;0;0;1.075645661e-09;0.111519343;0.03397484639;79.11669986;20.73780595
626.94;1747836562.548;4:09:22 PM;1;3;4.000000627e-05;6.966115961e-06;2.554014942e-13;2.93271348e-13;5.079421328e-10;3.830162316e-12;1.780036951e-10;1.479359712e-12;5.49528912e-12;4.999999912e-15;2.999499982e-09;2.050218155e-11;6.920500284e-10;1.125097953e-12;4.202163655e-14;1;1;1;1;1;1;1;0;0;0;0;0;0;0;0;0;0;5.188841046e-10;0.1101123756;0.03185732244;79.07137236;20.78665795
628.807;1747836564.415;4:09:24 PM;1;3;4.008370524e-05;6.947448128e-06;2.620428559e-13;3.599851808e-13;5.040369233e-10;3.83207268e-12;1.776457315e-10;1.527586759e-12;5.494781713e-12;4.999999912e-15;2.990675929e-09;2.068220768e-11;6.889510629e-10;1.157896587e-12;7.028016678e-14;1;1;1;1;1;1;1;0;0;0;0;0;0;0;0;0;0;5.731618103e-09;0.1107225262;0.03300353941;79.09101752;20.76525641
630.673;1747836566.281;4:09:26 PM;1;3;3.998350076e-05;6.942141226e-06;2.444669901e-13;3.565233503e-13;5.053509278e-10;3.848650999e-12;1.778231729e-10;1.556873337e-12;5.539249615e-12;4.999999912e-15;3.006041194e-09;2.062530008e-11;6.921334617e-10;1.122029011e-12;1.068268331e-13;1;1;1;1;1;1;1;0;0;0;0;0;0;0;0;0;0;4.722421777e-09;0.1106420807;0.03182231484;79.1026928;20.75484281
632.539;1747836568.147;4:09:28 PM;1;3;3.987567834e-05;6.931493317e-06;2.026763224e-13;3.487913083e-13;5.046798535e-10;3.910346005e-12;1.77644191e-10;1.592638348e-12;5.578802177e-12;4.999999912e-15;2.999074544e-09;2.069671171e-11;6.934806063e-10;1.155500066e-12;4.999999912e-15;1;1;1;1;1;1;1;0;0;0;0;0;0;0;0;0;0;2.161169431e-09;0.1125572134;0.03270716883;79.03336781;20.8213678
634.406;1747836570.014;4:09:30 PM;1;3;3.989966717e-05;6.899686468e-06;1.521091738e-13;2.741895795e-13;5.038059969e-10;3.8736939e-12;1.783990039e-10;1.63129189e-12;5.651179611e-12;3.984568345e-14;3.024010597e-09;2.073668841e-11;6.946905828e-10;1.048679698e-12;4.999999912e-15;1;1;1;1;1;1;1;0;0;0;0;0;0;0;0;0;0;5.834118216e-09;0.1104883117;0.02928846651;79.13862992;20.7215933
636.272;1747836571.880;4:09:31 PM;1;3;4.000836998e-05;6.87592501e-06;1.832032789e-13;2.512407871e-13;5.057395058e-10;3.770684286e-12;1.780874892e-10;1.592807049e-12;5.625088503e-12;6.996008319e-14;3.018251871e-09;2.067856129e-11;6.925843787e-10;1.160137307e-12;4.999999912e-15;1;1;1;1;1;1;1;0;0;0;0;0;0;0;0;0;0;6.00657357e-09;0.1076563495;0.03269342898;79.15808264;20.70156758
638.139;1747836573.747;4:09:33 PM;1;3;4.001726847e-05;6.95545441e-06;2.28358131e-13;2.728151364e-13;5.034869743e-10;3.71248865e-12;1.773034497e-10;1.588467205e-12;5.566856871e-12;5.971800474e-14;3.00280667e-09;2.06744951e-11;6.900346405e-10;1.20850606e-12;8.211972565e-15;1;1;1;1;1;1;1;0;0;0;0;0;0;0;0;0;0;2.1161834e-09;0.1065622224;0.03431608729;79.1349683;20.72415339
640.005;1747836575.613;4:09:35 PM;1;3;4.001460911e-05;6.960779501e-06;2.637359461e-13;3.354851932e-13;5.038278683e-10;3.80981878e-12;1.782914372e-10;1.494962357e-12;5.557144588e-12;2.901769198e-14;3.010870442e-09;2.068730083e-11;6.899800176e-10;1.226452425e-12;1.302694931e-13;1;1;1;1;1;1;1;0;0;0;0;0;0;0;0;0;0;3.763551008e-09;0.1093935267;0.03498525465;79.17145621;20.68416501
641.871;1747836577.479;4:09:37 PM;1;3;4.012308273e-05;6.87592501e-06;2.93603412e-13;2.947862223e-13;5.049313745e-10;3.793090841e-12;1.776322978e-10;1.507326707e-12;5.542619315e-12;4.999999912e-15;2.99673264e-09;2.069636823e-11;6.927928231e-10;1.275762373e-12;7.687822818e-14;1;1;1;1;1;1;1;0;0;0;0;0;0;0;0;0;0;1.138046414e-09;0.1091263484;0.03648334551;79.03629468;20.81809562
643.738;1747836579.346;4:09:39 PM;1;3;4.009604891e-05;6.883841252e-06;2.888064679e-13;3.655776582e-13;5.039628159e-10;3.786528816e-12;1.773665381e-10;1.582737847e-12;5.647819018e-12;4.999999912e-15;3.000998339e-09;2.102079448e-11;6.948004949e-10;1.273478501e-12;4.283358878e-14;1;1;1;1;1;1;1;0;0;0;0;0;0;0;0;0;0;7.48620801e-09;0.10894494;0.03629921376;79.01486153;20.83989432
645.604;1747836581.212;4:09:41 PM;1;3;4.005603478e-05;6.881195986e-06;2.23740907e-13;3.525159494e-13;5.073239051e-10;3.774626011e-12;1.784612597e-10;1.560034437e-12;5.656649628e-12;4.999999912e-15;3.01272296e-09;2.07197471e-11;6.940052977e-10;1.200169087e-12;1.977574259e-14;1;1;1;1;1;1;1;0;0;0;0;0;0;0;0;0;0;4.408838566e-09;0.1081790138;0.03395054741;79.09494685;20.76292359
647.471;1747836583.079;4:09:43 PM;1;3;3.985466901e-05;6.881195986e-06;1.97705635e-13;3.009009058e-13;5.032923522e-10;3.804282844e-12;1.78049131e-10;1.70109803e-12;5.633223055e-12;3.773147566e-14;2.994325454e-09;2.072342645e-11;6.902964311e-10;1.154185471e-12;4.999999912e-15;1;1;1;1;1;1;1;0;0;0;0;0;0;0;0;0;0;1.358980121e-09;0.1095388434;0.03273911976;79.07862637;20.77909567
649.337;1747836584.945;4:09:44 PM;1;3;3.998419561e-05;6.883841252e-06;1.696278345e-13;2.581355268e-13;5.022025018e-10;3.802310029e-12;1.777208103e-10;1.677162098e-12;5.735565235e-12;8.278879698e-14;3.009948957e-09;2.072823684e-11;6.93081037e-10;1.23862975e-12;4.999999912e-15;1;1;1;1;1;1;1;0;0;0;0;0;0;0;0;0;0;6.09123672e-09;0.1088202873;0.03512443956;79.09886573;20.75718955
651.203;1747836586.811;4:09:46 PM;1;3;4.003223148e-05;6.873290204e-06;2.141893162e-13;2.62700533e-13;5.020310279e-10;3.562320361e-12;1.769928232e-10;1.631264459e-12;5.749497232e-12;7.261841817e-14;3.00055647e-09;2.084271471e-11;6.925264251e-10;1.261120223e-12;4.999999912e-15;1;1;1;1;1;1;1;0;0;0;0;0;0;0;0;0;0;2.075576597e-09;0.1020962697;0.03589729627;79.06956602;20.79244041
653.07;1747836588.678;4:09:48 PM;1;3;4.010992052e-05;6.897043022e-06;2.328091333e-13;3.163187485e-13;5.054661689e-10;3.624660034e-12;1.777748782e-10;1.597979778e-12;5.78225445e-12;4.999999912e-15;3.015581562e-09;2.094300254e-11;6.97621183e-10;1.322615953e-12;4.999999912e-15;1;1;1;1;1;1;1;0;0;0;0;0;0;0;0;0;0;2.791281822e-09;0.1035214131;0.03754460439;79.03205333;20.82688066
654.936;1747836590.544;4:09:50 PM;1;3;4.004283255e-05;6.936815225e-06;3.676695179e-13;3.296881268e-13;5.089731414e-10;3.707774972e-12;1.787289206e-10;1.571444255e-12;5.756865904e-12;4.999999912e-15;3.02150438e-09;2.101701625e-11;6.996334623e-10;1.349231274e-12;6.459512558e-14;1;1;1;1;1;1;1;0;0;0;0;0;0;0;0;0;0;7.38092512e-09;0.1058689022;0.03835293326;79.01428215;20.84149601
656.803;1747836592.411;4:09:52 PM;1;3;4.021638233e-05;6.936815225e-06;3.118344341e-13;3.830778197e-13;5.056866037e-10;3.728122411e-12;1.789311893e-10;1.579480904e-12;5.695662691e-12;4.999999912e-15;3.031605411e-09;2.089669583e-11;6.983822409e-10;1.382497307e-12;1.051332686e-13;1;1;1;1;1;1;1;0;0;0;0;0;0;0;0;0;0;1.032783773e-08;0.1063312684;0.03933261246;79.0906707;20.76366542
658.669;1747836594.277;4:09:54 PM;1;3;4.016605453e-05;6.883841252e-06;2.594915656e-13;3.4191397e-13;5.085320498e-10;3.752351728e-12;1.783828224e-10;1.625705755e-12;5.701535598e-12;4.999999912e-15;3.015118155e-09;2.097417379e-11;6.964373522e-10;1.325315617e-12;4.183446937e-14;1;1;1;1;1;1;1;0;0;0;0;0;0;0;0;0;0;4.751491514e-09;0.107381599;0.03769599998;79.05238489;20.80253751
660.535;1747836596.143;4:09:56 PM;1;3;4.016649837e-05;7.014345556e-06;1.548197605e-13;3.055026935e-13;5.093193645e-10;3.684756927e-12;1.787259923e-10;1.653401374e-12;5.788312104e-12;4.999999912e-15;3.021709771e-09;2.085998388e-11;6.962377341e-10;1.239118725e-12;4.999999912e-15;1;1;1;1;1;1;1;0;0;0;0;0;0;0;0;0;0;1.148535259e-09;0.1050362172;0.03499100377;79.09475686;20.76521592
662.402;1747836598.010;4:09:58 PM;1;3;4.016721869e-05;6.918217878e-06;1.760008426e-13;2.625132913e-13;5.06108766e-10;3.67180418e-12;1.788991733e-10;1.66802325e-12;5.846718509e-12;1.147067941e-14;3.020532491e-09;2.077495814e-11;6.977483036e-10;1.307329462e-12;4.999999912e-15;1;1;1;1;1;1;1;0;0;0;0;0;0;0;0;0;0;4.284420348e-09;0.1045591093;0.03703387463;79.04988192;20.8085251
664.268;1747836599.876;4:09:59 PM;1;3;4.021164204e-05;6.868032415e-06;2.28543367e-13;2.075992237e-13;5.078951704e-10;3.516574401e-12;1.772025582e-10;1.648071545e-12;5.849686187e-12;5.886773951e-14;3.000162785e-09;2.051973175e-11;6.910505501e-10;1.402166469e-12;4.999999912e-15;1;1;1;1;1;1;1;0;0;0;0;0;0;0;0;0;0;6.217535182e-09;0.1006363973;0.04016169557;79.10243579;20.75676612
666.135;1747836601.743;4:10:01 PM;1;3;4.012102727e-05;6.928837593e-06;2.594403099e-13;2.372536304e-13;5.07034692e-10;3.511568857e-12;1.781860076e-10;1.642233658e-12;5.813259162e-12;6.363532883e-14;3.014552163e-09;2.097202446e-11;6.949641418e-10;1.390095829e-12;4.999999912e-15;1;1;1;1;1;1;1;0;0;0;0;0;0;0;0;0;0;2.525472651e-09;0.1001137496;0.03960615693;79.08628804;20.77399206
668.001;1747836603.609;4:10:03 PM;1;3;4.003763024e-05;6.868032415e-06;4.107355189e-13;3.420329341e-13;5.100639355e-10;3.572269217e-12;1.790362719e-10;1.655259371e-12;5.866392441e-12;4.999999912e-15;3.026698892e-09;2.089994323e-11;6.981450418e-10;1.452656463e-12;3.552962029e-14;1;1;1;1;1;1;1;0;0;0;0;0;0;0;0;0;0;1.108667682e-08;0.1018827253;0.04136078219;79.07514411;20.78161238
669.867;1747836605.475;4:10:05 PM;1;3;4.014946535e-05;6.846995802e-06;3.280383235e-13;3.373733855e-13;5.061915331e-10;3.633747383e-12;1.788615089e-10;1.620890488e-12;5.813301663e-12;4.999999912e-15;3.037435858e-09;2.104867149e-11;6.95759228e-10;1.469534455e-12;3.000188327e-14;1;1;1;1;1;1;1;0;0;0;0;0;0;0;0;0;0;7.548862371e-09;0.1033928366;0.04177651089;79.18099139;20.67383926
671.734;1747836607.342;4:10:07 PM;1;3;4.013012585e-05;6.931493317e-06;2.935720514e-13;3.124014177e-13;5.04060238e-10;3.647370166e-12;1.780916525e-10;1.611075964e-12;5.777409367e-12;4.999999912e-15;3.036588314e-09;2.090095978e-11;6.982892597e-10;1.446872353e-12;6.276471788e-15;1;1;1;1;1;1;1;0;0;0;0;0;0;0;0;0;0;4.092571956e-09;0.1036553164;0.04104646531;79.12272247;20.73257575
673.6;1747836609.208;4:10:09 PM;1;3;4.015696322e-05;6.936815225e-06;3.144524571e-13;3.382998092e-13;5.089397792e-10;3.620559798e-12;1.788580811e-10;1.699878519e-12;5.926049148e-12;4.999999912e-15;3.029084095e-09;2.083342006e-11;6.980288014e-10;1.437879872e-12;2.300308042e-14;1;1;1;1;1;1;1;0;0;0;0;0;0;0;0;0;0;7.337878101e-09;0.1031414128;0.04087674732;79.08969184;20.76629
675.467;1747836611.075;4:10:11 PM;1;3;4.012103818e-05;6.899686468e-06;2.057284329e-13;2.630409996e-13;5.113160451e-10;3.587835107e-12;1.791117948e-10;1.688212395e-12;5.984603871e-12;5.013003562e-15;3.022541106e-09;2.0864711e-11;6.924402163e-10;1.411864983e-12;4.999999912e-15;1;1;1;1;1;1;1;0;0;0;0;0;0;0;0;0;0;2.541932623e-09;0.1022074501;0.04019572399;79.18187236;20.67572446
677.333;1747836612.941;4:10:12 PM;1;3;4.008302858e-05;6.939473678e-06;1.419278649e-13;2.34891967e-13;5.04264186e-10;3.48183548e-12;1.772037517e-10;1.736651404e-12;6.078387359e-12;5.753009831e-14;3.018850725e-09;2.071108562e-11;6.9723749e-10;1.410104238e-12;4.999999912e-15;1;1;1;1;1;1;1;0;0;0;0;0;0;0;0;0;0;6.077245657e-09;0.09897443528;0.04014447787;79.06146302;20.79941806
679.199;1747836614.807;4:10:14 PM;1;3;4.007681491e-05;6.897043022e-06;2.384125341e-13;2.231594494e-13;5.077040455e-10;3.508159475e-12;1.777687719e-10;1.701047614e-12;5.998239232e-12;5.055270845e-14;3.003994165e-09;2.104822393e-11;6.927822205e-10;1.522941061e-12;4.999999912e-15;1;1;1;1;1;1;1;0;0;0;0;0;0;0;0;0;0;4.421487968e-09;0.1002852019;0.04373870964;79.07830538;20.77767071
681.066;1747836616.674;4:10:16 PM;1;3;3.996846499e-05;6.873290204e-06;2.58718936e-13;2.704634476e-13;5.04070119e-10;3.44944082e-12;1.778747011e-10;1.633125276e-12;6.001273697e-12;3.21927611e-14;3.001132232e-09;2.083486161e-11;6.947374898e-10;1.55313208e-12;4.999999912e-15;1;1;1;1;1;1;1;0;0;0;0;0;0;0;0;0;0;1.04841468e-09;0.09873665281;0.04466309264;79.0159091;20.84069116
682.932;1747836618.540;4:10:18 PM;1;3;4.006203017e-05;6.894400485e-06;2.990813706e-13;3.293445703e-13;5.055944552e-10;3.337093189e-12;1.773646924e-10;1.625239331e-12;5.925552583e-12;4.999999912e-15;3.008580274e-09;2.04734979e-11;6.922514784e-10;1.567516516e-12;4.325175201e-14;1;1;1;1;1;1;1;0;0;0;0;0;0;0;0;0;0;8.685777939e-09;0.09551076105;0.04510585917;79.11761513;20.74176825
684.799;1747836620.407;4:10:20 PM;1;3;4.001315392e-05;6.833889984e-06;3.189277998e-13;3.395612513e-13;5.038350848e-10;3.472652287e-12;1.773120262e-10;1.582269255e-12;5.887246853e-12;4.999999912e-15;3.006684235e-09;2.080191921e-11;6.925018337e-10;1.624551513e-12;7.287130155e-14;1;1;1;1;1;1;1;0;0;0;0;0;0;0;0;0;0;8.964811917e-09;0.09958412036;0.04689238383;79.09600798;20.75751552
686.665;1747836622.273;4:10:22 PM;1;3;3.989719698e-05;6.852252227e-06;3.122645371e-13;3.456899209e-13;5.055045271e-10;3.479266137e-12;1.775850716e-10;1.683843169e-12;5.989632835e-12;4.999999912e-15;3.010650618e-09;2.076915202e-11;6.931938912e-10;1.554562251e-12;4.915086892e-14;1;1;1;1;1;1;1;0;0;0;0;0;0;0;0;0;0;9.25552367e-09;0.09966142996;0.0446879104;79.10331255;20.75233811
688.531;1747836624.139;4:10:24 PM;1;3;3.997351087e-05;6.9714647e-06;2.479262997e-13;3.182378135e-13;5.039772488e-10;3.492858563e-12;1.765559227e-10;1.742636742e-12;6.064026451e-12;2.374582159e-14;3.013540306e-09;2.071117583e-11;6.918258744e-10;1.605012455e-12;4.048837139e-14;1;1;1;1;1;1;1;0;0;0;0;0;0;0;0;0;0;4.655531713e-09;0.0999041128;0.04617981335;79.15197542;20.70194066
690.398;1747836626.006;4:10:26 PM;1;3;3.991220365e-05;6.820809631e-06;2.227771326e-13;3.142637517e-13;5.036382422e-10;3.467585377e-12;1.771887637e-10;1.774186809e-12;6.119360661e-12;4.999999912e-15;3.006056959e-09;2.064892701e-11;6.924556484e-10;1.558365741e-12;4.999999912e-15;1;1;1;1;1;1;1;0;0;0;0;0;0;0;0;0;0;3.755869889e-09;0.09930038739;0.04479571203;79.09605709;20.75984681
692.264;1747836627.872;4:10:27 PM;1;3;3.976336666e-05;6.897043022e-06;2.512980058e-13;2.161721187e-13;5.028486516e-10;3.403086406e-12;1.772523239e-10;1.768800384e-12;6.104662782e-12;7.050318716e-14;3.004423155e-09;2.06632992e-11;6.913168371e-10;1.503651804e-12;4.999999912e-15;1;1;1;1;1;1;1;0;0;0;0;0;0;0;0;0;0;3.683834671e-09;0.09724324585;0.04318255203;79.1148226;20.7447516
694.131;1747836629.739;4:10:29 PM;1;3;3.999172623e-05;6.907622719e-06;2.280734195e-13;1.864997821e-13;5.044721862e-10;3.321044178e-12;1.778973496e-10;1.762326396e-12;6.223840887e-12;5.528743967e-14;3.016141337e-09;2.083021255e-11;6.912072581e-10;1.59543071e-12;4.999999912e-15;1;1;1;1;1;1;1;0;0;0;0;0;0;0;0;0;0;6.332579978e-09;0.09443532618;0.04580786464;79.17773869;20.68201812
695.997;1747836631.605;4:10:31 PM;1;3;3.999874389e-05;6.881195986e-06;2.048911171e-13;2.379222036e-13;5.047582907e-10;3.285185492e-12;1.771813807e-10;1.736316494e-12;6.214035796e-12;6.795187649e-14;2.992378567e-09;2.077060572e-11;6.905151451e-10;1.596250909e-12;4.999999912e-15;1;1;1;1;1;1;1;0;0;0;0;0;0;0;0;0;0;2.038045843e-09;0.09409471858;0.04612385398;79.07070135;20.78908008
697.863;1747836633.471;4:10:33 PM;1;3;4.001587513e-05;6.897043022e-06;2.63411363e-13;2.880353833e-13;5.03338593e-10;3.375187716e-12;1.768513253e-10;1.676874243e-12;6.174992809e-12;3.494966361e-14;2.998252313e-09;2.060605332e-11;6.879667391e-10;1.686472034e-12;2.176749822e-14;1;1;1;1;1;1;1;0;0;0;0;0;0;0;0;0;0;3.480039503e-09;0.09686834946;0.04884337709;79.1556577;20.69863057
699.73;1747836635.338;4:10:35 PM;1;3;4.009802069e-05;6.891759313e-06;4.003889234e-13;3.22502604e-13;5.054071051e-10;3.3452813e-12;1.781256531e-10;1.72055317e-12;6.209570184e-12;4.999999912e-15;3.024276829e-09;2.091143057e-11;6.953540521e-10;1.728784975e-12;4.120870515e-14;1;1;1;1;1;1;1;0;0;0;0;0;0;0;0;0;0;1.11029255e-08;0.09534932936;0.04970874022;79.12382427;20.73111766
701.596;1747836637.204;4:10:37 PM;1;3;3.996513624e-05;6.907622719e-06;3.462748209e-13;3.456177402e-13;5.035658002e-10;3.31825626e-12;1.77551307e-10;1.718347361e-12;6.266342913e-12;4.999999912e-15;3.011936256e-09;2.082256069e-11;6.930951368e-10;1.741099344e-12;5.958857133e-14;1;1;1;1;1;1;1;0;0;0;0;0;0;0;0;0;0;1.179119502e-08;0.09494205434;0.05030420562;79.11014779;20.74460595
703.463;1747836639.071;4:10:39 PM;1;3;4.01456964e-05;6.960779501e-06;3.522983771e-13;3.339946863e-13;5.046412732e-10;3.464779245e-12;1.779517644e-10;1.707018858e-12;6.244535704e-12;4.999999912e-15;3.01669667e-09;2.082272722e-11;6.954928855e-10;1.736720685e-12;8.521017279e-14;1;1;1;1;1;1;1;0;0;0;0;0;0;0;0;0;0;9.558133165e-09;0.09901943172;0.0501144722;79.07754034;20.77332575
705.329;1747836640.937;4:10:40 PM;1;3;4.004137372e-05;6.826030585e-06;4.174127407e-13;3.142015456e-13;5.085946664e-10;3.308019006e-12;1.777848702e-10;1.736366259e-12;6.237490559e-12;4.999999912e-15;3.020582673e-09;2.085022953e-11;6.974183453e-10;1.764430832e-12;5.350128096e-14;1;1;1;1;1;1;1;0;0;0;0;0;0;0;0;0;0;1.121818164e-08;0.0942762327;0.05080947522;79.06264589;20.7922684
707.195;1747836642.803;4:10:42 PM;1;3;4.006048766e-05;6.942141226e-06;2.311986865e-13;2.767189689e-13;5.082635424e-10;3.36350869e-12;1.781848696e-10;1.81607355e-12;6.467255551e-12;4.999999912e-15;3.027660123e-09;2.072764183e-11;6.980396261e-10;1.682619105e-12;1.887419291e-14;1;1;1;1;1;1;1;0;0;0;0;0;0;0;0;0;0;1.569441045e-09;0.09544087602;0.04820555774;79.08509551;20.77125805
709.062;1747836644.670;4:10:44 PM;1;3;3.986518277e-05;6.960779501e-06;2.055143707e-13;2.307317206e-13;5.098081401e-10;3.377773105e-12;1.78931564e-10;1.862126555e-12;6.431528487e-12;4.999999912e-15;3.026278561e-09;2.073491032e-11;6.965368837e-10;1.698799088e-12;4.999999912e-15;1;1;1;1;1;1;1;0;0;0;0;0;0;0;0;0;0;3.532982498e-09;0.09577356205;0.04869826477;79.10811552;20.74741265
710.928;1747836646.536;4:10:46 PM;1;3;3.993659266e-05;6.865393971e-06;2.025135295e-13;2.248156495e-13;5.063849895e-10;3.350717707e-12;1.786382292e-10;1.867723858e-12;6.439212011e-12;9.142090974e-14;3.018736816e-09;2.082475858e-11;6.944365083e-10;1.751470063e-12;4.999999912e-15;1;1;1;1;1;1;1;0;0;0;0;0;0;0;0;0;0;3.911551647e-09;0.09521827393;0.05040851633;79.1127296;20.74164361
712.795;1747836648.403;4:10:48 PM;1;3;3.994736471e-05;6.897043022e-06;2.470700511e-13;2.270339542e-13;5.078213405e-10;3.159655914e-12;1.782738818e-10;1.852769457e-12;6.460717378e-12;8.05366719e-14;3.026034978e-09;2.085302764e-11;6.966399679e-10;1.75279615e-12;4.999999912e-15;1;1;1;1;1;1;1;0;0;0;0;0;0;0;0;0;0;5.640882603e-10;0.08944724297;0.05032420523;79.10993026;20.75029829
714.661;1747836650.269;4:10:50 PM;1;3;4.000590707e-05;6.894400485e-06;2.950525566e-13;2.713206721e-13;5.085835642e-10;3.222676249e-12;1.789715459e-10;1.730399461e-12;6.437666806e-12;6.414956592e-14;3.026191964e-09;2.078144254e-11;6.932454055e-10;1.847115559e-12;4.999999912e-15;1;1;1;1;1;1;1;0;0;0;0;0;0;0;0;0;0;4.351133949e-09;0.09152342526;0.05318888788;79.17968913;20.67559856
716.527;1747836652.135;4:10:52 PM;1;3;3.994312647e-05;6.95278186e-06;3.386069908e-13;3.12413886e-13;5.034538342e-10;3.206640248e-12;1.768248881e-10;1.745606155e-12;6.400704185e-12;1.550049965e-14;3.012544436e-09;2.085059729e-11;6.945057862e-10;1.919041315e-12;1.567572366e-14;1;1;1;1;1;1;1;0;0;0;0;0;0;0;0;0;0;9.574670572e-09;0.09152064661;0.05555280626;79.08399219;20.76893435
718.394;1747836654.002;4:10:54 PM;1;3;4.006671224e-05;6.836508874e-06;3.934742885e-13;3.369900387e-13;5.080831311e-10;3.174819999e-12;1.784845882e-10;1.734315708e-12;6.457079663e-12;4.999999912e-15;3.02123504e-09;2.087389116e-11;6.979977707e-10;1.863811622e-12;1.299424435e-13;1;1;1;1;1;1;1;0;0;0;0;0;0;0;0;0;0;1.379143242e-08;0.09038767522;0.05389494169;79.04976394;20.80595344
720.26;1747836655.868;4:10:55 PM;1;3;3.990719779e-05;6.918217878e-06;3.439575014e-13;3.504689215e-13;5.078476528e-10;3.243632359e-12;1.776674502e-10;1.776233999e-12;6.462359294e-12;4.999999912e-15;3.009266392e-09;2.095239086e-11;6.901128558e-10;1.928346371e-12;7.066846701e-14;1;1;1;1;1;1;1;0;0;0;0;0;0;0;0;0;0;1.285445066e-08;0.09288325261;0.05602625684;79.1630818;20.68800869
722.127;1747836657.735;4:10:57 PM;1;3;4.0082552e-05;6.886486972e-06;3.536171193e-13;2.840821924e-13;5.053259478e-10;3.266223013e-12;1.77735146e-10;1.895393131e-12;6.596256961e-12;4.999999912e-15;2.99627434e-09;2.057841918e-11;6.912220796e-10;1.885269501e-12;7.191698002e-14;1;1;1;1;1;1;1;0;0;0;0;0;0;0;0;0;0;6.907214555e-09;0.09366970498;0.05490280959;79.06663648;20.78479101
723.993;1747836659.601;4:10:59 PM;1;3;4.007893222e-05;6.818188467e-06;3.058949849e-13;2.363759687e-13;5.054818231e-10;3.221292373e-12;1.778148462e-10;1.856966187e-12;6.686127346e-12;4.999999912e-15;3.024865691e-09;2.076841303e-11;6.957454057e-10;1.831971857e-12;2.168984054e-14;1;1;1;1;1;1;1;0;0;0;0;0;0;0;0;0;0;1.521051871e-09;0.09138469104;0.05275471232;79.12059812;20.73526248
725.859;1747836661.467;4:11:01 PM;1;3;4.002238711e-05;6.984834272e-06;2.336066182e-13;1.967323873e-13;5.088654498e-10;3.180124133e-12;1.773612507e-10;1.882978799e-12;6.698667229e-12;7.685781299e-15;3.00687697e-09;2.078934594e-11;6.942164066e-10;1.808449332e-12;4.999999912e-15;1;1;1;1;1;1;1;0;0;0;0;0;0;0;0;0;0;3.922614151e-09;0.09045442097;0.05228013682;79.06564639;20.79161905
727.726;1747836663.334;4:11:03 PM;1;3;3.992088386e-05;6.942141226e-06;2.325810985e-13;1.914376047e-13;5.074586862e-10;3.225411258e-12;1.781275544e-10;1.889742919e-12;6.773278553e-12;4.884719067e-14;3.035651508e-09;2.064926181e-11;6.977501354e-10;1.838025825e-12;4.999999912e-15;1;1;1;1;1;1;1;0;0;0;0;0;0;0;0;0;0;4.856324883e-09;0.09100710823;0.05272820249;79.1332784;20.72298629
729.592;1747836665.200;4:11:05 PM;1;3;3.996594751e-05;6.97413634e-06;1.979266496e-13;1.492561771e-13;5.07440312e-10;3.042383619e-12;1.770526364e-10;1.852814343e-12;6.66865391e-12;5.446804371e-14;3.011620731e-09;2.08106362e-11;6.929276597e-10;1.866374893e-12;4.999999912e-15;1;1;1;1;1;1;1;0;0;0;0;0;0;0;0;0;0;8.054999776e-09;0.08618211725;0.05398307266;79.12218879;20.73764602
731.459;1747836667.067;4:11:07 PM;1;3;4.015445666e-05;6.881195986e-06;2.961820784e-13;2.105259055e-13;5.042647411e-10;3.090116487e-12;1.768054869e-10;1.820132369e-12;6.702716073e-12;4.078257981e-14;3.005972138e-09;2.072507096e-11;6.903822514e-10;1.882451009e-12;4.999999912e-15;1;1;1;1;1;1;1;0;0;0;0;0;0;0;0;0;0;9.186482696e-11;0.08804016533;0.05459166095;79.14587602;20.71149215
733.325;1747836668.933;4:11:08 PM;1;3;3.991673293e-05;6.95545441e-06;2.992332402e-13;2.313629702e-13;5.025811434e-10;2.975468179e-12;1.760113999e-10;1.795190298e-12;6.640365341e-12;4.999999912e-15;2.999133608e-09;2.056349015e-11;6.883331127e-10;1.938330356e-12;4.999999912e-15;1;1;1;1;1;1;1;0;0;0;0;0;0;0;0;0;0;3.145244395e-09;0.08493514864;0.05641542851;79.15927286;20.69937656
735.191;1747836670.799;4:11:10 PM;1;3;3.987829041e-05;6.968785328e-06;3.453205061e-13;2.837028301e-13;5.010981075e-10;3.055140342e-12;1.759196955e-10;1.820225828e-12;6.669040754e-12;4.999999912e-15;3.000223403e-09;2.076583697e-11;6.900181537e-10;2.035879711e-12;4.680615975e-14;1;1;1;1;1;1;1;0;0;0;0;0;0;0;0;0;0;8.579426687e-09;0.08740438929;0.05938842167;79.12200569;20.7312015
737.058;1747836672.666;4:11:12 PM;1;3;3.982883209e-05;6.78430888e-06;3.36206025e-13;2.994392928e-13;5.01212627e-10;3.027837529e-12;1.75506637e-10;1.796112846e-12;6.721695683e-12;4.999999912e-15;2.994872794e-09;2.068710481e-11;6.904024019e-10;2.01694824e-12;7.458179311e-14;1;1;1;1;1;1;1;0;0;0;0;0;0;0;0;0;0;9.983300179e-09;0.08674652129;0.05893990291;79.08789607;20.76641751
738.924;1747836674.532;4:11:14 PM;1;3;3.982107955e-05;6.891759313e-06;3.336765814e-13;3.271452662e-13;5.021580929e-10;3.141183277e-12;1.764689089e-10;1.866145476e-12;6.801126069e-12;4.999999912e-15;3.000701021e-09;2.067460959e-11;6.89494406e-10;1.947106105e-12;6.960313673e-14;1;1;1;1;1;1;1;0;0;0;0;0;0;0;0;0;0;1.137045037e-08;0.09004303276;0.05674313552;79.13441093;20.7188029
740.791;1747836676.399;4:11:16 PM;1;3;3.981549162e-05;6.894400485e-06;3.05520637e-13;2.822308088e-13;5.01698294e-10;3.107878538e-12;1.766615743e-10;1.925461526e-12;6.91049171e-12;4.999999912e-15;2.997673887e-09;2.075956421e-11;6.868464686e-10;1.964685793e-12;4.88148374e-14;1;1;1;1;1;1;1;0;0;0;0;0;0;0;0;0;0;6.731647944e-09;0.08905135205;0.05732759876;79.1768747;20.67674635
742.657;1747836678.265;4:11:18 PM;1;3;4.003176582e-05;6.881195986e-06;2.38349298e-13;2.654504221e-13;5.038108264e-10;3.071906228e-12;1.763693636e-10;1.956626918e-12;6.851902292e-12;6.721508827e-15;2.999263504e-09;2.061223935e-11;6.885491066e-10;1.954074272e-12;4.999999912e-15;1;1;1;1;1;1;1;0;0;0;0;0;0;0;0;0;0;3.475215932e-09;0.08779908087;0.05687956043;79.15166255;20.70365881
744.523;1747836680.131;4:11:20 PM;1;3;3.991123594e-05;6.865393971e-06;2.14600527e-13;1.924815423e-13;5.03211306e-10;2.988725803e-12;1.764545454e-10;1.939409354e-12;6.959286446e-12;4.999999912e-15;2.995283799e-09;2.07290643e-11;6.899686933e-10;1.909496649e-12;4.999999912e-15;1;1;1;1;1;1;1;0;0;0;0;0;0;0;0;0;0;3.114563662e-09;0.08518408707;0.05557066777;79.10057664;20.75866861
746.39;1747836681.998;4:11:21 PM;1;3;4.000626359e-05;6.926183232e-06;2.429575638e-13;2.091977172e-13;5.012812387e-10;3.034749535e-12;1.769904084e-10;1.985879126e-12;6.991367554e-12;7.83756469e-14;3.013277849e-09;2.073088576e-11;6.895555238e-10;1.99579177e-12;4.999999912e-15;1;1;1;1;1;1;1;0;0;0;0;0;0;0;0;0;0;1.150907331e-09;0.08622533753;0.05791834049;79.19849442;20.65736191
748.256;1747836683.864;4:11:23 PM;1;3;4.009213444e-05;6.958112408e-06;2.780820008e-13;2.195109735e-13;5.069047404e-10;2.918410305e-12;1.770120162e-10;1.923395688e-12;6.984041817e-12;7.351944438e-14;3.004386295e-09;2.101362834e-11;6.919786411e-10;2.069605988e-12;4.999999912e-15;1;1;1;1;1;1;1;0;0;0;0;0;0;0;0;0;0;1.947850246e-09;0.08297988461;0.06022195727;79.10232656;20.7544716
750.123;1747836685.731;4:11:25 PM;1;3;3.987010496e-05;6.883841252e-06;3.495191333e-13;2.29784399e-13;5.074956011e-10;2.908548402e-12;1.777353681e-10;1.899662502e-12;6.997066988e-12;3.457680648e-14;3.017350814e-09;2.090685264e-11;6.952613485e-10;2.099242872e-12;2.122736564e-14;1;1;1;1;1;1;1;0;0;0;0;0;0;0;0;0;0;5.169979966e-09;0.08242539699;0.06087823822;79.09439696;20.7622994
751.989;1747836687.597;4:11:27 PM;1;3;3.982133057e-05;6.984834272e-06;3.851607076e-13;2.774970737e-13;5.033901629e-10;2.864977569e-12;1.772890446e-10;1.884614426e-12;7.016376629e-12;4.999999912e-15;3.011063621e-09;2.085984857e-11;6.921356821e-10;2.197374227e-12;6.086349144e-14;1;1;1;1;1;1;1;0;0;0;0;0;0;0;0;0;0;1.100779427e-08;0.08152706846;0.06405940122;79.12796278;20.72645075
753.855;1747836689.463;4:11:29 PM;1;3;4.005317169e-05;6.912925983e-06;3.736616864e-13;3.099014101e-13;5.035259432e-10;2.983380253e-12;1.775546515e-10;1.916958779e-12;7.059286315e-12;4.999999912e-15;3.022133654e-09;2.066378318e-11;6.956064613e-10;2.126877884e-12;1.126786449e-13;1;1;1;1;1;1;1;0;0;0;0;0;0;0;0;0;0;1.249919866e-08;0.08475551568;0.06178659434;79.10698848;20.74646941
755.722;1747836691.330;4:11:31 PM;1;3;4.011390774e-05;6.958112408e-06;3.627863526e-13;2.949719191e-13;5.039692552e-10;2.999060418e-12;1.765966401e-10;1.985200632e-12;7.018546768e-12;4.999999912e-15;3.020719452e-09;2.077479508e-11;6.921530016e-10;2.088794198e-12;7.216937551e-14;1;1;1;1;1;1;1;0;0;0;0;0;0;0;0;0;0;1.066202029e-08;0.08528266584;0.06066218065;79.18255494;20.67150021
757.588;1747836693.196;4:11:33 PM;1;3;4.004223592e-05;6.9714647e-06;3.282558958e-13;2.935999425e-13;5.039342277e-10;2.966417693e-12;1.762744672e-10;2.040866391e-12;7.163085663e-12;1.654739679e-14;3.018439498e-09;2.065930413e-11;6.93571256e-10;2.145543075e-12;6.368858349e-14;1;1;1;1;1;1;1;0;0;0;0;0;0;0;0;0;0;9.778901081e-09;0.0843076143;0.06236350059;79.13979616;20.71353272
759.455;1747836695.063;4:11:35 PM;1;3;3.983423085e-05;6.894400485e-06;2.956877907e-13;2.369135975e-13;5.078034659e-10;2.938947479e-12;1.775016939e-10;2.006127469e-12;7.161526146e-12;1.70302852e-14;3.017309513e-09;2.084799694e-11;6.930615526e-10;2.079254954e-12;6.860003966e-14;1;1;1;1;1;1;1;0;0;0;0;0;0;0;0;0;0;3.880179854e-09;0.0833388134;0.0603952389;79.14453587;20.71173008
761.321;1747836696.929;4:11:36 PM;1;3;4.002116111e-05;6.897043022e-06;2.636373921e-13;1.625169861e-13;5.086102095e-10;2.879867785e-12;1.776730568e-10;2.062278516e-12;7.239229615e-12;6.28582337e-14;3.030739881e-09;2.075055058e-11;6.967947885e-10;2.093557315e-12;4.999999912e-15;1;1;1;1;1;1;1;0;0;0;0;0;0;0;0;0;0;3.318639424e-09;0.08101179651;0.06044613094;79.13378266;20.72475941
763.187;1747836698.795;4:11:38 PM;1;3;3.999827459e-05;6.934149951e-06;2.719484252e-13;1.453757226e-13;5.060289965e-10;2.829750973e-12;1.781644138e-10;2.009879676e-12;7.253554094e-12;3.950418348e-14;3.037150531e-09;2.093129316e-11;6.964672172e-10;2.144959124e-12;4.999999912e-15;1;1;1;1;1;1;1;0;0;0;0;0;0;0;0;0;0;4.155368336e-09;0.07939454853;0.06189188112;79.17025348;20.68846009
765.054;1747836700.662;4:11:40 PM;1;3;3.993564314e-05;6.870664947e-06;3.531536229e-13;2.324193355e-13;5.08045328e-10;2.813121697e-12;1.774888708e-10;1.951485414e-12;7.278889297e-12;4.601711468e-14;3.018608474e-09;2.090853532e-11;6.956586418e-10;2.207028397e-12;7.219332113e-15;1;1;1;1;1;1;1;0;0;0;0;0;0;0;0;0;0;6.40814459e-09;0.07960456093;0.06406060556;79.09365217;20.76268266
766.92;1747836702.528;4:11:42 PM;1;3;4.008422911e-05;6.902330369e-06;3.990965815e-13;2.843798873e-13;5.050303509e-10;2.853361211e-12;1.768783592e-10;2.012860798e-12;7.309033587e-12;5.24175328e-14;3.033233886e-09;2.10098397e-11;6.96665281e-10;2.219685156e-12;3.919951928e-14;1;1;1;1;1;1;1;0;0;0;0;0;0;0;0;0;0;1.216990057e-08;0.08065229797;0.06424468587;79.14811715;20.70698586
768.787;1747836704.395;4:11:44 PM;1;3;4.007742245e-05;6.889119049e-06;4.306103e-13;2.914129983e-13;5.101005729e-10;2.826909496e-12;1.778371894e-10;1.953270228e-12;7.310306874e-12;4.999999912e-15;3.038796992e-09;2.108161389e-11;6.9625955e-10;2.288726283e-12;7.016368281e-14;1;1;1;1;1;1;1;0;0;0;0;0;0;0;0;0;0;1.402405887e-08;0.07980140123;0.06625343569;79.18492216;20.669023
770.653;1747836706.261;4:11:46 PM;1;3;4.007844473e-05;6.966115961e-06;4.145020102e-13;2.833573491e-13;5.093693245e-10;2.92973523e-12;1.777207964e-10;1.993012743e-12;7.334749995e-12;4.999999912e-15;3.041232155e-09;2.083840218e-11;6.969402833e-10;2.322797987e-12;9.629801703e-14;1;1;1;1;1;1;1;0;0;0;0;0;0;0;0;0;0;1.184084156e-08;0.08269314293;0.06725829445;79.17944982;20.67059874
772.519;1747836708.127;4:11:48 PM;1;3;4.000267654e-05;6.942141226e-06;3.966279345e-13;2.871760989e-13;5.077208654e-10;2.903314958e-12;1.773633879e-10;2.061563377e-12;7.381117419e-12;4.999999912e-15;3.039699825e-09;2.144501764e-11;6.968681743e-10;2.186156855e-12;9.83604745e-14;1;1;1;1;1;1;1;0;0;0;0;0;0;0;0;0;0;1.188388379e-08;0.08196325121;0.06322387152;79.17721087;20.677602
774.386;1747836709.994;4:11:49 PM;1;3;3.995938823e-05;7.008972261e-06;3.501239554e-13;2.413929787e-13;5.066572717e-10;2.91496341e-12;1.774583258e-10;2.1030018e-12;7.37185573e-12;2.128262268e-14;3.019188233e-09;2.076156434e-11;6.913865036e-10;2.231322765e-12;4.405472569e-14;1;1;1;1;1;1;1;0;0;0;0;0;0;0;0;0;0;6.184133202e-09;0.08269766346;0.06492043007;79.18815427;20.66422764
776.252;1747836711.860;4:11:51 PM;1;3;3.985427611e-05;6.846995802e-06;2.889846565e-13;2.067574085e-13;5.039461626e-10;2.805890503e-12;1.766967406e-10;2.052504e-12;7.479881298e-12;7.364939279e-14;3.013583605e-09;2.075305032e-11;6.938836172e-10;2.264362309e-12;4.999999912e-15;1;1;1;1;1;1;1;0;0;0;0;0;0;0;0;0;0;2.169613995e-09;0.07942369104;0.06590771153;79.10592238;20.74874622
778.119;1747836713.727;4:11:53 PM;1;3;3.997209933e-05;6.881195986e-06;3.209997101e-13;2.073303958e-13;5.074816678e-10;2.747868773e-12;1.778701769e-10;2.147880832e-12;7.559826029e-12;1.116700862e-13;3.028563178e-09;2.129106787e-11;6.956845655e-10;2.198562513e-12;4.999999912e-15;1;1;1;1;1;1;1;0;0;0;0;0;0;0;0;0;0;3.745400045e-09;0.07740139969;0.06364222088;79.14538935;20.71356702
779.985;1747836715.593;4:11:55 PM;1;3;4.008765245e-05;6.907622719e-06;3.269799796e-13;1.592120126e-13;5.056235985e-10;2.665086251e-12;1.768702684e-10;2.049666209e-12;7.438978253e-12;6.45274036e-14;3.013474359e-09;2.073853068e-11;6.918349227e-10;2.282962664e-12;4.294211403e-14;1;1;1;1;1;1;1;0;0;0;0;0;0;0;0;0;0;3.248931704e-10;0.07524083582;0.06656717928;79.15460483;20.70358716
781.851;1747836717.459;4:11:57 PM;1;3;4.002672722e-05;6.987510915e-06;3.621740765e-13;2.203443049e-13;5.057884112e-10;2.739982286e-12;1.775863068e-10;2.040260105e-12;7.559267448e-12;6.937464112e-14;3.025931727e-09;2.099984769e-11;6.991046075e-10;2.402805385e-12;1.148859077e-14;1;1;1;1;1;1;1;0;0;0;0;0;0;0;0;0;0;6.267704723e-09;0.07722286145;0.06974467206;79.05052913;20.80250334
783.718;1747836719.326;4:11:59 PM;1;3;4.005561277e-05;6.97413634e-06;3.908836145e-13;3.221252475e-13;5.09364384e-10;2.754581502e-12;1.773233782e-10;2.041382688e-12;7.464682518e-12;6.852437674e-15;3.019546835e-09;2.085646239e-11;6.929031793e-10;2.368738452e-12;1.079050857e-13;1;1;1;1;1;1;1;0;0;0;0;0;0;0;0;0;0;1.626633127e-08;0.07820135242;0.06910928358;79.159362;20.69332737
785.584;1747836721.192;4:12:01 PM;1;3;3.990734331e-05;6.894400485e-06;4.280411203e-13;3.004369214e-13;5.05459341e-10;2.772762272e-12;1.762862634e-10;2.043171405e-12;7.511854853e-12;4.999999912e-15;3.00903169e-09;2.059169155e-11;6.889481763e-10;2.421391863e-12;9.650759331e-14;1;1;1;1;1;1;1;0;0;0;0;0;0;0;0;0;0;1.526854549e-08;0.07902647168;0.07095482088;79.19226942;20.65774929
787.451;1747836723.059;4:12:03 PM;1;3;3.998695684e-05;6.873290204e-06;3.850875781e-13;3.24584977e-13;5.050247998e-10;2.736431958e-12;1.762596874e-10;2.089713168e-12;7.554127462e-12;4.999999912e-15;3.010291572e-09;2.069696151e-11;6.910982897e-10;2.365244502e-12;9.712289837e-14;1;1;1;1;1;1;1;0;0;0;0;0;0;0;0;0;0;1.648036889e-08;0.07791473075;0.06920308581;79.15268274;20.70019945
789.317;1747836724.925;4:12:04 PM;1;3;4.004195216e-05;6.870664947e-06;3.110966617e-13;2.629797693e-13;5.039637041e-10;2.794724521e-12;1.771147534e-10;2.210877748e-12;7.66684112e-12;3.103334918e-14;3.01929437e-09;2.082618973e-11;6.947238895e-10;2.310421169e-12;4.303669712e-14;1;1;1;1;1;1;1;0;0;0;0;0;0;0;0;0;0;8.063727323e-09;0.0791299451;0.06723816714;79.11445637;20.73917552
791.183;1747836726.791;4:12:06 PM;1;3;3.993474093e-05;6.936815225e-06;3.072689401e-13;2.621389705e-13;5.092805067e-10;2.747200471e-12;1.774910774e-10;2.17939165e-12;7.617223692e-12;6.013716407e-14;3.019128059e-09;2.077558611e-11;6.928530527e-10;2.377335525e-12;4.999999912e-15;1;1;1;1;1;1;1;0;0;0;0;0;0;0;0;0;0;8.31129189e-09;0.07775692688;0.0692045172;79.15760477;20.69543379
793.05;1747836728.658;4:12:08 PM;1;3;3.974871652e-05;6.799924449e-06;2.828306708e-13;1.470424124e-13;5.058632402e-10;2.659428233e-12;1.766316121e-10;2.236869761e-12;7.733818794e-12;7.51099893e-14;3.01375902e-09;2.105567977e-11;6.939207542e-10;2.297627366e-12;4.999999912e-15;1;1;1;1;1;1;1;0;0;0;0;0;0;0;0;0;0;2.086261782e-09;0.07495232579;0.06690092869;79.11077401;20.74737273
794.916;1747836730.524;4:12:10 PM;1;3;3.985180956e-05;6.873290204e-06;3.465954195e-13;1.701216343e-13;5.082700927e-10;2.610308237e-12;1.769725755e-10;2.119182867e-12;7.721452817e-12;9.206809035e-14;3.01750358e-09;2.116109718e-11;6.966597299e-10;2.458681262e-12;4.999999912e-15;1;1;1;1;1;1;1;0;0;0;0;0;0;0;0;0;0;2.42881148e-09;0.0734924242;0.07160504627;79.06713955;20.78776298
796.783;1747836732.391;4:12:12 PM;1;3;3.979538815e-05;6.915575341e-06;3.984643832e-13;2.884151793e-13;5.092777311e-10;2.620659332e-12;1.76999887e-10;2.104463739e-12;7.651659688e-12;7.111251556e-14;3.012610161e-09;2.076212986e-11;6.91634694e-10;2.457996914e-12;1.527747587e-14;1;1;1;1;1;1;1;0;0;0;0;0;0;0;0;0;0;1.467999518e-08;0.07435511651;0.07178942106;79.1535588;20.70029666
798.649;1747836734.257;4:12:14 PM;1;3;3.988344179e-05;6.881195986e-06;4.474141327e-13;2.570651754e-13;5.051636887e-10;2.552080726e-12;1.768656471e-10;2.108980742e-12;7.705693722e-12;8.133317086e-15;3.023076456e-09;2.101767024e-11;6.917687534e-10;2.472071593e-12;3.508308824e-14;1;1;1;1;1;1;1;0;0;0;0;0;0;0;0;0;0;1.397295001e-08;0.07211989926;0.07206401842;79.20464106;20.65117502
800.515;1747836736.123;4:12:16 PM;1;3;4.001869456e-05;6.870664947e-06;3.815879362e-13;2.801410091e-13;5.073387266e-10;2.640589353e-12;1.769679264e-10;2.094636313e-12;7.659805082e-12;4.999999912e-15;3.019514194e-09;2.074274433e-11;6.934525731e-10;2.553674503e-12;5.712339374e-14;1;1;1;1;1;1;1;0;0;0;0;0;0;0;0;0;0;1.322373103e-08;0.07473575873;0.07456959974;79.14540543;20.70528921
802.382;1747836737.990;4:12:17 PM;1;3;4.010787961e-05;6.84962788e-06;3.943334916e-13;2.550923611e-13;5.043382934e-10;2.61693835e-12;1.757251844e-10;2.120910652e-12;7.78487344e-12;4.999999912e-15;3.018480799e-09;2.091046954e-11;6.929140595e-10;2.485546708e-12;8.845542029e-14;1;1;1;1;1;1;1;0;0;0;0;0;0;0;0;0;0;1.155863535e-08;0.07403516977;0.07262468654;79.15792996;20.69541018
804.248;1747836739.856;4:12:19 PM;1;3;3.984268915e-05;6.931493317e-06;3.621088889e-13;2.405302791e-13;5.083474197e-10;2.67303432e-12;1.773366731e-10;2.197305705e-12;8.023028422e-12;4.999999912e-15;3.021491946e-09;2.085678852e-11;6.948225328e-10;2.434727767e-12;1.770382885e-14;1;1;1;1;1;1;1;0;0;0;0;0;0;0;0;0;0;8.722747324e-09;0.0754919392;0.07086946544;79.12653526;20.72710334
806.115;1747836741.723;4:12:21 PM;1;3;3.979106623e-05;6.915575341e-06;3.068851325e-13;1.827417883e-13;5.089923483e-10;2.648937927e-12;1.778876352e-10;2.242066992e-12;8.040876125e-12;1.693719458e-14;3.03903902e-09;2.100391215e-11;6.989905321e-10;2.430719471e-12;4.999999912e-15;1;1;1;1;1;1;1;0;0;0;0;0;0;0;0;0;0;1.99583859e-09;0.07415831809;0.07032713449;79.12549294;20.73002161
807.981;1747836743.589;4:12:23 PM;1;3;3.994434883e-05;6.857506378e-06;2.560536418e-13;1.736630994e-13;5.073976239e-10;2.529268678e-12;1.769026314e-10;2.234247076e-12;7.989283714e-12;9.521526498e-14;3.026946027e-09;2.10740158e-11;6.937992403e-10;2.441899981e-12;4.999999912e-15;1;1;1;1;1;1;1;0;0;0;0;0;0;0;0;0;0;7.197874859e-10;0.0709376463;0.07099297027;79.1831653;20.67490409
809.847;1747836745.455;4:12:25 PM;1;3;4.003218783e-05;6.881195986e-06;3.488097669e-13;4.063372563e-14;5.025233007e-10;2.500732911e-12;1.761160523e-10;2.194671745e-12;7.944340498e-12;7.466442964e-14;3.013675087e-09;2.075503831e-11;6.914951389e-10;2.483193989e-12;4.999999912e-15;1;1;1;1;1;1;1;0;0;0;0;0;0;0;0;0;0;8.254668579e-09;0.07013090064;0.07254025344;79.16383912;20.69348973
811.714;1747836747.322;4:12:27 PM;1;3;4.012693898e-05;6.897043022e-06;3.998378234e-13;1.922605006e-13;5.026590255e-10;2.441464999e-12;1.759234008e-10;2.158414723e-12;7.974025953e-12;5.037896844e-14;3.018892247e-09;2.080987986e-11;6.938682962e-10;2.557236974e-12;3.42776175e-14;1;1;1;1;1;1;1;0;0;0;0;0;0;0;0;0;0;7.647566014e-09;0.06870736804;0.07466574011;79.13887604;20.71775086
813.58;1747836749.188;4:12:29 PM;1;3;4.007294774e-05;6.773910627e-06;4.32439322e-13;2.099633401e-13;5.074610732e-10;2.472616513e-12;1.774363295e-10;2.131704535e-12;7.853341241e-12;1.84196835e-14;3.033076901e-09;2.088849579e-11;6.974201772e-10;2.604613357e-12;2.677103873e-14;1;1;1;1;1;1;1;0;0;0;0;0;0;0;0;0;0;9.969644636e-09;0.06935441839;0.07570065278;79.12956254;20.72538239
815.447;1747836751.055;4:12:31 PM;1;3;3.998923421e-05;6.95278186e-06;4.361415742e-13;2.62670609e-13;5.075444509e-10;2.531369428e-12;1.770736197e-10;2.118054863e-12;7.927558783e-12;4.999999912e-15;3.02681924e-09;2.096833471e-11;6.972464828e-10;2.634222267e-12;1.0416202e-13;1;1;1;1;1;1;1;0;0;0;0;0;0;0;0;0;0;1.43283291e-08;0.07132854508;0.0768381471;79.09985126;20.75198205
817.313;1747836752.921;4:12:32 PM;1;3;3.997125532e-05;6.910277534e-06;4.029621688e-13;2.76775754e-13;5.097294253e-10;2.576056556e-12;1.770215641e-10;2.179073762e-12;8.058376882e-12;1.098580218e-14;3.040768526e-09;2.079558054e-11;6.970962696e-10;2.631385778e-12;6.020187062e-14;1;1;1;1;1;1;1;0;0;0;0;0;0;0;0;0;0;1.417485967e-08;0.07238052612;0.07640491099;79.17837353;20.67284103
819.179;1747836754.787;4:12:34 PM;1;3;4.000846093e-05;6.934149951e-06;3.501767019e-13;2.042927324e-13;5.080858512e-10;2.551817481e-12;1.769702856e-10;2.278496836e-12;8.014459756e-12;1.172555247e-14;3.046510155e-09;2.08884611e-11;7.01150582e-10;2.55101322e-12;4.327912472e-14;1;1;1;1;1;1;1;0;0;0;0;0;0;0;0;0;0;6.18857516e-09;0.07125644829;0.07379762172;79.12032274;20.73462319
821.046;1747836756.654;4:12:36 PM;1;3;4.01344987e-05;6.936815225e-06;3.356165985e-13;1.48935592e-13;5.102516742e-10;2.535967313e-12;1.769746294e-10;2.263685767e-12;8.147683049e-12;3.975857458e-14;3.038805652e-09;2.083244514e-11;6.975222067e-10;2.503442115e-12;4.999999912e-15;1;1;1;1;1;1;1;0;0;0;0;0;0;0;0;0;0;8.564136829e-10;0.07084082279;0.07253021613;79.16356627;20.69306269
822.912;1747836758.520;4:12:38 PM;1;3;4.005278606e-05;6.897043022e-06;2.987970928e-13;1.437294294e-13;5.066803088e-10;2.479645612e-12;1.769497743e-10;2.248698406e-12;8.170191954e-12;7.037127364e-14;3.028445494e-09;2.104777463e-11;6.954336551e-10;2.553437713e-12;4.999999912e-15;1;1;1;1;1;1;1;0;0;0;0;0;0;0;0;0;0;2.255324487e-10;0.06938721128;0.07427109516;79.15235248;20.70398922
824.779;1747836760.387;4:12:40 PM;1;3;4.011462079e-05;6.868032415e-06;3.569345882e-13;1.36704748e-13;5.0714144e-10;2.439529915e-12;1.773767938e-10;2.227117579e-12;8.201556621e-12;1.527742641e-13;3.040454333e-09;2.087793306e-11;6.976568767e-10;2.622518739e-12;4.999999912e-15;1;1;1;1;1;1;1;0;0;0;0;0;0;0;0;0;0;1.29648665e-09;0.06799478512;0.07605365234;79.16397101;20.69198055
826.645;1747836762.253;4:12:42 PM;1;3;4.003040885e-05;6.844365089e-06;3.50671071e-13;1.664631838e-13;5.075804776e-10;2.38298682e-12;1.770573965e-10;2.256995806e-12;8.156939534e-12;7.460618766e-14;3.025086404e-09;2.085878519e-11;6.951208498e-10;2.658067993e-12;4.999999912e-15;1;1;1;1;1;1;1;0;0;0;0;0;0;0;0;0;0;4.3343314e-09;0.06673086736;0.07747105278;79.14137936;20.71441872
828.511;1747836764.119;4:12:44 PM;1;3;3.99589444e-05;6.915575341e-06;4.25807447e-13;2.447258704e-13;5.055251218e-10;2.378114415e-12;1.757243517e-10;2.260255785e-12;8.18958009e-12;6.442884285e-14;3.042760266e-09;2.118719783e-11;6.991384138e-10;2.625282153e-12;4.999999912e-15;1;1;1;1;1;1;1;0;0;0;0;0;0;0;0;0;0;1.380380871e-08;0.06650375726;0.07607417931;79.15143397;20.70598809
830.378;1747836765.986;4:12:45 PM;1;3;3.997701424e-05;6.902330369e-06;4.683348436e-13;2.340905247e-13;5.08620257e-10;2.433437349e-12;1.772318542e-10;2.195791942e-12;8.196267449e-12;4.999999912e-15;3.037502694e-09;2.103954511e-11;6.954040122e-10;2.703190102e-12;7.670896389e-14;1;1;1;1;1;1;1;0;0;0;0;0;0;0;0;0;0;1.363061823e-08;0.06826703999;0.07867912123;79.19831432;20.65473952
832.244;1747836767.852;4:12:47 PM;1;3;3.996591477e-05;6.976801615e-06;4.141829024e-13;2.639579636e-13;5.074810572e-10;2.452452521e-12;1.771697927e-10;2.166582668e-12;8.251336246e-12;4.999999912e-15;3.03505221e-09;2.081161979e-11;6.964332444e-10;2.723567248e-12;7.374047933e-14;1;1;1;1;1;1;1;0;0;0;0;0;0;0;0;0;0;1.450358364e-08;0.0688777936;0.07931199297;79.16085784;20.69095237
834.111;1747836769.719;4:12:49 PM;1;3;4.001097477e-05;6.881195986e-06;4.519576716e-13;2.199873584e-13;5.054869856e-10;2.403073834e-12;1.763662688e-10;2.263553928e-12;8.151487298e-12;4.999999912e-15;3.021678907e-09;2.089597245e-11;6.951826892e-10;2.66179895e-12;5.430225564e-14;1;1;1;1;1;1;1;0;0;0;0;0;0;0;0;0;0;1.212730286e-08;0.06761957269;0.0777400938;79.12281601;20.73182432
835.977;1747836771.585;4:12:51 PM;1;3;3.980869587e-05;6.926183232e-06;3.711452261e-13;1.979649761e-13;5.050437291e-10;2.484951698e-12;1.766296137e-10;2.329027813e-12;8.367807315e-12;4.999999912e-15;3.037063268e-09;2.130490749e-11;6.958295606e-10;2.631608256e-12;4.999999912e-15;1;1;1;1;1;1;1;0;0;0;0;0;0;0;0;0;0;6.879631032e-09;0.06959705644;0.07643850777;79.18728699;20.66667744
837.843;1747836773.451;4:12:53 PM;1;3;3.992850907e-05;6.883841252e-06;2.865792185e-13;1.196874224e-13;5.086365218e-10;2.384336001e-12;1.770891073e-10;2.314944243e-12;8.458468301e-12;3.727695778e-14;3.013075567e-09;2.076191476e-11;6.961087817e-10;2.585310221e-12;4.999999912e-15;1;1;1;1;1;1;1;0;0;0;0;0;0;0;0;0;0;1.900743179e-09;0.06677091658;0.07550048049;79.05786335;20.79986525
839.71;1747836775.318;4:12:55 PM;1;3;3.974968422e-05;6.818188467e-06;2.665794831e-13;8.336724594e-14;5.032784189e-10;2.293431287e-12;1.765951829e-10;2.326239461e-12;8.425238805e-12;8.746129499e-14;3.014311467e-09;2.076006728e-11;6.931255014e-10;2.649389605e-12;4.999999912e-15;1;1;1;1;1;1;1;0;0;0;0;0;0;0;0;0;0;4.972221429e-09;0.06403999571;0.07748611412;79.12973709;20.7287368
841.576;1747836777.184;4:12:57 PM;1;3;3.981098052e-05;6.831264272e-06;3.446295441e-13;1.242085726e-13;5.042925522e-10;2.241675161e-12;1.758835161e-10;2.243359578e-12;8.401079311e-12;9.929389125e-14;3.026702222e-09;2.110421733e-11;6.929025687e-10;2.63674564e-12;4.999999912e-15;1;1;1;1;1;1;1;0;0;0;0;0;0;0;0;0;0;1.621127541e-09;0.06250937935;0.07686902134;79.2065445;20.6540771
843.443;1747836779.051;4:12:59 PM;1;3;3.985206786e-05;6.92087724e-06;3.922391383e-13;1.632159441e-13;5.043161999e-10;2.300347846e-12;1.763697383e-10;2.266066241e-12;8.455867083e-12;4.023547446e-14;3.029502205e-09;2.074830065e-11;6.925394147e-10;2.821884219e-12;4.999999912e-15;1;1;1;1;1;1;1;0;0;0;0;0;0;0;0;0;0;6.085417275e-09;0.06432767842;0.08235698162;79.22112716;20.63218818
845.309;1747836780.917;4:13:00 PM;1;3;3.979414396e-05;7.01166573e-06;4.154488982e-13;2.539573369e-13;5.051523644e-10;2.251880106e-12;1.755176837e-10;2.319320083e-12;8.405567908e-12;5.455568113e-15;3.034058782e-09;2.080931087e-11;6.950378051e-10;2.83513317e-12;6.525322952e-14;1;1;1;1;1;1;1;0;0;0;0;0;0;0;0;0;0;1.549762148e-08;0.0630592903;0.08270152213;79.19517299;20.6590662
847.175;1747836782.783;4:13:02 PM;1;3;3.993899008e-05;6.915575341e-06;4.807508558e-13;2.442165665e-13;5.060316055e-10;2.277930232e-12;1.782057835e-10;2.275942889e-12;8.512363557e-12;4.999999912e-15;3.038619578e-09;2.078585741e-11;6.940053532e-10;2.84636854e-12;4.509415709e-14;1;1;1;1;1;1;1;0;0;0;0;0;0;0;0;0;0;1.637811386e-08;0.06378292728;0.08291345545;79.2283114;20.62499222
849.042;1747836784.650;4:13:04 PM;1;3;3.988227763e-05;6.844365089e-06;4.29623676e-13;2.712703651e-13;5.076163934e-10;2.304108293e-12;1.767679753e-10;2.222024214e-12;8.503071511e-12;4.999999912e-15;3.013307825e-09;2.076425316e-11;6.916476281e-10;2.786471791e-12;1.01013341e-13;1;1;1;1;1;1;1;0;0;0;0;0;0;0;0;0;0;1.702176758e-08;0.06503575664;0.08180087913;79.15618757;20.69697579
850.908;1747836786.516;4:13:06 PM;1;3;3.998834654e-05;6.910277534e-06;4.436640671e-13;2.153059225e-13;5.047952611e-10;2.338674393e-12;1.758201362e-10;2.321684945e-12;8.614653262e-12;4.999999912e-15;3.021984218e-09;2.073790618e-11;6.944196329e-10;2.774761107e-12;2.587696835e-14;1;1;1;1;1;1;1;0;0;0;0;0;0;0;0;0;0;1.204528474e-08;0.06572673149;0.08109439416;79.14255822;20.71062066
852.775;1747836788.383;4:13:08 PM;1;3;3.994242434e-05;6.915575341e-06;3.535096207e-13;1.442277558e-13;5.048348961e-10;2.361337037e-12;1.759900142e-10;2.404176901e-12;8.627533583e-12;5.758386118e-14;3.0174514e-09;2.080651797e-11;6.959192667e-10;2.732189908e-12;1.703774756e-14;1;1;1;1;1;1;1;0;0;0;0;0;0;0;0;0;0;2.601711946e-09;0.06616565035;0.07986161089;79.08478268;20.76919006
854.641;1747836790.249;4:13:10 PM;1;3;3.99239907e-05;6.839129583e-06;3.199761961e-13;1.231995056e-13;5.077771537e-10;2.275660129e-12;1.769702718e-10;2.463428333e-12;8.617884184e-12;6.393549698e-14;3.020637962e-09;2.090077417e-11;6.958946197e-10;2.709803736e-12;4.999999912e-15;1;1;1;1;1;1;1;0;0;0;0;0;0;0;0;0;0;4.554710191e-10;0.06350749481;0.0790940097;79.10243269;20.7549658
856.507;1747836792.115;4:13:12 PM;1;3;3.98432785e-05;6.897043022e-06;3.354214692e-13;1.185329775e-13;5.05929465e-10;2.324578681e-12;1.778643066e-10;2.351604154e-12;8.706480849e-12;9.316028173e-14;3.035388385e-09;2.091242977e-11;6.942642572e-10;2.768522824e-12;4.999999912e-15;1;1;1;1;1;1;1;0;0;0;0;0;0;0;0;0;0;5.158442232e-11;0.06472620721;0.08058692524;79.20833996;20.64634691
858.374;1747836793.982;4:13:13 PM;1;3;3.979689427e-05;6.883841252e-06;3.91507871e-13;1.485497787e-13;5.052905871e-10;2.175075007e-12;1.765519536e-10;2.376057467e-12;8.603713228e-12;9.490912017e-14;3.031749518e-09;2.088943601e-11;6.96162239e-10;2.7974643e-12;4.999999912e-15;1;1;1;1;1;1;1;0;0;0;0;0;0;0;0;0;0;5.894122644e-09;0.06052833162;0.08149535291;79.15568573;20.70229058
860.24;1747836795.848;4:13:15 PM;1;3;3.995115185e-05;6.868032415e-06;4.058175779e-13;1.837717261e-13;5.042770646e-10;2.162797502e-12;1.757861912e-10;2.293818564e-12;8.699135162e-12;4.148797869e-14;3.01998293e-09;2.099526976e-11;6.942105779e-10;2.862471978e-12;7.96406059e-14;1;1;1;1;1;1;1;0;0;0;0;0;0;0;0;0;0;9.649790434e-09;0.0604959807;0.0838652699;79.13831743;20.71732132
862.107;1747836797.715;4:13:17 PM;1;3;3.98450502e-05;6.852252227e-06;4.380770649e-13;2.06146569e-13;5.080198484e-10;2.14873605e-12;1.760063068e-10;2.288745799e-12;8.713503877e-12;4.999999912e-15;3.037078811e-09;2.076367203e-11;6.975597322e-10;2.930852826e-12;7.234561257e-14;1;1;1;1;1;1;1;0;0;0;0;0;0;0;0;0;0;1.280623132e-08;0.05984456344;0.08543502993;79.15520203;20.69951837
863.973;1747836799.581;4:13:19 PM;1;3;3.988594472e-05;6.915575341e-06;4.957196762e-13;2.244258924e-13;5.043426787e-10;2.237486238e-12;1.756252088e-10;2.353628794e-12;8.752666127e-12;4.999999912e-15;3.01568126e-09;2.110300823e-11;7.010434455e-10;2.920764759e-12;1.003860759e-13;1;1;1;1;1;1;1;0;0;0;0;0;0;0;0;0;0;1.54153875e-08;0.06282067279;0.08557456685;78.96050883;20.89109593
865.839;1747836801.447;4:13:21 PM;1;3;4.005247683e-05;6.942141226e-06;4.617516764e-13;2.649749994e-13;5.08682263e-10;2.271770879e-12;1.7689325e-10;2.415014369e-12;8.846395838e-12;4.999999912e-15;3.031417339e-09;2.099698887e-11;7.003752578e-10;2.966064894e-12;9.431970043e-14;1;1;1;1;1;1;1;0;0;0;0;0;0;0;0;0;0;1.773800786e-08;0.06364047978;0.08656638034;79.05479534;20.7949978
867.706;1747836803.314;4:13:23 PM;1;3;3.978900349e-05;6.915575341e-06;3.847021985e-13;2.391169131e-13;5.141393422e-10;2.285825609e-12;1.768101221e-10;2.473546108e-12;8.755544033e-12;3.237994183e-14;3.022849526e-09;2.10704787e-11;6.913591366e-10;2.883714535e-12;1.23372734e-13;1;1;1;1;1;1;1;0;0;0;0;0;0;0;0;0;0;1.288774542e-08;0.06420084866;0.08453727576;79.2170005;20.63426137
869.572;1747836805.180;4:13:25 PM;1;3;3.982473572e-05;6.95545441e-06;3.677391508e-13;1.666294598e-13;5.098592104e-10;2.198511121e-12;1.774915909e-10;2.474122253e-12;8.940828113e-12;9.813446747e-15;3.02305625e-09;2.090036304e-11;6.967990074e-10;2.87493163e-12;4.999999912e-15;1;1;1;1;1;1;1;0;0;0;0;0;0;0;0;0;0;6.588805502e-09;0.06134673963;0.08395810525;79.09201881;20.76267634
871.439;1747836807.047;4:13:27 PM;1;3;4.004298899e-05;6.852252227e-06;3.276719987e-13;1.093776355e-13;5.085117882e-10;2.171733713e-12;1.769262931e-10;2.525043542e-12;8.913926888e-12;9.515604044e-14;3.036606078e-09;2.076352111e-11;6.945210518e-10;2.808352943e-12;4.999999912e-15;1;1;1;1;1;1;1;0;0;0;0;0;0;0;0;0;0;4.016533556e-10;0.06021193898;0.08174464515;79.21871969;20.63932372
873.305;1747836808.913;4:13:28 PM;1;3;3.986022784e-05;6.968785328e-06;4.004591255e-13;9.959107784e-14;5.075575515e-10;2.114284442e-12;1.764259849e-10;2.471417385e-12;8.909115633e-12;8.035945227e-14;3.038880036e-09;2.096404821e-11;6.996360713e-10;2.866886633e-12;4.999999912e-15;1;1;1;1;1;1;1;0;0;0;0;0;0;0;0;0;0;2.284196151e-09;0.05846264377;0.08333071335;79.11872094;20.7394857
875.171;1747836810.779;4:13:30 PM;1;3;3.981952977e-05;6.870664947e-06;3.945256394e-13;1.360197762e-13;5.09433884e-10;2.052304507e-12;1.765393942e-10;2.389763951e-12;8.837728292e-12;7.831691025e-14;3.036760177e-09;2.108160695e-11;6.931136776e-10;2.958580212e-12;4.999999912e-15;1;1;1;1;1;1;1;0;0;0;0;0;0;0;0;0;0;5.98902141e-09;0.05687985352;0.08625977827;79.25275915;20.60410121
877.038;1747836812.646;4:13:32 PM;1;3;3.993188147e-05;6.904983366e-06;5.3464042e-13;1.775152155e-13;5.088087729e-10;2.002727628e-12;1.74976339e-10;2.376822697e-12;9.118951254e-12;3.739394319e-14;3.038754137e-09;2.141837055e-11;6.981715761e-10;3.007690885e-12;4.351109994e-14;1;1;1;1;1;1;1;0;0;0;0;0;0;0;0;0;0;1.45300324e-08;0.05557127448;0.08763247137;79.15802238;20.69877387
878.904;1747836814.512;4:13:34 PM;1;3;3.985621879e-05;6.870664947e-06;4.874086703e-13;2.465533474e-13;5.087545385e-10;2.134036654e-12;1.769940028e-10;2.384040014e-12;8.800568781e-12;4.999999912e-15;3.031713991e-09;2.108503129e-11;6.96722402e-10;3.019468139e-12;6.432879132e-14;1;1;1;1;1;1;1;0;0;0;0;0;0;0;0;0;0;1.813259623e-08;0.05965716175;0.08819626762;79.13908923;20.71305734
880.771;1747836816.379;4:13:36 PM;1;3;4.002008063e-05;6.760936685e-06;4.380850337e-13;2.399622113e-13;5.082732013e-10;2.034334073e-12;1.763951207e-10;2.365863581e-12;8.89940812e-12;4.999999912e-15;3.034590135e-09;2.083385374e-11;6.976400013e-10;2.966839014e-12;8.711679652e-14;1;1;1;1;1;1;1;0;0;0;0;0;0;0;0;0;0;1.69434491e-08;0.05663560145;0.08658465897;79.14015713;20.71662261
882.637;1747836818.245;4:13:38 PM;1;3;3.99507262e-05;6.860133908e-06;4.289431494e-13;1.925084576e-13;5.094323852e-10;2.151900186e-12;1.77056883e-10;2.469733836e-12;8.995225571e-12;4.999999912e-15;3.042480934e-09;2.100147486e-11;7.002741165e-10;2.944602461e-12;2.544934715e-14;1;1;1;1;1;1;1;0;0;0;0;0;0;0;0;0;0;1.125630683e-08;0.05975674523;0.08557411981;79.11907198;20.73559715
884.503;1747836820.111;4:13:40 PM;1;3;3.984654541e-05;6.939473678e-06;4.686897571e-13;1.530943341e-13;5.11823528e-10;2.134696716e-12;1.7721212e-10;2.539763755e-12;9.205069866e-12;2.87000885e-14;3.040825147e-09;2.113139871e-11;6.967558197e-10;2.952648325e-12;4.999999912e-15;1;1;1;1;1;1;1;0;0;0;0;0;0;0;0;0;0;9.055788428e-09;0.05926443997;0.08589160978;79.18993217;20.66491178
886.37;1747836821.978;4:13:41 PM;1;3;4.011915007e-05;6.902330369e-06;3.380443982e-13;8.495877341e-14;5.07131892e-10;2.095836959e-12;1.762690827e-10;2.621275376e-12;8.942231504e-12;5.396274112e-14;3.030019124e-09;2.102655029e-11;6.940909514e-10;2.948129805e-12;4.999999912e-15;1;1;1;1;1;1;1;0;0;0;0;0;0;0;0;0;0;7.935962212e-10;0.05805159159;0.08608049248;79.19414795;20.66171996
888.236;1747836823.844;4:13:43 PM;1;3;3.992160055e-05;6.891759313e-06;3.363075606e-13;1.256796181e-13;5.050535545e-10;2.035497205e-12;1.765798202e-10;2.478947603e-12;9.170330294e-12;8.328559874e-14;3.025990791e-09;2.111292911e-11;6.979503087e-10;2.947352432e-12;4.999999912e-15;1;1;1;1;1;1;1;0;0;0;0;0;0;0;0;0;0;3.415170097e-09;0.05639748601;0.08605911003;79.08469252;20.77285089
890.103;1747836825.711;4:13:45 PM;1;3;3.989150719e-05;6.883841252e-06;3.94944304e-13;1.399828739e-13;5.085427079e-10;2.026641875e-12;1.765031038e-10;2.479542613e-12;9.121568084e-12;9.461788991e-14;3.040018903e-09;2.139500035e-11;6.975862665e-10;3.04258875e-12;8.985578767e-15;1;1;1;1;1;1;1;0;0;0;0;0;0;0;0;0;0;6.600635566e-09;0.05602657553;0.08859322023;79.16849056;20.68688965
891.969;1747836827.577;4:13:47 PM;1;3;3.99389246e-05;6.987510915e-06;4.780163353e-13;1.788488384e-13;5.1022081e-10;2.034499739e-12;1.765330243e-10;2.56899493e-12;9.073819821e-12;3.082227534e-14;3.062431864e-09;2.110923068e-11;6.919882445e-10;3.134887966e-12;6.712699515e-14;1;1;1;1;1;1;1;0;0;0;0;0;0;0;0;0;0;1.261479959e-08;0.05619708455;0.09105666035;79.40895902;20.44378723
893.835;1747836829.443;4:13:49 PM;1;3;3.975369327e-05;6.899686468e-06;4.506623482e-13;2.293174331e-13;5.028500394e-10;2.097242519e-12;1.758733159e-10;2.473822145e-12;9.06232641e-12;4.999999912e-15;3.025974804e-09;2.104989273e-11;6.929289365e-10;3.091978496e-12;8.434147613e-14;1;1;1;1;1;1;1;0;0;0;0;0;0;0;0;0;0;1.577795085e-08;0.05867036857;0.09065285156;79.19304422;20.65763256
895.702;1747836831.310;4:13:51 PM;1;3;3.997969179e-05;6.926183232e-06;4.90790839e-13;2.66001007e-13;5.043528928e-10;2.11713546e-12;1.760236956e-10;2.490887921e-12;9.176786935e-12;4.999999912e-15;3.034526408e-09;2.074755125e-11;6.956566434e-10;3.107168169e-12;8.456499119e-14;1;1;1;1;1;1;1;0;0;0;0;0;0;0;0;0;0;2.016139642e-08;0.05920776338;0.09083284666;79.17714842;20.67281097
897.568;1747836833.176;4:13:53 PM;1;3;3.994342842e-05;6.936815225e-06;4.439278806e-13;2.186243672e-13;5.070895925e-10;2.131671359e-12;1.76427109e-10;2.556400187e-12;9.299344281e-12;4.999999912e-15;3.037865071e-09;2.094511196e-11;6.963957189e-10;3.03462637e-12;1.811203775e-14;1;1;1;1;1;1;1;0;0;0;0;0;0;0;0;0;0;1.427892633e-08;0.0593927368;0.08845177553;79.18025304;20.67190245
899.435;1747836835.043;4:13:55 PM;1;3;3.991417179e-05;6.841757568e-06;4.031742388e-13;1.180092672e-13;5.089001442e-10;2.10580056e-12;1.766362195e-10;2.57287529e-12;9.15865387e-12;6.403008684e-14;3.026245254e-09;2.080180819e-11;6.967563748e-10;3.071228818e-12;4.068849478e-14;1;1;1;1;1;1;1;0;0;0;0;0;0;0;0;0;0;4.120678843e-09;0.05849452497;0.08982921758;79.11104449;20.74063176
901.301;1747836836.909;4:13:56 PM;1;3;4.008720498e-05;6.958112408e-06;3.902349906e-13;8.633224073e-14;5.048457763e-10;1.987937592e-12;1.758054535e-10;2.564886237e-12;9.187358339e-12;1.005618115e-13;3.024762441e-09;2.07662585e-11;6.944708142e-10;3.075247305e-12;4.999999912e-15;1;1;1;1;1;1;1;0;0;0;0;0;0;0;0;0;0;1.938903303e-09;0.05502440714;0.09000540914;79.15764457;20.69732561
903.167;1747836838.775;4:13:58 PM;1;3;3.981878035e-05;6.923537512e-06;4.021666355e-13;1.235210935e-13;5.049010099e-10;1.927578323e-12;1.758766743e-10;2.547323463e-12;9.171224544e-12;9.395479864e-14;3.027827766e-09;2.121548423e-11;6.922252771e-10;3.156722279e-12;4.999999912e-15;1;1;1;1;1;1;1;0;0;0;0;0;0;0;0;0;0;6.247105231e-09;0.05336048472;0.09243141762;79.22309179;20.63111631
905.034;1747836840.642;4:14:00 PM;1;3;3.980248221e-05;6.902330369e-06;4.362879415e-13;1.698607888e-13;5.083872767e-10;1.965841552e-12;1.765628616e-10;2.49107332e-12;9.191124424e-12;1.017675256e-13;3.028345352e-09;2.100367276e-11;6.970924948e-10;3.149433188e-12;1.778397681e-14;1;1;1;1;1;1;1;0;0;0;0;0;0;0;0;0;0;1.115280399e-08;0.05454212931;0.0920773438;79.11593828;20.73744225
906.9;1747836842.508;4:14:02 PM;1;3;3.993309656e-05;6.926183232e-06;5.10933418e-13;1.980939149e-13;5.078464871e-10;1.998634548e-12;1.761413376e-10;2.431714552e-12;9.178059354e-12;4.999999912e-15;3.021807915e-09;2.089868383e-11;6.939354646e-10;3.176738169e-12;1.639915281e-13;1;1;1;1;1;1;1;0;0;0;0;0;0;0;0;0;0;1.570962203e-08;0.05578697069;0.09337676388;79.15156428;20.69927198
908.767;1747836844.375;4:14:04 PM;1;3;3.998307511e-05;6.897043022e-06;4.835540605e-13;1.909099506e-13;5.080795784e-10;2.021470881e-12;1.757850115e-10;2.461751289e-12;9.21632215e-12;6.440493619e-14;3.054432041e-09;2.137684127e-11;6.99288738e-10;3.183672293e-12;1.098216976e-13;1;1;1;1;1;1;1;0;0;0;0;0;0;0;0;0;0;1.400248281e-08;0.05586238409;0.09258492397;79.20646754;20.64508515
910.633;1747836846.241;4:14:06 PM;1;3;3.984379146e-05;6.907622719e-06;4.244852083e-13;1.64151326e-13;5.092321564e-10;2.075812612e-12;1.766979757e-10;2.589355813e-12;9.261658281e-12;4.999999912e-15;3.053217235e-09;2.107021328e-11;7.005906966e-10;3.086470749e-12;3.651529559e-14;1;1;1;1;1;1;1;0;0;0;0;0;0;0;0;0;0;9.248831041e-09;0.05730507066;0.08956526004;79.16882921;20.68430046
912.499;1747836848.107;4:14:08 PM;1;3;3.990206824e-05;6.897043022e-06;3.852587737e-13;1.459646206e-13;5.084741517e-10;2.049991253e-12;1.76846468e-10;2.626028084e-12;9.306460116e-12;1.368097547e-14;3.026455309e-09;2.111154654e-11;6.965969468e-10;3.044763226e-12;2.588741735e-14;1;1;1;1;1;1;1;0;0;0;0;0;0;0;0;0;0;6.629518598e-09;0.05692364759;0.08901449785;79.11615092;20.73791094
914.366;1747836849.974;4:14:09 PM;1;3;3.990025289e-05;6.966115961e-06;4.049588898e-13;8.287591262e-14;5.094373812e-10;1.954795483e-12;1.770262409e-10;2.584664037e-12;9.433358608e-12;8.411048686e-14;3.039152707e-09;2.099898207e-11;6.952738385e-10;3.083296422e-12;4.999999912e-15;1;1;1;1;1;1;1;0;0;0;0;0;0;0;0;0;0;2.385512832e-09;0.05383504318;0.0898728705;79.21420416;20.64208792
916.232;1747836851.840;4:14:11 PM;1;3;4.019745757e-05;6.9714647e-06;4.04151891e-13;1.23288112e-13;5.047667839e-10;1.914581341e-12;1.760758206e-10;2.614008836e-12;9.379876216e-12;1.206954865e-13;3.042538887e-09;2.118107773e-11;6.972887268e-10;3.149256463e-12;4.999999912e-15;1;1;1;1;1;1;1;0;0;0;0;0;0;0;0;0;0;6.407768228e-09;0.05270853017;0.09173272506;79.18745128;20.66810746
918.099;1747836853.707;4:14:13 PM;1;3;4.009155964e-05;6.95545441e-06;4.378739938e-13;1.056674076e-13;5.090090571e-10;1.928645611e-12;1.771213037e-10;2.517283257e-12;9.329627348e-12;1.084472139e-13;3.040827812e-09;2.107196709e-11;6.95761726e-10;3.18066103e-12;4.999999912e-15;1;1;1;1;1;1;1;0;0;0;0;0;0;0;0;0;0;5.712336048e-09;0.05313341054;0.09272482351;79.20957012;20.64457165
919.965;1747836855.573;4:14:15 PM;1;3;4.008466567e-05;7.006286069e-06;5.745449147e-13;2.006173548e-13;5.099181077e-10;1.949640319e-12;1.772268582e-10;2.490523196e-12;9.387754463e-12;3.417954464e-14;3.051462194e-09;2.110760004e-11;6.985600987e-10;3.209385448e-12;6.646588932e-14;1;1;1;1;1;1;1;0;0;0;0;0;0;0;0;0;0;1.835037005e-08;0.05393060197;0.09335163913;79.20219964;20.65051812
921.831;1747836857.439;4:14:17 PM;1;3;4.009420809e-05;6.990188922e-06;5.285804888e-13;2.033394205e-13;5.089138555e-10;1.9538596e-12;1.76224868e-10;2.548191909e-12;9.424663307e-12;4.999999912e-15;3.050284691e-09;2.120635612e-11;7.001403901e-10;3.259670745e-12;6.47514201e-14;1;1;1;1;1;1;1;0;0;0;0;0;0;0;0;0;0;1.714519799e-08;0.05401597145;0.09483793226;79.16403217;20.68711392
923.698;1747836859.306;4:14:19 PM;1;3;3.994723374e-05;6.942141226e-06;4.845710964e-13;1.908596572e-13;5.083200527e-10;2.043643249e-12;1.762224533e-10;2.560618818e-12;9.440248062e-12;4.999999912e-15;3.032999851e-09;2.083316679e-11;6.946551667e-10;3.477639834e-12;9.693971564e-14;1;1;1;1;1;1;1;0;0;0;0;0;0;0;0;0;0;1.382311372e-08;0.05688012435;0.1019626297;79.18684125;20.654316
925.564;1747836861.172;4:14:21 PM;1;3;4.005438313e-05;6.873290204e-06;4.322362238e-13;1.255855229e-13;5.090739497e-10;1.994840924e-12;1.765853713e-10;2.624044211e-12;9.458150409e-12;4.999999912e-15;3.03203973e-09;2.092672563e-11;6.994534951e-10;3.167500116e-12;6.21797061e-14;1;1;1;1;1;1;1;0;0;0;0;0;0;0;0;0;0;6.734237669e-09;0.05517574014;0.09253861872;79.08248436;20.76980128
927.431;1747836863.039;4:14:23 PM;1;3;4.018937034e-05;6.947448128e-06;3.757355755e-13;1.60013997e-13;5.093873656e-10;1.987671746e-12;1.764461632e-10;2.677123063e-12;9.543170074e-12;5.997686478e-14;3.042817998e-09;2.134118056e-11;6.968379762e-10;3.160585725e-12;7.606626917e-15;1;1;1;1;1;1;1;0;0;0;0;0;0;0;0;0;0;8.192921066e-09;0.05489775139;0.09205766145;79.19899001;20.65405458
929.297;1747836864.905;4:14:24 PM;1;3;4.027259274e-05;6.907622719e-06;4.044654965e-13;9.860341032e-14;5.116821966e-10;1.90167695e-12;1.7748783e-10;2.659082373e-12;9.634200555e-12;1.095712876e-13;3.06893333e-09;2.106778987e-11;6.983087442e-10;3.131943706e-12;4.999999912e-15;1;1;1;1;1;1;1;0;0;0;0;0;0;0;0;0;0;4.293598086e-09;0.0518861736;0.09055148526;79.30271568;20.55484666
931.163;1747836866.771;4:14:26 PM;1;3;4.015486047e-05;6.942141226e-06;4.34669038e-13;7.459275033e-14;5.085012411e-10;1.83879691e-12;1.766512076e-10;2.665872297e-12;9.623026334e-12;1.196988607e-13;3.058793219e-09;2.138946312e-11;6.989396839e-10;3.143074993e-12;4.999999912e-15;1;1;1;1;1;1;1;0;0;0;0;0;0;0;0;0;0;3.624272514e-09;0.05016236636;0.09111556497;79.23856628;20.62015579
933.03;1747836868.638;4:14:28 PM;1;3;4.012404679e-05;6.936815225e-06;4.623978609e-13;1.622029063e-13;5.083942711e-10;1.846688817e-12;1.769181746e-10;2.56208596e-12;9.503378987e-12;1.120110881e-13;3.048135078e-09;2.106926612e-11;6.962442844e-10;3.179776321e-12;4.999999912e-15;1;1;1;1;1;1;1;0;0;0;0;0;0;0;0;0;0;1.236700891e-08;0.05082216654;0.09252000649;79.23962574;20.61703208
934.896;1747836870.504;4:14:30 PM;1;3;3.997758904e-05;7.025112609e-06;4.532474656e-13;1.612843973e-13;5.048371166e-10;1.871134974e-12;1.750208728e-10;2.547173193e-12;9.522460077e-12;1.775012429e-14;3.044487995e-09;2.100757068e-11;6.979677947e-10;3.157559283e-12;8.771119004e-14;1;1;1;1;1;1;1;0;0;0;0;0;0;0;0;0;0;1.177494606e-08;0.05155846356;0.09206022177;79.18871574;20.66766557
936.763;1747836872.371;4:14:32 PM;1;3;3.984599971e-05;6.899686468e-06;5.3716737e-13;2.038217685e-13;5.055669217e-10;1.911764583e-12;1.768852287e-10;2.588456142e-12;9.456486809e-12;4.999999912e-15;3.027601059e-09;2.085484736e-11;6.953145282e-10;3.259137535e-12;1.157362509e-13;1;1;1;1;1;1;1;0;0;0;0;0;0;0;0;0;0;1.784431692e-08;0.05318612102;0.09559332304;79.14586908;20.70535147
938.629;1747836874.237;4:14:34 PM;1;3;4.006364179e-05;6.976801615e-06;5.06545706e-13;2.982236582e-13;5.092684607e-10;1.934277825e-12;1.772651609e-10;2.634956272e-12;9.592565457e-12;4.999999912e-15;3.041754182e-09;2.164289754e-11;7.015945047e-10;3.297393608e-12;9.728518311e-14;1;1;1;1;1;1;1;0;0;0;0;0;0;0;0;0;0;2.527425649e-08;0.05376982919;0.09617193186;79.08108923;20.76896901
940.495;1747836876.103;4:14:36 PM;1;3;4.013530634e-05;6.928837593e-06;4.203229832e-13;2.128133417e-13;5.105077472e-10;1.990765192e-12;1.767522656e-10;2.669619083e-12;9.634059175e-12;4.522857105e-14;3.050998565e-09;2.122526634e-11;6.98723579e-10;3.206929947e-12;3.744670657e-14;1;1;1;1;1;1;1;0;0;0;0;0;0;0;0;0;0;1.433447485e-08;0.05502118304;0.09323732757;79.19831024;20.65343125
942.362;1747836877.970;4:14:37 PM;1;3;4.012217687e-05;6.878559816e-06;4.019918892e-13;1.03676643e-13;5.102840372e-10;1.804686175e-12;1.762185675e-10;2.692606554e-12;9.653220064e-12;2.706873693e-14;3.034161589e-09;2.120495099e-11;6.960587662e-10;3.171808519e-12;4.999999912e-15;1;1;1;1;1;1;1;0;0;0;0;0;0;0;0;0;0;5.580110295e-09;0.04956813766;0.0926139451;79.17657757;20.68124035
944.228;1747836879.836;4:14:39 PM;1;3;3.993027713e-05;6.936815225e-06;3.820638196e-13;8.3123314e-14;5.06392428e-10;1.849318658e-12;1.759342116e-10;2.668249736e-12;9.663670038e-12;9.792239583e-14;3.038475027e-09;2.123016693e-11;6.979726241e-10;3.211423098e-12;4.999999912e-15;1;1;1;1;1;1;1;0;0;0;0;0;0;0;0;0;0;2.684294749e-09;0.05072185785;0.09365871314;79.15305109;20.70256834
946.095;1747836881.703;4:14:41 PM;1;3;3.984490104e-05;6.912925983e-06;3.77141867e-13;9.155880671e-14;5.079472398e-10;1.795531172e-12;1.763971608e-10;2.640611688e-12;9.628657247e-12;5.425049177e-14;3.042003982e-09;2.121321521e-11;6.95768998e-10;3.305606006e-12;1.270475814e-14;1;1;1;1;1;1;1;0;0;0;0;0;0;0;0;0;0;3.799605197e-09;0.04915459355;0.0964434165;79.21860169;20.6358003
947.961;1747836883.569;4:14:43 PM;1;3;4.002509741e-05;6.923537512e-06;4.772895404e-13;1.808102686e-13;5.108264367e-10;1.814140309e-12;1.772533509e-10;2.589781688e-12;9.644030366e-12;5.904445769e-14;3.044138941e-09;2.10062228e-11;6.958891241e-10;3.336003999e-12;4.32377929e-14;1;1;1;1;1;1;1;0;0;0;0;0;0;0;0;0;0;1.481876782e-08;0.04998683368;0.09732531437;79.22381016;20.62887769
949.827;1747836885.435;4:14:45 PM;1;3;3.981374175e-05;6.868032415e-06;4.981444944e-13;1.280641581e-13;5.096963962e-10;1.813601352e-12;1.772659103e-10;2.577024098e-12;9.594857894e-12;4.999999912e-15;3.051311426e-09;2.104433815e-11;7.001094704e-10;3.306846333e-12;4.727060486e-14;1;1;1;1;1;1;1;0;0;0;0;0;0;0;0;0;0;1.067063176e-08;0.04970281311;0.09618003401;79.16778441;20.68633275
951.694;1747836887.302;4:14:47 PM;1;3;4.00388999e-05;6.990188922e-06;4.751971928e-13;2.102356646e-13;5.088401922e-10;1.877815828e-12;1.758959783e-10;2.615786277e-12;9.562899084e-12;4.999999912e-15;3.036994434e-09;2.120903973e-11;6.999679725e-10;3.240776354e-12;9.367502027e-14;1;1;1;1;1;1;1;0;0;0;0;0;0;0;0;0;0;1.683728488e-08;0.05195974129;0.09465158796;79.10141411;20.75197456
953.56;1747836889.168;4:14:49 PM;1;3;3.99910241e-05;6.934149951e-06;4.305720277e-13;2.011027114e-13;5.082675392e-10;1.884075361e-12;1.76591089e-10;2.658051513e-12;9.674259657e-12;4.999999912e-15;3.037208929e-09;2.094800548e-11;6.990068524e-10;3.272866136e-12;3.474854749e-14;1;1;1;1;1;1;1;0;0;0;0;0;0;0;0;0;0;1.457675524e-08;0.05208684809;0.09552875559;79.1190508;20.7333336
955.427;1747836891.035;4:14:51 PM;1;3;3.998968532e-05;6.883841252e-06;3.819607933e-13;1.130445428e-13;5.084441757e-10;1.880036491e-12;1.762926471e-10;2.712886556e-12;9.741478457e-12;3.942752022e-14;3.043449048e-09;2.109403797e-11;6.982694978e-10;3.232076716e-12;4.999999912e-15;1;1;1;1;1;1;1;0;0;0;0;0;0;0;0;0;0;5.115361978e-09;0.05162045639;0.09413636959;79.17141441;20.68282876
957.293;1747836892.901;4:14:52 PM;1;3;3.996226224e-05;6.891759313e-06;3.832964219e-13;9.522024553e-14;5.082276266e-10;1.831538827e-12;1.764903362e-10;2.693198312e-12;9.614515781e-12;1.351410981e-13;3.042288199e-09;2.125964682e-11;7.006268343e-10;3.217960187e-12;4.999999912e-15;1;1;1;1;1;1;1;0;0;0;0;0;0;0;0;0;0;3.987009156e-09;0.05014613884;0.09368302571;79.11329365;20.74287718
959.159;1747836894.767;4:14:54 PM;1;3;4.001376874e-05;6.926183232e-06;3.83909728e-13;2.141205778e-14;5.078204524e-10;1.796317327e-12;1.766739255e-10;2.653982719e-12;9.738697695e-12;7.968043001e-14;3.038492125e-09;2.094161997e-11;6.977737277e-10;3.23611255e-12;4.999999912e-15;1;1;1;1;1;1;1;0;0;0;0;0;0;0;0;0;0;2.375670844e-09;0.04901281229;0.09439076049;79.15575998;20.70083644
961.026;1747836896.634;4:14:56 PM;1;3;4.010559132e-05;6.987510915e-06;4.501247194e-13;1.223547224e-13;5.098361178e-10;1.756027398e-12;1.767554991e-10;2.602681091e-12;9.702628458e-12;1.135851734e-13;3.047045061e-09;2.128188251e-11;7.010650394e-10;3.330694878e-12;2.282734142e-14;1;1;1;1;1;1;1;0;0;0;0;0;0;0;0;0;0;9.210175709e-09;0.04801526541;0.09693055209;79.12771213;20.72734206
962.892;1747836898.500;4:14:58 PM;1;3;4.021035056e-05;6.807738828e-06;5.006614697e-13;1.626962183e-13;5.078427123e-10;1.806401057e-12;1.772355734e-10;2.612858931e-12;9.76231769e-12;4.994289216e-14;3.053658881e-09;2.102640458e-11;7.006716873e-10;3.35727713e-12;5.201380979e-14;1;1;1;1;1;1;1;0;0;0;0;0;0;0;0;0;0;1.396287249e-08;0.04955439944;0.09761882785;79.16517044;20.68765634
964.759;1747836900.367;4:15:00 PM;1;3;4.012481077e-05;7.060195003e-06;5.26181041e-13;2.157111431e-13;5.089240696e-10;1.75643972e-12;1.759209722e-10;2.579142412e-12;9.706369389e-12;9.009963999e-15;3.038092444e-09;2.106733191e-11;6.967157407e-10;3.372083428e-12;1.228664523e-13;1;1;1;1;1;1;1;0;0;0;0;0;0;0;0;0;0;2.003078856e-08;0.04851691483;0.09867639728;79.17901518;20.67379151
966.625;1747836902.233;4:15:02 PM;1;3;3.995348379e-05;6.926183232e-06;4.921632763e-13;2.08320557e-13;5.090840527e-10;1.85495239e-12;1.76500356e-10;2.691853034e-12;9.719250578e-12;4.999999912e-15;3.056635833e-09;2.100744925e-11;7.026121907e-10;3.346433157e-12;7.854589375e-14;1;1;1;1;1;1;1;0;0;0;0;0;0;0;0;0;0;1.739740126e-08;0.05100849894;0.0972131764;79.14179872;20.70997961
968.491;1747836904.099;4:15:04 PM;1;3;4.011162309e-05;6.934149951e-06;3.786721913e-13;1.722617681e-13;5.104467404e-10;1.773823384e-12;1.762018864e-10;2.744050863e-12;9.833755338e-12;4.999999912e-15;3.053392872e-09;2.096094999e-11;7.00396463e-10;3.240273718e-12;1.650110306e-14;1;1;1;1;1;1;1;0;0;0;0;0;0;0;0;0;0;1.138401327e-08;0.04853309199;0.09410151169;79.1809834;20.676382
970.358;1747836905.966;4:15:05 PM;1;3;3.998304601e-05;6.926183232e-06;3.9833146e-13;8.729999959e-14;5.092697375e-10;1.818154459e-12;1.763604124e-10;2.624409587e-12;9.798591626e-12;8.699333978e-14;3.037387897e-09;2.064493715e-11;7.001451086e-10;3.269200449e-12;3.582582093e-14;1;1;1;1;1;1;1;0;0;0;0;0;0;0;0;0;0;3.853803259e-09;0.0498157446;0.09538614511;79.09865207;20.75614604
972.224;1747836907.832;4:15:07 PM;1;3;4.005676237e-05;6.947448128e-06;4.40582114e-13;7.214649207e-14;5.125224689e-10;1.764963609e-12;1.772013924e-10;2.689125398e-12;9.89126489e-12;1.252495151e-13;3.057542663e-09;2.131493593e-11;7.021836446e-10;3.318352754e-12;4.999999912e-15;1;1;1;1;1;1;1;0;0;0;0;0;0;0;0;0;0;4.269950852e-09;0.04798335561;0.09623548187;79.15853393;20.69724723
974.091;1747836909.699;4:15:09 PM;1;3;4.012612044e-05;6.934149951e-06;4.454118552e-13;9.767746779e-14;5.108398704e-10;1.742632839e-12;1.77472953e-10;2.671628977e-12;9.887575134e-12;9.186695729e-14;3.048531871e-09;2.11378224e-11;7.003400637e-10;3.40116043e-12;4.999999912e-15;1;1;1;1;1;1;1;0;0;0;0;0;0;0;0;0;0;6.94667665e-09;0.04754328801;0.09896865955;79.14752494;20.70596311
975.957;1747836911.565;4:15:11 PM;1;3;4.011011333e-05;6.904983366e-06;4.891106509e-13;1.142114289e-13;5.123184099e-10;1.718230159e-12;1.773380609e-10;2.562582091e-12;9.80529373e-12;8.289681062e-14;3.066755072e-09;2.118135181e-11;7.014095971e-10;3.360560745e-12;2.944331926e-14;1;1;1;1;1;1;1;0;0;0;0;0;0;0;0;0;0;1.002006812e-08;0.04668775487;0.09732124777;79.22295812;20.63303288
977.823;1747836913.431;4:15:13 PM;1;3;4.017505125e-05;6.97948326e-06;5.354309661e-13;1.678754927e-13;5.092242183e-10;1.761237315e-12;1.772223479e-10;2.597659718e-12;9.780446418e-12;4.999999912e-15;3.041693786e-09;2.115388593e-11;6.987537216e-10;3.489227353e-12;5.215917081e-14;1;1;1;1;1;1;1;0;0;0;0;0;0;0;0;0;0;1.592254792e-08;0.04845881624;0.101889876;79.14368938;20.70596193
979.69;1747836915.298;4:15:15 PM;1;3;4.012645149e-05;6.883841252e-06;5.41266359e-13;2.143008129e-13;5.098059197e-10;1.757430789e-12;1.770188857e-10;2.674085129e-12;9.795798721e-12;4.999999912e-15;3.045688812e-09;2.095990048e-11;6.976091371e-10;3.378395654e-12;3.827308547e-14;1;1;1;1;1;1;1;0;0;0;0;0;0;0;0;0;0;2.035724987e-08;0.04844482185;0.09849972382;79.19432388;20.65873158
981.556;1747836917.164;4:15:17 PM;1;3;4.024634836e-05;6.960779501e-06;4.642323852e-13;1.818153375e-13;5.08508069e-10;1.846460268e-12;1.7652238e-10;2.717252204e-12;9.883484656e-12;9.969264387e-15;3.043494123e-09;2.150677726e-11;6.984461898e-10;3.405714946e-12;8.427527204e-14;1;1;1;1;1;1;1;0;0;0;0;0;0;0;0;0;0;1.420824064e-08;0.0508954621;0.09942587483;79.16298146;20.6866972
983.423;1747836919.031;4:15:19 PM;1;3;4.012521822e-05;6.912925983e-06;4.267990854e-13;1.680303303e-13;5.085932786e-10;1.777608984e-12;1.760856322e-10;2.76600097e-12;9.907209601e-12;9.179676198e-14;3.049984709e-09;2.101742391e-11;6.995256041e-10;3.351583767e-12;2.056527894e-14;1;1;1;1;1;1;1;0;0;0;0;0;0;0;0;0;0;1.244408615e-08;0.04873108959;0.09752521408;79.17859116;20.67515254
985.289;1747836920.897;4:15:20 PM;1;3;4.017697211e-05;6.886486972e-06;4.447612526e-13;1.098943866e-13;5.102335221e-10;1.795511331e-12;1.768018371e-10;2.761505217e-12;1.002242907e-11;6.063051672e-14;3.047410102e-09;2.103517881e-11;6.973501221e-10;3.350764111e-12;5.846849053e-15;1;1;1;1;1;1;1;0;0;0;0;0;0;0;0;0;0;7.545688298e-09;0.04916820205;0.09758812919;79.21072068;20.64252299
987.155;1747836922.763;4:15:22 PM;1;3;4.000981789e-05;7.006286069e-06;4.326265366e-13;7.665221268e-14;5.100357359e-10;1.712101164e-12;1.766403412e-10;2.790768918e-12;9.972121219e-12;8.851616272e-14;3.052684105e-09;2.104740167e-11;7.002518565e-10;3.265318788e-12;4.999999912e-15;1;1;1;1;1;1;1;0;0;0;0;0;0;0;0;0;0;4.926179828e-09;0.04654836928;0.09484708634;79.17886593;20.67973862
989.022;1747836924.630;4:15:24 PM;1;3;4.023074507e-05;6.95278186e-06;4.164549022e-13;8.012248634e-14;5.091107536e-10;1.694420212e-12;1.764542401e-10;2.713911561e-12;9.959985094e-12;1.096131107e-13;3.042504026e-09;2.111082142e-11;6.983899015e-10;3.346627879e-12;4.999999912e-15;1;1;1;1;1;1;1;0;0;0;0;0;0;0;0;0;0;4.908672495e-09;0.04617461619;0.09756625367;79.1651156;20.69114353
990.888;1747836926.496;4:15:26 PM;1;3;3.997472231e-05;7.041282515e-06;4.937742381e-13;1.157407368e-13;5.058878871e-10;1.695609582e-12;1.76174908e-10;2.68815482e-12;9.93364245e-12;7.180945427e-14;3.040510732e-09;2.109501809e-11;6.982188161e-10;3.431107828e-12;7.208026764e-14;1;1;1;1;1;1;1;0;0;0;0;0;0;0;0;0;0;1.051271614e-08;0.04640543618;0.1002610176;79.15480149;20.69853205
992.755;1747836928.363;4:15:28 PM;1;3;3.999065666e-05;6.9714647e-06;5.313957282e-13;2.090697678e-13;5.096815192e-10;1.760236488e-12;1.768346025e-10;2.651008536e-12;9.968476565e-12;1.042526203e-14;3.047079922e-09;2.13507545e-11;6.975481304e-10;3.587153361e-12;9.020324906e-14;1;1;1;1;1;1;1;0;0;0;0;0;0;0;0;0;0;1.955217406e-08;0.04848500657;0.1047593074;79.19880912;20.64794657
994.621;1747836930.229;4:15:30 PM;1;3;3.989842298e-05;6.990188922e-06;5.017139048e-13;1.834621187e-13;5.131435277e-10;1.736922889e-12;1.777436115e-10;2.741929513e-12;9.976554305e-12;4.999999912e-15;3.054440478e-09;2.134802925e-11;6.995957147e-10;3.412352432e-12;7.12504193e-14;1;1;1;1;1;1;1;0;0;0;0;0;0;0;0;0;0;1.652851038e-08;0.0475898893;0.09927085506;79.19524718;20.65789208
996.487;1747836932.095;4:15:32 PM;1;3;4.002780406e-05;6.95545441e-06;4.605599214e-13;1.559523046e-13;5.102893108e-10;1.759278053e-12;1.760003671e-10;2.749478163e-12;1.005213447e-11;2.174908203e-14;3.044365648e-09;2.140168598e-11;6.95689506e-10;3.458120942e-12;2.448906082e-14;1;1;1;1;1;1;1;0;0;0;0;0;0;0;0;0;0;1.255473624e-08;0.04831344219;0.1009407392;79.23388067;20.61686515
998.354;1747836933.962;4:15:33 PM;1;3;3.997983004e-05;7.073742381e-06;4.050758481e-13;9.671667492e-14;5.104764389e-10;1.724069346e-12;1.772436226e-10;2.732078886e-12;1.011875566e-11;6.121244868e-14;3.059542175e-09;2.12814228e-11;7.005075409e-10;3.359099891e-12;4.999999912e-15;1;1;1;1;1;1;1;0;0;0;0;0;0;0;0;0;0;5.791561683e-09;0.04683531248;0.09744737455;79.20403198;20.65168534
1000.22;1747836935.828;4:15:35 PM;1;3;3.988958269e-05;6.942141226e-06;3.914327087e-13;3.35149592e-14;5.091969624e-10;1.693986314e-12;1.763413721e-10;2.807373908e-12;1.011673557e-11;8.197834908e-14;3.058206355e-09;2.137560962e-11;7.005092617e-10;3.432558925e-12;4.999999912e-15;1;1;1;1;1;1;1;0;0;0;0;0;0;0;0;0;0;9.31653943e-11;0.04580459068;0.09966800259;79.19960768;20.65491973
1002.087;1747836937.695;4:15:37 PM;1;3;3.985289732e-05;6.868032415e-06;3.694830086e-13;7.654019427e-14;5.120125435e-10;1.636480448e-12;1.770842362e-10;2.753145585e-12;1.016646663e-11;9.168973089e-14;3.040618202e-09;2.143597105e-11;7.026155768e-10;3.44107143e-12;4.999999912e-15;1;1;1;1;1;1;1;0;0;0;0;0;0;0;0;0;0;3.67718756e-09;0.04439844306;0.100291437;79.05990058;20.79540954
1003.953;1747836939.561;4:15:39 PM;1;3;3.98676857e-05;7.003594419e-06;4.450375344e-13;9.19864296e-14;5.135645242e-10;1.620592224e-12;1.771176539e-10;2.750108734e-12;1.01929333e-11;4.754939389e-14;3.056275899e-09;2.126329668e-11;7.017153525e-10;3.515880946e-12;4.999999912e-15;1;1;1;1;1;1;1;0;0;0;0;0;0;0;0;0;0;7.552123115e-09;0.04387940032;0.1021299604;79.16216234;20.69182829
1005.819;1747836941.427;4:15:41 PM;1;3;3.984442083e-05;6.854878848e-06;5.397649558e-13;1.746427709e-13;5.109079271e-10;1.648648123e-12;1.766468638e-10;2.655960738e-12;1.012498679e-11;4.999999912e-15;3.053889142e-09;2.095059022e-11;6.988623569e-10;3.501646889e-12;7.354236848e-14;1;1;1;1;1;1;1;0;0;0;0;0;0;0;0;0;0;1.771734518e-08;0.04506523143;0.1019763539;79.21218753;20.64077088
1007.686;1747836943.294;4:15:43 PM;1;3;3.980258771e-05;6.862755981e-06;4.925296282e-13;1.854529036e-13;5.092685718e-10;1.676447609e-12;1.762249235e-10;2.665648084e-12;1.007734955e-11;4.999999912e-15;3.049437147e-09;2.101831383e-11;6.970322652e-10;3.490461392e-12;1.151652558e-13;1;1;1;1;1;1;1;0;0;0;0;0;0;0;0;0;0;1.698911319e-08;0.04593679474;0.1018884207;79.22967498;20.6224998
1009.552;1747836945.160;4:15:45 PM;1;3;3.99853925e-05;6.966115961e-06;4.716681689e-13;1.864236304e-13;5.086372989e-10;1.774918862e-12;1.776412351e-10;2.738415831e-12;1.018626589e-11;4.999999912e-15;3.059054565e-09;2.139753999e-11;7.010815262e-10;3.440909667e-12;1.497978106e-14;1;1;1;1;1;1;1;0;0;0;0;0;0;0;0;0;0;1.552067291e-08;0.04860350486;0.09988550071;79.18186085;20.66965015
1011.419;1747836947.027;4:15:47 PM;1;3;3.988766548e-05;6.97948326e-06;3.974035185e-13;1.373961979e-13;5.105569856e-10;1.72920879e-12;1.769200203e-10;2.799182761e-12;1.031968087e-11;6.104718239e-14;3.054660302e-09;2.141283678e-11;6.975125477e-10;3.316529126e-12;1.738274069e-14;1;1;1;1;1;1;1;0;0;0;0;0;0;0;0;0;0;9.205492046e-09;0.04718397096;0.09640783146;79.24717894;20.60922926
1013.285;1747836948.893;4:15:48 PM;1;3;3.996880332e-05;6.97948326e-06;4.10988382e-13;3.982478545e-14;5.056255414e-10;1.762435467e-12;1.761192858e-10;2.848442836e-12;1.033185603e-11;8.731643203e-14;3.051584763e-09;2.140496287e-11;7.00567937e-10;3.365960288e-12;4.999999912e-15;1;1;1;1;1;1;1;0;0;0;0;0;0;0;0;0;0;4.455322152e-10;0.04790768581;0.09787091692;79.16154038;20.69268101
1015.151;1747836950.759;4:15:50 PM;1;3;3.992946949e-05;6.99822931e-06;3.994141443e-13;6.87449094e-14;5.109733747e-10;1.662831223e-12;1.765906726e-10;2.770642873e-12;1.019375643e-11;6.679743835e-14;3.057128994e-09;2.117014897e-11;6.997982194e-10;3.35485589e-12;4.999999912e-15;1;1;1;1;1;1;1;0;0;0;0;0;0;0;0;0;0;3.644087695e-09;0.04502187177;0.09740417586;79.21237485;20.6451991
1017.018;1747836952.626;4:15:52 PM;1;3;3.989601828e-05;6.907622719e-06;4.636777073e-13;1.190058929e-13;5.091381761e-10;1.638647009e-12;1.766397584e-10;2.784045997e-12;1.016281937e-11;1.100571457e-13;3.049440034e-09;2.13901015e-11;7.016021653e-10;3.502764918e-12;2.518550147e-14;1;1;1;1;1;1;1;0;0;0;0;0;0;0;0;0;0;1.041346576e-08;0.04457826906;0.1019747155;79.12710392;20.72634309
1018.884;1747836954.492;4:15:54 PM;1;3;4.01099278e-05;6.92087724e-06;4.844397453e-13;1.59883581e-13;5.111653323e-10;1.61038793e-12;1.768187957e-10;2.729780811e-12;1.009019691e-11;4.687136435e-14;3.05515635e-09;2.128030911e-11;7.027179394e-10;3.584782211e-12;3.856779195e-14;1;1;1;1;1;1;1;0;0;0;0;0;0;0;0;0;0;1.503015874e-08;0.04380413194;0.1042383146;79.13200612;20.71995144
1020.751;1747836956.359;4:15:56 PM;1;3;4.010339035e-05;6.958112408e-06;5.375915099e-13;2.08730277e-13;5.103873435e-10;1.67874113e-12;1.763209301e-10;2.736460798e-12;1.010578253e-11;4.999999912e-15;3.06108916e-09;2.121832224e-11;7.002774471e-10;3.493176885e-12;9.522423675e-14;1;1;1;1;1;1;1;0;0;0;0;0;0;0;0;0;0;2.046925425e-08;0.04592639988;0.1015391535;79.21930282;20.63323163
1022.617;1747836958.225;4:15:58 PM;1;3;4.017351239e-05;7.041282515e-06;5.404160734e-13;1.696108802e-13;5.101369327e-10;1.683429546e-12;1.761551044e-10;2.78011815e-12;1.024309717e-11;4.999999912e-15;3.060158349e-09;2.114634509e-11;7.021249693e-10;3.494663326e-12;8.458390374e-14;1;1;1;1;1;1;1;0;0;0;0;0;0;0;0;0;0;1.695672657e-08;0.04594879102;0.1015393478;79.17421813;20.67829373
1024.483;1747836960.091;4:16:00 PM;1;3;4.002052083e-05;7.006286069e-06;4.849523561e-13;1.839689019e-13;5.108901635e-10;1.71361406e-12;1.76521131e-10;2.808084277e-12;1.012104463e-11;1.48827077e-14;3.054757114e-09;2.105083295e-11;6.981442646e-10;3.510168285e-12;4.67548736e-14;1;1;1;1;1;1;1;0;0;0;0;0;0;0;0;0;0;1.627579897e-08;0.0469229635;0.1021822602;79.23162863;20.61926614
1026.35;1747836961.958;4:16:01 PM;1;3;4.000491754e-05;6.95278186e-06;4.695509389e-13;9.417384814e-14;5.104853207e-10;1.691880468e-12;1.768643149e-10;2.795423181e-12;1.017482019e-11;4.161641599e-14;3.056036091e-09;2.086971568e-11;7.000646174e-10;3.394419077e-12;8.808351523e-15;1;1;1;1;1;1;1;0;0;0;0;0;0;0;0;0;0;7.842170394e-09;0.04600230381;0.0986019838;79.19722762;20.65816809
1028.216;1747836963.824;4:16:03 PM;1;3;3.997300882e-05;7.014345556e-06;4.122016042e-13;8.374260351e-14;5.128705793e-10;1.669573334e-12;1.779430631e-10;2.809030352e-12;1.029668018e-11;7.099453404e-14;3.059859033e-09;2.102915758e-11;7.026797477e-10;3.414485925e-12;4.999999912e-15;1;1;1;1;1;1;1;0;0;0;0;0;0;0;0;0;0;5.337868789e-09;0.04519264132;0.09900678756;79.15619835;20.69960223
1030.083;1747836965.691;4:16:05 PM;1;3;4.009455733e-05;6.894400485e-06;3.675306045e-13;5.55313716e-14;5.095613376e-10;1.586837324e-12;1.764404456e-10;2.778739912e-12;1.027146077e-11;1.166034229e-13;3.066020327e-09;2.115731548e-11;7.025963145e-10;3.394948385e-12;4.999999912e-15;1;1;1;1;1;1;1;0;0;0;0;0;0;0;0;0;0;2.168913813e-09;0.04263130932;0.09830377264;79.19762055;20.66144437
1031.949;1747836967.557;4:16:07 PM;1;3;3.998137981e-05;6.92087724e-06;4.4229659e-13;1.210260462e-13;5.111620571e-10;1.577962262e-12;1.766266716e-10;2.682802982e-12;1.007408133e-11;5.359387183e-14;3.06474579e-09;2.11272666e-11;7.016022208e-10;3.534677759e-12;6.168637378e-14;1;1;1;1;1;1;1;0;0;0;0;0;0;0;0;0;0;1.0503638e-08;0.04263592624;0.1025781902;79.20994603;20.64483985
1033.815;1747836969.423;4:16:09 PM;1;3;3.9997165e-05;6.984834272e-06;5.397141609e-13;1.367261745e-13;5.118266921e-10;1.61399301e-12;1.771625208e-10;2.732964246e-12;1.015425938e-11;4.900300746e-14;3.059806186e-09;2.102409913e-11;7.00749736e-10;3.548291001e-12;4.999999912e-15;1;1;1;1;1;1;1;0;0;0;0;0;0;0;0;0;0;1.459139218e-08;0.04386758502;0.1030329167;79.19953743;20.65356207
1035.682;1747836971.290;4:16:11 PM;1;3;4.001609341e-05;7.014345556e-06;5.760626893e-13;1.597013537e-13;5.111810975e-10;1.674583432e-12;1.775178338e-10;2.675332829e-12;1.012134473e-11;4.999999912e-15;3.065309118e-09;2.132304923e-11;7.007541769e-10;3.524551311e-12;8.062826665e-14;1;1;1;1;1;1;1;0;0;0;0;0;0;0;0;0;0;1.723431965e-08;0.04565054971;0.1023104467;79.22489628;20.62714272
1037.548;1747836973.156;4:16:13 PM;1;3;4.002995411e-05;6.947448128e-06;4.93690104e-13;1.913923393e-13;5.088841015e-10;1.703514283e-12;1.762831686e-10;2.727896251e-12;1.013089179e-11;4.999999912e-15;3.03602854e-09;2.097284325e-11;6.948491782e-10;3.521689884e-12;7.815710562e-14;1;1;1;1;1;1;1;0;0;0;0;0;0;0;0;0;0;1.731311096e-08;0.04692754149;0.103169112;79.20554631;20.64435704
1039.415;1747836975.023;4:16:15 PM;1;3;3.973340063e-05;6.939473678e-06;4.228259724e-13;1.214880112e-13;5.018281901e-10;1.70507651e-12;1.746372352e-10;2.711405536e-12;1.013190226e-11;4.999999912e-15;3.013426397e-09;2.074335669e-11;6.922555307e-10;3.379124021e-12;5.565681718e-14;1;1;1;1;1;1;1;0;0;0;0;0;0;0;0;0;0;8.765511617e-09;0.04704733102;0.09956287318;79.14940789;20.70398191
1041.281;1747836976.889;4:16:16 PM;1;3;3.945265416e-05;6.836508874e-06;3.765958086e-13;3.757116282e-14;5.026728478e-10;1.697114454e-12;1.743510336e-10;2.81288339e-12;1.013176522e-11;4.12908504e-14;3.004436477e-09;2.062916331e-11;6.857984736e-10;3.312097124e-12;4.999999912e-15;1;1;1;1;1;1;1;0;0;0;0;0;0;0;0;0;0;2.097720684e-10;0.04673866835;0.097867796;79.25075263;20.6046409
1043.147;1747836978.755;4:16:18 PM;1;3;3.93938426e-05;6.771315384e-06;4.003370985e-13;6.352678664e-14;4.960015176e-10;1.569882137e-12;1.722978149e-10;2.760654118e-12;1.00819934e-11;7.358268048e-14;2.977059932e-09;2.030967929e-11;6.792623686e-10;3.285929471e-12;4.999999912e-15;1;1;1;1;1;1;1;0;0;0;0;0;0;0;0;0;0;4.062033036e-09;0.04348554997;0.09799387158;79.26048496;20.59803562
1045.014;1747836980.622;4:16:20 PM;1;3;3.901515083e-05;6.794708042e-06;4.119442417e-13;5.925154708e-14;4.943574439e-10;1.584643549e-12;1.70808076e-10;2.682769588e-12;9.993590157e-12;8.819656702e-14;2.95808511e-09;2.040351221e-11;6.73265943e-10;3.288778755e-12;4.999999912e-15;1;1;1;1;1;1;1;0;0;0;0;0;0;0;0;0;0;3.89315044e-09;0.04422490756;0.09875270243;79.30097944;20.55604295
1046.88;1747836982.488;4:16:22 PM;1;3;3.899477815e-05;6.709306035e-06;4.95092899e-13;9.439485597e-14;4.913695006e-10;1.611538919e-12;1.719210746e-10;2.667127586e-12;9.982761145e-12;5.749276787e-14;2.967708301e-09;2.062408057e-11;6.79242329e-10;3.4047834e-12;1.624571923e-14;1;1;1;1;1;1;1;0;0;0;0;0;0;0;0;0;0;9.394359755e-09;0.04501441251;0.1019009243;79.20440359;20.64868107
1048.747;1747836984.355;4:16:24 PM;1;3;3.883201134e-05;6.729920187e-06;5.070549015e-13;1.138918332e-13;4.886190896e-10;1.536574362e-12;1.697875313e-10;2.622111729e-12;9.78785282e-12;1.348433762e-14;2.936423105e-09;2.026135683e-11;6.731397661e-10;3.360412426e-12;9.090068921e-14;1;1;1;1;1;1;1;0;0;0;0;0;0;0;0;0;0;1.223111184e-08;0.04328248682;0.1017068006;79.18552157;20.66948914
1050.613;1747836986.221;4:16:26 PM;1;3;3.868325439e-05;6.668290098e-06;5.127788385e-13;1.798912581e-13;4.88623475e-10;1.547447392e-12;1.691308482e-10;2.604601647e-12;9.734431143e-12;4.999999912e-15;2.93001956e-09;2.045430492e-11;6.725758284e-10;3.338808613e-12;9.021669994e-14;1;1;1;1;1;1;1;0;0;0;0;0;0;0;0;0;0;1.830516726e-08;0.04388124162;0.1012300779;79.16705831;20.68783037
1052.479;1747836988.087;4:16:28 PM;1;3;3.860401557e-05;6.742826827e-06;4.602996044e-13;1.899416768e-13;4.903842887e-10;1.660525992e-12;1.697467444e-10;2.662394393e-12;9.791402932e-12;4.999999912e-15;2.932924126e-09;2.023426045e-11;6.691157073e-10;3.31454135e-12;8.106335698e-14;1;1;1;1;1;1;1;0;0;0;0;0;0;0;0;0;0;1.655404475e-08;0.04728034681;0.1004736854;79.25894258;20.59330339
1054.346;1747836989.954;4:16:29 PM;1;3;3.854206079e-05;6.802530606e-06;3.950498782e-13;1.256995267e-13;4.901674622e-10;1.705269498e-12;1.703043956e-10;2.741336021e-12;9.802303934e-12;4.999999912e-15;2.932412757e-09;2.003187199e-11;6.662142504e-10;3.339312984e-12;9.776107841e-15;1;1;1;1;1;1;1;0;0;0;0;0;0;0;0;0;0;8.292427798e-09;0.04843801588;0.1012125257;79.31859223;20.53175723
1056.212;1747836991.820;4:16:31 PM;1;3;3.839628698e-05;6.647880127e-06;3.755523724e-13;9.679534057e-14;4.869179504e-10;1.615711579e-12;1.687210788e-10;2.724594855e-12;9.860671307e-12;4.321043035e-14;2.926144438e-09;2.016747533e-11;6.671612707e-10;3.267238043e-12;4.999999912e-15;1;1;1;1;1;1;1;0;0;0;0;0;0;0;0;0;0;5.897961541e-09;0.04570790337;0.09913818284;79.2720442;20.58310971
1058.079;1747836993.687;4:16:33 PM;1;3;3.844112871e-05;6.701604889e-06;3.858691253e-13;3.837762966e-14;4.866482772e-10;1.628577264e-12;1.692804646e-10;2.744039371e-12;9.8170699e-12;9.745046296e-14;2.916755282e-09;2.019486661e-11;6.671458941e-10;3.302967058e-12;4.999999912e-15;1;1;1;1;1;1;1;0;0;0;0;0;0;0;0;0;0;7.856703166e-10;0.04605747151;0.1004919758;79.21659719;20.63685337
1059.945;1747836995.553;4:16:35 PM;1;3;3.84758896e-05;6.699031019e-06;4.327484551e-13;6.817987743e-14;4.860930547e-10;1.538445695e-12;1.682623207e-10;2.720917675e-12;9.76180161e-12;1.151816679e-13;2.920990783e-09;2.009852354e-11;6.65654365e-10;3.359970071e-12;4.999999912e-15;1;1;1;1;1;1;1;0;0;0;0;0;0;0;0;0;0;5.773786578e-09;0.04342269027;0.1022048845;79.28004253;20.57432989
1061.811;1747836997.419;4:16:37 PM;1;3;3.851671136e-05;6.668290098e-06;4.574052725e-13;1.31642459e-13;4.852604429e-10;1.526315749e-12;1.683900658e-10;2.57906912e-12;9.648334215e-12;5.485931533e-14;2.904279039e-09;2.015115678e-11;6.646843076e-10;3.379047476e-12;2.897687176e-14;1;1;1;1;1;1;1;0;0;0;0;0;0;0;0;0;0;1.241321983e-08;0.04345988422;0.1033272465;79.2088312;20.64438167
1063.678;1747836999.286;4:16:39 PM;1;3;3.827272667e-05;6.724764262e-06;4.767544324e-13;1.680208435e-13;4.840661205e-10;1.529388378e-12;1.675434791e-10;2.525231109e-12;9.613041266e-12;2.365820281e-14;2.887549311e-09;1.997105606e-11;6.582335232e-10;3.325942386e-12;1.825610653e-13;1;1;1;1;1;1;1;0;0;0;0;0;0;0;0;0;0;1.628629932e-08;0.04395766151;0.1025973127;79.27135354;20.58209148
1065.544;1747837001.152;4:16:41 PM;1;3;3.819549966e-05;6.758346899e-06;4.614231631e-13;2.067643745e-13;4.85713525e-10;1.554404175e-12;1.690974999e-10;2.614214617e-12;9.572344653e-12;4.999999912e-15;2.912621699e-09;2.016653511e-11;6.648719908e-10;3.370612166e-12;8.243385629e-14;1;1;1;1;1;1;1;0;0;0;0;0;0;0;0;0;0;1.910401491e-08;0.04442589862;0.1029145297;79.24635077;20.6063088
1067.411;1747837003.019;4:16:43 PM;1;3;3.8330596e-05;6.735072475e-06;4.68451829e-13;1.555087575e-13;4.862069081e-10;1.615591016e-12;1.681848133e-10;2.627830462e-12;9.765888619e-12;1.457903114e-14;2.920460984e-09;2.025261729e-11;6.678194109e-10;3.309284487e-12;4.27155937e-14;1;1;1;1;1;1;1;0;0;0;0;0;0;0;0;0;0;1.409252532e-08;0.04601726952;0.1006438891;79.22661398;20.62672486
1069.277;1747837004.885;4:16:44 PM;1;3;3.828066474e-05;6.66317419e-06;3.925089962e-13;1.266911923e-13;4.848322854e-10;1.673970966e-12;1.685970669e-10;2.642330582e-12;9.784838738e-12;5.02505413e-14;2.917879938e-09;2.010588224e-11;6.668003927e-10;3.225695102e-12;4.999999912e-15;1;1;1;1;1;1;1;0;0;0;0;0;0;0;0;0;0;8.595325538e-09;0.04768497221;0.09808290076;79.23343531;20.62079681
1071.143;1747837006.751;4:16:46 PM;1;3;3.829201887e-05;6.722180842e-06;3.768889497e-13;9.589777702e-14;4.849750046e-10;1.613858136e-12;1.682604195e-10;2.696345317e-12;9.791853092e-12;3.834626572e-14;2.912806885e-09;2.008326318e-11;6.660698104e-10;3.274217703e-12;4.999999912e-15;1;1;1;1;1;1;1;0;0;0;0;0;0;0;0;0;0;5.874701444e-09;0.04583165292;0.09974889082;79.22474613;20.62967332
1073.01;1747837008.618;4:16:48 PM;1;3;3.830738206e-05;6.686208053e-06;3.767342612e-13;3.856978755e-14;4.855367219e-10;1.534546904e-12;1.681365464e-10;2.689221025e-12;9.725337723e-12;1.269102147e-13;2.920162778e-09;1.991977243e-11;6.636772798e-10;3.270387433e-12;1.289443168e-14;1;1;1;1;1;1;1;0;0;0;0;0;0;0;0;0;0;1.39616644e-09;0.04320633247;0.09952007823;79.32395252;20.53332107
1074.876;1747837010.484;4:16:50 PM;1;3;3.836167161e-05;6.714464689e-06;4.167800003e-13;9.905392343e-14;4.832673151e-10;1.572919963e-12;1.686578377e-10;2.674948804e-12;9.678171459e-12;8.671207063e-14;2.901045626e-09;2.020511362e-11;6.685993981e-10;3.285601608e-12;4.999999912e-15;1;1;1;1;1;1;1;0;0;0;0;0;0;0;0;0;0;7.768694737e-09;0.0447419735;0.1003473179;79.09796853;20.75694218
1076.743;1747837012.351;4:16:52 PM;1;3;3.832249786e-05;6.771315384e-06;4.990092541e-13;1.420234237e-13;4.864569858e-10;1.500296306e-12;1.688029716e-10;2.56116222e-12;9.679769139e-12;6.431632977e-14;2.914035013e-09;2.006935763e-11;6.63931965e-10;3.379002373e-12;7.572227892e-14;1;1;1;1;1;1;1;0;0;0;0;0;0;0;0;0;0;1.487793862e-08;0.04263077069;0.1031544427;79.27942667;20.57478811
1078.609;1747837014.217;4:16:54 PM;1;3;3.829628258e-05;6.737660442e-06;5.264872197e-13;1.313168866e-13;4.86935714e-10;1.605047475e-12;1.693545026e-10;2.532426959e-12;9.624799222e-12;4.999999912e-15;2.925562237e-09;2.009378254e-11;6.668808838e-10;3.379889034e-12;5.846051318e-14;1;1;1;1;1;1;1;0;0;0;0;0;0;0;0;0;0;1.377612634e-08;0.04562989287;0.102740387;79.26919871;20.58243101
1080.475;1747837016.083;4:16:56 PM;1;3;3.833658047e-05;6.709306035e-06;5.550822389e-13;1.823694055e-13;4.87107632e-10;1.598353286e-12;1.692765511e-10;2.547740231e-12;9.621648096e-12;4.999999912e-15;2.914806174e-09;2.009327774e-11;6.659552909e-10;3.380900811e-12;7.833383736e-14;1;1;1;1;1;1;1;0;0;0;0;0;0;0;0;0;0;1.935810878e-08;0.04573800231;0.103126326;79.23218256;20.61895311
1082.342;1747837017.950;4:16:57 PM;1;3;3.841538273e-05;6.640242191e-06;4.57747772e-13;1.777800319e-13;4.844574741e-10;1.621183548e-12;1.678813477e-10;2.581662098e-12;9.613397751e-12;4.999999912e-15;2.907568408e-09;1.994223883e-11;6.645074491e-10;3.270599286e-12;8.245823729e-14;1;1;1;1;1;1;1;0;0;0;0;0;0;0;0;0;0;1.573577939e-08;0.04644689457;0.09995844459;79.23332907;20.62026559
1084.208;1747837019.816;4:16:59 PM;1;3;3.819864287e-05;6.66317419e-06;4.008379186e-13;1.889833911e-13;4.831509637e-10;1.640483431e-12;1.681663281e-10;2.650874529e-12;9.57592252e-12;1.322646352e-14;2.91603075e-09;2.01738036e-11;6.681042941e-10;3.248663925e-12;2.434568694e-14;1;1;1;1;1;1;1;0;0;0;0;0;0;0;0;0;0;1.482479899e-08;0.0468594774;0.0988511329;79.19391431;20.66037508
1086.075;1747837021.683;4:17:01 PM;1;3;3.829432899e-05;6.735072475e-06;3.803692929e-13;1.011263284e-13;4.873088044e-10;1.591906077e-12;1.689189205e-10;2.611739817e-12;9.664212139e-12;6.103421262e-14;2.930878207e-09;2.015901508e-11;6.686745047e-10;3.23414906e-12;4.999999912e-15;1;1;1;1;1;1;1;0;0;0;0;0;0;0;0;0;0;6.660999496e-09;0.0449268735;0.09794489997;79.26360766;20.59352056
1087.941;1747837023.549;4:17:03 PM;1;3;3.820900383e-05;6.735072475e-06;3.800013689e-13;5.40035715e-14;4.838260903e-10;1.560080082e-12;1.675844602e-10;2.645525942e-12;9.512560878e-12;1.53232231e-13;2.897935003e-09;2.00592945e-11;6.626058036e-10;3.182056181e-12;4.999999912e-15;1;1;1;1;1;1;1;0;0;0;0;0;0;0;0;0;0;2.662195332e-09;0.04430823608;0.09737516717;79.22957059;20.628746
1089.807;1747837025.415;4:17:05 PM;1;3;3.821843347e-05;6.655526704e-06;3.951737754e-13;9.292381724e-14;4.813309751e-10;1.50455863e-12;1.669529515e-10;2.565257251e-12;9.460501826e-12;1.461224398e-13;2.900592211e-09;1.993877112e-11;6.62075228e-10;3.233700417e-12;7.397097393e-14;1;1;1;1;1;1;1;0;0;0;0;0;0;0;0;0;0;7.182463352e-09;0.04271760584;0.09907135314;79.25767038;20.60054066
1091.674;1747837027.282;4:17:07 PM;1;3;3.826885222e-05;6.753169146e-06;4.566326158e-13;9.412306682e-14;4.850927993e-10;1.525292154e-12;1.685318829e-10;2.559542639e-12;9.449128979e-12;1.191174031e-13;2.915869768e-09;2.023713142e-11;6.670710095e-10;3.324175787e-12;4.050628783e-14;1;1;1;1;1;1;1;0;0;0;0;0;0;0;0;0;0;8.988601524e-09;0.04316049431;0.1012526245;79.21781885;20.63776803
1093.54;1747837029.148;4:17:09 PM;1;3;3.8347589e-05;6.686208053e-06;4.874465089e-13;1.675220292e-13;4.86438001e-10;1.533198481e-12;1.690117352e-10;2.504258519e-12;9.513670234e-12;4.999999912e-15;2.932595722e-09;2.022274709e-11;6.692929544e-10;3.326940936e-12;6.480071064e-14;1;1;1;1;1;1;1;0;0;0;0;0;0;0;0;0;0;1.65343238e-08;0.04340964447;0.1008585957;79.25626553;20.59946623
1095.407;1747837031.015;4:17:11 PM;1;3;3.819577614e-05;6.658084658e-06;5.244755368e-13;1.702455857e-13;4.850559399e-10;1.603764647e-12;1.68434558e-10;2.551594136e-12;9.419224081e-12;1.955868871e-14;2.907159402e-09;2.023133917e-11;6.643466333e-10;3.257529229e-12;9.181766675e-14;1;1;1;1;1;1;1;0;0;0;0;0;0;0;0;0;0;1.726466431e-08;0.0459628906;0.09957687881;79.23307508;20.62138515
1097.273;1747837032.881;4:17:12 PM;1;3;3.812673822e-05;6.647880127e-06;4.64099462e-13;2.27007581e-13;4.830941203e-10;1.728814899e-12;1.676480621e-10;2.580924406e-12;9.515345109e-12;4.999999912e-15;2.907683427e-09;1.998876759e-11;6.65903277e-10;3.338472944e-12;8.685445348e-14;1;1;1;1;1;1;1;0;0;0;0;0;0;0;0;0;0;1.940536089e-08;0.04984866788;0.1020407983;79.19714352;20.65096702
1099.139;1747837034.747;4:17:14 PM;1;3;3.815146192e-05;6.701604889e-06;3.79943093e-13;1.372359122e-13;4.827694355e-10;1.687781425e-12;1.674324013e-10;2.583376438e-12;9.4502366e-12;4.999999912e-15;2.892832862e-09;1.997740515e-11;6.613193881e-10;3.242675659e-12;2.625879386e-14;1;1;1;1;1;1;1;0;0;0;0;0;0;0;0;0;0;9.039050905e-09;0.04852886676;0.0994819099;79.22641627;20.62557295
1101.006;1747837036.614;4:17:16 PM;1;3;3.81027312e-05;6.668290098e-06;4.359613527e-13;8.523207368e-14;4.844402657e-10;1.628210804e-12;1.685017403e-10;2.653030573e-12;9.494079134e-12;2.361439766e-14;2.914150032e-09;2.021875202e-11;6.650165418e-10;3.264683445e-12;4.999999912e-15;1;1;1;1;1;1;1;0;0;0;0;0;0;0;0;0;0;6.588281811e-09;0.04629214587;0.09944777647;79.25468549;20.59957459
1102.872;1747837038.480;4:17:18 PM;1;3;3.821617793e-05;6.658084658e-06;3.683783422e-13;7.35518146e-14;4.831476885e-10;1.58835022e-12;1.67707806e-10;2.609880411e-12;9.45894231e-12;7.863351761e-14;2.907006635e-09;2.000330283e-11;6.615613057e-10;3.2077856e-12;4.999999912e-15;1;1;1;1;1;1;1;0;0;0;0;0;0;0;0;0;0;3.818911477e-09;0.04512113183;0.09797433259;79.30134588;20.55555865
1104.739;1747837040.347;4:17:20 PM;1;3;3.825651584e-05;6.589532859e-06;3.740982947e-13;7.070530278e-14;4.842320989e-10;1.571986898e-12;1.68314751e-10;2.573648543e-12;9.416771182e-12;9.411461004e-14;2.920283793e-09;2.000090024e-11;6.64223232e-10;3.363057012e-12;4.999999912e-15;1;1;1;1;1;1;1;0;0;0;0;0;0;0;0;0;0;3.888141316e-09;0.0444221229;0.1023695467;79.30657773;20.5466306
1106.605;1747837042.213;4:17:22 PM;1;3;3.808400288e-05;6.660628969e-06;4.25940316e-13;8.63063554e-14;4.87735019e-10;1.447944629e-12;1.685437345e-10;2.542008704e-12;9.519740031e-12;2.777912652e-14;2.910082619e-09;2.011741815e-11;6.675502373e-10;3.318887916e-12;4.999999912e-15;1;1;1;1;1;1;1;0;0;0;0;0;0;0;0;0;0;8.053189743e-09;0.04081352899;0.1011588441;79.17920527;20.67882236
1108.471;1747837044.079;4:17:24 PM;1;3;3.810669659e-05;6.57691271e-06;5.063221977e-13;1.50774033e-13;4.831259282e-10;1.509130711e-12;1.679470452e-10;2.505503183e-12;9.334942541e-12;5.240507294e-15;2.901868523e-09;2.000888691e-11;6.649486517e-10;3.37312513e-12;6.940302689e-14;1;1;1;1;1;1;1;0;0;0;0;0;0;0;0;0;0;1.581609845e-08;0.04306547594;0.1032834981;79.19024055;20.66341048
1110.338;1747837045.946;4:17:25 PM;1;3;3.810447015e-05;6.686208053e-06;5.194262446e-13;9.691183132e-14;4.83297069e-10;1.60121623e-12;1.672292721e-10;2.539678537e-12;9.260815205e-12;4.999999912e-15;2.903583152e-09;1.991763351e-11;6.616073245e-10;3.318561788e-12;7.813819307e-14;1;1;1;1;1;1;1;0;0;0;0;0;0;0;0;0;0;1.046732136e-08;0.04576221389;0.1016504399;79.28081215;20.57177519
1112.204;1747837047.812;4:17:27 PM;1;3;3.823716543e-05;6.642779681e-06;4.581222012e-13;1.820532657e-13;4.82398288e-10;1.633314469e-12;1.671041916e-10;2.527212597e-12;9.409575549e-12;4.999999912e-15;2.894103845e-09;1.996325327e-11;6.610914038e-10;3.264107517e-12;1.257363625e-13;1;1;1;1;1;1;1;0;0;0;0;0;0;0;0;0;0;1.60229686e-08;0.04705071435;0.1003037314;79.24071868;20.61192687
1114.071;1747837049.679;4:17:29 PM;1;3;3.816668686e-05;6.668290098e-06;4.153413453e-13;1.342067055e-13;4.843215273e-10;1.614571974e-12;1.673820804e-10;2.636014887e-12;9.374764853e-12;4.999999912e-15;2.900495621e-09;1.995443567e-11;6.616849291e-10;3.237703074e-12;2.418783489e-13;1;1;1;1;1;1;1;0;0;0;0;0;0;0;0;0;0;1.053259799e-08;0.04621098309;0.09948156664;79.26351865;20.5907888
1115.937;1747837051.545;4:17:31 PM;1;3;3.808572001e-05;6.619902706e-06;3.532392477e-13;2.579184492e-14;4.846562596e-10;1.645820524e-12;1.68299763e-10;2.606454332e-12;9.385169725e-12;9.691181776e-14;2.921675124e-09;2.010504437e-11;6.660047513e-10;3.197560706e-12;4.999999912e-15;1;1;1;1;1;1;1;0;0;0;0;0;0;0;0;0;0;1.52194288e-09;0.04647861416;0.09713787134;79.27575846;20.58062505
1117.803;1747837053.411;4:17:33 PM;1;3;3.822053259e-05;6.706743534e-06;3.794348191e-13;7.254921897e-14;4.844809554e-10;1.565292384e-12;1.679478778e-10;2.602525617e-12;9.546134716e-12;1.266877093e-13;2.915002462e-09;1.996933174e-11;6.656560303e-10;3.165671284e-12;4.999999912e-15;1;1;1;1;1;1;1;0;0;0;0;0;0;0;0;0;0;4.282061034e-09;0.04427574731;0.09633299501;79.25156157;20.60782969
1119.67;1747837055.278;4:17:35 PM;1;3;3.813929288e-05;6.701604889e-06;4.000499205e-13;5.642942304e-14;4.840013945e-10;1.540144097e-12;1.673720745e-10;2.56496018e-12;9.393318588e-12;1.036303476e-13;2.906821228e-09;2.005244408e-11;6.665351049e-10;3.26302158e-12;2.660825763e-14;1;1;1;1;1;1;1;0;0;0;0;0;0;0;0;0;0;3.684465201e-09;0.04357060217;0.09959465543;79.18691829;20.66991645
1121.536;1747837057.144;4:17:37 PM;1;3;3.812299474e-05;6.642779681e-06;4.766070893e-13;1.3369545e-13;4.852330759e-10;1.566835854e-12;1.677266243e-10;2.504665312e-12;9.421891219e-12;9.256788044e-14;2.91286617e-09;2.000868915e-11;6.666417973e-10;3.351840723e-12;2.990679536e-14;1;1;1;1;1;1;1;0;0;0;0;0;0;0;0;0;0;1.281367986e-08;0.04459371893;0.1021917154;79.21391711;20.63929745
1123.403;1747837059.011;4:17:39 PM;1;3;3.825108433e-05;6.704166481e-06;5.106222519e-13;1.614183098e-13;4.853120683e-10;1.579186326e-12;1.688707368e-10;2.504916847e-12;9.289658452e-12;4.999999912e-15;2.917031505e-09;2.013523723e-11;6.663751773e-10;3.219581719e-12;8.093939879e-14;1;1;1;1;1;1;1;0;0;0;0;0;0;0;0;0;0;1.626474814e-08;0.04503042812;0.09805650414;79.23975811;20.61715495
1125.269;1747837060.877;4:17:40 PM;1;3;3.823633961e-05;6.642779681e-06;5.302546596e-13;3.146605426e-13;4.864942893e-10;1.633737525e-12;1.686618484e-10;2.564027766e-12;9.363986149e-12;4.999999912e-15;2.924315012e-09;2.02934284e-11;6.706534772e-10;3.334026197e-12;1.050959179e-13;1;1;1;1;1;1;1;0;0;0;0;0;0;0;0;0;0;3.029058129e-08;0.04697894377;0.1013259874;79.17841964;20.67327543
1127.135;1747837062.743;4:17:42 PM;1;3;3.832229777e-05;6.686208053e-06;4.786699466e-13;2.269065198e-13;4.874742277e-10;1.620301441e-12;1.686932954e-10;2.665241292e-12;9.389852611e-12;2.892309873e-14;2.939352317e-09;2.016420364e-11;6.703973487e-10;3.316950013e-12;9.572602585e-14;1;1;1;1;1;1;1;0;0;0;0;0;0;0;0;0;0;2.085273885e-08;0.04609911511;0.1003866095;79.26827343;20.58524085
1129.002;1747837064.610;4:17:44 PM;1;3;3.836802716e-05;6.737660442e-06;4.616128443e-13;1.585265122e-13;4.863175973e-10;1.701636553e-12;1.683718581e-10;2.577884087e-12;9.424193197e-12;2.14956972e-14;2.926723308e-09;2.012624616e-11;6.692804644e-10;3.285296514e-12;1.474928476e-14;1;1;1;1;1;1;1;0;0;0;0;0;0;0;0;0;0;1.335682159e-08;0.04852622193;0.09963971633;79.22482701;20.62700705
1130.868;1747837066.476;4:17:46 PM;1;3;3.821717837e-05;6.647880127e-06;3.517398504e-13;6.99242232e-14;4.879086579e-10;1.684325422e-12;1.692618129e-10;2.617826312e-12;9.505149272e-12;4.999999912e-15;2.917438513e-09;2.008964349e-11;6.645358708e-10;3.213799452e-12;4.999999912e-15;1;1;1;1;1;1;1;0;0;0;0;0;0;0;0;0;0;2.085553792e-09;0.04783170123;0.09777211484;79.28292452;20.57147166
1132.735;1747837068.343;4:17:48 PM;1;3;3.82132348e-05;6.604707778e-06;3.927429942e-13;6.823065875e-14;4.825181366e-10;1.585740979e-12;1.672064293e-10;2.643655911e-12;9.353587349e-12;1.074744812e-13;2.897271756e-09;1.996576168e-11;6.636519112e-10;3.21374264e-12;4.999999912e-15;1;1;1;1;1;1;1;0;0;0;0;0;0;0;0;0;0;4.108689725e-09;0.0451415037;0.09836038979;79.20090406;20.65559405
1134.601;1747837070.209;4:17:50 PM;1;3;3.832118455e-05;6.607231626e-06;3.869464157e-13;9.164195146e-14;4.854632807e-10;1.544519937e-12;1.684205136e-10;2.565054722e-12;9.334548759e-12;9.528993263e-14;2.916552777e-09;2.010812176e-11;6.660406116e-10;3.285398429e-12;4.999999912e-15;1;1;1;1;1;1;1;0;0;0;0;0;0;0;0;0;0;6.441557139e-09;0.04367716306;0.09999724726;79.24699928;20.60932631
1136.467;1747837072.075;4:17:52 PM;1;3;3.827938417e-05;6.714464689e-06;4.655042085e-13;9.857404877e-14;4.875543858e-10;1.549791328e-12;1.68969852e-10;2.504562746e-12;9.330615273e-12;6.369506159e-14;2.91441693e-09;2.030469889e-11;6.68526956e-10;3.261649197e-12;4.999999912e-15;1;1;1;1;1;1;1;0;0;0;0;0;0;0;0;0;0;9.438279906e-09;0.04391818106;0.09923011376;79.17691549;20.67993622
1138.334;1747837073.942;4:17:53 PM;1;3;3.83061124e-05;6.622447472e-06;4.837865135e-13;1.37808398e-13;4.845574497e-10;1.655533891e-12;1.68957251e-10;2.492621561e-12;9.253509417e-12;8.013832924e-15;2.923169262e-09;2.005036588e-11;6.679135023e-10;3.351433497e-12;6.428695467e-14;1;1;1;1;1;1;1;0;0;0;0;0;0;0;0;0;0;1.258393184e-08;0.04715856088;0.1019137534;79.23169304;20.61923464
1140.2;1747837075.808;4:17:55 PM;1;3;3.829009074e-05;6.67851873e-06;4.553179123e-13;2.074215094e-13;4.857232394e-10;1.623050869e-12;1.683021361e-10;2.450775693e-12;9.320713472e-12;4.999999912e-15;2.918828956e-09;2.015601401e-11;6.615801795e-10;3.34729835e-12;1.241906426e-13;1;1;1;1;1;1;1;0;0;0;0;0;0;0;0;0;0;1.833800719e-08;0.04648024909;0.102194707;79.36003466;20.49129038
1142.067;1747837077.675;4:17:57 PM;1;3;3.813679723e-05;6.670853509e-06;4.670614481e-13;3.111136023e-13;4.88143026e-10;1.692967164e-12;1.693753748e-10;2.545120581e-12;9.367277787e-12;4.999999912e-15;2.922492248e-09;2.016873474e-11;6.668936514e-10;3.266037831e-12;7.764983453e-14;1;1;1;1;1;1;1;0;0;0;0;0;0;0;0;0;0;2.747453461e-08;0.04877408123;0.09931643432;79.25336532;20.59854417
1143.933;1747837079.541;4:17:59 PM;1;3;3.812840441e-05;6.755765298e-06;4.197962507e-13;1.226638555e-13;4.855637004e-10;1.695192923e-12;1.684473533e-10;2.542209065e-12;9.379655906e-12;2.101777919e-14;2.917416753e-09;2.028210065e-11;6.711605161e-10;3.19187103e-12;2.984704565e-14;1;1;1;1;1;1;1;0;0;0;0;0;0;0;0;0;0;8.871087521e-09;0.04828724487;0.09696041765;79.13167141;20.72308093
1145.799;1747837081.407;4:18:01 PM;1;3;3.817156176e-05;6.68877783e-06;3.743088196e-13;1.147993511e-13;4.81803264e-10;1.711056101e-12;1.673465255e-10;2.589745259e-12;9.431625619e-12;1.079892062e-13;2.903134622e-09;2.035760796e-11;6.648350759e-10;3.212700071e-12;4.431258962e-14;1;1;1;1;1;1;1;0;0;0;0;0;0;0;0;0;0;6.610084181e-09;0.04899010505;0.09820647237;79.20123155;20.65157187
1147.666;1747837083.274;4:18:03 PM;1;3;3.810784983e-05;6.729920187e-06;3.397250471e-13;5.203919367e-14;4.821166799e-10;1.634528559e-12;1.675622696e-10;2.608240447e-12;9.418743563e-12;1.161618815e-13;2.901220819e-09;1.990860948e-11;6.632981941e-10;3.151967402e-12;4.999999912e-15;1;1;1;1;1;1;1;0;0;0;0;0;0;0;0;0;0;5.532362333e-10;0.0464927661;0.09633542872;79.22914913;20.62802268
1149.532;1747837085.140;4:18:05 PM;1;3;3.823739826e-05;6.711885362e-06;4.318369393e-13;8.146609743e-14;4.810630228e-10;1.568147738e-12;1.66930747e-10;2.571171357e-12;9.311440508e-12;1.246884676e-13;2.889607442e-09;2.009943947e-11;6.617679182e-10;3.200143926e-12;1.327729837e-13;1;1;1;1;1;1;1;0;0;0;0;0;0;0;0;0;0;6.677373675e-09;0.04479827408;0.09842025913;79.20310108;20.65368039
1151.399;1747837087.007;4:18:07 PM;1;3;3.814179581e-05;6.597104857e-06;5.009308398e-13;1.587838747e-13;4.856944291e-10;1.555643635e-12;1.675831002e-10;2.565186778e-12;9.390868291e-12;1.042989141e-13;2.910668817e-09;2.022653399e-11;6.660735297e-10;3.313821873e-12;3.658398996e-14;1;1;1;1;1;1;1;0;0;0;0;0;0;0;0;0;0;1.594608845e-08;0.0443797754;0.1010955277;79.21731496;20.63720973
1153.265;1747837088.873;4:18:08 PM;1;3;3.810745329e-05;6.604707778e-06;5.180915376e-13;2.454397091e-13;4.855277291e-10;1.617922268e-12;1.688734291e-10;2.49841532e-12;9.306366441e-12;4.304764078e-14;2.921634712e-09;2.008382523e-11;6.613216641e-10;3.310990588e-12;7.939617252e-14;1;1;1;1;1;1;1;0;0;0;0;0;0;0;0;0;0;2.377164333e-08;0.04645774831;0.1009180337;79.37907872;20.4735455
1155.131;1747837090.739;4:18:10 PM;1;3;3.813465446e-05;6.706743534e-06;5.164926104e-13;2.205310045e-13;4.835314926e-10;1.610309867e-12;1.676118272e-10;2.533710654e-12;9.292493858e-12;4.999999912e-15;2.911647146e-09;2.012911539e-11;6.643384176e-10;3.305361193e-12;1.603987939e-13;1;1;1;1;1;1;1;0;0;0;0;0;0;0;0;0;0;2.152911872e-08;0.04624508503;0.1010779838;79.25949869;20.59317824
1156.998;1747837092.606;4:18:12 PM;1;3;3.811735223e-05;6.617373856e-06;5.05726266e-13;1.956546362e-13;4.875821413e-10;1.613454487e-12;1.687138623e-10;2.531920854e-12;9.344267547e-12;8.949734874e-15;2.915645281e-09;2.015283947e-11;6.675932585e-10;3.354559686e-12;1.245465862e-13;1;1;1;1;1;1;1;0;0;0;0;0;0;0;0;0;0;1.890766358e-08;0.04615593883;0.1023164382;79.20248773;20.64903989
1158.864;1747837094.472;4:18:14 PM;1;3;3.816669414e-05;6.622447472e-06;4.21537642e-13;1.517213682e-13;4.862367176e-10;1.739081101e-12;1.687670559e-10;2.55593398e-12;9.360355373e-12;2.227726128e-14;2.921152431e-09;1.989216951e-11;6.665376029e-10;3.300287994e-12;4.999999912e-15;1;1;1;1;1;1;1;0;0;0;0;0;0;0;0;0;0;1.115795534e-08;0.04971387537;0.1003114453;79.25435332;20.59562136
1160.731;1747837096.339;4:18:16 PM;1;3;3.805524466e-05;6.635147656e-06;3.816735339e-13;8.160996428e-14;4.826557487e-10;1.709332762e-12;1.675133782e-10;2.598802683e-12;9.420094912e-12;3.103982051e-14;2.912656782e-09;2.024379969e-11;6.663085639e-10;3.152835848e-12;4.999999912e-15;1;1;1;1;1;1;1;0;0;0;0;0;0;0;0;0;0;3.835770824e-09;0.04870590401;0.09598124992;79.22102857;20.63428428
1162.597;1747837098.205;4:18:18 PM;1;3;3.807305256e-05;6.658084658e-06;3.340504414e-13;1.400336417e-13;4.849317059e-10;1.630227745e-12;1.682783496e-10;2.572000122e-12;9.312843031e-12;7.654020782e-14;2.906751506e-09;2.013562928e-11;6.661500795e-10;3.191853032e-12;4.999999912e-15;1;1;1;1;1;1;1;0;0;0;0;0;0;0;0;0;0;8.417084011e-09;0.0464865958;0.09733978486;79.19092891;20.66524471
1164.463;1747837100.071;4:18:20 PM;1;3;3.827263572e-05;6.675967143e-06;3.773818551e-13;4.650945089e-14;4.846197887e-10;1.55342243e-12;1.680065115e-10;2.537273776e-12;9.32180895e-12;8.84335194e-14;2.901559659e-09;2.005177274e-11;6.663523067e-10;3.216091672e-12;4.999999912e-15;1;1;1;1;1;1;1;0;0;0;0;0;0;0;0;0;0;1.962335462e-09;0.04398709402;0.09823027783;79.16011949;20.69766314
1166.33;1747837101.938;4:18:21 PM;1;3;3.820257189e-05;6.704166481e-06;4.606097405e-13;9.687349122e-14;4.827273581e-10;1.603260927e-12;1.674256428e-10;2.503419564e-12;9.24619669e-12;5.753407597e-14;2.90084623e-09;1.989423036e-11;6.602193237e-10;3.269880677e-12;9.034856603e-15;1;1;1;1;1;1;1;0;0;0;0;0;0;0;0;0;0;8.636254301e-09;0.04582213742;0.1001255219;79.29784362;20.55620872
1168.196;1747837103.804;4:18:23 PM;1;3;3.82997132e-05;6.714464689e-06;4.533425772e-13;1.729805806e-13;4.83724838e-10;1.557159891e-12;1.678478051e-10;2.482133639e-12;9.222426642e-12;3.362397912e-14;2.904982477e-09;2.025892822e-11;6.649740758e-10;3.303319207e-12;8.037488183e-14;1;1;1;1;1;1;1;0;0;0;0;0;0;0;0;0;0;1.575910824e-08;0.04450512922;0.1010356589;79.20847831;20.6459809
1170.063;1747837105.671;4:18:25 PM;1;3;3.808978363e-05;6.747996395e-06;5.062937916e-13;1.866401727e-13;4.849626256e-10;1.63677405e-12;1.681722678e-10;2.486291121e-12;9.276427716e-12;4.999999912e-15;2.915899078e-09;2.016079838e-11;6.667041919e-10;3.400138027e-12;9.593014724e-14;1;1;1;1;1;1;1;0;0;0;0;0;0;0;0;0;0;1.788900058e-08;0.04685459759;0.1037180554;79.22342545;20.62600189
1171.929;1747837107.537;4:18:27 PM;1;3;3.810259659e-05;6.704166481e-06;4.902352396e-13;1.329348009e-13;4.875546633e-10;1.648541546e-12;1.687030932e-10;2.538879697e-12;9.235279208e-12;4.999999912e-15;2.931670018e-09;2.030548472e-11;6.708658074e-10;3.310048199e-12;7.297385352e-14;1;1;1;1;1;1;1;0;0;0;0;0;0;0;0;0;0;1.240422235e-08;0.0467892338;0.1003227022;79.21527471;20.63761335
1173.795;1747837109.403;4:18:29 PM;1;3;3.821518476e-05;6.722180842e-06;4.047318849e-13;1.861508181e-13;4.878368265e-10;1.750109606e-12;1.688986589e-10;2.603935513e-12;9.366200523e-12;2.120646256e-14;2.92217095e-09;2.037761106e-11;6.684119924e-10;3.194436902e-12;3.306244371e-14;1;1;1;1;1;1;1;0;0;0;0;0;0;0;0;0;0;1.366819577e-08;0.05008500051;0.09698737538;79.21951008;20.63341755
1175.662;1747837111.270;4:18:31 PM;1;3;3.829691923e-05;6.740236131e-06;3.830151799e-13;1.561145825e-13;4.881570148e-10;1.696508602e-12;1.691560225e-10;2.645246435e-12;9.425108263e-12;7.510200686e-14;2.929402276e-09;2.011920665e-11;6.658069096e-10;3.266938803e-12;4.999999912e-15;1;1;1;1;1;1;1;0;0;0;0;0;0;0;0;0;0;1.076840603e-08;0.0482993187;0.09907210211;79.31788694;20.53474164
1177.528;1747837113.136;4:18:33 PM;1;3;3.832534276e-05;6.722180842e-06;3.958165176e-13;1.00281037e-13;4.886826499e-10;1.674168074e-12;1.694758361e-10;2.619345062e-12;9.386225304e-12;1.043790705e-13;2.938360888e-09;2.007459129e-11;6.696083688e-10;3.261719237e-12;4.999999912e-15;1;1;1;1;1;1;1;0;0;0;0;0;0;0;0;0;0;6.294613641e-09;0.04731409024;0.09856467428;79.27848124;20.57563999
1179.395;1747837115.003;4:18:35 PM;1;3;3.827589535e-05;6.735072475e-06;3.895888061e-13;1.053796671e-13;4.882761417e-10;1.621305195e-12;1.69706138e-10;2.579214403e-12;9.421103654e-12;8.765344272e-14;2.938343568e-09;2.051644271e-11;6.729916624e-10;3.231258143e-12;4.999999912e-15;1;1;1;1;1;1;1;0;0;0;0;0;0;0;0;0;0;7.057870938e-09;0.04568424893;0.09753082108;79.20090893;20.655876
1181.261;1747837116.869;4:18:36 PM;1;3;3.816064418e-05;6.740236131e-06;4.942770368e-13;1.069921061e-13;4.898375039e-10;1.594868551e-12;1.700640878e-10;2.551606929e-12;9.395482656e-12;6.60596862e-14;2.936495713e-09;2.030082352e-11;6.715531464e-10;3.319701502e-12;3.985862611e-14;1;1;1;1;1;1;1;0;0;0;0;0;0;0;0;0;0;1.066925058e-08;0.04502553942;0.1003994671;79.22174527;20.63282972
1183.127;1747837118.735;4:18:38 PM;1;3;3.838061093e-05;6.696471246e-06;4.835694562e-13;1.701246159e-13;4.892967698e-10;1.609585403e-12;1.697846863e-10;2.470839072e-12;9.289112882e-12;4.143321293e-14;2.939205324e-09;2.028487447e-11;6.701407762e-10;3.340045905e-12;6.48743754e-14;1;1;1;1;1;1;1;0;0;0;0;0;0;0;0;0;0;1.594172837e-08;0.04562165552;0.1010430761;79.26904197;20.5842933
1184.994;1747837120.602;4:18:40 PM;1;3;3.82115104e-05;6.709306035e-06;5.442313267e-13;2.654185736e-13;4.877358517e-10;1.684317616e-12;1.691906337e-10;2.5030698e-12;9.327268125e-12;4.999999912e-15;2.925523601e-09;2.010470783e-11;6.651039719e-10;3.346365936e-12;1.275235207e-13;1;1;1;1;1;1;1;0;0;0;0;0;0;0;0;0;0;2.577435201e-08;0.04844425869;0.1018685163;79.3102329;20.53945433
1186.86;1747837122.468;4:18:42 PM;1;3;3.814438242e-05;6.699031019e-06;4.798178998e-13;1.927334431e-13;4.884396776e-10;1.712744746e-12;1.692292417e-10;2.5713702e-12;9.412780451e-12;4.999999912e-15;2.921958675e-09;2.026148693e-11;6.671501684e-10;3.292657596e-12;7.166060009e-14;1;1;1;1;1;1;1;0;0;0;0;0;0;0;0;0;0;1.692266051e-08;0.04905895443;0.1001378417;79.24467753;20.60612567
1188.727;1747837124.335;4:18:44 PM;1;3;3.833062146e-05;6.78430888e-06;4.487412774e-13;1.926727007e-13;4.888778271e-10;1.686714028e-12;1.698593904e-10;2.597183536e-12;9.389689547e-12;4.435540544e-14;2.928096432e-09;2.020769142e-11;6.687754794e-10;3.2878574e-12;6.075146625e-14;1;1;1;1;1;1;1;0;0;0;0;0;0;0;0;0;0;1.620347902e-08;0.04813694272;0.09975578453;79.23851992;20.61358736
1190.593;1747837126.201;4:18:46 PM;1;3;3.829307025e-05;6.670853509e-06;3.842342839e-13;1.126856109e-13;4.853448199e-10;1.724992219e-12;1.685076523e-10;2.572067776e-12;9.542300977e-12;4.829213337e-14;2.928122189e-09;2.034115758e-11;6.732289726e-10;3.222729375e-12;5.486727744e-14;1;1;1;1;1;1;1;0;0;0;0;0;0;0;0;0;0;6.593633338e-09;0.0489609378;0.09762528777;79.14086874;20.71254504
1192.459;1747837128.067;4:18:48 PM;1;3;3.812293289e-05;6.632605619e-06;3.771951826e-13;2.661721585e-14;4.886242522e-10;1.682245706e-12;1.698355206e-10;2.618948461e-12;9.473772461e-12;1.13595636e-13;2.933077115e-09;2.008654354e-11;6.683595344e-10;3.174323651e-12;4.999999912e-15;1;1;1;1;1;1;1;0;0;0;0;0;0;0;0;0;0;1.048823742e-09;0.04741976623;0.09603351002;79.27863431;20.57791242
1194.326;1747837129.934;4:18:49 PM;1;3;3.826010288e-05;6.670853509e-06;3.560892629e-13;7.393910516e-14;4.884048166e-10;1.617798126e-12;1.694065305e-10;2.566830429e-12;9.411687575e-12;9.051440153e-14;2.927977194e-09;2.014875072e-11;6.660311747e-10;3.175404601e-12;4.999999912e-15;1;1;1;1;1;1;1;0;0;0;0;0;0;0;0;0;0;3.202541471e-09;0.04567853562;0.09626693954;79.30814188;20.54991264
1196.192;1747837131.800;4:18:51 PM;1;3;3.826424654e-05;6.740236131e-06;3.988302473e-13;7.581936923e-14;4.860533642e-10;1.536690154e-12;1.681111084e-10;2.518072556e-12;9.365605513e-12;8.687485681e-14;2.923525644e-09;2.022743258e-11;6.664169216e-10;3.219248652e-12;4.999999912e-15;1;1;1;1;1;1;1;0;0;0;0;0;0;0;0;0;0;5.441535742e-09;0.04332248052;0.09774988918;79.28054559;20.57838204
1198.059;1747837133.667;4:18:53 PM;1;3;3.813514559e-05;6.660628969e-06;4.428939312e-13;1.148809915e-13;4.871391623e-10;1.530486566e-12;1.680347944e-10;2.470375033e-12;9.324621804e-12;3.844831287e-14;2.914903652e-09;2.00182735e-11;6.642034145e-10;3.367164837e-12;4.999999912e-15;1;1;1;1;1;1;1;0;0;0;0;0;0;0;0;0;0;1.040468457e-08;0.04340769512;0.1026340577;79.2823881;20.57157014
1199.925;1747837135.533;4:18:55 PM;1;3;3.824820669e-05;6.67851873e-06;4.572957681e-13;1.546913368e-13;4.84628726e-10;1.629341844e-12;1.675954653e-10;2.436827433e-12;9.341040962e-12;4.999999912e-15;2.925827358e-09;2.026469097e-11;6.689247489e-10;3.228422737e-12;9.323696871e-14;1;1;1;1;1;1;1;0;0;0;0;0;0;0;0;0;0;1.354738065e-08;0.04634677647;0.09806083402;79.2338161;20.62177629
1201.791;1747837137.399;4:18:57 PM;1;3;3.822252256e-05;6.665742603e-06;4.886576712e-13;1.578091499e-13;4.845592816e-10;1.622101108e-12;1.688187784e-10;2.499901544e-12;9.274165637e-12;4.999999912e-15;2.900615304e-09;2.024409633e-11;6.62759958e-10;3.32169665e-12;1.012015111e-13;1;1;1;1;1;1;1;0;0;0;0;0;0;0;0;0;0;1.486243704e-08;0.04655415355;0.1018166985;79.22939476;20.62223439
1203.658;1747837139.266;4:18:59 PM;1;3;3.820329584e-05;6.686208053e-06;4.519980039e-13;1.371990764e-13;4.857816926e-10;1.662359811e-12;1.683440054e-10;2.599878646e-12;9.473533069e-12;4.999999912e-15;2.91311375e-09;2.037812974e-11;6.698057109e-10;3.270409334e-12;2.073403162e-14;1;1;1;1;1;1;1;0;0;0;0;0;0;0;0;0;0;1.148762534e-08;0.04743420991;0.09953475279;79.13884326;20.71418778
1205.524;1747837141.132;4:19:01 PM;1;3;3.817032484e-05;6.704166481e-06;3.78243064e-13;1.274632933e-13;4.86789109e-10;1.631042957e-12;1.682289724e-10;2.66397928e-12;9.463360651e-12;4.999999912e-15;2.926245912e-09;2.003439255e-11;6.687073117e-10;3.201058776e-12;8.804820751e-14;1;1;1;1;1;1;1;0;0;0;0;0;0;0;0;0;0;8.625811027e-09;0.04624034207;0.09718652733;79.24043555;20.61613758
1207.391;1747837143.000;4:19:03 PM;1;3;3.815718082e-05;6.658084658e-06;3.297503329e-13;8.017723177e-14;4.872498516e-10;1.640352459e-12;1.690407397e-10;2.607828016e-12;9.498309257e-12;5.016093199e-14;2.924757769e-09;2.023304267e-11;6.685034748e-10;3.19922539e-12;4.999999912e-15;1;1;1;1;1;1;1;0;0;0;0;0;0;0;0;0;0;2.75003382e-09;0.04636282444;0.09702393277;79.23314222;20.62347102
1209.257;1747837144.865;4:19:04 PM;1;3;3.80394049e-05;6.673402368e-06;3.716305963e-13;3.036776763e-14;4.854043278e-10;1.603147628e-12;1.680332123e-10;2.61352268e-12;9.532078252e-12;1.113086606e-13;2.934354315e-09;2.003148515e-11;6.66861677e-10;3.174545913e-12;4.999999912e-15;1;1;1;1;1;1;1;0;0;0;0;0;0;0;0;0;0;1.438798866e-10;0.04505195677;0.09607718919;79.32884337;20.53002749
1211.123;1747837146.731;4:19:06 PM;1;3;3.811947681e-05;6.722180842e-06;4.071622054e-13;8.688332036e-14;4.856828828e-10;1.58313499e-12;1.683318762e-10;2.68751796e-12;9.546254412e-12;5.394383535e-14;2.93051694e-09;2.02002165e-11;6.677534081e-10;3.265773069e-12;4.999999912e-15;1;1;1;1;1;1;1;0;0;0;0;0;0;0;0;0;0;6.271750931e-09;0.04466810226;0.09897028646;79.28404879;20.57231282
1212.99;1747837148.598;4:19:08 PM;1;3;3.806837776e-05;6.624978141e-06;4.683895958e-13;1.319057981e-13;4.84414342e-10;1.561792796e-12;1.684974799e-10;2.570236558e-12;9.378971558e-12;1.738821083e-14;2.911851871e-09;2.01026383e-11;6.645913264e-10;3.31326481e-12;2.41107183e-14;1;1;1;1;1;1;1;0;0;0;0;0;0;0;0;0;0;1.24451937e-08;0.04446616858;0.1010681641;79.25217277;20.6022929
1214.856;1747837150.464;4:19:10 PM;1;3;3.820027632e-05;6.709306035e-06;4.851068006e-13;1.816022782e-13;4.859253e-10;1.659454475e-12;1.685828976e-10;2.537478691e-12;9.429015728e-12;3.864147026e-14;2.923267184e-09;2.029059386e-11;6.698684385e-10;3.287440415e-12;6.140958374e-14;1;1;1;1;1;1;1;0;0;0;0;0;0;0;0;0;0;1.656879234e-08;0.04737136845;0.0998613967;79.19162872;20.66113851
1216.723;1747837152.331;4:19:12 PM;1;3;3.817325342e-05;6.714464689e-06;4.884984561e-13;1.979211743e-13;4.862994452e-10;1.640564095e-12;1.682250728e-10;2.535334139e-12;9.437869757e-12;4.999999912e-15;2.921298092e-09;1.992471813e-11;6.673075426e-10;3.306403762e-12;8.180659112e-14;1;1;1;1;1;1;1;0;0;0;0;0;0;0;0;0;0;1.833197889e-08;0.04690751293;0.1006128312;79.24223768;20.61024198
1218.589;1747837154.197;4:19:14 PM;1;3;3.816892786e-05;6.640242191e-06;5.011010595e-13;1.633787371e-13;4.873585979e-10;1.638136566e-12;1.693180457e-10;2.637106028e-12;9.420696861e-12;4.999999912e-15;2.918581599e-09;2.029231991e-11;6.691601162e-10;3.202983451e-12;8.288386795e-14;1;1;1;1;1;1;1;0;0;0;0;0;0;0;0;0;0;1.560228558e-08;0.04675388509;0.09741144553;79.18219247;20.6736422
1220.455;1747837156.063;4:19:16 PM;1;3;3.811126589e-05;6.640242191e-06;3.891058753e-13;1.470956739e-13;4.864905701e-10;1.665119973e-12;1.688775925e-10;2.682344798e-12;9.447061189e-12;4.999999912e-15;2.921241915e-09;2.011003863e-11;6.664754304e-10;3.175266473e-12;4.999999912e-15;1;1;1;1;1;1;1;0;0;0;0;0;0;0;0;0;0;1.042763404e-08;0.04742875689;0.09643131638;79.26080992;20.59533001
1222.322;1747837157.930;4:19:17 PM;1;3;3.829811612e-05;6.647880127e-06;3.528833584e-13;9.419026025e-14;4.882878546e-10;1.609577922e-12;1.694408086e-10;2.716521886e-12;9.552014561e-12;2.493410379e-14;2.919342768e-09;2.031269423e-11;6.670946573e-10;3.220196028e-12;4.999999912e-15;1;1;1;1;1;1;1;0;0;0;0;0;0;0;0;0;0;5.021114893e-09;0.04557213849;0.09784767657;79.23500711;20.62157308
1224.188;1747837159.796;4:19:19 PM;1;3;3.826720422e-05;6.737660442e-06;3.519280136e-13;6.176502587e-14;4.872522386e-10;1.579203673e-12;1.685965256e-10;2.618010409e-12;9.66876839e-12;7.535341302e-14;2.93395086e-09;2.018683831e-11;6.655030971e-10;3.233988164e-12;4.999999912e-15;1;1;1;1;1;1;1;0;0;0;0;0;0;0;0;0;0;2.326705224e-09;0.04441328524;0.09795400543;79.35574163;20.50189108
1226.055;1747837161.663;4:19:21 PM;1;3;3.813663716e-05;6.652976481e-06;4.231694747e-13;6.002664999e-14;4.858064506e-10;1.570663304e-12;1.688802709e-10;2.560006894e-12;9.53864765e-12;7.721923009e-14;2.90690827e-09;2.024132424e-11;6.684642839e-10;3.259294961e-12;4.999999912e-15;1;1;1;1;1;1;1;0;0;0;0;0;0;0;0;0;0;4.438707804e-09;0.04449742749;0.09936384792;79.13548545;20.72065328
1227.921;1747837163.529;4:19:23 PM;1;3;3.818743062e-05;6.76872105e-06;5.294511574e-13;1.348702779e-13;4.899018413e-10;1.503517796e-12;1.689004214e-10;2.530819087e-12;9.513333697e-12;4.242388233e-14;2.924174902e-09;2.025993262e-11;6.693817167e-10;3.279092275e-12;7.505071055e-15;1;1;1;1;1;1;1;0;0;0;0;0;0;0;0;0;0;1.513387724e-08;0.04254993158;0.0994862279;79.21380788;20.64415596
1229.787;1747837165.395;4:19:25 PM;1;3;3.819739504e-05;6.655526704e-06;4.795301526e-13;1.325763501e-13;4.86826135e-10;1.600476479e-12;1.67908798e-10;2.506740258e-12;9.468454666e-12;4.999999912e-15;2.92562774e-09;2.017205153e-11;6.658920637e-10;3.32788983e-12;9.768143868e-14;1;1;1;1;1;1;1;0;0;0;0;0;0;0;0;0;0;1.248918318e-08;0.04546854292;0.101234064;79.30145381;20.55184358
1231.654;1747837167.262;4:19:27 PM;1;3;3.833107621e-05;6.612297511e-06;5.08647974e-13;2.167366628e-13;4.879142645e-10;1.602783769e-12;1.688985479e-10;2.595125937e-12;9.509735881e-12;4.999999912e-15;2.923838727e-09;2.023344686e-11;6.653574913e-10;3.360631868e-12;6.895697256e-14;1;1;1;1;1;1;1;0;0;0;0;0;0;0;0;0;0;2.101295638e-08;0.04582286386;0.1022522488;79.29869393;20.55323095
1233.52;1747837169.128;4:19:29 PM;1;3;3.822624058e-05;6.786908671e-06;4.50487114e-13;1.68169691e-13;4.839774137e-10;1.6887069e-12;1.680995898e-10;2.620845381e-12;9.750610909e-12;4.999999912e-15;2.926590303e-09;2.033853815e-11;6.689686582e-10;3.258822249e-12;1.562619392e-13;1;1;1;1;1;1;1;0;0;0;0;0;0;0;0;0;0;1.401140859e-08;0.04816347486;0.0990870312;79.23142519;20.6213243
1235.387;1747837170.995;4:19:30 PM;1;3;3.815232049e-05;6.66317419e-06;3.822868671e-13;1.697393175e-13;4.895323591e-10;1.639108879e-12;1.699675956e-10;2.629507723e-12;9.633200487e-12;9.709004705e-14;2.945844457e-09;2.010183166e-11;6.697835619e-10;3.271324184e-12;4.999999912e-15;1;1;1;1;1;1;1;0;0;0;0;0;0;0;0;0;0;1.25179239e-08;0.04633960819;0.09865601993;79.3137297;20.54127468
1237.253;1747837172.861;4:19:32 PM;1;3;3.815157834e-05;6.670853509e-06;4.144805972e-13;6.648730909e-14;4.874843307e-10;1.610107013e-12;1.692163215e-10;2.669021688e-12;9.663961471e-12;5.72876707e-14;2.925225173e-09;2.020085835e-11;6.681986631e-10;3.261546198e-12;4.999999912e-15;1;1;1;1;1;1;1;0;0;0;0;0;0;0;0;0;0;4.392187364e-09;0.04548533551;0.09895035024;79.24118426;20.61438005
1239.119;1747837174.727;4:19:34 PM;1;3;3.818600453e-05;6.675967143e-06;4.257645939e-13;8.470088238e-14;4.878577542e-10;1.567857931e-12;1.694260982e-10;2.677286561e-12;9.726986577e-12;1.105952962e-13;2.922114328e-09;2.021478124e-11;6.67459088e-10;3.237130616e-12;4.999999912e-15;1;1;1;1;1;1;1;0;0;0;0;0;0;0;0;0;0;6.787375411e-09;0.04431250604;0.0982939777;79.24202242;20.6153711
1240.986;1747837176.594;4:19:36 PM;1;3;3.814457159e-05;6.714464689e-06;3.863415935e-13;1.174253294e-13;4.863235925e-10;1.584983121e-12;1.689829249e-10;2.654156192e-12;9.642268754e-12;1.202688529e-13;2.932185827e-09;2.02419817e-11;6.730481728e-10;3.311337315e-12;1.02594799e-14;1;1;1;1;1;1;1;0;0;0;0;0;0;0;0;0;0;8.390505465e-09;0.04469669938;0.1001835104;79.16690151;20.68821828
1242.852;1747837178.460;4:19:38 PM;1;3;3.834184827e-05;6.69389874e-06;4.767160516e-13;1.852706763e-13;4.885871707e-10;1.558067911e-12;1.698267638e-10;2.616030439e-12;9.650688235e-12;7.48511157e-14;2.920962139e-09;2.029490291e-11;6.684691134e-10;3.379608225e-12;6.75869747e-14;1;1;1;1;1;1;1;0;0;0;0;0;0;0;0;0;0;1.758651578e-08;0.04433918561;0.102815302;79.20721795;20.64562756
1244.719;1747837180.327;4:19:40 PM;1;3;3.827856926e-05;6.76872105e-06;4.684862524e-13;1.682633118e-13;4.860807312e-10;1.63747748e-12;1.687004009e-10;2.536564925e-12;9.579504724e-12;1.039588439e-14;2.923259412e-09;2.014344941e-11;6.647516981e-10;3.357388152e-12;5.145972827e-14;1;1;1;1;1;1;1;0;0;0;0;0;0;0;0;0;0;1.50495115e-08;0.04672153844;0.1021638494;79.30839929;20.54271532
1246.585;1747837182.193;4:19:42 PM;1;3;3.813909643e-05;6.781701813e-06;5.186012752e-13;2.217078246e-13;4.836787082e-10;1.643769105e-12;1.679021644e-10;2.684311757e-12;9.639607688e-12;4.999999912e-15;2.93432878e-09;2.029769408e-11;6.695081156e-10;3.368809138e-12;9.924110416e-14;1;1;1;1;1;1;1;0;0;0;0;0;0;0;0;0;0;2.138995608e-08;0.04691280923;0.102174979;79.26036567;20.59054655
1248.451;1747837184.059;4:19:44 PM;1;3;3.826660759e-05;6.699031019e-06;4.577074939e-13;1.623313165e-13;4.868625503e-10;1.683521703e-12;1.691796286e-10;2.647830956e-12;9.713062819e-12;4.999999912e-15;2.919910091e-09;2.019027827e-11;6.679606313e-10;3.310439813e-12;7.084866819e-14;1;1;1;1;1;1;1;0;0;0;0;0;0;0;0;0;0;1.37509367e-08;0.04808587003;0.1007268514;79.21387488;20.6373124
1250.318;1747837185.926;4:19:45 PM;1;3;3.814291631e-05;6.614831818e-06;4.190475549e-13;1.459775633e-13;4.851928859e-10;1.691074798e-12;1.68673478e-10;2.712856198e-12;9.697256886e-12;2.920188098e-14;2.927156739e-09;2.002234142e-11;6.695480836e-10;3.210230042e-12;1.405234097e-14;1;1;1;1;1;1;1;0;0;0;0;0;0;0;0;0;0;1.100546862e-08;0.04812512763;0.09729844748;79.22056109;20.63401534
1252.184;1747837187.792;4:19:47 PM;1;3;3.810753333e-05;6.673402368e-06;4.024334305e-13;8.707697242e-14;4.874226023e-10;1.523335819e-12;1.674082956e-10;2.703346878e-12;9.733983584e-12;7.598561808e-14;2.913030039e-09;2.002527311e-11;6.661927121e-10;3.183368716e-12;4.999999912e-15;1;1;1;1;1;1;1;0;0;0;0;0;0;0;0;0;0;6.699721776e-09;0.0430747052;0.09691120988;79.23431068;20.62570341
1254.051;1747837189.659;4:19:49 PM;1;3;3.814975935e-05;6.747996395e-06;3.941981019e-13;3.61807684e-14;4.852624413e-10;1.584308639e-12;1.677550043e-10;2.690913898e-12;9.732697287e-12;1.03724436e-13;2.910216956e-09;2.014260633e-11;6.685605958e-10;3.250307575e-12;4.999999912e-15;1;1;1;1;1;1;1;0;0;0;0;0;0;0;0;0;0;1.253530287e-09;0.04478264058;0.09900390425;79.15705489;20.69915856
1255.917;1747837191.525;4:19:51 PM;1;3;3.812377327e-05;6.727334494e-06;3.990627544e-13;9.771281955e-14;4.854376345e-10;1.536811151e-12;1.683078121e-10;2.652807011e-12;9.698340221e-12;1.429543333e-13;2.9242746e-09;2.020571731e-11;6.653080864e-10;3.285216717e-12;4.999999912e-15;1;1;1;1;1;1;1;0;0;0;0;0;0;0;0;0;0;7.43759366e-09;0.04339239887;0.09981004824;79.30705575;20.54974181
1257.783;1747837193.391;4:19:53 PM;1;3;3.807207031e-05;6.604707778e-06;4.21178744e-13;1.279571338e-13;4.835931655e-10;1.524366787e-12;1.681733502e-10;2.504526751e-12;9.591527225e-12;5.943773848e-14;2.913216113e-09;2.00651943e-11;6.69368283e-10;3.267017733e-12;5.534767387e-14;1;1;1;1;1;1;1;0;0;0;0;0;0;0;0;0;0;1.098240331e-08;0.04319913221;0.09951368123;79.15188528;20.7054019
1259.65;1747837195.258;4:19:55 PM;1;3;3.817601828e-05;6.681078503e-06;4.72804196e-13;1.547396244e-13;4.859284641e-10;1.555924443e-12;1.683251316e-10;2.590911643e-12;9.676421123e-12;6.258790822e-14;2.938905785e-09;2.016217922e-11;6.676292852e-10;3.286982015e-12;9.025452505e-14;1;1;1;1;1;1;1;0;0;0;0;0;0;0;0;0;0;1.471099087e-08;0.04399866258;0.09955569626;79.33269596;20.52374968
1261.516;1747837197.124;4:19:57 PM;1;3;3.81089958e-05;6.683646461e-06;4.775837386e-13;1.539754652e-13;4.873982329e-10;1.558139034e-12;1.680093703e-10;2.563818949e-12;9.631654849e-12;4.999999912e-15;2.920541364e-09;1.995628489e-11;6.623605553e-10;3.333832776e-12;7.277173113e-14;1;1;1;1;1;1;1;0;0;0;0;0;0;0;0;0;0;1.476791772e-08;0.04434755442;0.1016149378;79.35639409;20.49764342
1263.383;1747837198.991;4:19:58 PM;1;3;3.819210906e-05;6.737660442e-06;4.411625416e-13;1.719595739e-13;4.843080381e-10;1.595235229e-12;1.671985883e-10;2.592830681e-12;9.616949598e-12;4.999999912e-15;2.90654123e-09;2.020624293e-11;6.633303351e-10;3.223352791e-12;4.353102216e-14;1;1;1;1;1;1;1;0;0;0;0;0;0;0;0;0;0;1.493789858e-08;0.04565610564;0.09848552581;79.26047615;20.59538222
1265.249;1747837200.857;4:20:00 PM;1;3;3.826773536e-05;6.594577826e-06;3.698364586e-13;9.543629992e-14;4.832395595e-10;1.586594246e-12;1.672154915e-10;2.663163093e-12;9.766738633e-12;5.622432926e-14;2.905136798e-09;1.999346001e-11;6.679187203e-10;3.235369004e-12;4.999999912e-15;1;1;1;1;1;1;1;0;0;0;0;0;0;0;0;0;0;5.869286039e-09;0.04506931738;0.09870260097;79.14513821;20.71108987
1267.115;1747837202.723;4:20:02 PM;1;3;3.815694072e-05;6.714464689e-06;3.703527014e-13;1.412219408e-13;4.87988594e-10;1.601905674e-12;1.691626145e-10;2.730932451e-12;9.749531911e-12;7.050816094e-14;2.913102648e-09;2.018484338e-11;6.701393884e-10;3.277686065e-12;4.999999912e-15;1;1;1;1;1;1;1;0;0;0;0;0;0;0;0;0;0;9.904599183e-09;0.04552198188;0.09971125451;79.13000472;20.72476205
1268.982;1747837204.590;4:20:04 PM;1;3;3.825560634e-05;6.650420346e-06;3.64138949e-13;4.306755283e-14;4.871338888e-10;1.505993247e-12;1.690044216e-10;2.650086097e-12;9.639971113e-12;1.166606823e-13;2.931926479e-09;2.033189242e-11;6.694018118e-10;3.245872538e-12;4.999999912e-15;1;1;1;1;1;1;1;0;0;0;0;0;0;0;0;0;0;1.683075803e-09;0.04213332632;0.09826250742;79.25384146;20.60576271
1270.848;1747837206.456;4:20:06 PM;1;3;3.826891407e-05;6.622447472e-06;3.67971685e-13;6.544289036e-14;4.84220164e-10;1.49681927e-12;1.682864126e-10;2.59818729e-12;9.686851148e-12;7.044095396e-14;2.911600738e-09;2.00404051e-11;6.653122497e-10;3.30028279e-12;4.999999912e-15;1;1;1;1;1;1;1;0;0;0;0;0;0;0;0;0;0;3.920028628e-09;0.04220459525;0.1006210683;79.23713446;20.62003988
1272.715;1747837208.323;4:20:08 PM;1;3;3.824891974e-05;6.69389874e-06;5.037220641e-13;1.31885388e-13;4.843465073e-10;1.5323373e-12;1.682839423e-10;2.557758692e-12;9.607840565e-12;4.321838568e-14;2.916709319e-09;2.009494827e-11;6.675132669e-10;3.366156095e-12;3.206332769e-14;1;1;1;1;1;1;1;0;0;0;0;0;0;0;0;0;0;1.380355519e-08;0.04351023243;0.1025112568;79.21153378;20.64244473
1274.581;1747837210.189;4:20:10 PM;1;3;3.828680565e-05;6.660628969e-06;4.991407136e-13;1.494707271e-13;4.857492186e-10;1.566199319e-12;1.685310641e-10;2.611155216e-12;9.748214388e-12;4.999999912e-15;2.933508547e-09;2.046211985e-11;6.714345746e-10;3.331263867e-12;2.405694865e-14;1;1;1;1;1;1;1;0;0;0;0;0;0;0;0;0;0;1.494640758e-08;0.04433179294;0.1008406968;79.21300194;20.64182557
1276.447;1747837212.055;4:20:12 PM;1;3;3.830371861e-05;6.699031019e-06;4.897891988e-13;1.619276002e-13;4.87747287e-10;1.616294988e-12;1.695922014e-10;2.625901883e-12;9.707647013e-12;4.999999912e-15;2.936683785e-09;2.010418047e-11;6.690836774e-10;3.322043378e-12;8.478204846e-14;1;1;1;1;1;1;1;0;0;0;0;0;0;0;0;0;0;1.532554507e-08;0.04585536534;0.1006270703;79.2795818;20.57393576
1278.314;1747837213.922;4:20:13 PM;1;3;3.83739025e-05;6.675967143e-06;4.436391575e-13;1.622934778e-13;4.880055804e-10;1.664666126e-12;1.695648899e-10;2.666132723e-12;9.691390052e-12;4.999999912e-15;2.935499399e-09;2.024227834e-11;6.732120417e-10;3.295244936e-12;5.399660211e-14;1;1;1;1;1;1;1;0;0;0;0;0;0;0;0;0;0;1.349014743e-08;0.04723050585;0.09965594621;79.17796919;20.67514436
1280.18;1747837215.788;4:20:15 PM;1;3;3.832685616e-05;6.735072475e-06;3.852612944e-13;1.086906512e-13;4.885434279e-10;1.663887778e-12;1.693663959e-10;2.700336699e-12;9.793848024e-12;3.756669726e-14;2.94299074e-09;2.015959795e-11;6.703440025e-10;3.343538987e-12;1.602120468e-14;1;1;1;1;1;1;1;0;0;0;0;0;0;0;0;0;0;6.829993807e-09;0.04694975896;0.1009657631;79.28541394;20.56667054
1282.047;1747837217.655;4:20:17 PM;1;3;3.817798279e-05;6.681078503e-06;2.920870739e-13;8.344242181e-14;4.855725266e-10;1.655302414e-12;1.691689289e-10;2.724782422e-12;9.767118538e-12;1.073654647e-13;2.921075826e-09;2.011730713e-11;6.683060771e-10;3.279636111e-12;1.334594429e-14;1;1;1;1;1;1;1;0;0;0;0;0;0;0;0;0;0;1.749755184e-09;0.04683910065;0.09963836542;79.21299652;20.64052601
1283.913;1747837219.521;4:20:19 PM;1;3;3.825505337e-05;6.691326234e-06;4.16118908e-13;9.069460271e-14;4.87812013e-10;1.594831797e-12;1.69298825e-10;2.717601968e-12;9.761110323e-12;1.234867379e-13;2.942888377e-09;2.042882009e-11;6.694963472e-10;3.302607103e-12;1.32901875e-14;1;1;1;1;1;1;1;0;0;0;0;0;0;0;0;0;0;6.784885852e-09;0.04486411156;0.09973256385;79.30675483;20.54864849
1285.779;1747837221.387;4:20:21 PM;1;3;3.826541433e-05;6.670853509e-06;4.645932077e-13;5.929934007e-14;4.866660963e-10;1.521516311e-12;1.685766804e-10;2.657241614e-12;9.705174164e-12;1.14959149e-13;2.92664426e-09;2.007126236e-11;6.677601805e-10;3.431289758e-12;2.71244988e-14;1;1;1;1;1;1;1;0;0;0;0;0;0;0;0;0;0;6.10313176e-09;0.04282113195;0.1042326995;79.25968725;20.59325892
1287.646;1747837223.254;4:20:23 PM;1;3;3.834067684e-05;6.714464689e-06;4.823274484e-13;1.576797232e-13;4.875895243e-10;1.596037321e-12;1.691699281e-10;2.596994017e-12;9.622714084e-12;4.471531991e-14;2.933926657e-09;2.046610798e-11;6.736643465e-10;3.419895877e-12;1.334500137e-13;1;1;1;1;1;1;1;0;0;0;0;0;0;0;0;0;0;1.489825937e-08;0.04519817317;0.1036732667;79.15914452;20.69198404
1289.512;1747837225.120;4:20:25 PM;1;3;3.83487677e-05;6.737660442e-06;4.59420967e-13;1.84419415e-13;4.916068108e-10;1.539219598e-12;1.69025377e-10;2.658099001e-12;9.721021731e-12;4.999999912e-15;2.94922109e-09;2.03949288e-11;6.698899768e-10;3.329202582e-12;1.152548516e-13;1;1;1;1;1;1;1;0;0;0;0;0;0;0;0;0;0;1.715250098e-08;0.04340476514;0.1005346157;79.33715874;20.51890188
1291.379;1747837226.987;4:20:26 PM;1;3;3.824523446e-05;6.740236131e-06;5.160275961e-13;1.697189074e-13;4.907893536e-10;1.682904467e-12;1.70224404e-10;2.646867317e-12;9.799825014e-12;4.999999912e-15;2.939021249e-09;2.045071751e-11;6.722784551e-10;3.357334376e-12;8.440917778e-14;1;1;1;1;1;1;1;0;0;0;0;0;0;0;0;0;0;1.622149226e-08;0.0478284677;0.1015398202;79.21559853;20.63503318
1293.245;1747837228.853;4:20:28 PM;1;3;3.824251326e-05;6.717023552e-06;3.951468872e-13;1.719939295e-13;4.892308225e-10;1.648460448e-12;1.697158108e-10;2.715530708e-12;9.870726632e-12;2.890168912e-14;2.959879897e-09;2.025809208e-11;6.717904566e-10;3.253240125e-12;1.116750176e-14;1;1;1;1;1;1;1;0;0;0;0;0;0;0;0;0;0;1.303138513e-08;0.04644282392;0.09769560256;79.34485774;20.51100383
1295.111;1747837230.719;4:20:30 PM;1;3;3.822801591e-05;6.632605619e-06;3.934603294e-13;1.034805108e-13;4.876969384e-10;1.687208424e-12;1.693455515e-10;2.720582657e-12;9.76997129e-12;4.827072037e-14;2.93877811e-09;2.040097778e-11;6.727604029e-10;3.234428567e-12;4.999999912e-15;1;1;1;1;1;1;1;0;0;0;0;0;0;0;0;0;0;6.391784672e-09;0.04766784658;0.09762683573;79.20835412;20.6463512
1296.978;1747837232.586;4:20:32 PM;1;3;3.819694393e-05;6.760936685e-06;3.830355358e-13;4.749562085e-14;4.886725469e-10;1.617304489e-12;1.696277563e-10;2.69443517e-12;9.742774296e-12;9.329867337e-14;2.935515608e-09;2.030890213e-11;6.733760216e-10;3.296119454e-12;4.999999912e-15;1;1;1;1;1;1;1;0;0;0;0;0;0;0;0;0;0;1.632099893e-09;0.04542485432;0.09959264747;79.17601721;20.67896529
1298.844;1747837234.452;4:20:34 PM;1;3;3.82786784e-05;6.750582088e-06;4.216551424e-13;6.725394167e-14;4.888017768e-10;1.507555148e-12;1.692833235e-10;2.656585889e-12;9.773308031e-12;1.07895626e-13;2.937741383e-09;2.031714727e-11;6.695507482e-10;3.262483816e-12;4.999999912e-15;1;1;1;1;1;1;1;0;0;0;0;0;0;0;0;0;0;5.635606641e-09;0.04223094284;0.09861177699;79.2815856;20.57757168
1300.711;1747837236.319;4:20:36 PM;1;3;3.831228241e-05;6.714464689e-06;4.62952864e-13;1.285599773e-13;4.876503645e-10;1.572704206e-12;1.693367391e-10;2.565831445e-12;9.759847444e-12;4.077311337e-14;2.949882116e-09;2.047815563e-11;6.729503621e-10;3.313806044e-12;2.497044658e-14;1;1;1;1;1;1;1;0;0;0;0;0;0;0;0;0;0;1.187248311e-08;0.04422053714;0.09981527022;79.26511241;20.59085178
1302.577;1747837238.185;4:20:38 PM;1;3;3.815827586e-05;6.604707778e-06;4.464966266e-13;1.730443181e-13;4.892736216e-10;1.588605983e-12;1.691635998e-10;2.589307675e-12;9.703448114e-12;4.999999912e-15;2.933049359e-09;2.025601908e-11;6.699131805e-10;3.34495257e-12;1.032425556e-13;1;1;1;1;1;1;1;0;0;0;0;0;0;0;0;0;0;1.526213078e-08;0.04504040861;0.1014357105;79.2443447;20.60917918
1304.443;1747837240.051;4:20:40 PM;1;3;3.808509064e-05;6.709306035e-06;4.85886342e-13;1.78713923e-13;4.877261928e-10;1.640337388e-12;1.692439106e-10;2.610202636e-12;9.625428059e-12;6.748384336e-15;2.951445532e-09;2.025049746e-11;6.718583467e-10;3.422100927e-12;3.929758876e-14;1;1;1;1;1;1;1;0;0;0;0;0;0;0;0;0;0;1.650789717e-08;0.0464056349;0.1031570692;79.29482036;20.55561693
1306.31;1747837241.918;4:20:41 PM;1;3;3.81333266e-05;6.740236131e-06;4.578995603e-13;1.602335343e-13;4.876892223e-10;1.634230837e-12;1.691879831e-10;2.617640479e-12;9.638284094e-12;4.999999912e-15;2.933819188e-09;2.014637242e-11;6.702917665e-10;3.452872537e-12;9.525060319e-14;1;1;1;1;1;1;1;0;0;0;0;0;0;0;0;0;0;1.402427354e-08;0.0463800866;0.1047296117;79.23457446;20.61431584
1308.176;1747837243.784;4:20:43 PM;1;3;3.814242154e-05;6.670853509e-06;4.277498765e-13;1.614462009e-13;4.901063444e-10;1.688845353e-12;1.694822199e-10;2.700248011e-12;9.688109689e-12;4.999999912e-15;2.943951083e-09;2.024515104e-11;6.677489672e-10;3.273680806e-12;7.573023426e-14;1;1;1;1;1;1;1;0;0;0;0;0;0;0;0;0;0;1.269982276e-08;0.04790803286;0.09895597359;79.3520394;20.50109659
1310.043;1747837245.651;4:20:45 PM;1;3;3.822356302e-05;6.632605619e-06;3.449794974e-13;3.361351995e-14;4.866499426e-10;1.657560807e-12;1.695381197e-10;2.651719122e-12;9.719888089e-12;4.999999912e-15;2.92415514e-09;2.013916117e-11;6.699087396e-10;3.235446633e-12;4.999999912e-15;1;1;1;1;1;1;1;0;0;0;0;0;0;0;0;0;0;1.174079754e-09;0.04675612535;0.09812052755;79.19294759;20.66217576
1311.909;1747837247.517;4:20:47 PM;1;3;3.808503243e-05;6.704166481e-06;3.855395549e-13;7.683788908e-14;4.876670179e-10;1.583503944e-12;1.696486701e-10;2.716178628e-12;9.840818264e-12;7.471519063e-14;2.943543187e-09;2.040925068e-11;6.738318237e-10;3.281633862e-12;4.999999912e-15;1;1;1;1;1;1;1;0;0;0;0;0;0;0;0;0;0;4.690343742e-09;0.04439205652;0.09892899414;79.20947329;20.64720566
1313.775;1747837249.383;4:20:49 PM;1;3;3.811938586e-05;6.660628969e-06;3.816247177e-13;5.837488831e-14;4.913901508e-10;1.531962057e-12;1.703040764e-10;2.746585294e-12;9.748840624e-12;1.624980939e-13;2.963868928e-09;2.034782759e-11;6.736886049e-10;3.231872235e-12;4.999999912e-15;1;1;1;1;1;1;1;0;0;0;0;0;0;0;0;0;0;3.370779049e-09;0.04255423959;0.0968667482;79.32524787;20.53533114
1315.642;1747837251.250;4:20:51 PM;1;3;3.813190779e-05;6.686208053e-06;4.315357479e-13;8.687982381e-14;4.885784555e-10;1.542657061e-12;1.703139713e-10;2.614602545e-12;9.75220165e-12;1.244868466e-13;2.955231615e-09;2.044622457e-11;6.741355807e-10;3.278585303e-12;4.999999912e-15;1;1;1;1;1;1;1;0;0;0;0;0;0;0;0;0;0;7.397111192e-09;0.04309474744;0.09851744573;79.26430838;20.59407943
1317.508;1747837253.116;4:20:53 PM;1;3;3.812459909e-05;6.69389874e-06;4.659906358e-13;1.37706849e-13;4.877611093e-10;1.533069136e-12;1.688339746e-10;2.546670774e-12;9.543504008e-12;3.695287281e-14;2.934593013e-09;2.034794902e-11;6.693062216e-10;3.306476837e-12;5.131386581e-14;1;1;1;1;1;1;1;0;0;0;0;0;0;0;0;0;0;1.316567969e-08;0.04327841077;0.100145417;79.26959236;20.58698381
1319.375;1747837254.983;4:20:54 PM;1;3;3.812448995e-05;6.750582088e-06;4.91432524e-13;1.904609012e-13;4.863027203e-10;1.57289199e-12;1.691974061e-10;2.520482737e-12;9.572950939e-12;7.754471436e-15;2.931964671e-09;2.034477101e-11;6.658830154e-10;3.318839994e-12;1.183612128e-13;1;1;1;1;1;1;1;0;0;0;0;0;0;0;0;0;0;1.837303651e-08;0.0447275155;0.1008146713;79.32961119;20.52484662
1321.241;1747837256.849;4:20:56 PM;1;3;3.828158879e-05;6.68877783e-06;4.773528036e-13;1.913276124e-13;4.86838847e-10;1.635093753e-12;1.691960183e-10;2.589685411e-12;9.72507231e-12;4.999999912e-15;2.937723176e-09;2.01083334e-11;6.694443333e-10;3.333633716e-12;1.047713416e-13;1;1;1;1;1;1;1;0;0;0;0;0;0;0;0;0;0;1.744076696e-08;0.04647754909;0.1009869175;79.27741993;20.57511561
1323.107;1747837258.715;4:20:58 PM;1;3;3.816699245e-05;6.642779681e-06;4.625591902e-13;1.20786573e-13;4.881963722e-10;1.667469114e-12;1.692754686e-10;2.57897436e-12;9.670769394e-12;4.999999912e-15;2.944060107e-09;2.019262015e-11;6.675596742e-10;3.290818789e-12;7.225549504e-14;1;1;1;1;1;1;1;0;0;0;0;0;0;0;0;0;0;1.027305519e-08;0.04718983653;0.09949128134;79.35656715;20.49675173
1324.974;1747837260.582;4:21:00 PM;1;3;3.828743138e-05;6.727334494e-06;4.160736426e-13;1.243972509e-13;4.897302008e-10;1.636602854e-12;1.703682195e-10;2.712877232e-12;9.701876455e-12;4.999167109e-14;2.937511123e-09;2.036148854e-11;6.747271075e-10;3.266599448e-12;2.595313694e-14;1;1;1;1;1;1;1;0;0;0;0;0;0;0;0;0;0;9.458716969e-09;0.04620375065;0.09861705907;79.15292008;20.70225911
1326.84;1747837262.448;4:21:02 PM;1;3;3.828119225e-05;6.706743534e-06;3.715370026e-13;8.117884484e-14;4.884544436e-10;1.638570356e-12;1.693343382e-10;2.683223652e-12;9.730395309e-12;1.148630616e-13;2.936453969e-09;2.020560802e-11;6.705180855e-10;3.245090394e-12;4.999999912e-15;1;1;1;1;1;1;1;0;0;0;0;0;0;0;0;0;0;4.142559205e-09;0.04617725552;0.09807771152;79.24899132;20.60675371
1328.707;1747837264.315;4:21:04 PM;1;3;3.828260742e-05;6.750582088e-06;4.294877713e-13;4.941121636e-14;4.898511596e-10;1.567650523e-12;1.695040913e-10;2.709210026e-12;9.757445719e-12;1.433391437e-13;2.927646348e-09;2.043473377e-11;6.707733813e-10;3.341679581e-12;4.999999912e-15;1;1;1;1;1;1;1;0;0;0;0;0;0;0;0;0;0;3.696089906e-09;0.04409901326;0.1012814532;79.1946275;20.65999203
1330.573;1747837266.181;4:21:06 PM;1;3;3.82999533e-05;6.750582088e-06;4.506798038e-13;3.50950314e-14;4.870812642e-10;1.580092827e-12;1.700030255e-10;2.644949147e-12;9.681183806e-12;1.096718406e-13;2.944381405e-09;2.066520739e-11;6.74383549e-10;3.315025338e-12;4.999999912e-15;1;1;1;1;1;1;1;0;0;0;0;0;0;0;0;0;0;2.930807347e-09;0.04421789358;0.09991925409;79.19828389;20.65757897
1332.439;1747837268.047;4:21:08 PM;1;3;3.819710037e-05;6.655526704e-06;5.134414486e-13;2.203592669e-13;4.901381523e-10;1.600197839e-12;1.69789377e-10;2.638096339e-12;9.649301323e-12;6.304938532e-14;2.944233746e-09;2.023341911e-11;6.745601855e-10;3.367488363e-12;6.451496238e-14;1;1;1;1;1;1;1;0;0;0;0;0;0;0;0;0;0;2.151366832e-08;0.04538529965;0.1016206803;79.19498244;20.65801158
1334.306;1747837269.914;4:21:09 PM;1;3;3.81569007e-05;6.758346899e-06;5.1955559e-13;1.808416156e-13;4.908765061e-10;1.617327583e-12;1.702757518e-10;2.577670065e-12;9.632785888e-12;2.682530474e-14;2.953977285e-09;2.058785434e-11;6.746537773e-10;3.372933009e-12;1.031663904e-13;1;1;1;1;1;1;1;0;0;0;0;0;0;0;0;0;0;1.795046345e-08;0.04567602034;0.1015849138;79.24339509;20.60934398
1336.172;1747837271.780;4:21:11 PM;1;3;3.837204713e-05;6.660628969e-06;4.912667495e-13;2.164085561e-13;4.895531758e-10;1.607764486e-12;1.698722829e-10;2.554495027e-12;9.684296767e-12;4.999999912e-15;2.94521163e-09;2.033189936e-11;6.716565637e-10;3.343003608e-12;9.725930456e-14;1;1;1;1;1;1;1;0;0;0;0;0;0;0;0;0;0;2.040237761e-08;0.04560905628;0.1009839578;79.26643435;20.58697263
1338.039;1747837273.647;4:21:13 PM;1;3;3.822360668e-05;6.660628969e-06;4.968641601e-13;2.009902119e-13;4.901779538e-10;1.749341449e-12;1.714179354e-10;2.670273074e-12;9.692776096e-12;4.999999912e-15;2.948894462e-09;2.03607374e-11;6.744961256e-10;3.351524353e-12;6.222300642e-14;1;1;1;1;1;1;1;0;0;0;0;0;0;0;0;0;0;1.785720278e-08;0.04973429045;0.1009884934;79.21013449;20.63914272
1339.905;1747837275.513;4:21:15 PM;1;3;3.838760676e-05;6.69389874e-06;4.423741917e-13;1.637286904e-13;4.892865557e-10;1.726548375e-12;1.70634798e-10;2.705043438e-12;9.702345698e-12;3.216189522e-14;2.940399924e-09;2.021378551e-11;6.722311041e-10;3.291566238e-12;1.227712762e-14;1;1;1;1;1;1;1;0;0;0;0;0;0;0;0;0;0;1.300656952e-08;0.04904326385;0.09935714611;79.22142347;20.63017612
1341.771;1747837277.379;4:21:17 PM;1;3;3.821614519e-05;6.665742603e-06;3.99473396e-13;9.200236737e-14;4.876584692e-10;1.704615507e-12;1.699173163e-10;2.703007523e-12;9.747860505e-12;9.294623312e-14;2.94248137e-09;2.027962e-11;6.718955392e-10;3.261533404e-12;1.523913577e-14;1;1;1;1;1;1;1;0;0;0;0;0;0;0;0;0;0;5.371580892e-09;0.04812918225;0.09840492167;79.24429544;20.60917046
1343.638;1747837279.246;4:21:19 PM;1;3;3.81439495e-05;6.729920187e-06;3.804623446e-13;8.704162743e-14;4.893588312e-10;1.577168192e-12;1.699404228e-10;2.673876311e-12;9.6869587e-12;8.031513551e-14;2.941149768e-09;2.040306292e-11;6.719405032e-10;3.287194085e-12;4.999999912e-15;1;1;1;1;1;1;1;0;0;0;0;0;0;0;0;0;0;5.520588541e-09;0.04427284228;0.09920788399;79.23984593;20.61667335
1345.504;1747837281.112;4:21:21 PM;1;3;3.818614277e-05;6.686208053e-06;4.761216378e-13;6.366717049e-14;4.888716099e-10;1.557178865e-12;1.697239016e-10;2.66529767e-12;9.754787256e-12;1.112783029e-13;2.95089686e-09;2.020959095e-11;6.726668667e-10;3.327958352e-12;1.998282351e-14;1;1;1;1;1;1;1;0;0;0;0;0;0;0;0;0;0;6.523195489e-09;0.04357611319;0.1002162598;79.2763146;20.57989303
1347.371;1747837282.979;4:21:22 PM;1;3;3.823573934e-05;6.673402368e-06;4.216989713e-13;1.049206769e-13;4.895416295e-10;1.579602768e-12;1.694450275e-10;2.565007668e-12;9.621483298e-12;8.065912575e-14;2.940409471e-09;2.041175215e-11;6.728250734e-10;3.366156963e-12;4.999999912e-15;1;1;1;1;1;1;1;0;0;0;0;0;0;0;0;0;0;8.391106407e-09;0.04443134302;0.1016373451;79.21620585;20.63772546
1349.237;1747837284.845;4:21:24 PM;1;3;3.826548709e-05;6.675967143e-06;4.859809387e-13;1.486488477e-13;4.905331141e-10;1.570180292e-12;1.694995949e-10;2.561646424e-12;9.558164156e-12;4.327912133e-14;2.949462008e-09;2.053220441e-11;6.749614756e-10;3.236904234e-12;8.53585052e-14;1;1;1;1;1;1;1;0;0;0;0;0;0;0;0;0;0;1.443004585e-08;0.0441957687;0.09749478481;79.22017954;20.63812991
1351.103;1747837286.711;4:21:26 PM;1;3;3.823780571e-05;6.647880127e-06;5.223886644e-13;2.232092142e-13;4.880645887e-10;1.619674663e-12;1.689479528e-10;2.559359842e-12;9.529990512e-12;4.999999912e-15;2.934822385e-09;2.008958798e-11;6.700736077e-10;3.393022625e-12;8.21520857e-14;1;1;1;1;1;1;1;0;0;0;0;0;0;0;0;0;0;2.186682194e-08;0.04616716528;0.1028379234;79.24834303;20.60265188
1352.97;1747837288.578;4:21:28 PM;1;3;3.822258077e-05;6.647880127e-06;4.931494666e-13;1.656622024e-13;4.858999314e-10;1.667748296e-12;1.682483597e-10;2.630094276e-12;9.567709472e-12;4.999999912e-15;2.934475996e-09;2.034378048e-11;6.680562215e-10;3.32468276e-12;1.460681619e-13;1;1;1;1;1;1;1;0;0;0;0;0;0;0;0;0;0;1.529012378e-08;0.04747091082;0.1009175807;79.29539146;20.55622005
1354.836;1747837290.444;4:21:30 PM;1;3;3.807427856e-05;6.607231626e-06;4.758787223e-13;1.953215692e-13;4.887499294e-10;1.680015935e-12;1.693947205e-10;2.674154518e-12;9.551980734e-12;1.392142186e-14;2.933160603e-09;2.042050036e-11;6.705322964e-10;3.240218857e-12;1.094304023e-13;1;1;1;1;1;1;1;0;0;0;0;0;0;0;0;0;0;1.734096675e-08;0.04788120049;0.09818704387;79.2292775;20.62465425
1356.703;1747837292.311;4:21:32 PM;1;3;3.805770029e-05;6.614831818e-06;3.678855181e-13;8.008016857e-14;4.856020031e-10;1.665066631e-12;1.686602802e-10;2.697493054e-12;9.620660171e-12;5.609739967e-14;2.925444775e-09;2.046535857e-11;6.712393419e-10;3.254461154e-12;8.681861382e-14;1;1;1;1;1;1;1;0;0;0;0;0;0;0;0;0;0;3.684154744e-09;0.0471040813;0.09878776077;79.17216967;20.68193849
1358.569;1747837294.177;4:21:34 PM;1;3;3.811439819e-05;6.652976481e-06;3.79922195e-13;2.741671161e-14;4.904037176e-10;1.627974882e-12;1.693967466e-10;2.674487368e-12;9.660031455e-12;6.135979854e-14;2.93595237e-09;2.062243605e-11;6.702755018e-10;3.32215787e-12;4.999999912e-15;1;1;1;1;1;1;1;0;0;0;0;0;0;0;0;0;0;3.879028672e-10;0.04572093408;0.100468799;79.25172208;20.60208818
1360.435;1747837296.043;4:21:36 PM;1;3;3.816662866e-05;6.658084658e-06;3.984424281e-13;9.110678927e-14;4.893140337e-10;1.537919206e-12;1.684459516e-10;2.626276583e-12;9.618219415e-12;9.970109048e-14;2.922441622e-09;2.019886168e-11;6.670654029e-10;3.230119731e-12;4.999999912e-15;1;1;1;1;1;1;1;0;0;0;0;0;0;0;0;0;0;6.807757107e-09;0.04339886278;0.09808056541;79.26037531;20.59814526
1362.302;1747837297.910;4:21:37 PM;1;3;3.816143362e-05;6.652976481e-06;4.595772547e-13;9.624725604e-14;4.861923641e-10;1.526540396e-12;1.687763401e-10;2.579990692e-12;9.587632771e-12;8.852512094e-14;2.927643017e-09;2.045181732e-11;6.686149967e-10;3.334727676e-12;4.999999912e-15;1;1;1;1;1;1;1;0;0;0;0;0;0;0;0;0;0;9.260627386e-09;0.04305060107;0.1011520292;79.24610634;20.60969103
1364.168;1747837299.776;4:21:39 PM;1;3;3.802125502e-05;6.696471246e-06;4.679216541e-13;1.230068293e-13;4.868320747e-10;1.532268019e-12;1.687527479e-10;2.584468013e-12;9.445259679e-12;7.770558285e-14;2.932928789e-09;2.026039579e-11;6.685533793e-10;3.31555291e-12;3.891177541e-14;1;1;1;1;1;1;1;0;0;0;0;0;0;0;0;0;0;1.18963262e-08;0.04324558304;0.1004752879;79.27733773;20.5789414
1366.035;1747837301.643;4:21:41 PM;1;3;3.801051207e-05;6.622447472e-06;4.622788697e-13;1.790773476e-13;4.855685298e-10;1.611301912e-12;1.685194068e-10;2.470540265e-12;9.4800192e-12;7.080436498e-14;2.942089683e-09;2.030059627e-11;6.717509327e-10;3.468924583e-12;7.900438929e-14;1;1;1;1;1;1;1;0;0;0;0;0;0;0;0;0;0;1.608486992e-08;0.04563162791;0.1049397059;79.24789994;20.60152872
1367.901;1747837303.509;4:21:43 PM;1;3;3.809795817e-05;6.668290098e-06;5.187376678e-13;1.734286271e-13;4.892656835e-10;1.655152035e-12;1.691712881e-10;2.427722736e-12;9.466668768e-12;4.999999912e-15;2.910649721e-09;2.001374934e-11;6.644237938e-10;3.308215681e-12;1.191228919e-13;1;1;1;1;1;1;1;0;0;0;0;0;0;0;0;0;0;1.689995763e-08;0.04747450704;0.1010829909;79.24779301;20.60364949
1369.767;1747837305.375;4:21:45 PM;1;3;3.803462823e-05;6.640242191e-06;4.822054756e-13;1.869010047e-13;4.849720625e-10;1.685737379e-12;1.685228346e-10;2.602965152e-12;9.564157626e-12;4.999999912e-15;2.912788011e-09;2.01788742e-11;6.691439625e-10;3.290218141e-12;4.610671382e-14;1;1;1;1;1;1;1;0;0;0;0;0;0;0;0;0;0;1.671693804e-08;0.04832508029;0.1002233423;79.14947318;20.7019784
1371.634;1747837307.242;4:21:47 PM;1;3;3.815309174e-05;6.681078503e-06;4.380905361e-13;1.511852302e-13;4.866748671e-10;1.685501998e-12;1.687259082e-10;2.654697642e-12;9.539337202e-12;1.424998425e-14;2.924738451e-09;2.041544885e-11;6.699599764e-10;3.248285755e-12;4.999999912e-15;1;1;1;1;1;1;1;0;0;0;0;0;0;0;0;0;0;1.211618227e-08;0.04800996228;0.09850567962;79.19801275;20.65547161
1373.5;1747837309.108;4:21:49 PM;1;3;3.808494148e-05;6.632605619e-06;3.520425325e-13;1.253490719e-13;4.851191671e-10;1.643795343e-12;1.686140255e-10;2.658073197e-12;9.605803999e-12;3.408945083e-14;2.923944864e-09;2.030651862e-11;6.671896924e-10;3.222899378e-12;4.999999912e-15;1;1;1;1;1;1;1;0;0;0;0;0;0;0;0;0;0;7.509461497e-09;0.04664663133;0.09782755437;79.25868403;20.59684178
1375.367;1747837310.975;4:21:50 PM;1;3;3.822749932e-05;6.655526704e-06;3.785308113e-13;5.997637012e-14;4.845901458e-10;1.59613696e-12;1.683642115e-10;2.644358257e-12;9.544962043e-12;1.149949954e-13;2.922677877e-09;1.999031843e-11;6.681600828e-10;3.237993424e-12;4.999999912e-15;1;1;1;1;1;1;1;0;0;0;0;0;0;0;0;0;0;2.824767334e-09;0.0450498936;0.09830611081;79.23103978;20.62560422
1377.233;1747837312.841;4:21:52 PM;1;3;3.82227845e-05;6.704166481e-06;4.304390503e-13;2.442035797e-14;4.866428371e-10;1.588219682e-12;1.683552048e-10;2.638212999e-12;9.524634553e-12;1.409610818e-13;2.926397347e-09;2.022918465e-11;6.693286481e-10;3.268507643e-12;4.999999912e-15;1;1;1;1;1;1;1;0;0;0;0;0;0;0;0;0;0;1.262594785e-09;0.04469647364;0.09911280341;79.22577017;20.63042056
1379.099;1747837314.707;4:21:54 PM;1;3;3.809298869e-05;6.622447472e-06;4.390552863e-13;9.538700938e-14;4.88185492e-10;1.590085594e-12;1.701046387e-10;2.611850623e-12;9.565317288e-12;6.454630938e-14;2.948197242e-09;2.031810831e-11;6.715453749e-10;3.408160906e-12;4.999999912e-15;1;1;1;1;1;1;1;0;0;0;0;0;0;0;0;0;0;7.960801897e-09;0.04466215837;0.1027608874;79.28202389;20.57055306
1380.966;1747837316.574;4:21:56 PM;1;3;3.825010572e-05;6.658084658e-06;4.682288086e-13;1.035965001e-13;4.878777937e-10;1.542989694e-12;1.69315395e-10;2.545909447e-12;9.391446822e-12;4.999999912e-15;2.935619303e-09;2.048635393e-11;6.744485526e-10;3.365227151e-12;4.029024022e-14;1;1;1;1;1;1;1;0;0;0;0;0;0;0;0;0;0;1.00417968e-08;0.04340642779;0.1017580584;79.15271905;20.70211647
1382.832;1747837318.440;4:21:58 PM;1;3;3.815648597e-05;6.794708042e-06;4.959352156e-13;1.803716546e-13;4.862197867e-10;1.624695278e-12;1.689324652e-10;2.514547381e-12;9.434667457e-12;4.999999912e-15;2.931881848e-09;2.022378272e-11;6.716596723e-10;3.344689543e-12;9.467164601e-14;1;1;1;1;1;1;1;0;0;0;0;0;0;0;0;0;0;1.711295516e-08;0.04619409245;0.101406222;79.19530316;20.65709652
1384.699;1747837320.307;4:22:00 PM;1;3;3.811338684e-05;6.647880127e-06;4.364895218e-13;1.88923638e-13;4.876487547e-10;1.672248277e-12;1.693458984e-10;2.569073643e-12;9.540838605e-12;4.999999912e-15;2.939393173e-09;2.016240126e-11;6.689250265e-10;3.334575021e-12;6.009285409e-14;1;1;1;1;1;1;1;0;0;0;0;0;0;0;0;0;0;1.562041306e-08;0.04753743326;0.1009049863;79.29758818;20.5539694
1386.565;1747837322.173;4:22:02 PM;1;3;3.826120883e-05;6.737660442e-06;3.863544684e-13;1.531057995e-13;4.851179458e-10;1.749295045e-12;1.688898604e-10;2.562674682e-12;9.413968736e-12;4.999999912e-15;2.913230546e-09;2.020207265e-11;6.677014497e-10;3.269270705e-12;4.310837305e-14;1;1;1;1;1;1;1;0;0;0;0;0;0;0;0;0;0;1.010700086e-08;0.05008457597;0.09959265436;79.1826525;20.66767027
1388.431;1747837324.039;4:22:04 PM;1;3;3.824813029e-05;6.619902706e-06;3.626987762e-13;8.461079195e-14;4.863902059e-10;1.621508158e-12;1.694601542e-10;2.612237683e-12;9.549079409e-12;4.999999912e-15;2.938380206e-09;2.029422463e-11;6.707885913e-10;3.259765288e-12;6.278450456e-15;1;1;1;1;1;1;1;0;0;0;0;0;0;0;0;0;0;4.341316093e-09;0.04564061512;0.09848367393;79.25080886;20.60506685
1390.298;1747837325.906;4:22:05 PM;1;3;3.811815986e-05;6.714464689e-06;3.382988334e-13;7.483468326e-14;4.860624125e-10;1.63184776e-12;1.685924317e-10;2.614942984e-12;9.507490281e-12;8.147356487e-14;2.92275959e-09;2.016498427e-11;6.698991917e-10;3.218136911e-12;4.999999912e-15;1;1;1;1;1;1;1;0;0;0;0;0;0;0;0;0;0;2.606321311e-09;0.04610756374;0.09762986274;79.19098716;20.66527541
1392.164;1747837327.772;4:22:07 PM;1;3;3.811017086e-05;6.729920187e-06;3.476154098e-13;4.436585783e-14;4.875891912e-10;1.563405547e-12;1.691136398e-10;2.647585059e-12;9.530647105e-12;7.260597017e-14;2.93482505e-09;2.030182793e-11;6.708480438e-10;3.194489812e-12;4.999999912e-15;1;1;1;1;1;1;1;0;0;0;0;0;0;0;0;0;0;7.594037631e-10;0.04380348882;0.09655500834;79.23603636;20.62360514
1394.031;1747837329.639;4:22:09 PM;1;3;3.802834544e-05;6.652976481e-06;3.61648889e-13;1.278545818e-13;4.86958418e-10;1.554511619e-12;1.686206591e-10;2.602744626e-12;9.425623476e-12;8.511409215e-14;2.92273894e-09;2.007521059e-11;6.693942067e-10;3.220363212e-12;4.999999912e-15;1;1;1;1;1;1;1;0;0;0;0;0;0;0;0;0;0;8.862400559e-09;0.04393997464;0.09771197336;79.20486661;20.65348144
1395.897;1747837331.505;4:22:11 PM;1;3;3.810753333e-05;6.665742603e-06;4.728032202e-13;1.302699674e-13;4.844975532e-10;1.531777418e-12;1.667903732e-10;2.507413114e-12;9.425229694e-12;3.536236177e-14;2.929966714e-09;2.004520508e-11;6.670800579e-10;3.323620242e-12;2.761633695e-14;1;1;1;1;1;1;1;0;0;0;0;0;0;0;0;0;0;1.27111838e-08;0.04331781128;0.1008507678;79.30343299;20.55239843
1397.763;1747837333.371;4:22:13 PM;1;3;3.809044938e-05;6.597104857e-06;4.894701723e-13;1.641174853e-13;4.85860574e-10;1.616692782e-12;1.686419615e-10;2.445042649e-12;9.395329133e-12;4.999999912e-15;2.917742492e-09;2.024870549e-11;6.676139641e-10;3.37812135e-12;1.661684706e-13;1;1;1;1;1;1;1;0;0;0;0;0;0;0;0;0;0;1.551109044e-08;0.0461284853;0.1030703085;79.21175445;20.63904675
1399.63;1747837335.238;4:22:15 PM;1;3;3.810788621e-05;6.609764114e-06;4.836337494e-13;1.816465815e-13;4.895052697e-10;1.602616585e-12;1.689644813e-10;2.589498928e-12;9.523231162e-12;4.999999912e-15;2.931979326e-09;2.04162711e-11;6.705517253e-10;3.374255953e-12;7.180845816e-14;1;1;1;1;1;1;1;0;0;0;0;0;0;0;0;0;0;1.705577755e-08;0.04552616401;0.102297144;79.2239793;20.6281974
1401.496;1747837337.104;4:22:17 PM;1;3;3.799461774e-05;6.637691058e-06;4.415244754e-13;2.175510613e-13;4.884169735e-10;1.660954685e-12;1.696701668e-10;2.522275791e-12;9.47046868e-12;4.999999912e-15;2.923469467e-09;2.021099781e-11;6.706148414e-10;3.328905511e-12;8.791977698e-14;1;1;1;1;1;1;1;0;0;0;0;0;0;0;0;0;0;1.848232456e-08;0.04745361946;0.1011459564;79.1707798;20.68062063
1403.363;1747837338.971;4:22:18 PM;1;3;3.79857338e-05;6.660628969e-06;4.1104617e-13;1.250369437e-13;4.876728465e-10;1.710991158e-12;1.694857032e-10;2.576080191e-12;9.524991039e-12;1.868353596e-14;2.931444865e-09;2.025710676e-11;6.688053444e-10;3.367850269e-12;4.632228032e-14;1;1;1;1;1;1;1;0;0;0;0;0;0;0;0;0;0;8.670902219e-09;0.0486072353;0.1021232126;79.25471572;20.59455383
1405.229;1747837340.837;4:22:20 PM;1;3;3.807710164e-05;6.589532859e-06;3.257165317e-13;4.4996091e-14;4.863775493e-10;1.689234473e-12;1.68446021e-10;2.696511851e-12;9.509546796e-12;5.43430928e-14;2.924069431e-09;2.029388116e-11;6.670092256e-10;3.173355675e-12;4.999999912e-15;1;1;1;1;1;1;1;0;0;0;0;0;0;0;0;0;0;1.026149648e-09;0.04777472426;0.09628792144;79.26588962;20.59004774
1407.095;1747837342.703;4:22:22 PM;1;3;3.809629561e-05;6.637691058e-06;3.659032441e-13;5.984196293e-14;4.839488255e-10;1.577304585e-12;1.673927386e-10;2.614227411e-12;9.46637907e-12;6.423069813e-14;2.902752039e-09;2.021005585e-11;6.682696063e-10;3.17637301e-12;4.999999912e-15;1;1;1;1;1;1;1;0;0;0;0;0;0;0;0;0;0;2.599287652e-09;0.0447059498;0.09691167836;79.12522564;20.73315673
1408.962;1747837344.570;4:22:24 PM;1;3;3.794860459e-05;6.566832781e-06;4.076948197e-13;8.473575303e-14;4.862831249e-10;1.625798779e-12;1.685608875e-10;2.529008253e-12;9.481040085e-12;1.154569604e-13;2.932463161e-09;2.045551228e-11;6.724630297e-10;3.355649742e-12;4.999999912e-15;1;1;1;1;1;1;1;0;0;0;0;0;0;0;0;0;0;5.696403583e-09;0.0458630269;0.10155488;79.18211258;20.67046951
1410.828;1747837346.436;4:22:26 PM;1;3;3.808514884e-05;6.632605619e-06;4.595857115e-13;8.95292209e-14;4.883367044e-10;1.526751924e-12;1.694644564e-10;2.555773735e-12;9.370958003e-12;3.968787782e-14;2.91347857e-09;2.029490812e-11;6.651018625e-10;3.314592741e-12;9.44157743e-14;1;1;1;1;1;1;1;0;0;0;0;0;0;0;0;0;0;8.648277138e-09;0.04323840436;0.1011492749;79.24839797;20.60721435
1412.695;1747837348.303;4:22:28 PM;1;3;3.795502198e-05;6.566832781e-06;4.513164744e-13;1.613844827e-13;4.874641246e-10;1.552791966e-12;1.685083739e-10;2.520080498e-12;9.415665296e-12;4.077760265e-14;2.927150078e-09;2.030034127e-11;6.690212273e-10;3.374727147e-12;6.046324465e-14;1;1;1;1;1;1;1;0;0;0;0;0;0;0;0;0;0;1.468336021e-08;0.04401610062;0.1024819872;79.23476082;20.61874109
1414.561;1747837350.169;4:22:30 PM;1;3;3.794351869e-05;6.630071766e-06;4.52103551e-13;1.651385056e-13;4.839993961e-10;1.637774009e-12;1.679938549e-10;2.540975243e-12;9.457878057e-12;1.427168794e-13;2.954164691e-09;2.030587851e-11;6.728946289e-10;3.328584153e-12;7.184778759e-14;1;1;1;1;1;1;1;0;0;0;0;0;0;0;0;0;0;1.42589623e-08;0.04622551085;0.1002610562;79.29147008;20.56204336
1416.427;1747837352.035;4:22:32 PM;1;3;3.79320154e-05;6.660628969e-06;4.42903445e-13;9.380694734e-14;4.844949997e-10;1.617355013e-12;1.672307709e-10;2.589979446e-12;9.478045085e-12;2.324849636e-14;2.913608022e-09;2.008746988e-11;6.665187291e-10;3.312346491e-12;1.046075593e-13;1;1;1;1;1;1;1;0;0;0;0;0;0;0;0;0;0;7.68206597e-09;0.04598211171;0.1010807811;79.22262485;20.63031226
1418.294;1747837353.902;4:22:33 PM;1;3;3.802214997e-05;6.647880127e-06;3.846026687e-13;1.2526445e-13;4.832461098e-10;1.690832045e-12;1.694179796e-10;2.624559858e-12;9.483013333e-12;4.999999912e-15;2.929406717e-09;2.032623549e-11;6.666224239e-10;3.268729905e-12;6.045276855e-14;1;1;1;1;1;1;1;0;0;0;0;0;0;0;0;0;0;8.065816702e-09;0.04804114397;0.09921831246;79.29336228;20.55937826
1420.16;1747837355.768;4:22:35 PM;1;3;3.799183105e-05;6.670853509e-06;4.169069061e-13;1.073649701e-13;4.852429014e-10;1.666747686e-12;1.683149453e-10;2.689285643e-12;9.614379605e-12;3.059377635e-14;2.927227127e-09;2.028734992e-11;6.681911136e-10;3.181948195e-12;4.999999912e-15;1;1;1;1;1;1;1;0;0;0;0;0;0;0;0;0;0;7.656001227e-09;0.04729943088;0.09644660721;79.2556451;20.60060886
1422.027;1747837357.635;4:22:37 PM;1;3;3.79467856e-05;6.706743534e-06;3.762811731e-13;4.662743241e-14;4.837373835e-10;1.605102336e-12;1.679928419e-10;2.623414506e-12;9.527266129e-12;1.13549842e-13;2.909889885e-09;2.011353237e-11;6.660759722e-10;3.211646227e-12;4.999999912e-15;1;1;1;1;1;1;1;0;0;0;0;0;0;0;0;0;0;1.458898814e-09;0.04546674623;0.09788507792;79.21072221;20.64592597
1423.893;1747837359.501;4:22:39 PM;1;3;3.801927596e-05;6.632605619e-06;4.150570946e-13;1.163197007e-13;4.841821388e-10;1.502653579e-12;1.673026717e-10;2.597816927e-12;9.560516441e-12;1.273552661e-13;2.911933805e-09;2.011223306e-11;6.631313276e-10;3.236873443e-12;4.999999912e-15;1;1;1;1;1;1;1;0;0;0;0;0;0;0;0;0;0;9.938169833e-09;0.04259568874;0.09870791882;79.29620056;20.56249583
1425.759;1747837361.367;4:22:41 PM;1;3;3.799823025e-05;6.637691058e-06;4.579678108e-13;1.026944643e-13;4.860157832e-10;1.47945046e-12;1.679684863e-10;2.54118818e-12;9.551830681e-12;7.927720167e-14;2.923474574e-09;2.019724839e-11;6.706428746e-10;3.337180142e-12;4.999999912e-15;1;1;1;1;1;1;1;0;0;0;0;0;0;0;0;0;0;1.023482088e-08;0.0416661221;0.1012871276;79.18159967;20.67544708
1427.626;1747837363.234;4:22:43 PM;1;3;3.806977111e-05;6.627525181e-06;4.91170635e-13;1.374584447e-13;4.849723401e-10;1.468729977e-12;1.672117167e-10;2.528675836e-12;9.420419306e-12;4.46774948e-14;2.910753194e-09;1.996569056e-11;6.646525552e-10;3.316025622e-12;4.70271913e-14;1;1;1;1;1;1;1;0;0;0;0;0;0;0;0;0;0;1.451534421e-08;0.04168641113;0.1012304762;79.25422833;20.60285478
1429.492;1747837365.100;4:22:45 PM;1;3;3.81938371e-05;6.604707778e-06;5.532503167e-13;1.764673206e-13;4.842061196e-10;1.593402927e-12;1.680575262e-10;2.527946819e-12;9.404181427e-12;4.999999912e-15;2.927005527e-09;2.016421231e-11;6.679864994e-10;3.379773674e-12;6.8142547e-14;1;1;1;1;1;1;1;0;0;0;0;0;0;0;0;0;0;1.881130942e-08;0.04540522744;0.1027023853;79.25617429;20.5957181
1431.359;1747837366.967;4:22:46 PM;1;3;3.802805441e-05;6.622447472e-06;4.780895731e-13;1.834501789e-13;4.854588953e-10;1.625364014e-12;1.677884914e-10;2.57791683e-12;9.467735623e-12;4.999999912e-15;2.921854092e-09;2.008171233e-11;6.643536832e-10;3.375653056e-12;9.060947928e-14;1;1;1;1;1;1;1;0;0;0;0;0;0;0;0;0;0;1.683782154e-08;0.0464320115;0.1028574676;79.31402279;20.53668773
1433.225;1747837368.833;4:22:48 PM;1;3;3.805443339e-05;6.67851873e-06;4.055547673e-13;1.513977745e-13;4.851058999e-10;1.699075884e-12;1.685018375e-10;2.587581625e-12;9.53124038e-12;4.999999912e-15;2.913609354e-09;2.00944747e-11;6.664702124e-10;3.294938541e-12;4.396909404e-14;1;1;1;1;1;1;1;0;0;0;0;0;0;0;0;0;0;1.100888657e-08;0.04858614141;0.1004224801;79.2159323;20.63505908
1435.091;1747837370.699;4:22:50 PM;1;3;3.798783655e-05;6.622447472e-06;4.071323357e-13;1.249582713e-13;4.850490565e-10;1.657968684e-12;1.679105882e-10;2.670275676e-12;9.561756768e-12;6.047964321e-15;2.915226505e-09;1.996725875e-11;6.660394458e-10;3.243289751e-12;1.425197308e-14;1;1;1;1;1;1;1;0;0;0;0;0;0;0;0;0;0;9.036195886e-09;0.04725348497;0.09874076616;79.24030683;20.61369892
1436.958;1747837372.566;4:22:52 PM;1;3;3.80088095e-05;6.612297511e-06;3.94803927e-13;8.243036651e-14;4.846384405e-10;1.612577368e-12;1.682518014e-10;2.63780729e-12;9.518783331e-12;8.801784307e-14;2.917315278e-09;2.014385186e-11;6.712894685e-10;3.190852964e-12;4.999999912e-15;1;1;1;1;1;1;1;0;0;0;0;0;0;0;0;0;0;5.213344308e-09;0.04564958401;0.09689282061;79.13049255;20.72696504
1438.824;1747837374.432;4:22:54 PM;1;3;3.819771882e-05;6.675967143e-06;3.673658057e-13;8.501253629e-14;4.877602211e-10;1.568512247e-12;1.691079915e-10;2.651640192e-12;9.616723216e-12;8.071936674e-14;2.934948062e-09;2.032885839e-11;6.701557087e-10;3.205068589e-12;4.999999912e-15;1;1;1;1;1;1;1;0;0;0;0;0;0;0;0;0;0;5.013888321e-09;0.0440956001;0.09689715751;79.25236536;20.60664189
1440.691;1747837376.299;4:22:56 PM;1;3;3.821570135e-05;6.691326234e-06;3.509045539e-13;6.888180347e-14;4.865106096e-10;1.533615682e-12;1.692081752e-10;2.60619022e-12;9.607484079e-12;3.165312657e-14;2.924594122e-09;2.023240603e-11;6.686987075e-10;3.268181732e-12;4.999999912e-15;1;1;1;1;1;1;1;0;0;0;0;0;0;0;0;0;0;3.365819655e-09;0.04311931257;0.09916454926;79.22705138;20.63066476
1442.557;1747837378.165;4:22:58 PM;1;3;3.819926133e-05;6.652976481e-06;3.957323293e-13;1.017142642e-13;4.853361601e-10;1.518709529e-12;1.682086692e-10;2.518089253e-12;9.493399122e-12;2.158978054e-14;2.912675878e-09;2.00740622e-11;6.645961559e-10;3.342683552e-12;4.999999912e-15;1;1;1;1;1;1;1;0;0;0;0;0;0;0;0;0;0;7.867138388e-09;0.04299214632;0.1019281229;79.25942965;20.59565008
1444.423;1747837380.031;4:23:00 PM;1;3;3.802281208e-05;6.609764114e-06;5.218928588e-13;1.711237624e-13;4.857850788e-10;1.571420403e-12;1.684973411e-10;2.544224597e-12;9.412083959e-12;4.999999912e-15;2.920022668e-09;2.014975513e-11;6.660392793e-10;3.333267039e-12;8.646715613e-14;1;1;1;1;1;1;1;0;0;0;0;0;0;0;0;0;0;1.756568003e-08;0.04479989281;0.1015287245;79.26373805;20.58993334
1446.29;1747837381.898;4:23:01 PM;1;3;3.80076126e-05;6.686208053e-06;4.892346836e-13;1.709151619e-13;4.852894198e-10;1.581988555e-12;1.684935663e-10;2.476989967e-12;9.496893723e-12;4.999999912e-15;2.921750841e-09;2.010142747e-11;6.640719086e-10;3.353648088e-12;9.387714266e-14;1;1;1;1;1;1;1;0;0;0;0;0;0;0;0;0;0;1.644427532e-08;0.04509517248;0.1021882727;79.31766433;20.53505223
1448.156;1747837383.764;4:23:03 PM;1;3;3.79720077e-05;6.640242191e-06;4.986767293e-13;1.73200633e-13;4.852037105e-10;1.596571941e-12;1.678402001e-10;2.677190934e-12;9.589109888e-12;4.999999912e-15;2.92096014e-09;2.022472467e-11;6.69221234e-10;3.340397837e-12;8.64731328e-14;1;1;1;1;1;1;1;0;0;0;0;0;0;0;0;0;0;1.680681575e-08;0.04549624098;0.1016366627;79.19742656;20.65544053
1450.023;1747837385.631;4:23:05 PM;1;3;3.816109893e-05;6.691326234e-06;4.180434753e-13;1.539580637e-13;4.849599611e-10;1.654917089e-12;1.681899481e-10;2.688215752e-12;9.59080905e-12;4.999999912e-15;2.926507925e-09;2.005579557e-11;6.672912223e-10;3.309936309e-12;4.333140021e-14;1;1;1;1;1;1;1;0;0;0;0;0;0;0;0;0;0;1.203604271e-08;0.04709222937;0.1005242425;79.26992119;20.58246234
1451.889;1747837387.497;4:23:07 PM;1;3;3.811894567e-05;6.704166481e-06;4.01265528e-13;1.099834809e-13;4.835004619e-10;1.627784713e-12;1.667459781e-10;2.618916802e-12;9.59963619e-12;5.211337004e-14;2.900916174e-09;2.00346198e-11;6.655321849e-10;3.170492514e-12;4.999999912e-15;1;1;1;1;1;1;1;0;0;0;0;0;0;0;0;0;0;7.775172983e-09;0.04648023385;0.09685788584;79.18058947;20.67607241
1453.755;1747837389.363;4:23:09 PM;1;3;3.814488446e-05;6.660628969e-06;3.597457076e-13;4.407464113e-14;4.844575852e-10;1.56371964e-12;1.687277401e-10;2.663048601e-12;9.613860923e-12;1.19623197e-13;2.927166731e-09;1.994469e-11;6.675262565e-10;3.273179904e-12;4.999999912e-15;1;1;1;1;1;1;1;0;0;0;0;0;0;0;0;0;0;1.103014749e-09;0.04396052882;0.09929712069;79.2681957;20.58854665
1455.622;1747837391.230;4:23:11 PM;1;3;3.813643343e-05;6.709306035e-06;4.118073341e-13;7.52558416e-14;4.848745849e-10;1.550603179e-12;1.681619288e-10;2.609015868e-12;9.611233684e-12;1.052920704e-13;2.918661313e-09;2.010640439e-11;6.693583465e-10;3.259968033e-12;4.999999912e-15;1;1;1;1;1;1;1;0;0;0;0;0;0;0;0;0;0;5.660043969e-09;0.04377493547;0.09905944914;79.18306967;20.67409595
1457.488;1747837393.096;4:23:13 PM;1;3;3.7922091e-05;6.594577826e-06;4.398562948e-13;8.366296886e-14;4.856398617e-10;1.518500169e-12;1.678591294e-10;2.634543625e-12;9.577603467e-12;8.741848255e-14;2.911839214e-09;2.006174393e-11;6.655755391e-10;3.36623741e-12;3.05917909e-14;1;1;1;1;1;1;1;0;0;0;0;0;0;0;0;0;0;7.585079005e-09;0.04297437566;0.1026996902;79.2336185;20.62070744
1459.355;1747837394.963;4:23:14 PM;1;3;3.796641977e-05;6.635147656e-06;4.523151059e-13;1.349753507e-13;4.846057999e-10;1.545471325e-12;1.679610478e-10;2.533377154e-12;9.567364262e-12;4.240545767e-14;2.911352492e-09;2.025722472e-11;6.671204145e-10;3.395224206e-12;3.900439677e-14;1;1;1;1;1;1;1;0;0;0;0;0;0;0;0;0;0;1.238161438e-08;0.04393644811;0.1035856641;79.19209456;20.66038333
1461.221;1747837396.829;4:23:16 PM;1;3;3.792894495e-05;6.592051705e-06;5.122726245e-13;2.944920512e-13;4.874348147e-10;1.62158969e-12;1.689863388e-10;2.556631773e-12;9.435901713e-12;4.999999912e-15;2.900180762e-09;2.005704804e-11;6.629402582e-10;3.430075885e-12;1.691379784e-13;1;1;1;1;1;1;1;0;0;0;0;0;0;0;0;0;0;2.801730439e-08;0.04693857906;0.1053116594;79.22138883;20.62636093
1463.087;1747837398.695;4:23:18 PM;1;3;3.797027603e-05;6.566832781e-06;5.298494933e-13;1.679730709e-13;4.842115042e-10;1.641492389e-12;1.678624323e-10;2.554387691e-12;9.40549201e-12;4.999999912e-15;2.913096875e-09;2.004542365e-11;6.652621232e-10;3.307069896e-12;9.299003489e-14;1;1;1;1;1;1;1;0;0;0;0;0;0;0;0;0;0;1.687270443e-08;0.04702666402;0.1009433881;79.24467815;20.6073518
1464.954;1747837400.562;4:23:20 PM;1;3;3.793966971e-05;6.604707778e-06;4.533769736e-13;1.816490751e-13;4.828793476e-10;1.676498892e-12;1.678730627e-10;2.585897208e-12;9.495086141e-12;6.96345193e-15;2.9140792e-09;2.01663599e-11;6.641028283e-10;3.304930548e-12;9.838635982e-14;1;1;1;1;1;1;1;0;0;0;0;0;0;0;0;0;0;1.543895786e-08;0.04806343452;0.1008988114;79.27498915;20.5760486
1466.82;1747837402.428;4:23:22 PM;1;3;3.80138008e-05;6.635147656e-06;4.251587418e-13;1.90970178e-13;4.860543079e-10;1.63254165e-12;1.683364004e-10;2.624585228e-12;9.643391988e-12;9.311153668e-15;2.908908892e-09;2.019549632e-11;6.63795019e-10;3.184823716e-12;1.875771064e-14;1;1;1;1;1;1;1;0;0;0;0;0;0;0;0;0;0;1.582705513e-08;0.04678858724;0.09715059379;79.2582022;20.59785861
1468.687;1747837404.295;4:23:24 PM;1;3;3.802948049e-05;6.642779681e-06;3.739375075e-13;7.8398056e-14;4.834702638e-10;1.615920722e-12;1.683303219e-10;2.676395997e-12;9.621568299e-12;4.441913281e-14;2.910626407e-09;2.006363825e-11;6.662602137e-10;3.183443743e-12;4.999999912e-15;1;1;1;1;1;1;1;0;0;0;0;0;0;0;0;0;0;4.1741169e-09;0.04587076315;0.09698119696;79.20881842;20.64832962
1470.553;1747837406.161;4:23:26 PM;1;3;3.808048859e-05;6.581962225e-06;3.636157402e-13;7.807646131e-14;4.850551072e-10;1.608386709e-12;1.675268119e-10;2.611103608e-12;9.5902895e-12;1.246202712e-13;2.914927855e-09;1.996581199e-11;6.629245486e-10;3.255145936e-12;4.999999912e-15;1;1;1;1;1;1;1;0;0;0;0;0;0;0;0;0;0;3.897517311e-09;0.04562191407;0.0991960302;79.3141377;20.54104436
1472.419;1747837408.027;4:23:28 PM;1;3;3.792426651e-05;6.740236131e-06;4.39232987e-13;1.057321209e-13;4.82834106e-10;1.521154405e-12;1.6734647e-10;2.591351396e-12;9.530453683e-12;8.342201848e-14;2.898471241e-09;1.99558009e-11;6.617247861e-10;3.298313662e-12;4.999999912e-15;1;1;1;1;1;1;1;0;0;0;0;0;0;0;0;0;0;9.547247638e-09;0.04332620709;0.1010293097;79.25138937;20.60425511
1474.286;1747837409.894;4:23:29 PM;1;3;3.805412052e-05;6.602170288e-06;4.912458786e-13;1.177762857e-13;4.814693644e-10;1.601080813e-12;1.677662315e-10;2.557508458e-12;9.666396156e-12;7.126833574e-14;2.931848764e-09;2.006306406e-11;6.675044406e-10;3.338080029e-12;1.787457884e-14;1;1;1;1;1;1;1;0;0;0;0;0;0;0;0;0;0;1.149854863e-08;0.04537163486;0.1012234452;79.29399507;20.55940985
1476.152;1747837411.760;4:23:31 PM;1;3;3.789933544e-05;6.569356174e-06;4.573564834e-13;1.639517108e-13;4.821864574e-10;1.53511611e-12;1.669531874e-10;2.588363334e-12;9.433208555e-12;1.404538344e-14;2.90263058e-09;2.010558386e-11;6.651784679e-10;3.343649793e-12;1.257274178e-13;1;1;1;1;1;1;1;0;0;0;0;0;0;0;0;0;0;1.526671915e-08;0.04384173719;0.1024433369;79.1936398;20.66007513
1478.019;1747837413.627;4:23:33 PM;1;3;3.803095024e-05;6.652976481e-06;5.248558749e-13;1.624059909e-13;4.819155075e-10;1.586526049e-12;1.672386951e-10;2.617037229e-12;9.565966075e-12;4.999999912e-15;2.91918334e-09;2.00867812e-11;6.639271355e-10;3.383203656e-12;1.079528922e-13;1;1;1;1;1;1;1;0;0;0;0;0;0;0;0;0;0;1.672398586e-08;0.04528536484;0.1032283318;79.30982819;20.54165811
1479.885;1747837415.493;4:23:35 PM;1;3;3.79533667e-05;6.632605619e-06;4.265670933e-13;1.867113912e-13;4.847471868e-10;1.639680796e-12;1.684413581e-10;2.603858969e-12;9.510611049e-12;2.484549228e-14;2.905609531e-09;1.999764243e-11;6.666031616e-10;3.344963846e-12;9.609690431e-14;1;1;1;1;1;1;1;0;0;0;0;0;0;0;0;0;0;1.541690187e-08;0.04699770849;0.1022843638;79.16873954;20.68197839
1481.751;1747837417.359;4:23:37 PM;1;3;3.810201088e-05;6.581962225e-06;4.00595491e-13;1.363149502e-13;4.848781376e-10;1.658592426e-12;1.68237313e-10;2.673874143e-12;9.629469097e-12;1.039539311e-14;2.929090304e-09;2.025702175e-11;6.675499042e-10;3.235573918e-12;4.769574763e-14;1;1;1;1;1;1;1;0;0;0;0;0;0;0;0;0;0;9.86167381e-09;0.04710353176;0.09815311438;79.2795185;20.57522485
1483.618;1747837419.226;4:23:39 PM;1;3;3.809679401e-05;6.706743534e-06;3.75965074e-13;9.264803687e-14;4.853873414e-10;1.649123329e-12;1.683006234e-10;2.684971169e-12;9.645159671e-12;9.011912852e-14;2.939953392e-09;2.031443416e-11;6.678296249e-10;3.321096653e-12;4.999999912e-15;1;1;1;1;1;1;1;0;0;0;0;0;0;0;0;0;0;5.223147212e-09;0.0465332231;0.1004299562;79.33067614;20.52236068
1485.484;1747837421.092;4:23:41 PM;1;3;3.814561933e-05;6.632605619e-06;3.310078177e-13;9.977028969e-14;4.84787932e-10;1.578355502e-12;1.684920675e-10;2.7325117e-12;9.754994555e-12;7.617779969e-14;2.936587196e-09;2.028028093e-11;6.696147525e-10;3.248826772e-12;4.999999912e-15;1;1;1;1;1;1;1;0;0;0;0;0;0;0;0;0;0;5.145839174e-09;0.04439418985;0.09823817682;79.27311025;20.58425739
1487.351;1747837422.959;4:23:42 PM;1;3;3.803128857e-05;6.665742603e-06;4.410644755e-13;7.004021251e-14;4.858823899e-10;1.560075203e-12;1.685559886e-10;2.55630044e-12;9.591040635e-12;1.075795269e-13;2.910874652e-09;2.01986379e-11;6.648609441e-10;3.286138722e-12;3.289915947e-14;1;1;1;1;1;1;1;0;0;0;0;0;0;0;0;0;0;5.997572048e-09;0.04422083107;0.1002503493;79.24238718;20.61314164
1489.217;1747837424.825;4:23:44 PM;1;3;3.801912317e-05;6.655526704e-06;4.735693717e-13;7.15212259e-14;4.868963566e-10;1.562328717e-12;1.691358026e-10;2.590796718e-12;9.487009268e-12;8.414186096e-14;2.934416488e-09;2.038261573e-11;6.711267098e-10;3.336950941e-12;4.999999912e-15;1;1;1;1;1;1;1;0;0;0;0;0;0;0;0;0;0;7.110755959e-09;0.04396459674;0.1009600187;79.22303033;20.63204505
1491.083;1747837426.691;4:23:46 PM;1;3;3.802788706e-05;6.686208053e-06;4.865180524e-13;8.252244916e-14;4.868894177e-10;1.545822606e-12;1.686593504e-10;2.541143945e-12;9.658320151e-12;4.144666381e-14;2.93153124e-09;2.018615657e-11;6.690602516e-10;3.341683917e-12;7.664025935e-14;1;1;1;1;1;1;1;0;0;0;0;0;0;0;0;0;0;8.662300206e-09;0.0435696784;0.1013702184;79.25761072;20.59744938
1492.95;1747837428.558;4:23:48 PM;1;3;3.807119356e-05;6.683646461e-06;5.358676285e-13;2.093082381e-13;4.85867846e-10;1.602647377e-12;1.683292117e-10;2.564137054e-12;9.506093829e-12;4.999999912e-15;2.929253728e-09;2.006026942e-11;6.680724862e-10;3.395302702e-12;6.488981173e-14;1;1;1;1;1;1;1;0;0;0;0;0;0;0;0;0;0;2.117599891e-08;0.04572727624;0.1031044787;79.26585489;20.58531335
1494.816;1747837430.424;4:23:50 PM;1;3;3.817165634e-05;6.635147656e-06;4.728439862e-13;2.307342143e-13;4.889677552e-10;1.669872465e-12;1.693477164e-10;2.611338012e-12;9.59523086e-12;4.999999912e-15;2.94509217e-09;2.02467678e-11;6.700437427e-10;3.368878744e-12;9.844262314e-14;1;1;1;1;1;1;1;0;0;0;0;0;0;0;0;0;0;2.056080133e-08;0.0475256062;0.1018375661;79.30301043;20.5476264
1496.683;1747837432.291;4:23:52 PM;1;3;3.809963164e-05;6.68877783e-06;4.418599818e-13;1.669779359e-13;4.851257174e-10;1.704886991e-12;1.685094841e-10;2.582170155e-12;9.614350982e-12;4.999999912e-15;2.91434854e-09;2.021573881e-11;6.694211852e-10;3.332972136e-12;6.434422087e-14;1;1;1;1;1;1;1;0;0;0;0;0;0;0;0;0;0;1.348742396e-08;0.04878797696;0.1015322827;79.15040888;20.69927086
1498.549;1747837434.157;4:23:54 PM;1;3;3.817881225e-05;6.655526704e-06;3.946605412e-13;1.071698204e-13;4.87341556e-10;1.642872362e-12;1.689775819e-10;2.669775208e-12;9.728937274e-12;3.010791486e-14;2.935250487e-09;2.015883814e-11;6.707699951e-10;3.293271905e-12;4.999999912e-15;1;1;1;1;1;1;1;0;0;0;0;0;0;0;0;0;0;7.176096376e-09;0.04641449228;0.09959623625;79.23617045;20.61781882
1500.415;1747837436.023;4:23:56 PM;1;3;3.808302063e-05;6.729920187e-06;3.757948542e-13;7.004818817e-14;4.847536261e-10;1.594312898e-12;1.683646278e-10;2.755673727e-12;9.613649286e-12;1.879190705e-13;2.954535949e-09;2.031819157e-11;6.727212676e-10;3.263123712e-12;4.999999912e-15;1;1;1;1;1;1;1;0;0;0;0;0;0;0;0;0;0;3.673081609e-09;0.04458479719;0.09812828297;79.29914159;20.55814533
1502.282;1747837437.890;4:23:57 PM;1;3;3.796345482e-05;6.668290098e-06;3.365161611e-13;4.339411453e-14;4.864408321e-10;1.590223938e-12;1.688027773e-10;2.606776123e-12;9.661915365e-12;1.15597351e-13;2.915099717e-09;2.01782601e-11;6.678890774e-10;3.279886996e-12;4.999999912e-15;1;1;1;1;1;1;1;0;0;0;0;0;0;0;0;0;0;8.052818413e-11;0.04487302441;0.09980234642;79.19415172;20.66117291
1504.148;1747837439.756;4:23:59 PM;1;3;3.796069723e-05;6.735072475e-06;4.086014025e-13;8.591706583e-14;4.84546181e-10;1.549089849e-12;1.684419965e-10;2.59137308e-12;9.542018217e-12;8.425634593e-14;2.921289211e-09;2.022631368e-11;6.654350959e-10;3.390857473e-12;4.999999912e-15;1;1;1;1;1;1;1;0;0;0;0;0;0;0;0;0;0;6.544593621e-09;0.04377349357;0.1031675102;79.28337957;20.56967942
1506.015;1747837441.623;4:24:01 PM;1;3;3.792776624e-05;6.642779681e-06;4.6169893e-13;1.473420995e-13;4.861182568e-10;1.531469504e-12;1.682094602e-10;2.567285143e-12;9.556878726e-12;4.354944343e-14;2.919196662e-09;2.008471688e-11;6.661609042e-10;3.368769022e-12;6.67038446e-14;1;1;1;1;1;1;1;0;0;0;0;0;0;0;0;0;0;1.392438723e-08;0.04347277575;0.1026177403;79.25843864;20.59547084
1507.881;1747837443.489;4:24:03 PM;1;3;3.795198791e-05;6.681078503e-06;4.994956272e-13;1.756683042e-13;4.840020607e-10;1.612616182e-12;1.677460254e-10;2.538561809e-12;9.478121413e-12;2.076788923e-14;2.915477193e-09;2.010987904e-11;6.661420859e-10;3.373375797e-12;9.541640481e-14;1;1;1;1;1;1;1;0;0;0;0;0;0;0;0;0;0;1.690718271e-08;0.04610047603;0.1029219251;79.23684089;20.61413671
1509.747;1747837445.355;4:24:05 PM;1;3;3.7844693e-05;6.665742603e-06;4.536716597e-13;1.821468865e-13;4.837280021e-10;1.637549796e-12;1.675445893e-10;2.574753995e-12;9.55070311e-12;4.999999912e-15;2.916099806e-09;2.015705831e-11;6.647752349e-10;3.420551169e-12;1.164909369e-13;1;1;1;1;1;1;1;0;0;0;0;0;0;0;0;0;0;1.585526311e-08;0.04684417336;0.1044512506;79.27104955;20.57765503
1511.614;1747837447.222;4:24:07 PM;1;3;3.805068627e-05;6.642779681e-06;5.028738385e-13;1.938256549e-13;4.883233262e-10;1.636126022e-12;1.685973444e-10;2.626552838e-12;9.560705526e-12;4.999999912e-15;2.9113425e-09;2.020085141e-11;6.650442419e-10;3.272773979e-12;7.630921177e-14;1;1;1;1;1;1;1;0;0;0;0;0;0;0;0;0;0;1.844299503e-08;0.04692484372;0.09987771591;79.24078645;20.61241099
1513.48;1747837449.088;4:24:09 PM;1;3;3.804741573e-05;6.675967143e-06;4.051570006e-13;1.28996572e-13;4.836293033e-10;1.643297152e-12;1.678780309e-10;2.64273629e-12;9.582107677e-12;3.205785585e-14;2.92624569e-09;2.006559155e-11;6.659444107e-10;3.293708405e-12;2.556235321e-14;1;1;1;1;1;1;1;0;0;0;0;0;0;0;0;0;0;9.47887964e-09;0.0466844981;0.1000454407;79.30091184;20.55235822
1515.347;1747837450.955;4:24:10 PM;1;3;3.803201253e-05;6.607231626e-06;3.736685982e-13;1.021000707e-13;4.853271673e-10;1.590000375e-12;1.681177419e-10;2.696366568e-12;9.580287084e-12;1.082889271e-13;2.919935627e-09;2.024467399e-11;6.682223108e-10;3.263737804e-12;4.999999912e-15;1;1;1;1;1;1;1;0;0;0;0;0;0;0;0;0;0;6.561177651e-09;0.04500723589;0.09917310684;79.21594712;20.63987254
1517.213;1747837452.821;4:24:12 PM;1;3;3.805377855e-05;6.650420346e-06;3.95036922e-13;8.894975888e-15;4.86288676e-10;1.55210057e-12;1.683600481e-10;2.597569946e-12;9.555571612e-12;8.668570419e-14;2.912916131e-09;1.996911837e-11;6.647190021e-10;3.280039868e-12;4.999999912e-15;1;1;1;1;1;1;1;0;0;0;0;0;0;0;0;0;0;9.01509997e-10;0.04374217469;0.09996245845;79.25888394;20.59741142
1519.079;1747837454.687;4:24:14 PM;1;3;3.790876872e-05;6.729920187e-06;4.429223373e-13;1.317275688e-13;4.845279733e-10;1.479717824e-12;1.683468087e-10;2.513311174e-12;9.554836089e-12;3.897849789e-14;2.907066809e-09;2.003010431e-11;6.65300981e-10;3.368985212e-12;8.309042541e-15;1;1;1;1;1;1;1;0;0;0;0;0;0;0;0;0;0;1.2408696e-08;0.04198917095;0.1028879012;79.2108651;20.64425783
1520.946;1747837456.554;4:24:16 PM;1;3;3.791251947e-05;6.675967143e-06;4.9871202e-13;1.712447052e-13;4.861705483e-10;1.562094746e-12;1.68963038e-10;2.538777782e-12;9.427386823e-12;3.129869411e-14;2.92084712e-09;1.999189703e-11;6.662131957e-10;3.32840591e-12;7.787834369e-14;1;1;1;1;1;1;1;0;0;0;0;0;0;0;0;0;0;1.695054694e-08;0.04448147497;0.1013312207;79.2624501;20.5917372
1522.812;1747837458.420;4:24:18 PM;1;3;3.804753578e-05;6.670853509e-06;4.932405938e-13;1.603251088e-13;4.85721241e-10;1.589841648e-12;1.685952072e-10;2.534477619e-12;9.420361193e-12;4.999999912e-15;2.917204256e-09;2.010942801e-11;6.659626739e-10;3.414866697e-12;8.558899981e-14;1;1;1;1;1;1;1;0;0;0;0;0;0;0;0;0;0;1.553187177e-08;0.04533516286;0.1041398085;79.24705639;20.60346863
1524.679;1747837460.287;4:24:20 PM;1;3;3.809326518e-05;6.619902706e-06;4.666407777e-13;1.894886835e-13;4.842407586e-10;1.627682906e-12;1.673747529e-10;2.567448207e-12;9.555061603e-12;4.999999912e-15;2.908325136e-09;1.991406692e-11;6.61908639e-10;3.283447082e-12;5.329418141e-14;1;1;1;1;1;1;1;0;0;0;0;0;0;0;0;0;0;1.701310239e-08;0.04671406986;0.1003691746;79.30005588;20.55286088
1526.545;1747837462.153;4:24:22 PM;1;3;3.794832446e-05;6.668290098e-06;4.134252348e-13;1.16906105e-13;4.833867751e-10;1.594276577e-12;1.680836165e-10;2.606010026e-12;9.525248645e-12;1.466267564e-14;2.920902853e-09;2.01371992e-11;6.680499487e-10;3.276178157e-12;4.999999912e-15;1;1;1;1;1;1;1;0;0;0;0;0;0;0;0;0;0;9.089744775e-09;0.04520991008;0.09954707087;79.2232262;20.63201682
1528.411;1747837464.019;4:24:24 PM;1;3;3.790894698e-05;6.597104857e-06;3.743775309e-13;4.868242582e-14;4.867810044e-10;1.595102089e-12;1.687550794e-10;2.632255741e-12;9.654453452e-12;8.920466498e-14;2.934968046e-09;2.020515699e-11;6.721057044e-10;3.292825864e-12;4.999999912e-15;1;1;1;1;1;1;1;0;0;0;0;0;0;0;0;0;0;1.680096722e-09;0.04478008878;0.0995566772;79.20583672;20.64982652
1530.278;1747837465.886;4:24:25 PM;1;3;3.799963451e-05;6.704166481e-06;3.849541129e-13;4.3719199e-14;4.870022718e-10;1.572265213e-12;1.686240314e-10;2.688384671e-12;9.608153682e-12;1.00856518e-13;2.93783553e-09;2.033810273e-11;6.695223265e-10;3.272163356e-12;4.999999912e-15;1;1;1;1;1;1;1;0;0;0;0;0;0;0;0;0;0;1.766429524e-09;0.04408758192;0.0989191233;79.28296399;20.57402931
1532.144;1747837467.752;4:24:27 PM;1;3;3.797440149e-05;6.737660442e-06;3.976698257e-13;5.754205841e-14;4.85504581e-10;1.564976555e-12;1.687804896e-10;2.575765989e-12;9.525130684e-12;9.630398692e-14;2.929812615e-09;2.030337704e-11;6.714882539e-10;3.280924143e-12;4.999999912e-15;1;1;1;1;1;1;1;0;0;0;0;0;0;0;0;0;0;3.481618914e-09;0.04398779245;0.09934788532;79.1915474;20.66511693
1534.011;1747837469.619;4:24:29 PM;1;3;3.813675721e-05;6.668290098e-06;4.162717534e-13;1.191233662e-13;4.861298586e-10;1.518249285e-12;1.684018619e-10;2.546589458e-12;9.522663907e-12;1.503205485e-14;2.925344633e-09;2.019107277e-11;6.675283104e-10;3.315476149e-12;2.307277599e-14;1;1;1;1;1;1;1;0;0;0;0;0;0;0;0;0;0;1.008541556e-08;0.04286361791;0.1006828802;79.26122916;20.59522434
1535.877;1747837471.485;4:24:31 PM;1;3;3.801909406e-05;6.609764114e-06;4.716851367e-13;1.284190988e-13;4.857830249e-10;1.519193733e-12;1.680455219e-10;2.506772784e-12;9.405173688e-12;4.411296767e-14;2.935742982e-09;2.01181051e-11;6.71807221e-10;3.391272289e-12;8.083585748e-14;1;1;1;1;1;1;1;0;0;0;0;0;0;0;0;0;0;1.262551953e-08;0.0427997917;0.1027246341;79.21889155;20.63558403
1537.743;1747837473.351;4:24:33 PM;1;3;3.807629037e-05;6.686208053e-06;4.422791343e-13;1.363652436e-13;4.857849123e-10;1.626718725e-12;1.682633893e-10;2.589618407e-12;9.493677545e-12;4.999999912e-15;2.918990827e-09;1.997399121e-11;6.66627642e-10;3.331471817e-12;1.074481148e-13;1;1;1;1;1;1;1;0;0;0;0;0;0;0;0;0;0;1.14442324e-08;0.04631109338;0.1015193408;79.2445134;20.60765617
1539.61;1747837475.218;4:24:35 PM;1;3;3.803185973e-05;6.614831818e-06;4.589107414e-13;7.933195388e-14;4.829388556e-10;1.599415262e-12;1.67463432e-10;2.591769464e-12;9.542815323e-12;4.999999912e-15;2.911137997e-09;2.007267269e-11;6.656128981e-10;3.282232125e-12;7.688668495e-14;1;1;1;1;1;1;1;0;0;0;0;0;0;0;0;0;0;7.025292369e-09;0.04545630961;0.1001943162;79.22864702;20.62570235
1541.476;1747837477.084;4:24:37 PM;1;3;3.797031604e-05;6.691326234e-06;4.130588558e-13;1.739279429e-13;4.874201043e-10;1.65015137e-12;1.692341545e-10;2.644119082e-12;9.613369129e-12;4.550735331e-14;2.938890464e-09;2.049408039e-11;6.700192068e-10;3.314346627e-12;1.050491532e-14;1;1;1;1;1;1;1;0;0;0;0;0;0;0;0;0;0;1.374224846e-08;0.04680024084;0.100179896;79.27117055;20.58184931
1543.343;1747837478.951;4:24:38 PM;1;3;3.806361201e-05;6.597104857e-06;3.657493958e-13;5.038893294e-14;4.874817217e-10;1.483202883e-12;1.691150414e-10;2.662995041e-12;9.690451566e-12;7.613996104e-14;2.934830601e-09;2.015860222e-11;6.701411093e-10;3.296515838e-12;4.999999912e-15;1;1;1;1;1;1;1;0;0;0;0;0;0;0;0;0;0;2.609897028e-09;0.04142443577;0.09972913325;79.25165319;20.60719325
1545.209;1747837480.817;4:24:40 PM;1;3;3.803197615e-05;6.652976481e-06;3.651470131e-13;5.871540911e-14;4.868576098e-10;1.544158356e-12;1.695279889e-10;2.673189144e-12;9.705317279e-12;1.108228025e-13;2.943423061e-09;2.032981943e-11;6.687338461e-10;3.360828759e-12;4.999999912e-15;1;1;1;1;1;1;1;0;0;0;0;0;0;0;0;0;0;2.781696873e-09;0.04320565395;0.101525759;79.32506169;20.5302069
1547.075;1747837482.683;4:24:42 PM;1;3;3.810222188e-05;6.607231626e-06;3.929804073e-13;1.039165905e-13;4.871938963e-10;1.509043975e-12;1.695963786e-10;2.572323214e-12;9.593352154e-12;1.016067384e-13;2.94142577e-09;2.009563696e-11;6.725883184e-10;3.361381486e-12;4.999999912e-15;1;1;1;1;1;1;1;0;0;0;0;0;0;0;0;0;0;8.072533469e-09;0.04227289707;0.1014814332;79.22612606;20.63011961
1548.942;1747837484.550;4:24:44 PM;1;3;3.823587031e-05;6.624978141e-06;4.65346945e-13;1.202608976e-13;4.868799808e-10;1.567360174e-12;1.691295853e-10;2.560009279e-12;9.645352225e-12;7.100897425e-14;2.943138844e-09;2.006336763e-11;6.624558124e-10;3.58646641e-12;4.999999912e-15;1;1;1;1;1;1;1;0;0;0;0;0;0;0;0;0;0;1.124141219e-08;0.0442503594;0.1086899094;79.4642474;20.38281233
1550.808;1747837486.416;4:24:46 PM;1;3;3.815410309e-05;6.619902706e-06;5.438076747e-13;1.736357369e-13;4.863776049e-10;1.599460365e-12;1.683613665e-10;2.530651036e-12;9.43402214e-12;4.999999912e-15;2.909621211e-09;2.001136409e-11;6.658716356e-10;3.406444614e-12;8.779633379e-14;1;1;1;1;1;1;1;0;0;0;0;0;0;0;0;0;0;1.820727433e-08;0.04580458226;0.1040919115;79.20918707;20.64091644
1552.675;1747837488.283;4:24:48 PM;1;3;3.796276724e-05;6.652976481e-06;4.880672147e-13;2.178288474e-13;4.851767876e-10;1.647974617e-12;1.673666344e-10;2.601710731e-12;9.490946223e-12;4.999999912e-15;2.910904184e-09;2.036507248e-11;6.688918308e-10;3.336518561e-12;1.150875863e-13;1;1;1;1;1;1;1;0;0;0;0;0;0;0;0;0;0;2.005937795e-08;0.04729969798;0.1018474885;79.15089557;20.69995725
1554.541;1747837490.149;4:24:50 PM;1;3;3.806829773e-05;6.683646461e-06;4.330989235e-13;1.782688851e-13;4.873903503e-10;1.667758379e-12;1.684761497e-10;2.563831092e-12;9.590941756e-12;4.999999912e-15;2.932974974e-09;2.005349012e-11;6.684390264e-10;3.288467805e-12;7.148139502e-14;1;1;1;1;1;1;1;0;0;0;0;0;0;0;0;0;0;1.458940583e-08;0.04746015642;0.0996908987;79.27948089;20.57336805
1556.407;1747837492.015;4:24:52 PM;1;3;3.799979822e-05;6.622447472e-06;3.909060033e-13;7.884310744e-14;4.83125262e-10;1.616855413e-12;1.681768058e-10;2.627609285e-12;9.638021284e-12;6.128810567e-14;2.926796361e-09;2.003921334e-11;6.674322761e-10;3.294085274e-12;4.999999912e-15;1;1;1;1;1;1;1;0;0;0;0;0;0;0;0;0;0;4.727656265e-09;0.04570436416;0.09996498644;79.26821275;20.5861179
1558.274;1747837493.882;4:24:53 PM;1;3;3.801276034e-05;6.607231626e-06;3.595769787e-13;9.363171994e-14;4.864361136e-10;1.611277626e-12;1.683416462e-10;2.706142385e-12;9.598043714e-12;7.633559854e-14;2.920359954e-09;2.012827231e-11;6.669703678e-10;3.257268587e-12;4.999999912e-15;1;1;1;1;1;1;1;0;0;0;0;0;0;0;0;0;0;5.160374074e-09;0.0456243216;0.09899064158;79.24674292;20.60864212
1560.14;1747837495.748;4:24:55 PM;1;3;3.802833453e-05;6.637691058e-06;3.933696901e-13;9.735638131e-14;4.886475113e-10;1.488290068e-12;1.684492823e-10;2.554667632e-12;9.620750377e-12;1.219405165e-13;2.924307241e-09;2.01626181e-11;6.670918817e-10;3.29686712e-12;4.999999912e-15;1;1;1;1;1;1;1;0;0;0;0;0;0;0;0;0;0;7.681092883e-09;0.0418868077;0.1001051359;79.26890789;20.58910016
1562.007;1747837497.615;4:24:57 PM;1;3;3.805168308e-05;6.704166481e-06;4.592541625e-13;4.07741061e-14;4.838923151e-10;1.487319924e-12;1.679691247e-10;2.569802877e-12;9.556072947e-12;8.205300317e-14;2.912543984e-09;2.000721117e-11;6.666987518e-10;3.301481267e-12;4.999999912e-15;1;1;1;1;1;1;1;0;0;0;0;0;0;0;0;0;0;4.572906773e-09;0.04190697163;0.1005961822;79.21172654;20.64577031
1563.873;1747837499.481;4:24:59 PM;1;3;3.786268644e-05;6.604707778e-06;5.022425618e-13;1.35021619e-13;4.847550139e-10;1.532769463e-12;1.681136202e-10;2.510264782e-12;9.381846862e-12;4.833793074e-14;2.907381225e-09;2.050473853e-11;6.684336418e-10;3.405529114e-12;4.06635954e-14;1;1;1;1;1;1;1;0;0;0;0;0;0;0;0;0;0;1.403911638e-08;0.0436258178;0.1039771578;79.13901099;20.71338603
1565.739;1747837501.347;4:25:01 PM;1;3;3.797136742e-05;6.647880127e-06;4.891276186e-13;2.008801925e-13;4.85594398e-10;1.64099409e-12;1.680893758e-10;2.519476164e-12;9.501406606e-12;4.999999912e-15;2.925678144e-09;2.025681359e-11;6.680183628e-10;3.326435698e-12;7.671294833e-14;1;1;1;1;1;1;1;0;0;0;0;0;0;0;0;0;0;1.861629265e-08;0.04686694575;0.1010915715;79.24938869;20.6026528
1567.606;1747837503.214;4:25:03 PM;1;3;3.797676618e-05;6.551758815e-06;4.910720268e-13;2.084679136e-13;4.859797564e-10;1.594328077e-12;1.68139197e-10;2.597566476e-12;9.410505361e-12;4.999999912e-15;2.911527464e-09;2.008546628e-11;6.633643634e-10;3.328930014e-12;8.717605495e-14;1;1;1;1;1;1;1;0;0;0;0;0;0;0;0;0;0;1.979949376e-08;0.04570896585;0.1017041741;79.28079602;20.57179084
1569.472;1747837505.080;4:25:05 PM;1;3;3.801816274e-05;6.699031019e-06;3.983498373e-13;1.562360674e-13;4.826186673e-10;1.605274832e-12;1.678816947e-10;2.624802068e-12;9.549066399e-12;4.999999912e-15;2.920479636e-09;2.018261426e-11;6.657355223e-10;3.292098365e-12;7.960427158e-14;1;1;1;1;1;1;1;0;0;0;0;0;0;0;0;0;0;1.209891236e-08;0.0456763828;0.1002524167;79.27409205;20.57997915
1571.339;1747837506.947;4:25:06 PM;1;3;3.791040945e-05;6.612297511e-06;3.441421952e-13;8.045501792e-14;4.873767501e-10;1.651410887e-12;1.690071139e-10;2.664350945e-12;9.62050925e-12;6.53015104e-14;2.921513254e-09;2.001679204e-11;6.685102472e-10;3.334996558e-12;4.999999912e-15;1;1;1;1;1;1;1;0;0;0;0;0;0;0;0;0;0;3.115048719e-09;0.04674971639;0.1013168392;79.21186458;20.64006887
1573.205;1747837508.813;4:25:08 PM;1;3;3.793204451e-05;6.67851873e-06;3.528738445e-13;2.31364932e-14;4.86438001e-10;1.581595315e-12;1.692928159e-10;2.644695227e-12;9.588231251e-12;9.405735739e-14;2.917804887e-09;2.00354542e-11;6.68046285e-10;3.2692436e-12;3.573322329e-14;1;1;1;1;1;1;1;0;0;0;0;0;0;0;0;0;0;1.177628527e-09;0.04453478436;0.09944570525;79.20322958;20.65278993
1575.071;1747837510.679;4:25:10 PM;1;3;3.796573219e-05;6.632605619e-06;4.26321142e-13;7.02353689e-14;4.893012662e-10;1.504526863e-12;1.686658729e-10;2.561589612e-12;9.629894972e-12;1.442148132e-13;2.932373899e-09;2.010164257e-11;6.698838706e-10;3.305768203e-12;4.999999912e-15;1;1;1;1;1;1;1;0;0;0;0;0;0;0;0;0;0;6.078229464e-09;0.04220799194;0.100081581;79.24735664;20.61035379
1576.938;1747837512.546;4:25:12 PM;1;3;3.812083378e-05;6.602170288e-06;4.284776743e-13;9.842170481e-14;4.844476487e-10;1.482616981e-12;1.681146194e-10;2.550392406e-12;9.506842362e-12;6.459410914e-14;2.916456854e-09;2.001307106e-11;6.667706942e-10;3.307021107e-12;4.637802525e-14;1;1;1;1;1;1;1;0;0;0;0;0;0;0;0;0;0;8.910205997e-09;0.04184996068;0.1007297891;79.23112355;20.6262967
1578.804;1747837514.412;4:25:14 PM;1;3;3.809035843e-05;6.612297511e-06;4.756307652e-13;1.706249481e-13;4.816179122e-10;1.610464258e-12;1.684701684e-10;2.47533374e-12;9.451704176e-12;2.184964178e-14;2.929082976e-09;2.002599996e-11;6.682931986e-10;3.361888459e-12;1.240054744e-13;1;1;1;1;1;1;1;0;0;0;0;0;0;0;0;0;0;1.573492775e-08;0.0458072691;0.1021870308;79.25596467;20.59604103
1580.671;1747837516.279;4:25:16 PM;1;3;3.800698687e-05;6.597104857e-06;4.659219516e-13;1.858426607e-13;4.86064633e-10;1.604136203e-12;1.683762851e-10;2.536764852e-12;9.525430791e-12;4.999999912e-15;2.924172016e-09;2.013526498e-11;6.650058837e-10;3.308666275e-12;1.037508363e-13;1;1;1;1;1;1;1;0;0;0;0;0;0;0;0;0;0;1.687843304e-08;0.04574439323;0.1007131092;79.3111143;20.5424282
1582.537;1747837518.145;4:25:18 PM;1;3;3.819714766e-05;6.614831818e-06;4.431125063e-13;1.550084388e-13;4.853863422e-10;1.614975406e-12;1.682007728e-10;2.628775453e-12;9.6176591e-12;4.999999912e-15;2.925472087e-09;2.024411021e-11;6.685304532e-10;3.307458257e-12;5.45491793e-14;1;1;1;1;1;1;1;0;0;0;0;0;0;0;0;0;0;1.327359801e-08;0.045904622;0.1004570938;79.23689216;20.61674613
1584.403;1747837520.011;4:25:20 PM;1;3;3.813874719e-05;6.622447472e-06;3.58565418e-13;1.05368222e-13;4.87508367e-10;1.644866209e-12;1.6910158e-10;2.634305317e-12;9.606069412e-12;2.760139698e-14;2.925373499e-09;2.00192727e-11;6.688227749e-10;3.272589014e-12;4.999999912e-15;1;1;1;1;1;1;1;0;0;0;0;0;0;0;0;0;0;5.883899596e-09;0.04658283437;0.09927010716;79.22705247;20.62709459
1586.27;1747837521.878;4:25:21 PM;1;3;3.807678513e-05;6.630071766e-06;4.020372089e-13;6.029646725e-14;4.860039038e-10;1.602590348e-12;1.683926887e-10;2.651281321e-12;9.670815364e-12;8.874366899e-14;2.928952858e-09;2.035278716e-11;6.679687914e-10;3.254251686e-12;4.999999912e-15;1;1;1;1;1;1;1;0;0;0;0;0;0;0;0;0;0;3.516695069e-09;0.04519296791;0.09864591194;79.27036395;20.58579717
1588.136;1747837523.744;4:25:23 PM;1;3;3.797123281e-05;6.57943383e-06;3.754668017e-13;7.296588464e-14;4.861206437e-10;1.557437339e-12;1.686346479e-10;2.624388554e-12;9.727880827e-12;1.076298e-13;2.926089371e-09;2.022960792e-11;6.693858245e-10;3.309299449e-12;4.999999912e-15;1;1;1;1;1;1;1;0;0;0;0;0;0;0;0;0;0;4.270924936e-09;0.04385070123;0.1003837222;79.22047269;20.63529288
1590.003;1747837525.611;4:25:25 PM;1;3;3.788338654e-05;6.655526704e-06;4.503471977e-13;1.075232636e-13;4.863084935e-10;1.561635912e-12;1.686668305e-10;2.582962923e-12;9.611360319e-12;7.920750102e-14;2.924279485e-09;2.012490348e-11;6.701808553e-10;3.36355466e-12;1.008764334e-13;1;1;1;1;1;1;1;0;0;0;0;0;0;0;0;0;0;9.67557545e-09;0.04415357071;0.1022519959;79.19047409;20.66312034
1591.869;1747837527.477;4:25:27 PM;1;3;3.809961709e-05;6.740236131e-06;4.984626535e-13;1.889485611e-13;4.898701444e-10;1.547611757e-12;1.697733343e-10;2.537354007e-12;9.628194943e-12;3.525084481e-14;2.953645106e-09;2.023359084e-11;6.70094924e-10;3.368192661e-12;7.042453507e-14;1;1;1;1;1;1;1;0;0;0;0;0;0;0;0;0;0;1.868669906e-08;0.04365331938;0.1015363459;79.34975073;20.5050596
1593.735;1747837529.343;4:25:29 PM;1;3;3.797042154e-05;6.683646461e-06;4.759294629e-13;1.729507379e-13;4.878453197e-10;1.603032811e-12;1.693486323e-10;2.585048495e-12;9.513722275e-12;9.683014685e-15;2.940897526e-09;2.022042429e-11;6.724199531e-10;3.435696823e-12;1.020696995e-13;1;1;1;1;1;1;1;0;0;0;0;0;0;0;0;0;0;1.602458637e-08;0.04537738656;0.1039517919;79.22460978;20.62606104
1595.602;1747837531.210;4:25:31 PM;1;3;3.802287029e-05;6.624978141e-06;4.698686644e-13;9.665396061e-14;4.866925196e-10;1.618051288e-12;1.688788553e-10;2.64402996e-12;9.609302937e-12;4.999999912e-15;2.927355469e-09;2.006912692e-11;6.63003652e-10;3.378181632e-12;8.481391045e-14;1;1;1;1;1;1;1;0;0;0;0;0;0;0;0;0;0;8.763544889e-09;0.04590631774;0.1028044746;79.3709426;20.48034661
1597.468;1747837533.076;4:25:33 PM;1;3;3.804755761e-05;6.66317419e-06;4.326538585e-13;1.450357033e-13;4.849715629e-10;1.652960212e-12;1.679612699e-10;2.688791681e-12;9.64891448e-12;6.304739987e-14;2.921640707e-09;2.005423605e-11;6.663831154e-10;3.311495609e-12;3.436125015e-14;1;1;1;1;1;1;1;0;0;0;0;0;0;0;0;0;0;1.169248282e-08;0.04709560464;0.10071483;79.26555632;20.58663324
1599.335;1747837534.943;4:25:34 PM;1;3;3.827950786e-05;6.650420346e-06;3.783645218e-13;8.165825194e-14;4.858317082e-10;1.618181175e-12;1.687466555e-10;2.712297401e-12;9.649656074e-12;7.538576968e-14;2.919386732e-09;2.017390074e-11;6.685754173e-10;3.327426876e-12;4.999999912e-15;1;1;1;1;1;1;1;0;0;0;0;0;0;0;0;0;0;4.585576316e-09;0.04580726963;0.1011464694;79.199639;20.65340726
1601.201;1747837536.809;4:25:36 PM;1;3;3.808360998e-05;6.704166481e-06;4.004730575e-13;4.981146653e-14;4.864166292e-10;1.598827516e-12;1.683390233e-10;2.672178668e-12;9.62956364e-12;1.162878116e-13;2.911070718e-09;2.033169293e-11;6.657518981e-10;3.303974715e-12;4.999999912e-15;1;1;1;1;1;1;1;0;0;0;0;0;0;0;0;0;0;2.550522644e-09;0.04529009875;0.1007241406;79.22315056;20.6308352
1603.067;1747837538.675;4:25:38 PM;1;3;3.791222844e-05;6.640242191e-06;4.233511599e-13;7.598712241e-14;4.854701641e-10;1.536240644e-12;1.681740719e-10;2.600153166e-12;9.631078053e-12;1.240283646e-13;2.926811904e-09;2.010786676e-11;6.678431697e-10;3.350951461e-12;4.999999912e-15;1;1;1;1;1;1;1;0;0;0;0;0;0;0;0;0;0;6.214967657e-09;0.04327591254;0.1017066331;79.26141707;20.59360038
1604.934;1747837540.542;4:25:40 PM;1;3;3.806077439e-05;6.673402368e-06;4.919303354e-13;1.248288446e-13;4.847464652e-10;1.551159266e-12;1.680110912e-10;2.594036314e-12;9.554583687e-12;4.534954091e-14;2.928138398e-09;2.01136191e-11;6.685869081e-10;3.377829483e-12;4.999999912e-15;1;1;1;1;1;1;1;0;0;0;0;0;0;0;0;0;0;1.262461968e-08;0.04390409981;0.1024848097;79.25053004;20.60308105
1606.8;1747837542.408;4:25:42 PM;1;3;3.808983456e-05;6.652976481e-06;5.199971855e-13;1.667867775e-13;4.886747118e-10;1.557413812e-12;1.689270945e-10;2.58801639e-12;9.634291628e-12;4.999999912e-15;2.942355248e-09;2.05176709e-11;6.735588198e-10;3.39563707e-12;8.653882867e-14;1;1;1;1;1;1;1;0;0;0;0;0;0;0;0;0;0;1.724335113e-08;0.04399690785;0.1026183042;79.21142638;20.6419584
1608.667;1747837544.275;4:25:44 PM;1;3;3.788119648e-05;6.652976481e-06;4.964804067e-13;2.032985596e-13;4.892813932e-10;1.577417992e-12;1.69442016e-10;2.575969386e-12;9.605886399e-12;4.999999912e-15;2.940221178e-09;2.041609069e-11;6.729635738e-10;3.266579065e-12;7.5427586e-14;1;1;1;1;1;1;1;0;0;0;0;0;0;0;0;0;0;1.965308684e-08;0.04470942922;0.09869060739;79.2138983;20.64270167
1610.533;1747837546.141;4:25:46 PM;1;3;3.789090988e-05;6.592051705e-06;4.28219309e-13;1.84584173e-13;4.862782399e-10;1.681588571e-12;1.67751979e-10;2.574969318e-12;9.673806027e-12;4.999999912e-15;2.91672575e-09;2.009740291e-11;6.68193112e-10;3.338435648e-12;2.698759795e-14;1;1;1;1;1;1;1;0;0;0;0;0;0;0;0;0;0;1.48848578e-08;0.04810409953;0.1016112353;79.19749149;20.65279318
1612.399;1747837548.007;4:25:48 PM;1;3;3.796034071e-05;6.566832781e-06;4.256471477e-13;1.334490244e-13;4.858825564e-10;1.684811036e-12;1.692292972e-10;2.647431753e-12;9.748284645e-12;4.999999912e-15;2.926411558e-09;2.040384875e-11;6.695706212e-10;3.206455284e-12;4.999999912e-15;1;1;1;1;1;1;1;0;0;0;0;0;0;0;0;0;0;1.012782106e-08;0.04791304301;0.09717821982;79.21388137;20.64102737
1614.266;1747837549.874;4:25:49 PM;1;3;3.803046275e-05;6.619902706e-06;3.401257683e-13;6.254555657e-15;4.865599035e-10;1.629787776e-12;1.687667783e-10;2.680060384e-12;9.754661488e-12;5.868852767e-14;2.929871457e-09;2.023198623e-11;6.714085954e-10;3.203487822e-12;4.999999912e-15;1;1;1;1;1;1;1;0;0;0;0;0;0;0;0;0;0;3.552033603e-09;0.0457490244;0.09694813274;79.1952243;20.66207855
1616.132;1747837551.740;4:25:51 PM;1;3;3.791961717e-05;6.614831818e-06;3.689055626e-13;5.086085904e-14;4.854839863e-10;1.537462757e-12;1.683993361e-10;2.633271639e-12;9.637676941e-12;8.790633965e-14;2.916790587e-09;2.015067627e-11;6.680132558e-10;3.280675427e-12;4.999999912e-15;1;1;1;1;1;1;1;0;0;0;0;0;0;0;0;0;0;2.245550299e-09;0.0433046029;0.09978694914;79.20309329;20.65381516
1617.999;1747837553.607;4:25:53 PM;1;3;3.786577872e-05;6.619902706e-06;4.27647826e-13;8.373663362e-14;4.835385981e-10;1.472097726e-12;1.680634104e-10;2.613418379e-12;9.620988034e-12;1.108656149e-13;2.91724378e-09;2.027164721e-11;6.651395545e-10;3.375471343e-12;4.999999912e-15;1;1;1;1;1;1;1;0;0;0;0;0;0;0;0;0;0;7.647636773e-09;0.04150096375;0.1028182004;79.27140584;20.584275
1619.865;1747837555.473;4:25:55 PM;1;3;3.81243517e-05;6.668290098e-06;4.616168559e-13;1.038065982e-13;4.886323013e-10;1.458499337e-12;1.687659873e-10;2.579895282e-12;9.660289929e-12;4.999999912e-15;2.932000642e-09;2.026823848e-11;6.729405366e-10;3.352812602e-12;3.089047843e-14;1;1;1;1;1;1;1;0;0;0;0;0;0;0;0;0;0;1.064283669e-08;0.04091194395;0.101503148;79.17353515;20.68404976
1621.731;1747837557.339;4:25:57 PM;1;3;3.807991743e-05;6.602170288e-06;5.112172079e-13;1.475048789e-13;4.869067927e-10;1.577467323e-12;1.682465556e-10;2.526021926e-12;9.654253959e-12;4.999999912e-15;2.907718066e-09;2.028036246e-11;6.682568388e-10;3.397287443e-12;8.360520121e-14;1;1;1;1;1;1;1;0;0;0;0;0;0;0;0;0;0;1.503434024e-08;0.04502255121;0.1037786136;79.14523618;20.70596265
1623.598;1747837559.206;4:25:59 PM;1;3;3.77964825e-05;6.706743534e-06;4.459614373e-13;1.95898541e-13;4.872064974e-10;1.624407423e-12;1.68639408e-10;2.5999875e-12;9.672243909e-12;4.999999912e-15;2.930438558e-09;2.002899582e-11;6.661681207e-10;3.30271639e-12;3.007405726e-14;1;1;1;1;1;1;1;0;0;0;0;0;0;0;0;0;0;1.699029746e-08;0.04627272467;0.1001947578;79.3177845;20.53574802
1625.464;1747837561.072;4:26:01 PM;1;3;3.769594332e-05;6.740236131e-06;4.072677254e-13;1.208602446e-13;4.844555868e-10;1.634941856e-12;1.677469136e-10;2.672306387e-12;9.645934225e-12;5.585989164e-15;2.929290588e-09;2.021029698e-11;6.712110312e-10;3.281820562e-12;1.049644922e-14;1;1;1;1;1;1;1;0;0;0;0;0;0;0;0;0;0;8.881876049e-09;0.04630129453;0.09941580803;79.19780603;20.65647686
1627.331;1747837562.939;4:26:02 PM;1;3;3.796493911e-05;6.57691271e-06;3.422106619e-13;6.97022057e-14;4.863591196e-10;1.582087109e-12;1.685347001e-10;2.749716253e-12;9.617725019e-12;7.552067153e-14;2.913123742e-09;2.009718433e-11;6.668652852e-10;3.18787054e-12;4.999999912e-15;1;1;1;1;1;1;1;0;0;0;0;0;0;0;0;0;0;2.722562706e-09;0.04474370522;0.09702514818;79.21077727;20.64745388
1629.197;1747837564.805;4:26:04 PM;1;3;3.795911107e-05;6.660628969e-06;4.677249798e-13;4.338665725e-14;4.880101878e-10;1.560295729e-12;1.697268437e-10;2.637278633e-12;9.707021645e-12;1.087837502e-13;2.922454501e-09;2.013319893e-11;6.662689844e-10;3.357662455e-12;4.999999912e-15;1;1;1;1;1;1;1;0;0;0;0;0;0;0;0;0;0;4.392611089e-09;0.04401646629;0.1020562308;79.26724612;20.58668118
1631.063;1747837566.671;4:26:06 PM;1;3;3.800966806e-05;6.686208053e-06;4.540868007e-13;5.499373607e-14;4.864818548e-10;1.584543477e-12;1.681425832e-10;2.634433253e-12;9.84561304e-12;1.142696777e-13;2.933723264e-09;2.026773541e-11;6.692905674e-10;3.368201985e-12;4.999999912e-15;1;1;1;1;1;1;1;0;0;0;0;0;0;0;0;0;0;4.80292434e-09;0.04460619245;0.1020062403;79.26526479;20.58812277
1632.93;1747837568.538;4:26:08 PM;1;3;3.806993482e-05;6.658084658e-06;4.864270336e-13;1.306239324e-13;4.842035106e-10;1.539678107e-12;1.679731076e-10;2.580484004e-12;9.690324931e-12;6.62383966e-14;2.923563169e-09;2.030397551e-11;6.670708985e-10;3.40572774e-12;9.400059941e-14;1;1;1;1;1;1;1;0;0;0;0;0;0;0;0;0;0;1.30888541e-08;0.04364033968;0.1036750138;79.25972598;20.59295866
1634.796;1747837570.404;4:26:10 PM;1;3;3.801422281e-05;6.627525181e-06;5.088774996e-13;1.73102594e-13;4.862923952e-10;1.546373706e-12;1.686012024e-10;2.567562048e-12;9.621017524e-12;5.450094162e-15;2.916701103e-09;2.007410904e-11;6.673112063e-10;3.386313799e-12;1.156028262e-13;1;1;1;1;1;1;1;0;0;0;0;0;0;0;0;0;0;1.757811764e-08;0.04405362214;0.10327594;79.21517247;20.63749797
1636.663;1747837572.271;4:26:12 PM;1;3;3.782516433e-05;6.602170288e-06;5.07949531e-13;1.735485941e-13;4.896494321e-10;1.637139534e-12;1.695771856e-10;2.662166928e-12;9.685751333e-12;4.999999912e-15;2.943514099e-09;2.026101335e-11;6.724426571e-10;3.475422641e-12;7.787633792e-14;1;1;1;1;1;1;1;0;0;0;0;0;0;0;0;0;0;1.674654125e-08;0.04639880527;0.1050510239;79.23695695;20.61159322
1638.529;1747837574.137;4:26:14 PM;1;3;3.802534047e-05;6.668290098e-06;4.595105221e-13;1.813230149e-13;4.887036886e-10;1.642783349e-12;1.697662289e-10;2.748647447e-12;9.789945764e-12;2.281042786e-14;2.955638845e-09;2.022537519e-11;6.740121794e-10;3.347759353e-12;5.148861209e-14;1;1;1;1;1;1;1;0;0;0;0;0;0;0;0;0;0;1.591127753e-08;0.04637935077;0.1007116731;79.26799936;20.58490961
1640.395;1747837576.003;4:26:16 PM;1;3;3.782552085e-05;6.711885362e-06;3.87789166e-13;6.783290563e-14;4.876665183e-10;1.650740525e-12;1.687661816e-10;2.831643557e-12;9.899432836e-12;4.572986887e-14;2.946542343e-09;2.025704951e-11;6.707223665e-10;3.287750497e-12;2.063596215e-14;1;1;1;1;1;1;1;0;0;0;0;0;0;0;0;0;0;3.316099053e-09;0.04639946392;0.09915922672;79.30018055;20.55426076
1642.262;1747837577.870;4:26:17 PM;1;3;3.806525638e-05;6.640242191e-06;3.637252446e-13;6.909785108e-14;4.865194914e-10;1.560462913e-12;1.688595375e-10;2.712241673e-12;9.84550115e-12;1.221252103e-13;2.937089016e-09;2.039564177e-11;6.73577194e-10;3.289561115e-12;4.999999912e-15;1;1;1;1;1;1;1;0;0;0;0;0;0;0;0;0;0;3.530168179e-09;0.04373894858;0.09935936793;79.18364756;20.67325413
1644.128;1747837579.736;4:26:19 PM;1;3;3.82130238e-05;6.609764114e-06;3.958647646e-13;6.899229892e-15;4.880649773e-10;1.500124244e-12;1.687080059e-10;2.709705507e-12;9.805906954e-12;7.557393974e-14;2.929976706e-09;2.013873443e-11;6.704869993e-10;3.284523695e-12;1.405981265e-14;1;1;1;1;1;1;1;0;0;0;0;0;0;0;0;0;0;5.74389868e-10;0.04189244526;0.09949105043;79.21978012;20.63883639
1645.995;1747837581.603;4:26:21 PM;1;3;3.815341552e-05;6.647880127e-06;4.462476937e-13;1.326236619e-13;4.865663428e-10;1.488224583e-12;1.684241913e-10;2.703202462e-12;9.726702083e-12;9.255144801e-14;2.94277247e-09;2.053402413e-11;6.74276579e-10;3.370960629e-12;2.398825089e-14;1;1;1;1;1;1;1;0;0;0;0;0;0;0;0;0;0;1.251333841e-08;0.04174425225;0.1017343912;79.20047675;20.6560446
1647.861;1747837583.469;4:26:23 PM;1;3;3.802652645e-05;6.699031019e-06;5.0991893e-13;1.357484546e-13;4.904718298e-10;1.580119824e-12;1.695240476e-10;2.541983551e-12;9.783764944e-12;3.386741977e-14;2.926357601e-09;2.040546898e-11;6.715020207e-10;3.401162381e-12;4.352505566e-14;1;1;1;1;1;1;1;0;0;0;0;0;0;0;0;0;0;1.390115125e-08;0.04479438522;0.1031971098;79.16913392;20.68287459
1649.727;1747837585.335;4:26:25 PM;1;3;3.784761793e-05;6.717023552e-06;4.76980868e-13;1.505291117e-13;4.869422088e-10;1.584171596e-12;1.698716029e-10;2.60332424e-12;9.713724616e-12;4.999999912e-15;2.934543719e-09;2.023257603e-11;6.739852565e-10;3.379869301e-12;6.860451199e-14;1;1;1;1;1;1;1;0;0;0;0;0;0;0;0;0;0;1.419417131e-08;0.04480388722;0.1022995019;79.15220226;20.70069435
1651.594;1747837587.202;4:26:27 PM;1;3;3.805387314e-05;6.57943383e-06;4.123633672e-13;1.41185078e-13;4.862374392e-10;1.613661028e-12;1.682484291e-10;2.629181595e-12;9.67162548e-12;4.999999912e-15;2.918070008e-09;2.001505732e-11;6.6575645e-10;3.333368304e-12;9.975087569e-14;1;1;1;1;1;1;1;0;0;0;0;0;0;0;0;0;0;1.108380104e-08;0.04592220505;0.1016141877;79.26043252;20.59203109
1653.46;1747837589.068;4:26:29 PM;1;3;3.809643385e-05;6.683646461e-06;4.27294864e-13;1.37900501e-13;4.85078866e-10;1.628277916e-12;1.682786133e-10;2.653583733e-12;9.853921498e-12;4.999999912e-15;2.930341969e-09;2.000265752e-11;6.676010855e-10;3.332122989e-12;2.595164447e-14;1;1;1;1;1;1;1;0;0;0;0;0;0;0;0;0;0;1.110853143e-08;0.04619811505;0.1010702432;79.28349282;20.56923882
1655.327;1747837590.935;4:26:30 PM;1;3;3.808617475e-05;6.551758815e-06;4.184581826e-13;9.487378873e-14;4.856336444e-10;1.619504986e-12;1.68462494e-10;2.747551969e-12;9.778205155e-12;4.546255204e-14;2.928499443e-09;2.016456967e-11;6.697354893e-10;3.295798747e-12;4.999999912e-15;1;1;1;1;1;1;1;0;0;0;0;0;0;0;0;0;0;7.007376129e-09;0.04579777272;0.09989318377;79.22484777;20.62946128
1657.193;1747837592.801;4:26:32 PM;1;3;3.792625284e-05;6.619902706e-06;3.64647223e-13;9.089223243e-14;4.852044877e-10;1.576701877e-12;1.686194934e-10;2.701801456e-12;9.85939802e-12;3.33248003e-14;2.922438957e-09;2.005267306e-11;6.683480436e-10;3.325871696e-12;4.999999912e-15;1;1;1;1;1;1;1;0;0;0;0;0;0;0;0;0;0;5.388620918e-09;0.04453113258;0.1010282738;79.2228104;20.6316302
1659.059;1747837594.667;4:26:34 PM;1;3;3.786548405e-05;6.602170288e-06;4.07898975e-13;4.506678437e-14;4.847380275e-10;1.488717353e-12;1.681455253e-10;2.720464912e-12;9.812255175e-12;1.014036267e-13;2.920581998e-09;2.014585374e-11;6.669731434e-10;3.311086214e-12;4.999999912e-15;1;1;1;1;1;1;1;0;0;0;0;0;0;0;0;0;0;3.370960694e-09;0.04181838307;0.1006675959;79.24912249;20.60839153
1660.926;1747837596.534;4:26:36 PM;1;3;3.799277692e-05;6.630071766e-06;4.402076848e-13;8.570699489e-14;4.858441427e-10;1.514446663e-12;1.681292466e-10;2.593086553e-12;9.746943704e-12;2.49893693e-14;2.914712027e-09;1.99682406e-11;6.654476414e-10;3.336337933e-12;3.946585016e-14;1;1;1;1;1;1;1;0;0;0;0;0;0;0;0;0;0;7.819351883e-09;0.04282537195;0.1017081296;79.25194267;20.60352383
1662.792;1747837598.400;4:26:38 PM;1;3;3.813037983e-05;6.773910627e-06;4.895064389e-13;1.752172761e-13;4.843505597e-10;1.592117172e-12;1.686144557e-10;2.660557538e-12;9.749049658e-12;4.999999912e-15;2.934144039e-09;2.026615334e-11;6.691684429e-10;3.369431904e-12;4.564972261e-14;1;1;1;1;1;1;1;0;0;0;0;0;0;0;0;0;0;1.6749542e-08;0.04520042405;0.1021115685;79.26541081;20.58727719
1664.659;1747837600.267;4:26:40 PM;1;3;3.80933343e-05;6.704166481e-06;4.898787539e-13;1.795801463e-13;4.847908741e-10;1.586886005e-12;1.681728645e-10;2.637635986e-12;9.809013844e-12;4.999999912e-15;2.933287169e-09;2.02497099e-11;6.684999776e-10;3.445412575e-12;8.585134285e-14;1;1;1;1;1;1;1;0;0;0;0;0;0;0;0;0;0;1.720617783e-08;0.04507323463;0.1045737941;79.27710759;20.57324538
1666.525;1747837602.133;4:26:42 PM;1;3;3.796027522e-05;6.683646461e-06;5.075831248e-13;1.937559542e-13;4.870240877e-10;1.601770799e-12;1.684937467e-10;2.653516729e-12;9.869999783e-12;4.999999912e-15;2.928822518e-09;2.014883052e-11;6.703633204e-10;3.373123829e-12;7.06639879e-14;1;1;1;1;1;1;1;0;0;0;0;0;0;0;0;0;0;1.890076667e-08;0.04560332613;0.1023649786;79.21135091;20.64068079
1668.391;1747837604.000;4:26:44 PM;1;3;3.77407996e-05;6.594577826e-06;4.93811101e-13;1.326834015e-13;4.885992722e-10;1.639847438e-12;1.690130536e-10;2.715647585e-12;9.96328367e-12;4.999999912e-15;2.938838728e-09;2.010789972e-11;6.700309751e-10;3.310099373e-12;5.270228833e-14;1;1;1;1;1;1;1;0;0;0;0;0;0;0;0;0;0;1.257213049e-08;0.04644994912;0.1001186866;79.27316498;20.58026638
1670.258;1747837605.866;4:26:45 PM;1;3;3.800607738e-05;6.624978141e-06;3.502001206e-13;9.654892174e-14;4.886140381e-10;1.551553699e-12;1.699576591e-10;2.773827175e-12;9.843127181e-12;4.999999912e-15;2.91733393e-09;2.013860606e-11;6.674445996e-10;3.293491348e-12;4.999999912e-15;1;1;1;1;1;1;1;0;0;0;0;0;0;0;0;0;0;5.692279845e-09;0.04383208045;0.1001626759;79.21297393;20.64303131
1672.124;1747837607.732;4:26:47 PM;1;3;3.785365334e-05;6.619902706e-06;3.674319692e-13;4.999999912e-15;4.833869416e-10;1.560143507e-12;1.681503686e-10;2.697581091e-12;9.836647122e-12;1.619972873e-13;2.9260947e-09;2.040692441e-11;6.653107509e-10;3.280870367e-12;4.999999912e-15;1;1;1;1;1;1;1;0;0;0;0;0;0;0;0;0;0;2.179138923e-09;0.04379531431;0.09963664498;79.31573433;20.54083371
1673.991;1747837609.599;4:26:49 PM;1;3;3.797651152e-05;6.559288067e-06;3.676928553e-13;1.147585445e-13;4.848394464e-10;1.490662194e-12;1.685638573e-10;2.658681652e-12;9.783090137e-12;1.040813689e-13;2.920423681e-09;2.012396673e-11;6.643736117e-10;3.412590523e-12;4.999999912e-15;1;1;1;1;1;1;1;0;0;0;0;0;0;0;0;0;0;8.451287928e-09;0.04206446474;0.1038978827;79.30370404;20.55033361
1675.857;1747837611.465;4:26:51 PM;1;3;3.78375189e-05;6.722180842e-06;4.961139464e-13;1.34253516e-13;4.87281715e-10;1.506035314e-12;1.693465507e-10;2.676328993e-12;9.928038426e-12;6.038955956e-14;2.935220067e-09;2.0246178e-11;6.717519874e-10;3.390041503e-12;3.797588532e-14;1;1;1;1;1;1;1;0;0;0;0;0;0;0;0;0;0;1.402931511e-08;0.0424420627;0.1026140011;79.2120847;20.64285923
1677.723;1747837613.331;4:26:53 PM;1;3;3.787171954e-05;6.691326234e-06;4.686982139e-13;1.701440502e-13;4.866730907e-10;1.510909778e-12;1.687334161e-10;2.621624922e-12;9.720350393e-12;2.992322441e-14;2.925422793e-09;2.01699317e-11;6.663550822e-10;3.406577104e-12;1.229710236e-13;1;1;1;1;1;1;1;0;0;0;0;0;0;0;0;0;0;1.640330705e-08;0.04284293786;0.1037062699;79.28516888;20.56828191
1679.59;1747837615.198;4:26:55 PM;1;3;3.801676212e-05;6.706743534e-06;4.367618463e-13;1.7819623e-13;4.860294944e-10;1.575274958e-12;1.68087419e-10;2.625093285e-12;9.746963653e-12;4.999999912e-15;2.919549047e-09;2.027398388e-11;6.672415398e-10;3.376560316e-12;6.467027434e-14;1;1;1;1;1;1;1;0;0;0;0;0;0;0;0;0;0;1.555497977e-08;0.04484638545;0.102813932;79.23461069;20.61772899
1681.456;1747837617.064;4:26:57 PM;1;3;3.815722084e-05;6.670853509e-06;5.020090788e-13;1.78149921e-13;4.844777912e-10;1.662250958e-12;1.683286011e-10;2.654131689e-12;9.783474378e-12;4.999999912e-15;2.920394593e-09;2.020726295e-11;6.689062637e-10;3.353622501e-12;1.378108782e-13;1;1;1;1;1;1;1;0;0;0;0;0;0;0;0;0;0;1.674873206e-08;0.04751442638;0.1021573492;79.19635841;20.65396981
1683.323;1747837618.931;4:26:58 PM;1;3;3.806586392e-05;6.624978141e-06;3.759844812e-13;7.431198262e-14;4.85191054e-10;1.65817143e-12;1.683236189e-10;2.680020051e-12;9.809097111e-12;4.999999912e-15;2.929306575e-09;2.027925917e-11;6.723874235e-10;3.289840622e-12;2.101779444e-14;1;1;1;1;1;1;1;0;0;0;0;0;0;0;0;0;0;3.472971581e-09;0.04682519657;0.09963975682;79.16770285;20.6858322
1685.189;1747837620.797;4:27:00 PM;1;3;3.787978494e-05;6.627525181e-06;3.651072229e-13;5.953581134e-14;4.861832603e-10;1.546496438e-12;1.691667501e-10;2.715654741e-12;9.846571475e-12;5.541389152e-14;2.925869325e-09;2.029498965e-11;6.660541008e-10;3.287992057e-12;4.999999912e-15;1;1;1;1;1;1;1;0;0;0;0;0;0;0;0;0;0;2.833314611e-09;0.04351606791;0.09982317282;79.29436826;20.5622925
1687.055;1747837622.663;4:27:02 PM;1;3;3.796141755e-05;6.645325357e-06;3.625952349e-13;7.178705872e-14;4.850681523e-10;1.591133475e-12;1.68565148e-10;2.777632074e-12;9.887583807e-12;1.315608186e-13;2.938003174e-09;2.034466519e-11;6.694406141e-10;3.343556985e-12;4.999999912e-15;1;1;1;1;1;1;1;0;0;0;0;0;0;0;0;0;0;3.454806346e-09;0.04471541066;0.1011292468;79.28211313;20.57204221
1688.922;1747837624.530;4:27:04 PM;1;3;3.808474503e-05;6.617373856e-06;4.340891524e-13;7.07311881e-14;4.862296121e-10;1.525309826e-12;1.693054585e-10;2.664491674e-12;9.82310934e-12;9.84694978e-14;2.9358036e-09;2.011440146e-11;6.674861219e-10;3.424202978e-12;4.999999912e-15;1;1;1;1;1;1;1;0;0;0;0;0;0;0;0;0;0;6.169002318e-09;0.04283773993;0.1037295725;79.31185352;20.54157917
1690.788;1747837626.396;4:27:06 PM;1;3;3.830252899e-05;6.658084658e-06;4.640849337e-13;1.188953856e-13;4.875039816e-10;1.522393973e-12;1.694125812e-10;2.579106199e-12;9.791067263e-12;3.338653206e-14;2.932632359e-09;2.032017263e-11;6.679116704e-10;3.338327011e-12;1.256985374e-14;1;1;1;1;1;1;1;0;0;0;0;0;0;0;0;0;0;1.149640385e-08;0.04294024691;0.1011541076;79.28733886;20.56856679
1692.655;1747837628.263;4:27:08 PM;1;3;3.803411892e-05;6.711885362e-06;5.045699102e-13;1.64282772e-13;4.877068194e-10;1.500050626e-12;1.688099799e-10;2.600232096e-12;9.755679771e-12;4.999999912e-15;2.931453746e-09;2.01302499e-11;6.730006552e-10;3.555238135e-12;9.37442398e-14;1;1;1;1;1;1;1;0;0;0;0;0;0;0;0;0;0;1.707450117e-08;0.04237770729;0.1078782671;79.1618951;20.68784893
1694.521;1747837630.129;4:27:10 PM;1;3;3.806887253e-05;6.632605619e-06;5.178157707e-13;2.243353073e-13;4.909032625e-10;1.579621416e-12;1.699203694e-10;2.591295234e-12;9.844589553e-12;4.999999912e-15;2.951135336e-09;2.03781627e-11;6.760861315e-10;3.448816753e-12;9.350926609e-14;1;1;1;1;1;1;1;0;0;0;0;0;0;0;0;0;0;2.220082199e-08;0.0446782715;0.10393456;79.1960289;20.65535827
1696.387;1747837631.995;4:27:11 PM;1;3;3.812686919e-05;6.750582088e-06;4.622141428e-13;1.529788666e-13;4.898474959e-10;1.548066363e-12;1.688650747e-10;2.608179298e-12;9.753134064e-12;4.999999912e-15;2.939952282e-09;2.006562971e-11;6.702294275e-10;3.484168466e-12;3.887943231e-14;1;1;1;1;1;1;1;0;0;0;0;0;0;0;0;0;0;1.429833895e-08;0.04369015924;0.1054271043;79.27448376;20.57639897
1698.254;1747837633.862;4:27:13 PM;1;3;3.803899745e-05;6.635147656e-06;4.294001678e-13;1.383968217e-13;4.89810803e-10;1.636472425e-12;1.697734175e-10;2.692551043e-12;9.787574397e-12;1.505794357e-14;2.944740451e-09;2.017190928e-11;6.7173761e-10;3.327202663e-12;1.606949911e-14;1;1;1;1;1;1;1;0;0;0;0;0;0;0;0;0;0;1.114222206e-08;0.04620419214;0.1003682272;79.26279032;20.59063726
1700.12;1747837635.728;4:27:15 PM;1;3;3.813596049e-05;6.675967143e-06;4.83289732e-13;6.247591691e-14;4.897962591e-10;1.627354501e-12;1.69765188e-10;2.717966043e-12;9.827681204e-12;6.255555156e-14;2.954717582e-09;2.007461732e-11;6.711790568e-10;3.260143457e-12;4.999999912e-15;1;1;1;1;1;1;1;0;0;0;0;0;0;0;0;0;0;5.983114936e-09;0.04565963642;0.0980445364;79.3317486;20.52454722
1701.987;1747837637.595;4:27:17 PM;1;3;3.798600665e-05;6.781701813e-06;3.771553382e-13;6.124530001e-14;4.858685676e-10;1.535684557e-12;1.693473417e-10;2.654122148e-12;9.894419485e-12;7.715152844e-14;2.938306709e-09;2.023285012e-11;6.69816369e-10;3.324958581e-12;4.999999912e-15;1;1;1;1;1;1;1;0;0;0;0;0;0;0;0;0;0;3.459660471e-09;0.04301571044;0.1005290165;79.27344266;20.58301262
1703.853;1747837639.461;4:27:19 PM;1;3;3.791703421e-05;6.758346899e-06;4.00948453e-13;7.660341681e-14;4.86027607e-10;1.546271683e-12;1.689643842e-10;2.635696132e-12;9.884660798e-12;1.002198135e-13;2.947909028e-09;2.049095442e-11;6.724754087e-10;3.347342369e-12;4.999999912e-15;1;1;1;1;1;1;1;0;0;0;0;0;0;0;0;0;0;5.488885389e-09;0.04325761387;0.1008887348;79.26583941;20.59001424
1705.719;1747837641.327;4:27:21 PM;1;3;3.81244754e-05;6.652976481e-06;4.433091535e-13;1.056146544e-13;4.87689944e-10;1.532984568e-12;1.69112252e-10;2.577358466e-12;9.789484327e-12;8.974625784e-15;2.920516273e-09;2.005497851e-11;6.681170062e-10;3.405549497e-12;6.434769032e-14;1;1;1;1;1;1;1;0;0;0;0;0;0;0;0;0;0;9.551960428e-09;0.04333926421;0.1036471602;79.21610643;20.63690715
1707.586;1747837643.194;4:27:23 PM;1;3;3.823551015e-05;6.675967143e-06;4.76825556e-13;1.722896457e-13;4.869328829e-10;1.529511218e-12;1.696857516e-10;2.582913917e-12;9.714353454e-12;4.999999912e-15;2.94120861e-09;2.023909339e-11;6.699574784e-10;3.461514929e-12;4.189370408e-14;1;1;1;1;1;1;1;0;0;0;0;0;0;0;0;0;0;1.667536285e-08;0.0431905486;0.1047151101;79.28157296;20.57052138
1709.452;1747837645.060;4:27:25 PM;1;3;3.82237813e-05;6.699031019e-06;4.951302497e-13;5.477817635e-14;4.87719698e-10;1.537334062e-12;1.686698559e-10;2.608960574e-12;9.592736328e-12;4.999999912e-15;2.930906851e-09;2.026846919e-11;6.696554422e-10;3.379229188e-12;6.558277277e-14;1;1;1;1;1;1;1;0;0;0;0;0;0;0;0;0;0;6.484163005e-09;0.04324190003;0.1025081258;79.24049307;20.6137569
1711.319;1747837646.927;4:27:26 PM;1;3;3.814836964e-05;6.660628969e-06;4.393833658e-13;1.746647125e-13;4.854990299e-10;1.604276824e-12;1.687523177e-10;2.622007646e-12;9.737543237e-12;4.999999912e-15;2.927743603e-09;2.028495948e-11;6.694588217e-10;3.398891628e-12;3.907158004e-14;1;1;1;1;1;1;1;0;0;0;0;0;0;0;0;0;0;1.504504383e-08;0.04558897641;0.1031695646;79.22302754;20.62821392
1713.185;1747837648.793;4:27:28 PM;1;3;3.801713683e-05;6.658084658e-06;3.75273109e-13;2.017463887e-13;4.898391137e-10;1.585619223e-12;1.694095142e-10;2.694195778e-12;9.778936341e-12;9.923963371e-15;2.93429836e-09;2.004395261e-11;6.687455589e-10;3.328460988e-12;4.999999912e-15;1;1;1;1;1;1;1;0;0;0;0;0;0;0;0;0;0;1.570871289e-08;0.04496196771;0.1007552014;79.27788968;20.57639315
1715.051;1747837650.659;4:27:30 PM;1;3;3.792464122e-05;6.704166481e-06;3.479927663e-13;4.200720311e-14;4.868854209e-10;1.573548258e-12;1.68837902e-10;2.70846106e-12;9.847890732e-12;3.820786732e-14;2.929875453e-09;2.011383941e-11;6.694573784e-10;3.229164332e-12;4.999999912e-15;1;1;1;1;1;1;1;0;0;0;0;0;0;0;0;0;0;4.623475732e-10;0.04418042596;0.09779726808;79.24081847;20.61720384
1716.918;1747837652.526;4:27:32 PM;1;3;3.811669012e-05;6.668290098e-06;3.574696962e-13;4.214510007e-14;4.860178371e-10;1.503613423e-12;1.691144308e-10;2.686507917e-12;9.823805831e-12;2.185013814e-14;2.93648883e-09;2.02999579e-11;6.697086774e-10;3.370981012e-12;4.999999912e-15;1;1;1;1;1;1;1;0;0;0;0;0;0;0;0;0;0;1.416270228e-09;0.04199847381;0.1020034317;79.2670851;20.58891299
1718.784;1747837654.392;4:27:34 PM;1;3;3.799687693e-05;6.66317419e-06;4.071378109e-13;5.315877133e-14;4.870457926e-10;1.47253184e-12;1.688065104e-10;2.619213006e-12;9.83259394e-12;9.045514988e-14;2.943951527e-09;2.017565975e-11;6.694210741e-10;3.392365165e-12;4.999999912e-15;1;1;1;1;1;1;1;0;0;0;0;0;0;0;0;0;0;4.233515563e-09;0.04105928903;0.1024697022;79.3170319;20.5394391
1720.651;1747837656.259;4:27:36 PM;1;3;3.781729538e-05;6.635147656e-06;4.984337053e-13;1.057883842e-13;4.872799941e-10;1.470787901e-12;1.683362894e-10;2.600332276e-12;9.739635314e-12;5.25698632e-14;2.938826293e-09;2.027241569e-11;6.698849808e-10;3.381023109e-12;4.603852767e-14;1;1;1;1;1;1;1;0;0;0;0;0;0;0;0;0;0;1.184086322e-08;0.04128852118;0.102316019;79.28126572;20.57512974
1722.517;1747837658.125;4:27:38 PM;1;3;3.788730828e-05;6.612297511e-06;4.813362708e-13;2.660009799e-13;4.890997607e-10;1.474992979e-12;1.689058754e-10;2.59180134e-12;9.667027595e-12;4.999999912e-15;2.936558108e-09;2.018638035e-11;6.70941469e-10;3.439745233e-12;8.121170294e-14;1;1;1;1;1;1;1;0;0;0;0;0;0;0;0;0;0;2.583877081e-08;0.04184897497;0.1042056477;79.241215;20.61273038
1724.383;1747837659.991;4:27:39 PM;1;3;3.797779937e-05;6.66317419e-06;5.139680999e-13;1.737487243e-13;4.869619152e-10;1.633281509e-12;1.692375684e-10;2.638598975e-12;9.653967729e-12;4.999999912e-15;2.923959741e-09;2.012530767e-11;6.706769584e-10;3.436562233e-12;9.79612306e-14;1;1;1;1;1;1;1;0;0;0;0;0;0;0;0;0;0;1.698565702e-08;0.04655848579;0.10449262;79.17109609;20.67785281
1726.25;1747837661.858;4:27:41 PM;1;3;3.790438132e-05;6.711885362e-06;4.558197353e-13;2.016189543e-13;4.876516968e-10;1.623739988e-12;1.69044681e-10;2.645744084e-12;9.861754642e-12;4.999999912e-15;2.93775293e-09;2.014512515e-11;6.717230105e-10;3.337780356e-12;8.572740499e-14;1;1;1;1;1;1;1;0;0;0;0;0;0;0;0;0;0;1.781960268e-08;0.04611133887;0.1010125299;79.22680706;20.62606907
1728.116;1747837663.724;4:27:43 PM;1;3;3.810323688e-05;6.645325357e-06;4.106070952e-13;1.346218872e-13;4.856656743e-10;1.627751211e-12;1.681681877e-10;2.720453203e-12;9.789759281e-12;2.284428546e-14;2.934091414e-09;2.03896483e-11;6.714344636e-10;3.232447296e-12;2.757552352e-14;1;1;1;1;1;1;1;0;0;0;0;0;0;0;0;0;0;1.03022722e-08;0.04606102347;0.09778013605;79.21909246;20.63706638
1729.983;1747837665.591;4:27:45 PM;1;3;3.795812154e-05;6.704166481e-06;4.101550913e-13;6.168787134e-14;4.855242874e-10;1.610684242e-12;1.681119549e-10;2.745481576e-12;9.800788653e-12;1.043447352e-13;2.942589061e-09;2.019469314e-11;6.685403897e-10;3.225137171e-12;4.999999912e-15;1;1;1;1;1;1;1;0;0;0;0;0;0;0;0;0;0;3.817564398e-09;0.04528109295;0.09738169093;79.33304627;20.52429095
1731.849;1747837667.457;4:27:47 PM;1;3;3.79748235e-05;6.655526704e-06;3.771036218e-13;6.24002396e-14;4.862646952e-10;1.538794916e-12;1.687435747e-10;2.69195213e-12;9.774402641e-12;9.738675253e-14;2.932804888e-09;2.011476923e-11;6.706385447e-10;3.292795507e-12;4.999999912e-15;1;1;1;1;1;1;1;0;0;0;0;0;0;0;0;0;0;3.534142103e-09;0.04316622092;0.09965887686;79.22873849;20.62843641
1733.715;1747837669.323;4:27:49 PM;1;3;3.793348878e-05;6.594577826e-06;4.356984608e-13;8.021807909e-14;4.898616512e-10;1.490040838e-12;1.693923474e-10;2.676658808e-12;9.746247212e-12;7.062017935e-14;2.922593945e-09;2.005815652e-11;6.684950371e-10;3.431690262e-12;4.999999912e-15;1;1;1;1;1;1;1;0;0;0;0;0;0;0;0;0;0;7.408602284e-09;0.04192718336;0.1042771765;79.21973879;20.63405685
1735.582;1747837671.190;4:27:51 PM;1;3;3.820544225e-05;6.722180842e-06;4.917596278e-13;1.205879607e-13;4.858268787e-10;1.501951558e-12;1.685001583e-10;2.592153055e-12;9.693617437e-12;7.427514007e-14;2.930598209e-09;2.017179826e-11;6.669590991e-10;3.423800306e-12;3.166606585e-14;1;1;1;1;1;1;1;0;0;0;0;0;0;0;0;0;0;1.269122855e-08;0.04239221146;0.1039290402;79.29997461;20.55370414
1737.448;1747837673.056;4:27:53 PM;1;3;3.792603093e-05;6.675967143e-06;4.595493365e-13;1.659016755e-13;4.867710124e-10;1.511438544e-12;1.690578233e-10;2.570046389e-12;9.603648606e-12;1.321950938e-14;2.936541899e-09;2.019021408e-11;6.685503262e-10;3.434087433e-12;3.5975678e-14;1;1;1;1;1;1;1;0;0;0;0;0;0;0;0;0;0;1.573145316e-08;0.04268446254;0.1040350155;79.29293605;20.56034447
1739.315;1747837674.923;4:27:54 PM;1;3;3.782129352e-05;6.704166481e-06;4.917007556e-13;1.831823403e-13;4.874636805e-10;1.58883128e-12;1.689262757e-10;2.578680975e-12;9.72052213e-12;4.999999912e-15;2.942235122e-09;2.035531119e-11;6.715531464e-10;3.347496108e-12;9.031376992e-14;1;1;1;1;1;1;1;0;0;0;0;0;0;0;0;0;0;1.757155001e-08;0.04499157852;0.1012085796;79.25621816;20.59758168
1741.181;1747837676.789;4:27:56 PM;1;3;3.815036325e-05;6.658084658e-06;4.314332095e-13;1.672402857e-13;4.881771654e-10;1.593941125e-12;1.693735846e-10;2.662373577e-12;9.768190597e-12;4.999999912e-15;2.94475444e-09;2.03727972e-11;6.704515831e-10;3.385584781e-12;6.641861133e-14;1;1;1;1;1;1;1;0;0;0;0;0;0;0;0;0;0;1.422178817e-08;0.04502645251;0.1023003592;79.29257362;20.56009957
1743.047;1747837678.655;4:27:58 PM;1;3;3.795735756e-05;6.686208053e-06;4.008026007e-13;8.302076881e-14;4.868404568e-10;1.619404155e-12;1.684598849e-10;2.610301081e-12;9.721309695e-12;5.313678235e-15;2.940151012e-09;2.035077315e-11;6.695819454e-10;3.308103574e-12;4.999999912e-15;1;1;1;1;1;1;1;0;0;0;0;0;0;0;0;0;0;5.388017485e-09;0.04560471781;0.09996631803;79.2928222;20.56160677
1744.914;1747837680.522;4:28:00 PM;1;3;3.810385533e-05;6.699031019e-06;3.498556154e-13;1.035203282e-13;4.867697911e-10;1.60689669e-12;1.694378665e-10;2.67382427e-12;9.894462853e-12;5.753806719e-14;2.952205369e-09;2.039012015e-11;6.716432965e-10;3.266121314e-12;4.999999912e-15;1;1;1;1;1;1;1;0;0;0;0;0;0;0;0;0;0;5.80100115e-09;0.04506474876;0.0982949889;79.30691509;20.54972517
1746.78;1747837682.388;4:28:02 PM;1;3;3.801393177e-05;6.740236131e-06;3.501946183e-13;4.880886073e-14;4.884743721e-10;1.484561822e-12;1.694031859e-10;2.633457471e-12;9.690343146e-12;7.249694009e-14;2.943032928e-09;2.022265341e-11;6.728360091e-10;3.21769846e-12;4.999999912e-15;1;1;1;1;1;1;1;0;0;0;0;0;0;0;0;0;0;1.975342558e-09;0.04132337061;0.09700298454;79.2356003;20.62607335
1748.647;1747837684.255;4:28:04 PM;1;3;3.81485188e-05;6.732499514e-06;4.210901105e-13;6.679644901e-14;4.870354675e-10;1.470888407e-12;1.686210616e-10;2.627545967e-12;9.759222076e-12;6.682034212e-14;2.932816212e-09;2.034023644e-11;6.691951993e-10;3.377332268e-12;4.50677737e-14;1;1;1;1;1;1;1;0;0;0;0;0;0;0;0;0;0;5.917430103e-09;0.04118431383;0.1023820299;79.26289545;20.59353821
1750.513;1747837686.121;4:28:06 PM;1;3;3.791693234e-05;6.665742603e-06;4.547519045e-13;1.457794389e-13;4.876662407e-10;1.541946041e-12;1.69024128e-10;2.608299861e-12;9.714762848e-12;3.134547743e-14;2.932585952e-09;2.037692237e-11;6.708482658e-10;3.410026601e-12;4.18832517e-14;1;1;1;1;1;1;1;0;0;0;0;0;0;0;0;0;0;1.34713602e-08;0.04355991112;0.1033357598;79.21921919;20.63388514
1752.379;1747837687.987;4:28:07 PM;1;3;3.82381113e-05;6.714464689e-06;5.143320123e-13;2.045630104e-13;4.886748783e-10;1.579714007e-12;1.68953837e-10;2.60388499e-12;9.689522622e-12;4.999999912e-15;2.944491095e-09;2.031939374e-11;6.743665071e-10;3.458244325e-12;8.931664273e-14;1;1;1;1;1;1;1;0;0;0;0;0;0;0;0;0;0;2.029560954e-08;0.04473035359;0.1044669565;79.20223895;20.64856374
1754.246;1747837689.854;4:28:09 PM;1;3;3.822576036e-05;6.660628969e-06;5.224031385e-13;2.176003789e-13;4.899216588e-10;1.573778542e-12;1.694860918e-10;2.613377613e-12;9.745982667e-12;4.999999912e-15;2.948918665e-09;2.033622923e-11;6.695082821e-10;3.438306714e-12;5.842666574e-14;1;1;1;1;1;1;1;0;0;0;0;0;0;0;0;0;0;2.178400535e-08;0.04460278694;0.1038175321;79.33682909;20.51475059
1756.112;1747837691.720;4:28:11 PM;1;3;3.792462303e-05;6.681078503e-06;4.554831989e-13;1.48876354e-13;4.873784154e-10;1.630683327e-12;1.68591488e-10;2.628541482e-12;9.871238375e-12;4.999999912e-15;2.960309775e-09;2.045471084e-11;6.761715077e-10;3.336937931e-12;2.825752395e-14;1;1;1;1;1;1;1;0;0;0;0;0;0;0;0;0;0;1.295061698e-08;0.04584543717;0.1001693942;79.24958048;20.60440469
1757.979;1747837693.587;4:28:13 PM;1;3;3.794861186e-05;6.714464689e-06;4.099544055e-13;9.795922482e-14;4.893445094e-10;1.600001598e-12;1.690675794e-10;2.654069239e-12;9.734473644e-12;3.029210048e-14;2.93865754e-09;2.03515e-11;6.713115064e-10;3.237175068e-12;2.355764475e-14;1;1;1;1;1;1;1;0;0;0;0;0;0;0;0;0;0;7.207609132e-09;0.04505909111;0.09778492055;79.24597224;20.61118375
1759.845;1747837695.453;4:28:15 PM;1;3;3.805584129e-05;6.632605619e-06;3.367476111e-13;7.35304016e-14;4.887756311e-10;1.55633709e-12;1.691414786e-10;2.642221077e-12;9.757294799e-12;7.254273408e-14;2.928393306e-09;2.019600806e-11;6.708349432e-10;3.32159647e-12;5.934861706e-14;1;1;1;1;1;1;1;0;0;0;0;0;0;0;0;0;0;3.141867103e-09;0.04373086148;0.1007390096;79.19898108;20.65654905
1761.711;1747837697.319;4:28:17 PM;1;3;3.803088839e-05;6.668290098e-06;4.137691979e-13;6.804596491e-14;4.925476138e-10;1.519864746e-12;1.695860258e-10;2.649054587e-12;9.799817208e-12;1.026979337e-13;2.951978662e-09;2.040266393e-11;6.732311375e-10;3.332245287e-12;4.999999912e-15;1;1;1;1;1;1;1;0;0;0;0;0;0;0;0;0;0;5.350703745e-09;0.04238441466;0.1002641432;79.27405579;20.58329565
1763.578;1747837699.186;4:28:19 PM;1;3;3.814477532e-05;6.681078503e-06;4.277852215e-13;6.217722599e-14;4.882312332e-10;1.497289272e-12;1.689105245e-10;2.633309152e-12;9.704905282e-12;8.500905329e-14;2.944468669e-09;2.046023247e-11;6.702944866e-10;3.382402648e-12;1.308061291e-14;1;1;1;1;1;1;1;0;0;0;0;0;0;0;0;0;0;5.458060541e-09;0.04183048895;0.1021299592;79.29983683;20.55620272
1765.444;1747837701.052;4:28:21 PM;1;3;3.815584205e-05;6.640242191e-06;4.703653916e-13;1.132561181e-13;4.873013104e-10;1.454718724e-12;1.692078005e-10;2.604223694e-12;9.68360548e-12;2.004106889e-14;2.931414445e-09;2.03898582e-11;6.71436573e-10;3.44090121e-12;9.049295127e-15;1;1;1;1;1;1;1;0;0;0;0;0;0;0;0;0;0;1.180591317e-08;0.04085640831;0.1042510681;79.19937544;20.65551709
1767.311;1747837702.919;4:28:22 PM;1;3;3.794236909e-05;6.76872105e-06;4.821273047e-13;1.253644947e-13;4.877140358e-10;1.590775471e-12;1.697902235e-10;2.550421246e-12;9.628498519e-12;4.999999912e-15;2.938395527e-09;2.041345738e-11;6.729958257e-10;3.407102942e-12;4.999999912e-15;1;1;1;1;1;1;1;0;0;0;0;0;0;0;0;0;0;1.200367516e-08;0.04490406545;0.1029535916;79.19646805;20.65567429
1769.177;1747837704.785;4:28:24 PM;1;3;3.794624354e-05;6.647880127e-06;5.362707891e-13;1.556526175e-13;4.86363394e-10;1.553404432e-12;1.684659634e-10;2.598782517e-12;9.650447975e-12;4.999999912e-15;2.928971288e-09;2.022766503e-11;6.699734656e-10;3.37958459e-12;1.510687327e-13;1;1;1;1;1;1;1;0;0;0;0;0;0;0;0;0;0;1.676896616e-08;0.04406715515;0.1027148007;79.22167739;20.63154065
1771.043;1747837706.651;4:28:26 PM;1;3;3.795252996e-05;6.747996395e-06;4.759598748e-13;1.378472396e-13;4.894580852e-10;1.586113402e-12;1.685496603e-10;2.6335145e-12;9.703690976e-12;4.999999912e-15;2.926643816e-09;2.006559502e-11;6.705103694e-10;3.307839896e-12;4.479149189e-14;1;1;1;1;1;1;1;0;0;0;0;0;0;0;0;0;0;1.299199415e-08;0.04496532741;0.1003441529;79.20004806;20.65464246
1772.91;1747837708.518;4:28:28 PM;1;3;3.77728793e-05;6.735072475e-06;3.799605487e-13;9.847943858e-14;4.857621527e-10;1.573934342e-12;1.685376283e-10;2.668583453e-12;9.660501565e-12;9.943872033e-15;2.926869413e-09;2.007983536e-11;6.693006704e-10;3.372917614e-12;2.472303165e-14;1;1;1;1;1;1;1;0;0;0;0;0;0;0;0;0;0;6.574868484e-09;0.04441695489;0.1023708449;79.22486936;20.62834284
1774.776;1747837710.384;4:28:30 PM;1;3;3.784722867e-05;6.617373856e-06;3.757041607e-13;4.931216432e-14;4.85295526e-10;1.574321511e-12;1.686216722e-10;2.57972246e-12;9.702865247e-12;4.181306993e-14;2.910622632e-09;2.000735688e-11;6.65550115e-10;3.275534141e-12;4.999999912e-15;1;1;1;1;1;1;1;0;0;0;0;0;0;0;0;0;0;1.971266412e-09;0.04452971907;0.09986036094;79.22415817;20.63145175
1776.643;1747837712.251;4:28:32 PM;1;3;3.800500417e-05;6.683646461e-06;3.719770531e-13;3.251037135e-14;4.824312616e-10;1.514329352e-12;1.683621437e-10;2.690553075e-12;9.756879332e-12;8.784361856e-14;2.918887798e-09;2.006433561e-11;6.6762601e-10;3.253606802e-12;4.999999912e-15;1;1;1;1;1;1;1;0;0;0;0;0;0;0;0;0;0;8.87009099e-10;0.04254166344;0.09891650902;79.22232418;20.63621765
1778.509;1747837714.117;4:28:34 PM;1;3;3.785405352e-05;6.642779681e-06;4.274795849e-13;1.951508481e-13;4.866823611e-10;1.514618183e-12;1.67854175e-10;2.628511341e-12;9.683848341e-12;7.813619408e-14;2.925836018e-09;2.032611753e-11;6.677857711e-10;3.408501129e-12;4.999999912e-15;1;1;1;1;1;1;1;0;0;0;0;0;0;0;0;0;0;1.737441306e-08;0.04296595946;0.1035149851;79.25903315;20.5944859
1780.375;1747837715.983;4:28:35 PM;1;3;3.815288801e-05;6.622447472e-06;5.406789383e-13;1.133178431e-13;4.869070702e-10;1.478066476e-12;1.688665319e-10;2.526076787e-12;9.642621771e-12;2.498538147e-14;2.927230014e-09;2.052497235e-11;6.672391528e-10;3.397963551e-12;5.657878883e-14;1;1;1;1;1;1;1;0;0;0;0;0;0;0;0;0;0;1.375663571e-08;0.04172658393;0.1032486035;79.27525369;20.57977112
1782.242;1747837717.850;4:28:37 PM;1;3;3.802221545e-05;6.706743534e-06;5.243630508e-13;1.698025401e-13;4.856856584e-10;1.499906969e-12;1.679992256e-10;2.574341348e-12;9.663605853e-12;4.999999912e-15;2.926732634e-09;2.017628078e-11;6.679461428e-10;3.402998369e-12;8.817664481e-14;1;1;1;1;1;1;1;0;0;0;0;0;0;0;0;0;0;1.8186192e-08;0.04253057685;0.1034616117;79.25892641;20.59508141
1784.108;1747837719.716;4:28:39 PM;1;3;3.786541856e-05;6.69389874e-06;5.272871983e-13;1.773504303e-13;4.830911227e-10;1.564405289e-12;1.671343619e-10;2.628556227e-12;9.576544419e-12;4.999999912e-15;2.92037261e-09;2.027230987e-11;6.672194464e-10;3.390947896e-12;9.450987627e-14;1;1;1;1;1;1;1;0;0;0;0;0;0;0;0;0;0;1.836273298e-08;0.04459845165;0.1033099545;79.24192127;20.61017033
1785.975;1747837721.583;4:28:41 PM;1;3;3.80123347e-05;6.607231626e-06;4.706531389e-13;1.990686397e-13;4.845588375e-10;1.603033244e-12;1.685673684e-10;2.632711757e-12;9.580999188e-12;4.999999912e-15;2.926775489e-09;2.023602119e-11;6.716130985e-10;3.282154496e-12;8.734678969e-14;1;1;1;1;1;1;1;0;0;0;0;0;0;0;0;0;0;1.823635784e-08;0.04563544288;0.09960673258;79.17088092;20.6838769
1787.841;1747837723.449;4:28:43 PM;1;3;3.801071944e-05;6.686208053e-06;4.140948381e-13;1.298339013e-13;4.865628456e-10;1.651701237e-12;1.686409207e-10;2.62472032e-12;9.624286611e-12;2.829536261e-14;2.927444287e-09;2.026693743e-11;6.685363374e-10;3.354295574e-12;4.999999912e-15;1;1;1;1;1;1;1;0;0;0;0;0;0;0;0;0;0;9.751715932e-09;0.04689025858;0.1017609829;79.24436767;20.60698109
1789.707;1747837725.315;4:28:45 PM;1;3;3.807105168e-05;6.66317419e-06;4.297501482e-13;8.961833554e-14;4.868991321e-10;1.605196987e-12;1.688035128e-10;2.700356432e-12;9.671802421e-12;7.840749534e-14;2.929554155e-09;2.020997779e-11;6.702058353e-10;3.319910753e-12;4.999999912e-15;1;1;1;1;1;1;1;0;0;0;0;0;0;0;0;0;0;7.009876593e-09;0.04533851742;0.1005902894;79.21882755;20.63524364
1791.574;1747837727.182;4:28:47 PM;1;3;3.808728798e-05;6.624978141e-06;3.670840487e-13;5.580169031e-14;4.861087088e-10;1.497134231e-12;1.687610607e-10;2.624731162e-12;9.817644094e-12;9.443619118e-14;2.925107268e-09;2.007053031e-11;6.714850342e-10;3.312796868e-12;4.999999912e-15;1;1;1;1;1;1;1;0;0;0;0;0;0;0;0;0;0;3.013457858e-09;0.04195530875;0.1004576324;79.16731628;20.69027078
1793.44;1747837729.048;4:28:49 PM;1;3;3.802233914e-05;6.704166481e-06;4.517958815e-13;4.919816047e-14;4.872291459e-10;1.509248672e-12;1.685072221e-10;2.712449839e-12;9.677968496e-12;6.977189958e-14;2.949182232e-09;2.010185768e-11;6.69457767e-10;3.357814461e-12;4.999999912e-15;1;1;1;1;1;1;1;0;0;0;0;0;0;0;0;0;0;4.905476689e-09;0.04213844372;0.1012647199;79.34624888;20.51034796
1795.307;1747837730.915;4:28:50 PM;1;3;3.804863445e-05;6.771315384e-06;4.718658732e-13;1.199059434e-13;4.848766388e-10;1.530314395e-12;1.687784495e-10;2.513237882e-12;9.636256203e-12;4.941122652e-14;2.920871323e-09;1.998779788e-11;6.673001596e-10;3.357573768e-12;4.619334158e-14;1;1;1;1;1;1;1;0;0;0;0;0;0;0;0;0;0;1.17539071e-08;0.04333810078;0.1021571678;79.23745623;20.61704851
1797.173;1747837732.781;4:28:52 PM;1;3;3.790360279e-05;6.632605619e-06;5.064103433e-13;1.832241634e-13;4.860036817e-10;1.60049838e-12;1.688661988e-10;2.597014184e-12;9.588899119e-12;4.999999912e-15;2.949795963e-09;2.025058767e-11;6.740766834e-10;3.439462257e-12;8.387203014e-14;1;1;1;1;1;1;1;0;0;0;0;0;0;0;0;0;0;1.791922963e-08;0.04523552049;0.1037561069;79.23588426;20.61512411
1799.039;1747837734.647;4:28:54 PM;1;3;3.799357e-05;6.714464689e-06;4.89759329e-13;2.238897408e-13;4.909537776e-10;1.635652009e-12;1.697727098e-10;2.580120362e-12;9.686454763e-12;4.999999912e-15;2.945700128e-09;2.02481417e-11;6.706843969e-10;3.362886358e-12;6.895746046e-14;1;1;1;1;1;1;1;0;0;0;0;0;0;0;0;0;0;2.077684911e-08;0.04647149112;0.1015572005;79.29207883;20.55989248
1800.906;1747837736.514;4:28:56 PM;1;3;3.809060581e-05;6.691326234e-06;4.589061878e-13;1.688587014e-13;4.880792437e-10;1.646643325e-12;1.69387851e-10;2.651669899e-12;9.681183806e-12;4.999999912e-15;2.94913205e-09;2.030614218e-11;6.712985168e-10;3.352097246e-12;9.94387881e-15;1;1;1;1;1;1;1;0;0;0;0;0;0;0;0;0;0;1.472386015e-08;0.04657833467;0.1010304302;79.29631889;20.55607234
1802.772;1747837738.380;4:28:58 PM;1;3;3.813972944e-05;6.670853509e-06;3.842865696e-13;5.420271572e-14;4.842579671e-10;1.685318768e-12;1.688280488e-10;2.644860893e-12;9.661644748e-12;6.83451234e-15;2.926679565e-09;2.015447011e-11;6.714906409e-10;3.318122903e-12;4.999999912e-15;1;1;1;1;1;1;1;0;0;0;0;0;0;0;0;0;0;1.648090806e-09;0.04764253704;0.1005824543;79.16916213;20.68261288
1804.639;1747837740.247;4:29:00 PM;1;3;3.818384357e-05;6.78430888e-06;3.385183572e-13;3.668256766e-14;4.869127879e-10;1.563209414e-12;1.688206935e-10;2.636958577e-12;9.659760838e-12;3.371956509e-14;2.943669086e-09;2.048370154e-11;6.72200906e-10;3.3222999e-12;4.999999912e-15;1;1;1;1;1;1;1;0;0;0;0;0;0;0;0;0;0;2.16885693e-10;0.04364945374;0.1002345005;79.25097778;20.60513826
1806.505;1747837742.113;4:29:02 PM;1;3;3.788935283e-05;6.78430888e-06;3.58776458e-13;1.07513316e-14;4.876840043e-10;1.540189417e-12;1.691941032e-10;2.647766555e-12;9.708863921e-12;1.109915586e-13;2.948911115e-09;2.033920254e-11;6.749196202e-10;3.304262029e-12;4.999999912e-15;1;1;1;1;1;1;1;0;0;0;0;0;0;0;0;0;0;1.737062849e-09;0.04280917795;0.09945868295;79.21681353;20.64091861
1808.371;1747837743.979;4:29:03 PM;1;3;3.81000209e-05;6.691326234e-06;4.280844071e-13;2.001469059e-14;4.878671911e-10;1.488567949e-12;1.684219153e-10;2.62149742e-12;9.564703196e-12;8.809202283e-14;2.928616905e-09;2.014777234e-11;6.681918907e-10;3.339814102e-12;4.999999912e-15;1;1;1;1;1;1;1;0;0;0;0;0;0;0;0;0;0;1.715899467e-09;0.04165305532;0.1012925447;79.26557582;20.59147858
1810.238;1747837745.846;4:29:05 PM;1;3;3.785402077e-05;6.637691058e-06;4.407239547e-13;1.10397165e-13;4.828695777e-10;1.560316112e-12;1.68785555e-10;2.527393442e-12;9.587517412e-12;5.717466295e-14;2.932698084e-09;2.017844052e-11;6.752177706e-10;3.469038208e-12;2.606714249e-14;1;1;1;1;1;1;1;0;0;0;0;0;0;0;0;0;0;9.653158659e-09;0.04395510131;0.1050182383;79.11442745;20.73659921
1812.104;1747837747.712;4:29:07 PM;1;3;3.820561324e-05;6.699031019e-06;5.089601158e-13;1.384735019e-13;4.863840442e-10;1.531999787e-12;1.681497858e-10;2.553283106e-12;9.547354227e-12;2.114822057e-14;2.943338906e-09;2.016894637e-11;6.722908896e-10;3.451426861e-12;6.466530734e-14;1;1;1;1;1;1;1;0;0;0;0;0;0;0;0;0;0;1.456659454e-08;0.04315428566;0.1043270028;79.24736795;20.60515076
1813.971;1747837749.579;4:29:09 PM;1;3;3.816790195e-05;6.722180842e-06;4.936293345e-13;2.229648215e-13;4.874871617e-10;1.541918394e-12;1.688685719e-10;2.574786955e-12;9.654631261e-12;4.999999912e-15;2.937055932e-09;2.031295271e-11;6.703887445e-10;3.404466813e-12;1.221710179e-13;1;1;1;1;1;1;1;0;0;0;0;0;0;0;0;0;0;2.168294245e-08;0.04376447094;0.1031952386;79.25472487;20.59831542
1815.837;1747837751.445;4:29:11 PM;1;3;3.796796955e-05;6.609764114e-06;4.700453351e-13;2.231485125e-13;4.863400793e-10;1.630709348e-12;1.684606621e-10;2.57399527e-12;9.579898506e-12;4.999999912e-15;2.918171704e-09;2.015438337e-11;6.68666289e-10;3.384913443e-12;6.687012733e-14;1;1;1;1;1;1;1;0;0;0;0;0;0;0;0;0;0;2.01492159e-08;0.04667966725;0.1030657356;79.19065893;20.65959567
1817.703;1747837753.311;4:29:13 PM;1;3;3.801714774e-05;6.650420346e-06;4.403799645e-13;1.720850296e-13;4.856197111e-10;1.614791634e-12;1.681179362e-10;2.689229915e-12;9.64786237e-12;2.356063139e-14;2.919712472e-09;2.025062756e-11;6.680488385e-10;3.344256296e-12;2.000025376e-14;1;1;1;1;1;1;1;0;0;0;0;0;0;0;0;0;0;1.47434801e-08;0.04601963534;0.1017063883;79.21619699;20.63607699
1819.57;1747837755.178;4:29:15 PM;1;3;3.793700307e-05;6.722180842e-06;4.008593587e-13;1.175582526e-13;4.824128874e-10;1.595717265e-12;1.677275124e-10;2.648227991e-12;9.550414279e-12;8.869288089e-14;2.924459119e-09;2.030426348e-11;6.666314167e-10;3.291254639e-12;3.890730308e-14;1;1;1;1;1;1;1;0;0;0;0;0;0;0;0;0;0;8.749238233e-09;0.04522256389;0.10002711;79.27616495;20.57858537
1821.436;1747837757.044;4:29:17 PM;1;3;3.798268153e-05;6.597104857e-06;4.309652678e-13;5.909275212e-14;4.856735569e-10;1.585257208e-12;1.68565148e-10;2.693885262e-12;9.682391174e-12;1.327734987e-13;2.932600163e-09;2.039863591e-11;6.739135361e-10;3.323885438e-12;4.999999912e-15;1;1;1;1;1;1;1;0;0;0;0;0;0;0;0;0;0;4.457900402e-09;0.04457151225;0.100531549;79.15067988;20.70421706
1823.303;1747837758.911;4:29:18 PM;1;3;3.778768587e-05;6.66317419e-06;4.2129123e-13;5.886126141e-14;4.871230086e-10;1.511806956e-12;1.682071982e-10;2.599534954e-12;9.555828351e-12;9.63607449e-14;2.916992425e-09;2.022244178e-11;6.651848516e-10;3.365156027e-12;4.999999912e-15;1;1;1;1;1;1;1;0;0;0;0;0;0;0;0;0;0;4.822036692e-09;0.04262707748;0.1024850145;79.2707654;20.58412251
1825.169;1747837760.777;4:29:20 PM;1;3;3.798573744e-05;6.722180842e-06;4.524046881e-13;1.161160876e-13;4.835907785e-10;1.456324319e-12;1.667504329e-10;2.590731449e-12;9.550007486e-12;6.457818492e-14;2.909377406e-09;1.993345072e-11;6.67379485e-10;3.385317634e-12;5.432318075e-14;1;1;1;1;1;1;1;0;0;0;0;0;0;0;0;0;0;1.149866845e-08;0.04119766134;0.1033659331;79.18318001;20.67225639
1827.035;1747837762.643;4:29:22 PM;1;3;3.794430086e-05;6.604707778e-06;4.740895176e-13;1.174980252e-13;4.874710635e-10;1.525417271e-12;1.689093032e-10;2.532312034e-12;9.512715268e-12;4.999999912e-15;2.934380738e-09;2.020710682e-11;6.678542164e-10;3.415827517e-12;2.220805869e-14;1;1;1;1;1;1;1;0;0;0;0;0;0;0;0;0;0;1.164892638e-08;0.04301849243;0.1035249162;79.29886558;20.55459101
1828.902;1747837764.510;4:29:24 PM;1;3;3.809834743e-05;6.635147656e-06;5.0205944e-13;1.587415637e-13;4.860954417e-10;1.501916863e-12;1.688442441e-10;2.565805207e-12;9.497431487e-12;4.999999912e-15;2.936383359e-09;2.008634058e-11;6.703966826e-10;3.370630164e-12;9.182314875e-14;1;1;1;1;1;1;1;0;0;0;0;0;0;0;0;0;0;1.647628539e-08;0.04239871562;0.1021244397;79.2517268;20.60375004
1830.768;1747837766.376;4:29:26 PM;1;3;3.78581135e-05;6.714464689e-06;4.739242852e-13;2.057886874e-13;4.839763035e-10;1.572305654e-12;1.68576389e-10;2.558160281e-12;9.595216982e-12;4.999999912e-15;2.907329932e-09;2.057706436e-11;6.733018032e-10;3.407434491e-12;1.396224885e-14;1;1;1;1;1;1;1;0;0;0;0;0;0;0;0;0;0;1.923335482e-08;0.04493574867;0.1038424608;79.02163557;20.82958622
1832.635;1747837768.243;4:29:28 PM;1;3;3.777892198e-05;6.574392955e-06;4.148813454e-13;1.590795909e-13;4.867168335e-10;1.661217388e-12;1.682058937e-10;2.573176698e-12;9.542555114e-12;4.999999912e-15;2.91894442e-09;2.025356272e-11;6.692579824e-10;3.331633146e-12;3.495215049e-14;1;1;1;1;1;1;1;0;0;0;0;0;0;0;0;0;0;1.234578124e-08;0.04735762916;0.101318317;79.18371873;20.66760533
1834.501;1747837770.109;4:29:30 PM;1;3;3.778539758e-05;6.722180842e-06;3.375108081e-13;1.023345362e-13;4.846914536e-10;1.586666454e-12;1.675306699e-10;2.677122629e-12;9.743804721e-12;4.621672308e-14;2.941617616e-09;2.033015943e-11;6.717315038e-10;3.343164504e-12;4.999999912e-15;1;1;1;1;1;1;1;0;0;0;0;0;0;0;0;0;0;5.501641035e-09;0.04457348986;0.1009626324;79.25427945;20.60018442
1836.367;1747837771.975;4:29:31 PM;1;3;3.772143464e-05;6.609764114e-06;3.586102227e-13;5.52530874e-14;4.850846946e-10;1.542456484e-12;1.680939277e-10;2.658229322e-12;9.633396511e-12;8.803327262e-14;2.921841213e-09;2.024935428e-11;6.674374942e-10;3.251817001e-12;2.516509814e-14;1;1;1;1;1;1;1;0;0;0;0;0;0;0;0;0;0;2.281798923e-09;0.04341000062;0.09881344324;79.24601399;20.61176257
1838.234;1747837773.842;4:29:33 PM;1;3;3.801144703e-05;6.602170288e-06;3.709879084e-13;1.954022339e-13;4.897835471e-10;1.497115366e-12;1.693682e-10;2.614127014e-12;9.782927073e-12;8.286793696e-14;2.954460676e-09;2.014276072e-11;6.72200906e-10;3.304661449e-12;4.999999912e-15;1;1;1;1;1;1;1;0;0;0;0;0;0;0;0;0;0;1.582284376e-08;0.04200368307;0.09939550123;79.31081505;20.54778577
1840.1;1747837775.708;4:29:35 PM;1;3;3.785891386e-05;6.67851873e-06;4.305944436e-13;5.844708262e-14;4.875414517e-10;1.473845351e-12;1.684616752e-10;2.621442776e-12;9.716942528e-12;9.430177722e-14;2.934046783e-09;2.039524452e-11;6.667416619e-10;3.316876288e-12;2.134585708e-14;1;1;1;1;1;1;1;0;0;0;0;0;0;0;0;0;0;5.423275433e-09;0.04127585151;0.1005104939;79.32902618;20.52918748
1841.967;1747837777.575;4:29:37 PM;1;3;3.795133307e-05;6.66317419e-06;4.427545841e-13;1.209583377e-13;4.837268919e-10;1.589630988e-12;1.690853568e-10;2.552220154e-12;9.70890382e-12;7.112495678e-14;2.940359511e-09;2.030061015e-11;6.690458743e-10;3.442975939e-12;4.038381703e-14;1;1;1;1;1;1;1;0;0;0;0;0;0;0;0;0;0;1.0403117e-08;0.04485816984;0.1042084894;79.29746559;20.55346775
1843.833;1747837779.441;4:29:39 PM;1;3;3.79269768e-05;6.650420346e-06;5.111769298e-13;2.152272636e-13;4.856003377e-10;1.534272384e-12;1.677188249e-10;2.534998036e-12;9.583995056e-12;4.179612589e-14;2.930263143e-09;2.009843507e-11;6.69243494e-10;3.407131782e-12;1.230157876e-13;1;1;1;1;1;1;1;0;0;0;0;0;0;0;0;0;0;2.159026958e-08;0.04362820133;0.1035148925;79.24861779;20.60423912
1845.699;1747837781.307;4:29:41 PM;1;3;3.779262261e-05;6.722180842e-06;6.181669759e-13;2.011963187e-13;4.861983038e-10;1.589887835e-12;1.681294548e-10;2.589546199e-12;9.6812185e-12;4.999999912e-15;2.929184895e-09;2.013177645e-11;6.693264276e-10;3.460413596e-12;1.181645927e-13;1;1;1;1;1;1;1;0;0;0;0;0;0;0;0;0;0;2.30879079e-08;0.04537937541;0.1051748699;79.2364619;20.61298385
1847.566;1747837783.174;4:29:43 PM;1;3;3.793267751e-05;6.658084658e-06;5.396001571e-13;1.860512612e-13;4.844722401e-10;1.666444543e-12;1.68619646e-10;2.645134762e-12;9.691534034e-12;4.999999912e-15;2.921429987e-09;2.022011725e-11;6.679897746e-10;3.460840338e-12;7.512192908e-14;1;1;1;1;1;1;1;0;0;0;0;0;0;0;0;0;0;1.858386622e-08;0.04769611628;0.1053728244;79.21899722;20.62793384
1849.432;1747837785.040;4:29:45 PM;1;3;3.79525045e-05;6.658084658e-06;4.894555898e-13;1.698976382e-13;4.865310932e-10;1.624611578e-12;1.689677981e-10;2.720587644e-12;9.627207885e-12;1.872484915e-14;2.928223442e-09;2.030038117e-11;6.691500132e-10;3.360599776e-12;7.797689767e-14;1;1;1;1;1;1;1;0;0;0;0;0;0;0;0;0;0;1.596243874e-08;0.04623383005;0.1020405181;79.2329314;20.61879425
1851.299;1747837786.907;4:29:46 PM;1;3;3.796219244e-05;6.622447472e-06;4.160780607e-13;1.049988479e-13;4.883087823e-10;1.623712016e-12;1.688589268e-10;2.653649869e-12;9.713070626e-12;5.318218332e-14;2.933314702e-09;2.018277732e-11;6.717411627e-10;3.319130127e-12;4.999999912e-15;1;1;1;1;1;1;1;0;0;0;0;0;0;0;0;0;0;7.815418351e-09;0.04585898418;0.1004146956;79.20451716;20.64920916
1853.165;1747837788.773;4:29:48 PM;1;3;3.789984112e-05;6.76872105e-06;3.942707705e-13;4.310339249e-14;4.858576874e-10;1.6897473e-12;1.690670104e-10;2.749840503e-12;9.807129067e-12;2.272479961e-14;2.934148924e-09;2.033875672e-11;6.702637889e-10;3.326128652e-12;2.558026626e-14;1;1;1;1;1;1;1;0;0;0;0;0;0;0;0;0;0;9.050540172e-10;0.04767401665;0.1006945454;79.23821222;20.61341921
1855.031;1747837790.639;4:29:50 PM;1;3;3.794723307e-05;6.566832781e-06;4.068078068e-13;3.734465604e-14;4.892219962e-10;1.501158681e-12;1.690613205e-10;2.660643624e-12;9.71632063e-12;1.251076201e-13;2.936031862e-09;2.053898024e-11;6.745440873e-10;3.37294667e-12;4.999999912e-15;1;1;1;1;1;1;1;0;0;0;0;0;0;0;0;0;0;2.519864894e-09;0.04189780675;0.1019194541;79.15637843;20.69980431
1856.898;1747837792.506;4:29:52 PM;1;3;3.779916005e-05;6.704166481e-06;3.954829628e-13;5.709550264e-14;4.868625503e-10;1.544545741e-12;1.687878864e-10;2.582050025e-12;9.737924009e-12;8.746626877e-14;2.940919064e-09;2.024678862e-11;6.725185409e-10;3.402399022e-12;4.999999912e-15;1;1;1;1;1;1;1;0;0;0;0;0;0;0;0;0;0;3.563668578e-09;0.04322371003;0.1027670723;79.22722213;20.62678709
1858.764;1747837794.372;4:29:54 PM;1;3;3.801945786e-05;6.681078503e-06;4.790279501e-13;1.222531462e-13;4.887623084e-10;1.496169399e-12;1.687611717e-10;2.594475199e-12;9.736190153e-12;3.772797233e-14;2.945692135e-09;2.035034641e-11;6.748136494e-10;3.482742306e-12;4.999999912e-15;1;1;1;1;1;1;1;0;0;0;0;0;0;0;0;0;0;1.25048345e-08;0.04194027883;0.1050343791;79.20133443;20.65169092
1860.631;1747837796.239;4:29:56 PM;1;3;3.812947398e-05;6.660628969e-06;4.908883087e-13;1.561489382e-13;4.879111559e-10;1.495907239e-12;1.688884727e-10;2.602723375e-12;9.572296948e-12;5.924008673e-15;2.926946907e-09;2.022347914e-11;6.690120125e-10;3.638538689e-12;6.452690216e-14;1;1;1;1;1;1;1;0;0;0;0;0;0;0;0;0;0;1.595297231e-08;0.04231494281;0.1106593896;79.2270921;20.61993357
1862.497;1747837798.105;4:29:58 PM;1;3;3.804715743e-05;6.675967143e-06;4.52392274e-13;1.918035365e-13;4.874488035e-10;1.595365767e-12;1.692084806e-10;2.63232448e-12;9.718587914e-12;4.999999912e-15;2.955328204e-09;2.030105598e-11;6.768122729e-10;3.377770069e-12;9.408820972e-14;1;1;1;1;1;1;1;0;0;0;0;0;0;0;0;0;0;1.708573631e-08;0.04495105086;0.1016414095;79.20438067;20.64902687
1864.363;1747837799.971;4:29:59 PM;1;3;3.803110303e-05;6.622447472e-06;4.849105601e-13;1.743650255e-13;4.864249004e-10;1.615884943e-12;1.688759549e-10;2.641083099e-12;9.597819935e-12;4.999999912e-15;2.92723068e-09;2.026271338e-11;6.696270205e-10;3.432945117e-12;6.432379043e-14;1;1;1;1;1;1;1;0;0;0;0;0;0;0;0;0;0;1.630985587e-08;0.04598318366;0.1042704473;79.21531668;20.63442969
1866.23;1747837801.838;4:30:01 PM;1;3;3.782521162e-05;6.755765298e-06;4.503930052e-13;1.778009299e-13;4.842665713e-10;1.628572169e-12;1.680242473e-10;2.673782853e-12;9.590947828e-12;4.999999912e-15;2.91915403e-09;2.004741165e-11;6.657701612e-10;3.420749578e-12;3.592339913e-14;1;1;1;1;1;1;1;0;0;0;0;0;0;0;0;0;0;1.544285331e-08;0.04650251632;0.1041986388;79.26296859;20.58633026
1868.096;1747837803.704;4:30:03 PM;1;3;3.783167267e-05;6.637691058e-06;4.208322872e-13;9.756645226e-14;4.860032932e-10;1.604591026e-12;1.683949785e-10;2.679845495e-12;9.71883251e-12;6.860153044e-14;2.930951259e-09;2.019662562e-11;6.698814281e-10;3.298678605e-12;4.999999912e-15;1;1;1;1;1;1;1;0;0;0;0;0;0;0;0;0;0;7.463742744e-09;0.04532476522;0.09991279392;79.23586608;20.61889636
1869.963;1747837805.571;4:30:05 PM;1;3;3.793989163e-05;6.632605619e-06;3.60131006e-13;9.819916385e-15;4.839454393e-10;1.529906844e-12;1.677396139e-10;2.64996098e-12;9.833815186e-12;8.489852566e-14;2.947619482e-09;2.054338123e-11;6.718091083e-10;3.341566607e-12;4.999999912e-15;1;1;1;1;1;1;1;0;0;0;0;0;0;0;0;0;0;1.684506649e-09;0.04256228065;0.1007560863;79.28494597;20.57173566
1871.829;1747837807.437;4:30:07 PM;1;3;3.797099271e-05;6.599648259e-06;3.748056553e-13;3.299324789e-14;4.869633585e-10;1.494314113e-12;1.688177514e-10;2.696460243e-12;9.792991071e-12;8.891193717e-14;2.927627252e-09;2.012578645e-11;6.685831888e-10;3.3067223e-12;4.999999912e-15;1;1;1;1;1;1;1;0;0;0;0;0;0;0;0;0;0;1.203901409e-09;0.0418199377;0.1002838642;79.24888433;20.60901187
1873.695;1747837809.303;4:30:09 PM;1;3;3.786117304e-05;6.587008556e-06;4.022711797e-13;7.943550874e-14;4.843085932e-10;1.499146944e-12;1.675806161e-10;2.616465204e-12;9.671025265e-12;9.060251328e-14;2.910199193e-09;1.993090415e-11;6.63680555e-10;3.336741473e-12;4.999999912e-15;1;1;1;1;1;1;1;0;0;0;0;0;0;0;0;0;0;6.224964554e-09;0.04238422748;0.1018469056;79.27021307;20.58555579
1875.562;1747837811.170;4:30:11 PM;1;3;3.799366459e-05;6.665742603e-06;4.816419616e-13;1.36225368e-13;4.833747291e-10;1.481921573e-12;1.673586963e-10;2.560644839e-12;9.637329129e-12;7.368374167e-14;2.94278002e-09;2.017055967e-11;6.719313439e-10;3.419783554e-12;4.154871434e-14;1;1;1;1;1;1;1;0;0;0;0;0;0;0;0;0;0;1.398765684e-08;0.04163387352;0.1033592381;79.25615574;20.59885115
1877.428;1747837813.036;4:30:13 PM;1;3;3.800375998e-05;6.706743534e-06;5.049840754e-13;1.483765503e-13;4.869133985e-10;1.512495858e-12;1.682477074e-10;2.607471964e-12;9.641946096e-12;2.698510936e-14;2.930474086e-09;2.002065007e-11;6.690578092e-10;3.476101568e-12;8.121120828e-14;1;1;1;1;1;1;1;0;0;0;0;0;0;0;0;0;0;1.552575379e-08;0.04277385813;0.105568076;79.25144286;20.6002152
1879.295;1747837814.903;4:30:14 PM;1;3;3.78385339e-05;6.604707778e-06;5.145844146e-13;2.050225359e-13;4.842971024e-10;1.595617735e-12;1.674300976e-10;2.552878048e-12;9.639610291e-12;4.999999912e-15;2.928616905e-09;2.018737434e-11;6.685831888e-10;3.523933966e-12;1.491038467e-13;1;1;1;1;1;1;1;0;0;0;0;0;0;0;0;0;0;2.019733e-08;0.04548761894;0.1072462668;79.25089372;20.5963724
1881.161;1747837816.769;4:30:16 PM;1;3;3.793830547e-05;6.658084658e-06;5.026184005e-13;1.874371833e-13;4.868729864e-10;1.639132515e-12;1.68661668e-10;2.64940435e-12;9.5610889e-12;4.999999912e-15;2.917009301e-09;2.006055391e-11;6.65933475e-10;3.426100549e-12;7.884160989e-14;1;1;1;1;1;1;1;0;0;0;0;0;0;0;0;0;0;1.782650972e-08;0.0469159771;0.1044762343;79.24581587;20.60279191
1883.027;1747837818.635;4:30:18 PM;1;3;3.791019844e-05;6.67851873e-06;4.483186283e-13;1.757424772e-13;4.839700307e-10;1.625434704e-12;1.675661415e-10;2.651504667e-12;9.645083343e-12;2.527460934e-14;2.910452546e-09;2.008446881e-11;6.639512273e-10;3.337578911e-12;9.305325743e-14;1;1;1;1;1;1;1;0;0;0;0;0;0;0;0;0;0;1.522112129e-08;0.0465347085;0.102007179;79.26164854;20.58980958
1884.894;1747837820.502;4:30:20 PM;1;3;3.792643838e-05;6.617373856e-06;4.257854919e-13;1.119702611e-13;4.823909605e-10;1.600101562e-12;1.67330122e-10;2.686144926e-12;9.607564744e-12;5.38134126e-14;2.910047758e-09;2.011089906e-11;6.66252109e-10;3.337542699e-12;2.602730992e-14;1;1;1;1;1;1;1;0;0;0;0;0;0;0;0;0;0;8.967029137e-09;0.04554237096;0.1018422798;79.20665263;20.64596272
1886.76;1747837822.368;4:30:22 PM;1;3;3.790990741e-05;6.609764114e-06;3.848381303e-13;1.017959046e-13;4.830500999e-10;1.520913929e-12;1.682054634e-10;2.706619867e-12;9.712531127e-12;3.910294397e-14;2.925220732e-09;2.018114495e-11;6.683395504e-10;3.31657618e-12;4.999999912e-15;1;1;1;1;1;1;1;0;0;0;0;0;0;0;0;0;0;7.519080147e-09;0.0428641164;0.1006800951;79.24008099;20.61637479
1888.627;1747837824.235;4:30:24 PM;1;3;3.761878907e-05;6.592051705e-06;3.905436087e-13;5.542583807e-14;4.865163272e-10;1.534907184e-12;1.687828766e-10;2.699183108e-12;9.741387384e-12;7.233166025e-14;2.920858222e-09;1.996293755e-11;6.674604758e-10;3.339776806e-12;4.999999912e-15;1;1;1;1;1;1;1;0;0;0;0;0;0;0;0;0;0;3.349600758e-09;0.04321678554;0.1015226821;79.23570007;20.61956046
1890.493;1747837826.101;4:30:26 PM;1;3;3.780988845e-05;6.630071766e-06;4.196554129e-13;8.444999799e-14;4.828777933e-10;1.48500949e-12;1.671645877e-10;2.681161716e-12;9.770483901e-12;8.061085165e-14;2.921927367e-09;2.020340145e-11;6.728646529e-10;3.370843969e-12;4.999999912e-15;1;1;1;1;1;1;1;0;0;0;0;0;0;0;0;0;0;7.346713665e-09;0.04174516672;0.1023247688;79.12236127;20.7335688
1892.359;1747837827.967;4:30:27 PM;1;3;3.779910548e-05;6.745403425e-06;4.301518993e-13;8.091600035e-14;4.883731197e-10;1.471825916e-12;1.687519152e-10;2.653075459e-12;9.704094299e-12;7.309033749e-14;2.925670595e-09;2.023284665e-11;6.695841659e-10;3.388819607e-12;3.289070269e-14;1;1;1;1;1;1;1;0;0;0;0;0;0;0;0;0;0;7.470776962e-09;0.04133047217;0.1028913931;79.2149826;20.64079553
1894.226;1747837829.834;4:30:29 PM;1;3;3.773694334e-05;6.617373856e-06;4.538852475e-13;2.077251674e-13;4.87284324e-10;1.512875112e-12;1.689362678e-10;2.596628641e-12;9.6953192e-12;3.939567178e-14;2.929715581e-09;2.008243051e-11;6.712730927e-10;3.471335198e-12;5.558463981e-14;1;1;1;1;1;1;1;0;0;0;0;0;0;0;0;0;0;1.934553312e-08;0.04288026472;0.1053231441;79.19287567;20.65892092
1896.092;1747837831.700;4:30:31 PM;1;3;3.785161607e-05;6.722180842e-06;5.396400015e-13;2.228577837e-13;4.868001002e-10;1.551891103e-12;1.681936812e-10;2.560418674e-12;9.771912446e-12;4.999999912e-15;2.932055709e-09;2.017138886e-11;6.666938113e-10;3.459063765e-12;8.558004159e-14;1;1;1;1;1;1;1;0;0;0;0;0;0;0;0;0;0;2.299533171e-08;0.04421622174;0.1050764867;79.31416224;20.53654505
1897.959;1747837833.567;4:30:33 PM;1;3;3.809658665e-05;6.624978141e-06;4.845970088e-13;1.857281825e-13;4.859940783e-10;1.578055612e-12;1.683868323e-10;2.64087298e-12;9.789482593e-12;4.999999912e-15;2.948410627e-09;2.018459011e-11;6.712064238e-10;3.459119493e-12;8.615302211e-14;1;1;1;1;1;1;1;0;0;0;0;0;0;0;0;0;0;1.768467038e-08;0.0446026232;0.1044929174;79.2968586;20.55404586
1899.825;1747837835.433;4:30:35 PM;1;3;3.769950126e-05;6.652976481e-06;3.923228387e-13;1.272855654e-13;4.862670822e-10;1.618670584e-12;1.685051959e-10;2.61304433e-12;9.671667113e-12;3.877786967e-14;2.937112331e-09;2.021942856e-11;6.687083109e-10;3.41710037e-12;5.618152021e-14;1;1;1;1;1;1;1;0;0;0;0;0;0;0;0;0;0;9.157591753e-09;0.04574463449;0.1035274562;79.29285572;20.55787219
1901.691;1747837837.299;4:30:37 PM;1;3;3.800863487e-05;6.699031019e-06;3.725181784e-13;1.608309162e-13;4.889977867e-10;1.575440841e-12;1.687741197e-10;2.757662588e-12;9.811491029e-12;1.015992981e-14;2.944524402e-09;2.014467933e-11;6.728929636e-10;3.321070415e-12;4.999999912e-15;1;1;1;1;1;1;1;0;0;0;0;0;0;0;0;0;0;1.199953458e-08;0.04436937193;0.1001447025;79.241265;20.61422093
1903.558;1747837839.166;4:30:39 PM;1;3;3.79662888e-05;6.655526704e-06;3.682011293e-13;7.048327173e-14;4.867014569e-10;1.59497502e-12;1.690565049e-10;2.703001885e-12;9.829088932e-12;6.078582191e-14;2.92819835e-09;2.027396133e-11;6.686899923e-10;3.33009488e-12;4.999999912e-15;1;1;1;1;1;1;1;0;0;0;0;0;0;0;0;0;0;3.472971981e-09;0.04495420099;0.1009855348;79.24496731;20.60909295
1905.424;1747837841.032;4:30:41 PM;1;3;3.805277447e-05;6.701604889e-06;3.932930641e-13;1.694814163e-14;4.84369822e-10;1.476504899e-12;1.679916206e-10;2.680347047e-12;9.733877766e-12;8.79566263e-14;2.911972441e-09;2.008828e-11;6.642923989e-10;3.344573099e-12;4.999999912e-15;1;1;1;1;1;1;1;0;0;0;0;0;0;0;0;0;0;4.794594244e-10;0.04148362416;0.1020223573;79.26408217;20.59241185
1907.291;1747837842.899;4:30:42 PM;1;3;3.81827922e-05;6.660628969e-06;4.516669157e-13;1.316708244e-13;4.862653613e-10;1.482755216e-12;1.689916956e-10;2.60846878e-12;9.727755927e-12;7.754829222e-14;2.927907028e-09;2.023601772e-11;6.657555618e-10;3.368128042e-12;4.999999912e-15;1;1;1;1;1;1;1;0;0;0;0;0;0;0;0;0;0;1.264419998e-08;0.04184770561;0.1022638189;79.31275923;20.54312924
1909.157;1747837844.765;4:30:44 PM;1;3;3.798958642e-05;6.699031019e-06;4.845547249e-13;1.178713702e-13;4.843689339e-10;1.442057953e-12;1.680438844e-10;2.608424761e-12;9.753354374e-12;4.25179572e-14;2.933406407e-09;2.043366171e-11;6.703013145e-10;3.501386897e-12;4.945951756e-14;1;1;1;1;1;1;1;0;0;0;0;0;0;0;0;0;0;1.277940715e-08;0.04049982316;0.1061907941;79.23878731;20.61452207
1911.023;1747837846.631;4:30:46 PM;1;3;3.782932617e-05;6.645325357e-06;5.312726713e-13;1.498500759e-13;4.848272894e-10;1.52585724e-12;1.681315642e-10;2.593827713e-12;9.705149878e-12;4.999999912e-15;2.93038882e-09;2.025354363e-11;6.736279867e-10;3.509602331e-12;5.383530671e-14;1;1;1;1;1;1;1;0;0;0;0;0;0;0;0;0;0;1.634387191e-08;0.04315372187;0.1064280802;79.14320985;20.70720835
1912.89;1747837848.498;4:30:48 PM;1;3;3.791149356e-05;6.587008556e-06;4.730267827e-13;1.795662143e-13;4.875576609e-10;1.582212443e-12;1.684158785e-10;2.574176766e-12;9.773042618e-12;4.999999912e-15;2.935972354e-09;2.024162435e-11;6.704325983e-10;3.42978315e-12;9.629952136e-14;1;1;1;1;1;1;1;0;0;0;0;0;0;0;0;0;0;1.673015792e-08;0.04485339963;0.1039625143;79.2488383;20.60234579
1914.756;1747837850.364;4:30:50 PM;1;3;3.799656406e-05;6.650420346e-06;4.422403199e-13;1.845309116e-13;4.858254909e-10;1.606452818e-12;1.683597983e-10;2.687589734e-12;9.775040152e-12;3.374445092e-14;2.929233078e-09;2.017841449e-11;6.674255593e-10;3.404631611e-12;6.681139068e-14;1;1;1;1;1;1;1;0;0;0;0;0;0;0;0;0;0;1.600947069e-08;0.04569444973;0.1034166263;79.28029596;20.57059296
1916.623;1747837852.231;4:30:52 PM;1;3;3.801363709e-05;6.609764114e-06;4.056244273e-13;1.333549563e-13;4.860342129e-10;1.597889681e-12;1.681755013e-10;2.627285976e-12;9.657673099e-12;5.728865326e-14;2.906953789e-09;1.998219645e-11;6.664154228e-10;3.337553324e-12;6.603029247e-15;1;1;1;1;1;1;1;0;0;0;0;0;0;0;0;0;0;1.031143267e-08;0.04554116106;0.101866015;79.18456456;20.66802826
1918.489;1747837854.097;4:30:54 PM;1;3;3.771562115e-05;6.658084658e-06;3.751043259e-13;9.05248573e-14;4.845592816e-10;1.493330416e-12;1.680428713e-10;2.684006663e-12;9.737553645e-12;7.711170434e-14;2.908891128e-09;1.999977094e-11;6.645400896e-10;3.333162739e-12;4.999999912e-15;1;1;1;1;1;1;1;0;0;0;0;0;0;0;0;0;0;6.451636647e-09;0.0422147413;0.1017409421;79.24098354;20.61506078
1920.355;1747837855.963;4:30:55 PM;1;3;3.772657874e-05;6.630071766e-06;3.669566007e-13;5.807969394e-14;4.821486543e-10;1.507186303e-12;1.6710891e-10;2.726795352e-12;9.74787525e-12;7.708431468e-14;2.906216823e-09;2.022853239e-11;6.67593536e-10;3.288283925e-12;4.999999912e-15;1;1;1;1;1;1;1;0;0;0;0;0;0;0;0;0;0;3.123176536e-09;0.04253802811;0.1003403644;79.15895064;20.69817097
1922.222;1747837857.830;4:30:57 PM;1;3;3.780844781e-05;6.624978141e-06;4.308657381e-13;8.132721113e-14;4.826242739e-10;1.480401197e-12;1.673762934e-10;2.624055704e-12;9.77232878e-12;6.74600214e-14;2.922258435e-09;2.013303239e-11;6.658409379e-10;3.44789735e-12;1.77102968e-14;1;1;1;1;1;1;1;0;0;0;0;0;0;0;0;0;0;7.450405649e-09;0.0416881924;0.1049392235;79.28350003;20.56987255
1924.088;1747837859.696;4:30:59 PM;1;3;3.772532364e-05;6.660628969e-06;4.675154578e-13;9.563891698e-14;4.87234697e-10;1.443772402e-12;1.691612406e-10;2.559549361e-12;9.766167042e-12;2.216127536e-14;2.935553578e-09;2.031570225e-11;6.720636825e-10;3.412781993e-12;5.025004664e-14;1;1;1;1;1;1;1;0;0;0;0;0;0;0;0;0;0;1.021867681e-08;0.04042354665;0.1033221049;79.20869477;20.64755958
1925.955;1747837861.563;4:31:01 PM;1;3;3.774608558e-05;6.673402368e-06;5.002871489e-13;1.552847477e-13;4.851103408e-10;1.537194092e-12;1.682785578e-10;2.591839287e-12;9.632943748e-12;5.676894434e-14;2.936027643e-09;2.012976071e-11;6.708980593e-10;3.439432766e-12;6.738636342e-14;1;1;1;1;1;1;1;0;0;0;0;0;0;0;0;0;0;1.577970854e-08;0.04345198379;0.1042087817;79.23788149;20.61445775
1927.821;1747837863.429;4:31:03 PM;1;3;3.764783833e-05;6.622447472e-06;4.66228564e-13;1.491118427e-13;4.842093393e-10;1.543769236e-12;1.683124612e-10;2.587593768e-12;9.709841438e-12;4.999999912e-15;2.92379343e-09;1.996883735e-11;6.652506879e-10;3.415421808e-12;6.563006432e-14;1;1;1;1;1;1;1;0;0;0;0;0;0;0;0;0;0;1.411022007e-08;0.04381621538;0.1039733642;79.30101487;20.55119555
1929.687;1747837865.295;4:31:05 PM;1;3;3.789456605e-05;6.556774679e-06;3.989098819e-13;2.133679111e-13;4.835767897e-10;1.583007054e-12;1.675584949e-10;2.662980947e-12;9.72662402e-12;1.782578635e-14;2.921208608e-09;1.99644485e-11;6.655373475e-10;3.341348899e-12;5.203172962e-14;1;1;1;1;1;1;1;0;0;0;0;0;0;0;0;0;0;1.751616269e-08;0.0451527023;0.1017193026;79.28450299;20.56862501
1931.554;1747837867.162;4:31:07 PM;1;3;3.787706737e-05;6.668290098e-06;3.907761159e-13;1.137395028e-13;4.820342459e-10;1.633416492e-12;1.676435241e-10;2.669491147e-12;9.771993111e-12;4.433997928e-14;2.928318921e-09;2.020130764e-11;6.677168818e-10;3.351355434e-12;9.871193218e-15;1;1;1;1;1;1;1;0;0;0;0;0;0;0;0;0;0;7.741695097e-09;0.04628308659;0.1017063898;79.26994931;20.58206121
1933.42;1747837869.028;4:31:09 PM;1;3;3.785626541e-05;6.668290098e-06;3.271885529e-13;5.619744443e-14;4.834225797e-10;1.508008128e-12;1.678340245e-10;2.678234154e-12;9.792099423e-12;8.517033514e-14;2.92232083e-09;2.011396258e-11;6.656264429e-10;3.328111007e-12;4.999999912e-15;1;1;1;1;1;1;1;0;0;0;0;0;0;0;0;0;0;1.721601076e-09;0.04235868357;0.1011966783;79.28951025;20.56693439
1935.287;1747837870.895;4:31:10 PM;1;3;3.769470277e-05;6.683646461e-06;3.928435539e-13;4.97447576e-14;4.825178035e-10;1.502531172e-12;1.67693151e-10;2.637874294e-12;9.780113351e-12;8.975720828e-14;2.913301822e-09;2.003920987e-11;6.65430322e-10;3.31838463e-12;4.999999912e-15;1;1;1;1;1;1;1;0;0;0;0;0;0;0;0;0;0;3.204837974e-09;0.04234200509;0.1011467896;79.24484453;20.61166668
1937.153;1747837872.761;4:31:12 PM;1;3;3.778610335e-05;6.735072475e-06;4.134536138e-13;7.487501558e-14;4.859159186e-10;1.407408912e-12;1.682290557e-10;2.597507496e-12;9.735186615e-12;4.999999912e-15;2.905380603e-09;2.017692957e-11;6.622368764e-10;3.381726973e-12;5.742310788e-15;1;1;1;1;1;1;1;0;0;0;0;0;0;0;0;0;0;7.00690435e-09;0.0396518159;0.103416976;79.27635446;20.58057675
1939.019;1747837874.627;4:31:14 PM;1;3;3.792828284e-05;6.681078503e-06;4.654220802e-13;1.979236951e-13;4.848056956e-10;1.514049628e-12;1.682584072e-10;2.561354774e-12;9.725896304e-12;4.999999912e-15;2.921151321e-09;2.022243137e-11;6.644644279e-10;3.418390787e-12;9.542136504e-14;1;1;1;1;1;1;1;0;0;0;0;0;0;0;0;0;0;1.879845177e-08;0.04308924999;0.1042118442;79.30610275;20.54659615
1940.886;1747837876.494;4:31:16 PM;1;3;3.790927803e-05;6.630071766e-06;5.194157279e-13;1.454165564e-13;4.846145707e-10;1.521419926e-12;1.677437911e-10;2.558219261e-12;9.688866896e-12;4.999999912e-15;2.914018138e-09;2.001915474e-11;6.67045974e-10;3.414375336e-12;7.938623175e-14;1;1;1;1;1;1;1;0;0;0;0;0;0;0;0;0;0;1.561752693e-08;0.04326845806;0.1041818533;79.20966199;20.6428877
1942.752;1747837878.360;4:31:18 PM;1;3;3.79489793e-05;6.686208053e-06;4.855851506e-13;1.983094814e-13;4.849139978e-10;1.625595708e-12;1.686147472e-10;2.621403311e-12;9.715454136e-12;4.999999912e-15;2.930528931e-09;2.015411622e-11;6.696504462e-10;3.421373644e-12;9.808517524e-14;1;1;1;1;1;1;1;0;0;0;0;0;0;0;0;0;0;1.841680868e-08;0.04630731101;0.1038872231;79.23283533;20.61697013
1944.619;1747837880.227;4:31:20 PM;1;3;3.794773147e-05;6.66317419e-06;4.442903022e-13;1.498062742e-13;4.854884827e-10;1.58750671e-12;1.682171485e-10;2.658834958e-12;9.738712441e-12;4.999999912e-15;2.913375763e-09;2.015876355e-11;6.661590168e-10;3.266186583e-12;3.50258322e-14;1;1;1;1;1;1;1;0;0;0;0;0;0;0;0;0;0;1.309225254e-08;0.04523583706;0.09953178359;79.22712165;20.62811072
1946.485;1747837882.093;4:31:22 PM;1;3;3.790669507e-05;6.704166481e-06;3.634345429e-13;1.286406284e-13;4.828427103e-10;1.61697088e-12;1.671070643e-10;2.684340163e-12;9.77022456e-12;2.165400089e-14;2.918920661e-09;2.002538586e-11;6.658430474e-10;3.307387133e-12;1.655636349e-14;1;1;1;1;1;1;1;0;0;0;0;0;0;0;0;0;0;8.40825815e-09;0.0459408386;0.1006612675;79.26691582;20.58648207
1948.351;1747837883.959;4:31:23 PM;1;3;3.79577541e-05;6.681078503e-06;3.649145331e-13;4.597381097e-14;4.835651879e-10;1.560174624e-12;1.687112672e-10;2.718441357e-12;9.77703335e-12;1.982850936e-14;2.933018939e-09;2.026994718e-11;6.70662359e-10;3.267245849e-12;4.999999912e-15;1;1;1;1;1;1;1;0;0;0;0;0;0;0;0;0;0;1.467528577e-09;0.04375754986;0.09887411025;79.22728756;20.63008078
1950.218;1747837885.826;4:31:25 PM;1;3;3.798828766e-05;6.729920187e-06;3.483407681e-13;3.255020223e-14;4.845426282e-10;1.507379941e-12;1.685622336e-10;2.667792853e-12;9.786936886e-12;6.995808419e-14;2.936095145e-09;2.016616561e-11;6.698226418e-10;3.292037866e-12;4.999999912e-15;1;1;1;1;1;1;1;0;0;0;0;0;0;0;0;0;0;2.284135593e-10;0.04208521853;0.09958248666;79.26581506;20.59251723
1952.084;1747837887.692;4:31:27 PM;1;3;3.802268111e-05;6.66317419e-06;4.069830139e-13;4.116789171e-14;4.84910001e-10;1.473738883e-12;1.686338569e-10;2.656653326e-12;9.744519427e-12;1.246337153e-13;2.940157229e-09;2.045325367e-11;6.722398194e-10;3.359334512e-12;4.999999912e-15;1;1;1;1;1;1;1;0;0;0;0;0;0;0;0;0;0;3.127611089e-09;0.04107431313;0.1014801128;79.2313331;20.62611248
1953.951;1747837889.559;4:31:29 PM;1;3;3.801638013e-05;6.622447472e-06;4.392494127e-13;8.194500308e-14;4.839717516e-10;1.493420622e-12;1.681431799e-10;2.561060955e-12;9.721597659e-12;4.624162923e-14;2.925739651e-09;2.030782487e-11;6.674630848e-10;3.446464468e-12;2.043086498e-14;1;1;1;1;1;1;1;0;0;0;0;0;0;0;0;0;0;7.643351404e-09;0.04202942315;0.1047414148;79.26180374;20.59142542
1955.817;1747837891.425;4:31:31 PM;1;3;3.793727228e-05;6.665742603e-06;5.011165094e-13;1.553653853e-13;4.848096369e-10;1.524315505e-12;1.692520846e-10;2.595866447e-12;9.630333857e-12;2.799219427e-14;2.931628496e-09;2.02897265e-11;6.684813258e-10;3.439533163e-12;4.115445777e-14;1;1;1;1;1;1;1;0;0;0;0;0;0;0;0;0;0;1.593223476e-08;0.04314246889;0.1043560678;79.26448664;20.58801483
1957.683;1747837893.291;4:31:33 PM;1;3;3.808807742e-05;6.652976481e-06;4.982107392e-13;1.956262436e-13;4.84937035e-10;1.532911276e-12;1.68612263e-10;2.581630656e-12;9.674022868e-12;1.499471764e-14;2.933095322e-09;2.011167448e-11;6.679684028e-10;3.407077355e-12;6.871502607e-14;1;1;1;1;1;1;1;0;0;0;0;0;0;0;0;0;0;1.942255616e-08;0.04350289107;0.1033783473;79.28833623;20.56478253
1959.55;1747837895.158;4:31:35 PM;1;3;3.797120371e-05;6.584477887e-06;4.68014245e-13;1.960314913e-13;4.847959811e-10;1.55922302e-12;1.675993927e-10;2.639730882e-12;9.700680363e-12;4.999999912e-15;2.924244846e-09;2.011205091e-11;6.739873659e-10;3.361942018e-12;6.160920569e-14;1;1;1;1;1;1;1;0;0;0;0;0;0;0;0;0;0;1.828632182e-08;0.04430022819;0.1020361406;79.10670779;20.74695584
1961.416;1747837897.024;4:31:37 PM;1;3;3.786975503e-05;6.668290098e-06;4.099280323e-13;1.147271704e-13;4.845832624e-10;1.574976911e-12;1.680414696e-10;2.730077449e-12;9.800544057e-12;4.999999912e-15;2.929533283e-09;2.037998242e-11;6.700484612e-10;3.368536136e-12;5.895585804e-14;1;1;1;1;1;1;1;0;0;0;0;0;0;0;0;0;0;8.963522418e-09;0.04448454917;0.1022082146;79.22376425;20.62954299
1963.283;1747837898.891;4:31:38 PM;1;3;3.785403533e-05;6.729920187e-06;3.838017144e-13;1.263272934e-13;4.867612979e-10;1.610420347e-12;1.693758467e-10;2.742888165e-12;9.954497296e-12;6.185811141e-14;2.941513699e-09;2.006175608e-11;6.7460032e-10;3.272353092e-12;4.999999912e-15;1;1;1;1;1;1;1;0;0;0;0;0;0;0;0;0;0;8.885146066e-09;0.04535326777;0.09867850415;79.18087181;20.67509642
1965.149;1747837900.757;4:31:40 PM;1;3;3.797936006e-05;6.750582088e-06;3.909169809e-13;6.513424511e-14;4.86667262e-10;1.499310225e-12;1.683940348e-10;2.713141127e-12;9.880148782e-12;8.494730798e-14;2.932417642e-09;2.020113937e-11;6.678954612e-10;3.416172727e-12;4.999999912e-15;1;1;1;1;1;1;1;0;0;0;0;0;0;0;0;0;0;4.574379452e-09;0.04203105684;0.1035666549;79.29006169;20.5643406
1967.015;1747837902.623;4:31:42 PM;1;3;3.808760448e-05;6.604707778e-06;4.182341051e-13;3.915720152e-14;4.854984748e-10;1.474970103e-12;1.686964596e-10;2.691134642e-12;9.819283407e-12;1.127702464e-13;2.937329491e-09;2.031520785e-11;6.660362262e-10;3.413588856e-12;4.999999912e-15;1;1;1;1;1;1;1;0;0;0;0;0;0;0;0;0;0;3.279369359e-09;0.04121932985;0.1034128156;79.35779172;20.49757613
1968.882;1747837904.490;4:31:44 PM;1;3;3.792808275e-05;6.711885362e-06;4.520731391e-13;1.042391813e-13;4.848930146e-10;1.472962377e-12;1.679719974e-10;2.636023561e-12;9.699133857e-12;1.092372652e-13;2.911924923e-09;2.000206945e-11;6.66164568e-10;3.412099162e-12;2.176501302e-14;1;1;1;1;1;1;1;0;0;0;0;0;0;0;0;0;0;1.025427216e-08;0.04165087681;0.1040953957;79.21905879;20.63519494
1970.748;1747837906.356;4:31:46 PM;1;3;3.78073164e-05;6.76352829e-06;4.901382035e-13;1.553031521e-13;4.851372637e-10;1.490003542e-12;1.685879492e-10;2.612710178e-12;9.75369091e-12;3.845977153e-14;2.933019827e-09;2.032424923e-11;6.723628321e-10;3.485532826e-12;6.760390181e-14;1;1;1;1;1;1;1;0;0;0;0;0;0;0;0;0;0;1.590789736e-08;0.04203277188;0.1056702313;79.18606898;20.66622802
1972.615;1747837908.223;4:31:48 PM;1;3;3.778980681e-05;6.696471246e-06;5.031043399e-13;2.23861389e-13;4.86084506e-10;1.547255379e-12;1.684713063e-10;2.614748045e-12;9.718126477e-12;1.076428104e-14;2.925437226e-09;2.041716275e-11;6.678780307e-10;3.418992086e-12;1.193001047e-13;1;1;1;1;1;1;1;0;0;0;0;0;0;0;0;0;0;2.200618667e-08;0.04410734507;0.1040413112;79.2495661;20.60228525
1974.481;1747837910.089;4:31:50 PM;1;3;3.77052238e-05;6.686208053e-06;4.909496204e-13;1.939247103e-13;4.848779156e-10;1.592572537e-12;1.68432282e-10;2.658643921e-12;9.780974641e-12;5.646721849e-15;2.929116727e-09;2.021236997e-11;6.699599209e-10;3.465954303e-12;9.976978824e-14;1;1;1;1;1;1;1;0;0;0;0;0;0;0;0;0;0;1.849012294e-08;0.04531502431;0.1053011513;79.21860312;20.6307807
1976.347;1747837911.955;4:31:51 PM;1;3;3.789651601e-05;6.607231626e-06;4.648008324e-13;2.095247668e-13;4.861412939e-10;1.566308281e-12;1.679780204e-10;2.725184228e-12;9.733962768e-12;8.303565626e-15;2.920815367e-09;2.00241785e-11;6.676928455e-10;3.357191478e-12;9.222339553e-14;1;1;1;1;1;1;1;0;0;0;0;0;0;0;0;0;0;1.934814866e-08;0.04466751847;0.1022127156;79.23235988;20.62075989
1978.214;1747837913.822;4:31:53 PM;1;3;3.802096035e-05;6.737660442e-06;4.322491529e-13;1.320382063e-13;4.862295011e-10;1.629950623e-12;1.686407541e-10;2.736508069e-12;9.822376419e-12;2.010130818e-14;2.932631915e-09;2.030960643e-11;6.695831112e-10;3.377025872e-12;2.574853444e-14;1;1;1;1;1;1;1;0;0;0;0;0;0;0;0;0;0;1.071246644e-08;0.0461784695;0.1023312067;79.24818748;20.60330285
1980.08;1747837915.688;4:31:55 PM;1;3;3.782471322e-05;6.673402368e-06;3.880266605e-13;1.085686852e-13;4.859166403e-10;1.61927687e-12;1.682619599e-10;2.687761689e-12;9.912547345e-12;7.7540818e-14;2.934125165e-09;2.027615575e-11;6.700140998e-10;3.382565061e-12;4.999999912e-15;1;1;1;1;1;1;1;0;0;0;0;0;0;0;0;0;0;7.318556922e-09;0.04572761566;0.1024182513;79.24837624;20.60347789
1981.947;1747837917.555;4:31:57 PM;1;3;3.788660979e-05;6.642779681e-06;3.554102813e-13;5.051985035e-14;4.852626079e-10;1.550100976e-12;1.680754286e-10;2.772187428e-12;9.832508072e-12;1.237505649e-13;2.931451082e-09;2.028456743e-11;6.694438892e-10;3.276518813e-12;4.999999912e-15;1;1;1;1;1;1;1;0;0;0;0;0;0;0;0;0;0;1.682120454e-09;0.04348900908;0.09923417287;79.25174534;20.60553147
1983.813;1747837919.421;4:31:59 PM;1;3;3.764782741e-05;6.704166481e-06;3.911111344e-13;4.752647996e-14;4.873682014e-10;1.503287729e-12;1.68571046e-10;2.67558046e-12;9.821914115e-12;7.492628479e-14;2.934244625e-09;2.023732744e-11;6.707035483e-10;3.443276697e-12;4.999999912e-15;1;1;1;1;1;1;1;0;0;0;0;0;0;0;0;0;0;2.942902293e-09;0.04204586533;0.1042650298;79.23419497;20.61949413
1985.679;1747837921.287;4:32:01 PM;1;3;3.783664579e-05;6.660628969e-06;4.575750586e-13;1.108641174e-13;4.860311598e-10;1.512427119e-12;1.687267964e-10;2.620466344e-12;9.840025496e-12;9.712438915e-14;2.944531952e-09;2.041948208e-11;6.703452793e-10;3.342992333e-12;4.999999912e-15;1;1;1;1;1;1;1;0;0;0;0;0;0;0;0;0;0;1.065884843e-08;0.04245214637;0.1009089612;79.29852702;20.55811187
1987.546;1747837923.154;4:32:03 PM;1;3;3.769857358e-05;6.604707778e-06;4.59277527e-13;1.301933008e-13;4.858901614e-10;1.536722572e-12;1.686541323e-10;2.584960024e-12;9.619192595e-12;8.666030675e-14;2.931438869e-09;2.034221923e-11;6.69845901e-10;3.445974192e-12;3.461264952e-14;1;1;1;1;1;1;1;0;0;0;0;0;0;0;0;0;0;1.224234619e-08;0.04339295279;0.104506856;79.2357418;20.61635839
1989.412;1747837925.020;4:32:05 PM;1;3;3.779384861e-05;6.622447472e-06;4.73961636e-13;1.914450857e-13;4.848564883e-10;1.543616905e-12;1.678846645e-10;2.627394613e-12;9.745850828e-12;4.999999912e-15;2.918361552e-09;2.007666255e-11;6.696352362e-10;3.493876846e-12;1.034829977e-13;1;1;1;1;1;1;1;0;0;0;0;0;0;0;0;0;0;1.819735791e-08;0.04394233964;0.1064889059;79.17045699;20.67911176
1991.279;1747837926.887;4:32:06 PM;1;3;3.791740892e-05;6.640242191e-06;5.165467663e-13;1.865306547e-13;4.861998026e-10;1.566815146e-12;1.691442403e-10;2.633312188e-12;9.784673939e-12;1.043123616e-14;2.951358269e-09;2.017061518e-11;6.732478464e-10;3.457297599e-12;7.617877547e-14;1;1;1;1;1;1;1;0;0;0;0;0;0;0;0;0;0;1.884452083e-08;0.04423377571;0.1042717383;79.26244404;20.58905044
1993.145;1747837928.753;4:32:08 PM;1;3;3.778795872e-05;6.624978141e-06;3.974871918e-13;1.628166867e-13;4.867670711e-10;1.623177721e-12;1.68322245e-10;2.684505396e-12;9.720323504e-12;4.999999912e-15;2.918150832e-09;2.021414806e-11;6.67108202e-10;3.355346383e-12;7.685781129e-14;1;1;1;1;1;1;1;0;0;0;0;0;0;0;0;0;0;1.250414996e-08;0.04623642998;0.1022118354;79.22883986;20.62271187
1995.011;1747837930.619;4:32:10 PM;1;3;3.791536437e-05;6.711885362e-06;3.895947963e-13;1.16190247e-13;4.856101077e-10;1.582991117e-12;1.680300066e-10;2.628739457e-12;9.846479535e-12;3.505421458e-14;2.920962805e-09;2.011084528e-11;6.696676547e-10;3.400720677e-12;3.855485267e-14;1;1;1;1;1;1;1;0;0;0;0;0;0;0;0;0;0;8.396789241e-09;0.04481559;0.1034093023;79.18557856;20.66619655
1996.878;1747837932.486;4:32:12 PM;1;3;3.786038724e-05;6.612297511e-06;4.070188468e-13;6.008091431e-14;4.861924197e-10;1.592207269e-12;1.683684442e-10;2.725670167e-12;9.853374193e-12;3.808541346e-14;2.94835889e-09;2.064031931e-11;6.708641975e-10;3.357179985e-12;4.999999912e-15;1;1;1;1;1;1;1;0;0;0;0;0;0;0;0;0;0;3.746785815e-09;0.04461528026;0.1012286747;79.30731187;20.54684418
1998.744;1747837934.352;4:32:14 PM;1;3;3.79097728e-05;6.622447472e-06;3.73536705e-13;4.735176417e-14;4.866466119e-10;1.545224127e-12;1.685582368e-10;2.72539478e-12;9.838862364e-12;1.07790621e-13;2.934886556e-09;2.02349474e-11;6.706228906e-10;3.321495206e-12;4.999999912e-15;1;1;1;1;1;1;1;0;0;0;0;0;0;0;0;0;0;1.996857508e-09;0.04329123203;0.1004906486;79.24098089;20.61523723
2000.611;1747837936.219;4:32:16 PM;1;3;3.773895878e-05;6.630071766e-06;4.121537638e-13;7.936979931e-14;4.854021074e-10;1.563447071e-12;1.690295265e-10;2.688017127e-12;9.810976684e-12;1.107680503e-13;2.93431146e-09;2.017081988e-11;6.706861178e-10;3.404382245e-12;4.999999912e-15;1;1;1;1;1;1;1;0;0;0;0;0;0;0;0;0;0;5.925268228e-09;0.04397161511;0.1030658834;79.23019741;20.62276509
2002.477;1747837938.085;4:32:18 PM;1;3;3.77631186e-05;6.650420346e-06;5.006665655e-13;1.072126464e-13;4.867488634e-10;1.458922501e-12;1.682266132e-10;2.610052365e-12;9.697425155e-12;8.168064749e-14;2.924406051e-09;2.00313828e-11;6.651647011e-10;3.389094777e-12;4.999999912e-15;1;1;1;1;1;1;1;0;0;0;0;0;0;0;0;0;0;1.214926024e-08;0.04115039402;0.1030304057;79.31191774;20.54390146
2004.343;1747837939.951;4:32:19 PM;1;3;3.789641414e-05;6.665742603e-06;5.169445601e-13;2.351607949e-13;4.852150348e-10;1.475323986e-12;1.680500322e-10;2.615899901e-12;9.809487424e-12;1.019014246e-13;2.945558464e-09;2.039947725e-11;6.707710498e-10;3.384783122e-12;5.009672351e-14;1;1;1;1;1;1;1;0;0;0;0;0;0;0;0;0;0;2.4127374e-08;0.04172037474;0.1022421993;79.29667092;20.55936651
2006.21;1747837941.818;4:32:21 PM;1;3;3.797293903e-05;6.68877783e-06;5.080053132e-13;2.125295789e-13;4.868033199e-10;1.540407884e-12;1.682068235e-10;2.606096545e-12;9.747019164e-12;4.999999912e-15;2.931539012e-09;2.014387962e-11;6.711833866e-10;3.453315542e-12;5.777652391e-14;1;1;1;1;1;1;1;0;0;0;0;0;0;0;0;0;0;2.119051084e-08;0.04375947886;0.1047285659;79.2081193;20.64339266
2008.076;1747837943.684;4:32:23 PM;1;3;3.805271626e-05;6.67851873e-06;4.785793615e-13;1.763134587e-13;4.854219249e-10;1.574543013e-12;1.68586145e-10;2.805781432e-12;9.930896383e-12;4.999999912e-15;2.951633382e-09;2.030135435e-11;6.742659764e-10;3.4332565e-12;7.86220725e-14;1;1;1;1;1;1;1;0;0;0;0;0;0;0;0;0;0;1.667651365e-08;0.04438943248;0.1035063657;79.24330801;20.60879619
2009.943;1747837945.551;4:32:25 PM;1;3;3.793979704e-05;6.668290098e-06;4.44737373e-13;1.559523181e-13;4.870256975e-10;1.602494179e-12;1.687966711e-10;2.676605682e-12;9.860689522e-12;1.324239959e-14;2.934465781e-09;2.013816544e-11;6.710823008e-10;3.34047308e-12;3.901731911e-14;1;1;1;1;1;1;1;0;0;0;0;0;0;0;0;0;0;1.352535804e-08;0.04538395906;0.1011272274;79.22498809;20.62850073
2011.809;1747837947.417;4:32:27 PM;1;3;3.78540426e-05;6.660628969e-06;4.421263431e-13;1.112379774e-13;4.864335601e-10;1.588242341e-12;1.693151591e-10;2.708674864e-12;9.881113289e-12;8.3559414e-14;2.947033506e-09;2.035196317e-11;6.714634404e-10;3.307308203e-12;4.999999912e-15;1;1;1;1;1;1;1;0;0;0;0;0;0;0;0;0;0;9.51316053e-09;0.0446751073;0.0997037644;79.28270128;20.57291985
2013.675;1747837949.283;4:32:29 PM;1;3;3.77884935e-05;6.750582088e-06;2.658661052e-13;8.617841954e-14;4.840575163e-10;1.569303715e-12;1.678115008e-10;2.75019894e-12;9.838326334e-12;1.206153368e-13;2.930131693e-09;2.033174844e-11;6.725419666e-10;3.346793545e-12;4.999999912e-15;1;1;1;1;1;1;1;0;0;0;0;0;0;0;0;0;0;1.991440934e-09;0.04406178831;0.1013578064;79.17119053;20.68338988
2015.542;1747837951.150;4:32:31 PM;1;3;3.79861267e-05;6.67851873e-06;3.778030677e-13;4.014437437e-14;4.89688845e-10;1.509689075e-12;1.69419645e-10;2.681293122e-12;9.815780133e-12;8.12480576e-14;2.927833975e-09;2.020185234e-11;6.696763699e-10;3.34555105e-12;4.999999912e-15;1;1;1;1;1;1;1;0;0;0;0;0;0;0;0;0;0;1.803185524e-09;0.04228476461;0.1014317699;79.22263752;20.63364595
2017.408;1747837953.016;4:32:33 PM;1;3;3.795978046e-05;6.647880127e-06;4.388646022e-13;6.970020671e-14;4.851213875e-10;1.43445672e-12;1.680976885e-10;2.601966602e-12;9.766491435e-12;5.454669241e-14;2.920481634e-09;2.035301788e-11;6.714167e-10;3.385230464e-12;4.999999912e-15;1;1;1;1;1;1;1;0;0;0;0;0;0;0;0;0;0;7.066525413e-09;0.04021783807;0.1028383376;79.14575097;20.71119285
2019.275;1747837954.883;4:32:34 PM;1;3;3.790837582e-05;6.619902706e-06;4.713894206e-13;1.030016187e-13;4.845396306e-10;1.462923207e-12;1.684306306e-10;2.565410124e-12;9.741651062e-12;2.15390043e-14;2.920003794e-09;2.02404378e-11;6.6917627e-10;3.467779449e-12;7.36623219e-14;1;1;1;1;1;1;1;0;0;0;0;0;0;0;0;0;0;1.082905298e-08;0.04123432905;0.1055966141;79.1897263;20.66344275
2021.141;1747837956.749;4:32:36 PM;1;3;3.801615094e-05;6.706743534e-06;4.827345663e-13;1.981909781e-13;4.873404458e-10;1.514360794e-12;1.685865197e-10;2.599073951e-12;9.707406753e-12;4.999999912e-15;2.936972221e-09;2.010113777e-11;6.684631737e-10;3.430773244e-12;8.390440035e-14;1;1;1;1;1;1;1;0;0;0;0;0;0;0;0;0;0;1.935220524e-08;0.04288033372;0.1040059705;79.30016723;20.55294646
2023.007;1747837958.615;4:32:38 PM;1;3;3.791289782e-05;6.683646461e-06;4.835988381e-13;1.913489983e-13;4.859758707e-10;1.604537033e-12;1.689619555e-10;2.646657199e-12;9.865764455e-12;4.999999912e-15;2.939979149e-09;1.997899762e-11;6.69096778e-10;3.422792215e-12;1.141556738e-13;1;1;1;1;1;1;1;0;0;0;0;0;0;0;0;0;0;1.791876883e-08;0.0455405619;0.103710647;79.29672634;20.55402246
2024.874;1747837960.482;4:32:40 PM;1;3;3.794475197e-05;6.614831818e-06;4.649537049e-13;1.484940372e-13;4.8652532e-10;1.597883501e-12;1.682760875e-10;2.70942665e-12;9.785250735e-12;3.122452112e-14;2.932083021e-09;2.009896589e-11;6.692338905e-10;3.376492228e-12;3.382908645e-14;1;1;1;1;1;1;1;0;0;0;0;0;0;0;0;0;0;1.351192222e-08;0.04529793073;0.1023558595;79.25616621;20.59618
2026.74;1747837962.348;4:32:42 PM;1;3;3.800620834e-05;6.776499504e-06;3.639936117e-13;5.152445175e-14;4.857005353e-10;1.599043164e-12;1.687927992e-10;2.695472968e-12;9.886223784e-12;3.170739767e-14;2.93145086e-09;2.012759057e-11;6.69024669e-10;3.348643628e-12;4.999999912e-15;1;1;1;1;1;1;1;0;0;0;0;0;0;0;0;0;0;1.582497349e-09;0.04498019048;0.1014689065;79.25503331;20.59851759
2028.607;1747837964.215;4:32:44 PM;1;3;3.784626824e-05;6.66317419e-06;3.92270526e-13;5.075283523e-14;4.837966139e-10;1.55055298e-12;1.672884886e-10;2.712965269e-12;9.803894675e-12;8.234622565e-14;2.912253327e-09;2.000380937e-11;6.644014783e-10;3.32204121e-12;2.194322876e-14;1;1;1;1;1;1;1;0;0;0;0;0;0;0;0;0;0;2.83253137e-09;0.04382836949;0.1013441698;79.26502914;20.58979833
2030.473;1747837966.081;4:32:46 PM;1;3;3.780852057e-05;6.617373856e-06;4.053491483e-13;9.937154723e-14;4.854582292e-10;1.462344026e-12;1.677152861e-10;2.825714489e-12;9.879704693e-12;1.147839419e-13;2.940558241e-09;2.024085413e-11;6.695063948e-10;3.323662092e-12;4.999999912e-15;1;1;1;1;1;1;1;0;0;0;0;0;0;0;0;0;0;8.473770047e-09;0.04092058212;0.1004534632;79.30285595;20.55577
2032.339;1747837967.947;4:32:47 PM;1;3;3.782234489e-05;6.673402368e-06;4.300194369e-13;1.067735716e-13;4.828640265e-10;1.460096258e-12;1.664011151e-10;2.680227351e-12;9.786931682e-12;1.139301598e-13;2.916604069e-09;1.998738848e-11;6.690288878e-10;3.343816109e-12;9.942382949e-15;1;1;1;1;1;1;1;0;0;0;0;0;0;0;0;0;0;9.926076561e-09;0.04116921196;0.101758767;79.18701855;20.67005347
2034.206;1747837969.814;4:32:49 PM;1;3;3.79685589e-05;6.627525181e-06;4.697152498e-13;1.327376387e-13;4.843714874e-10;1.479119019e-12;1.673665373e-10;2.553931676e-12;9.723954281e-12;2.923573181e-14;2.907297292e-09;2.0121807e-11;6.681716846e-10;3.400071023e-12;6.368858349e-14;1;1;1;1;1;1;1;0;0;0;0;0;0;0;0;0;0;1.332994179e-08;0.04196377955;0.1038658989;79.14971476;20.70445556
2036.072;1747837971.680;4:32:51 PM;1;3;3.776764061e-05;6.594577826e-06;4.934068562e-13;1.862145014e-13;4.82861251e-10;1.561349682e-12;1.677075839e-10;2.58671513e-12;9.754174898e-12;4.999999912e-15;2.932093901e-09;2.035817001e-11;6.719149681e-10;3.450159212e-12;7.370018089e-14;1;1;1;1;1;1;1;0;0;0;0;0;0;0;0;0;0;1.815503907e-08;0.04429836833;0.1046413043;79.19305973;20.65800059
2037.939;1747837973.547;4:32:53 PM;1;3;3.783593638e-05;6.630071766e-06;5.024730089e-13;2.169457105e-13;4.844997736e-10;1.523947743e-12;1.677258749e-10;2.614662393e-12;9.805493223e-12;4.999999912e-15;2.913065122e-09;2.005883827e-11;6.658197882e-10;3.460615258e-12;9.231649462e-14;1;1;1;1;1;1;1;0;0;0;0;0;0;0;0;0;0;2.157478636e-08;0.04355490344;0.1057067698;79.23150127;20.61923706
2039.805;1747837975.413;4:32:55 PM;1;3;3.793997166e-05;6.719605608e-06;4.80664228e-13;2.382637002e-13;4.883582982e-10;1.567786807e-12;1.689288154e-10;2.692807132e-12;9.841525164e-12;4.999999912e-15;2.930294007e-09;2.039190344e-11;6.695093924e-10;3.327486724e-12;3.223955797e-14;1;1;1;1;1;1;1;0;0;0;0;0;0;0;0;0;0;2.243446066e-08;0.04466492233;0.1008655613;79.23989246;20.61457706
2041.671;1747837977.279;4:32:57 PM;1;3;3.781157648e-05;6.612297511e-06;3.871166354e-13;1.103269765e-13;4.867587444e-10;1.587219614e-12;1.687895518e-10;2.726322206e-12;9.865923183e-12;2.432429258e-14;2.925138576e-09;2.013144686e-11;6.662665419e-10;3.307193495e-12;4.999999912e-15;1;1;1;1;1;1;1;0;0;0;0;0;0;0;0;0;0;7.748337757e-09;0.04491695598;0.1004302485;79.28640522;20.56824757
2043.538;1747837979.146;4:32:59 PM;1;3;3.7773636e-05;6.714464689e-06;4.001215863e-13;5.262612313e-14;4.855892355e-10;1.572067888e-12;1.681698114e-10;2.740848564e-12;9.938085944e-12;7.450612257e-14;2.928492338e-09;2.015095209e-11;6.688991028e-10;3.305140666e-12;4.999999912e-15;1;1;1;1;1;1;1;0;0;0;0;0;0;0;0;0;0;3.044262008e-09;0.04424076621;0.1002106503;79.24666661;20.60888198
2045.404;1747837981.012;4:33:01 PM;1;3;3.787294918e-05;6.681078503e-06;3.703287948e-13;9.076330724e-14;4.83289242e-10;1.508403862e-12;1.673162719e-10;2.670840112e-12;9.889191896e-12;1.095887161e-13;2.9203302e-09;2.01016339e-11;6.659872098e-10;3.38720523e-12;4.999999912e-15;1;1;1;1;1;1;1;0;0;0;0;0;0;0;0;0;0;6.18637236e-09;0.04252631836;0.103078343;79.27132069;20.58307465
2047.271;1747837982.879;4:33:02 PM;1;3;3.771245247e-05;6.66317419e-06;4.448976994e-13;6.80867919e-14;4.840876033e-10;1.466495762e-12;1.678581857e-10;2.674475875e-12;9.905381203e-12;8.391734302e-14;2.921764608e-09;2.005696477e-11;6.66724731e-10;3.357376226e-12;1.225572649e-14;1;1;1;1;1;1;1;0;0;0;0;0;0;0;0;0;0;6.80761455e-09;0.04123480146;0.1020977986;79.26162769;20.59503971
2049.137;1747837984.745;4:33:04 PM;1;3;3.779232793e-05;6.589532859e-06;5.335860876e-13;1.203191328e-13;4.826763433e-10;1.524622334e-12;1.676787459e-10;2.635970435e-12;9.855519179e-12;7.080436498e-14;2.913822295e-09;2.024288723e-11;6.696082022e-10;3.440946963e-12;6.181977808e-14;1;1;1;1;1;1;1;0;0;0;0;0;0;0;0;0;0;1.374223299e-08;0.04328238298;0.1049136933;79.14713271;20.70467121
2051.003;1747837986.611;4:33:06 PM;1;3;3.772646232e-05;6.714464689e-06;4.977179151e-13;2.50167969e-13;4.85768481e-10;1.541120313e-12;1.692069124e-10;2.638107831e-12;9.923113546e-12;4.999999912e-15;2.944088306e-09;2.01165265e-11;6.720397017e-10;3.524634577e-12;1.151801907e-13;1;1;1;1;1;1;1;0;0;0;0;0;0;0;0;0;0;2.428874635e-08;0.04371828619;0.1066493848;79.24874824;20.60088408
2052.87;1747837988.478;4:33:08 PM;1;3;3.796401143e-05;6.632605619e-06;4.843903599e-13;1.9329548e-13;4.861330782e-10;1.57863772e-12;1.683994888e-10;2.690356184e-12;9.874639301e-12;4.999999912e-15;2.928214782e-09;2.02828726e-11;6.699519828e-10;3.471776035e-12;6.493860083e-14;1;1;1;1;1;1;1;0;0;0;0;0;0;0;0;0;0;1.836074501e-08;0.0448943021;0.1054419537;79.21538522;20.63427853
2054.736;1747837990.344;4:33:10 PM;1;3;3.804291191e-05;6.589532859e-06;4.489523445e-13;1.596694917e-13;4.863293657e-10;1.59670107e-12;1.686015494e-10;2.753844678e-12;9.935217579e-12;4.999999912e-15;2.936389798e-09;2.03399849e-11;6.736973202e-10;3.440786501e-12;6.088687632e-14;1;1;1;1;1;1;1;0;0;0;0;0;0;0;0;0;0;1.404668496e-08;0.04516670413;0.1041352521;79.173363;20.67733504
2056.603;1747837992.211;4:33:12 PM;1;3;3.777481106e-05;6.668290098e-06;3.841312305e-13;1.003084131e-13;4.857431679e-10;1.596580073e-12;1.682491924e-10;2.744611613e-12;9.996753425e-12;1.648816378e-14;2.937757149e-09;2.049127881e-11;6.679526376e-10;3.387773785e-12;3.08929721e-14;1;1;1;1;1;1;1;0;0;0;0;0;0;0;0;0;0;6.658891455e-09;0.04500019069;0.1025885193;79.31604849;20.5363628
2058.469;1747837994.077;4:33:14 PM;1;3;3.793409996e-05;6.722180842e-06;4.098543607e-13;1.265572662e-13;4.878054072e-10;1.548877237e-12;1.694053231e-10;2.701771099e-12;1.000272001e-11;8.717404917e-14;2.934943399e-09;2.038869941e-11;6.732213675e-10;3.358386702e-12;4.999999912e-15;1;1;1;1;1;1;1;0;0;0;0;0;0;0;0;0;0;1.027914015e-08;0.04361600643;0.1015406049;79.17677262;20.67807077
2060.335;1747837995.943;4:33:15 PM;1;3;3.782770727e-05;6.683646461e-06;4.061292589e-13;6.488235107e-14;4.864986747e-10;1.525131909e-12;1.689359208e-10;2.773893311e-12;9.874149241e-12;8.279177853e-14;2.928831622e-09;2.017071406e-11;6.704155009e-10;3.401133325e-12;4.999999912e-15;1;1;1;1;1;1;1;0;0;0;0;0;0;0;0;0;0;4.779265437e-09;0.04283292488;0.1031193693;79.20896487;20.64508284
2062.202;1747837997.810;4:33:17 PM;1;3;3.790817573e-05;6.607231626e-06;4.579205396e-13;3.993828109e-14;4.856246516e-10;1.470832896e-12;1.688945789e-10;2.711131233e-12;9.887151861e-12;1.02519718e-13;2.932674104e-09;2.02774169e-11;6.680777598e-10;3.362477397e-12;2.047566116e-14;1;1;1;1;1;1;1;0;0;0;0;0;0;0;0;0;0;4.609156312e-09;0.04115960573;0.1019220385;79.28563648;20.57128187
2064.068;1747837999.676;4:33:19 PM;1;3;3.804736116e-05;6.566832781e-06;5.061977313e-13;1.186619027e-13;4.864265102e-10;1.480889738e-12;1.692912338e-10;2.627029237e-12;9.906879136e-12;7.181145327e-14;2.933965071e-09;2.051530126e-11;6.727467472e-10;3.453503542e-12;4.513647485e-14;1;1;1;1;1;1;1;0;0;0;0;0;0;0;0;0;0;1.315587111e-08;0.04165248312;0.104594567;79.1809089;20.67284405
2065.935;1747838001.543;4:33:21 PM;1;3;3.786709931e-05;6.67851873e-06;5.034129038e-13;1.779368618e-13;4.873256798e-10;1.542876504e-12;1.685090678e-10;2.63000342e-12;9.918152237e-12;6.958968585e-15;2.943253419e-09;2.017724703e-11;6.697310484e-10;3.465549679e-12;6.178643887e-14;1;1;1;1;1;1;1;0;0;0;0;0;0;0;0;0;0;1.788200406e-08;0.04361577771;0.1048301094;79.3040397;20.54751441
2067.801;1747838003.409;4:33:23 PM;1;3;3.795341399e-05;6.737660442e-06;5.264195113e-13;2.055153872e-13;4.850850832e-10;1.589320472e-12;1.688763296e-10;2.650910741e-12;9.884544572e-12;3.640527956e-14;2.934018362e-09;2.033228794e-11;6.701985633e-10;3.481284054e-12;1.212132066e-13;1;1;1;1;1;1;1;0;0;0;0;0;0;0;0;0;0;2.066457878e-08;0.04521860224;0.105664225;79.23734821;20.61176896
2069.667;1747838005.275;4:33:25 PM;1;3;3.787662718e-05;6.655526704e-06;5.057670862e-13;2.326453375e-13;4.850641e-10;1.570093664e-12;1.679612421e-10;2.720068745e-12;9.939131983e-12;4.999999912e-15;2.912965646e-09;2.045639526e-11;6.713257727e-10;3.429647408e-12;4.181056949e-14;1;1;1;1;1;1;1;0;0;0;0;0;0;0;0;0;0;2.267423296e-08;0.04493179904;0.1044848609;79.10225513;20.74832821
2071.534;1747838007.142;4:33:27 PM;1;3;3.801378261e-05;6.758346899e-06;4.617750409e-13;1.401979254e-13;4.856848257e-10;1.646306464e-12;1.679604095e-10;2.698832911e-12;9.979355883e-12;4.047941317e-14;2.920965469e-09;2.017075569e-11;6.653704254e-10;3.377407945e-12;3.388036244e-14;1;1;1;1;1;1;1;0;0;0;0;0;0;0;0;0;0;1.221004913e-08;0.04692767493;0.1028053795;79.28449577;20.56577117
2073.4;1747838009.008;4:33:29 PM;1;3;3.786517846e-05;6.737660442e-06;3.737552802e-13;7.882517745e-14;4.837923395e-10;1.575542865e-12;1.676598582e-10;2.773698155e-12;9.929414062e-12;6.824757231e-14;2.927977638e-09;2.022843004e-11;6.705581646e-10;3.362116575e-12;4.999999912e-15;1;1;1;1;1;1;1;0;0;0;0;0;0;0;0;0;0;4.582610811e-09;0.04438253323;0.1019501019;79.20512827;20.6485391
2075.267;1747838010.875;4:33:30 PM;1;3;3.784492947e-05;6.737660442e-06;3.854624139e-13;8.19021771e-14;4.849987079e-10;1.503047253e-12;1.687646273e-10;2.839297374e-12;1.006162254e-11;1.276255848e-13;2.931107357e-09;2.018565176e-11;6.708767986e-10;3.403784633e-12;4.999999912e-15;1;1;1;1;1;1;1;0;0;0;0;0;0;0;0;0;0;5.896064585e-09;0.04216542714;0.1031341681;79.21080197;20.64389843
2077.133;1747838012.741;4:33:32 PM;1;3;3.792732605e-05;6.709306035e-06;4.184337881e-13;1.484835543e-14;4.835543077e-10;1.49151004e-12;1.680243167e-10;2.745663722e-12;9.96584152e-12;8.385760348e-14;2.929533283e-09;2.014976207e-11;6.697480348e-10;3.373533224e-12;4.999999912e-15;1;1;1;1;1;1;1;0;0;0;0;0;0;0;0;0;0;9.222031539e-10;0.04169805632;0.1022868998;79.2320387;20.62397634
2078.999;1747838014.607;4:33:34 PM;1;3;3.78853656e-05;6.701604889e-06;4.713610687e-13;1.090426103e-13;4.849274871e-10;1.352375785e-12;1.673342853e-10;2.675997011e-12;9.958200063e-12;6.539410127e-14;2.915034658e-09;2.021220864e-11;6.680112574e-10;3.406412739e-12;3.789474634e-14;1;1;1;1;1;1;1;0;0;0;0;0;0;0;0;0;0;1.240471733e-08;0.03796592035;0.1038125713;79.19978684;20.65843467
2080.866;1747838016.474;4:33:36 PM;1;3;3.802583524e-05;6.587008556e-06;4.795830074e-13;1.583164481e-13;4.83403928e-10;1.493825463e-12;1.673843286e-10;2.570031644e-12;9.847144801e-12;4.999999912e-15;2.912825758e-09;2.002286358e-11;6.638869454e-10;3.395697569e-12;7.469528875e-14;1;1;1;1;1;1;1;0;0;0;0;0;0;0;0;0;0;1.582170654e-08;0.04248479934;0.1037305934;79.27844353;20.57534107
2082.732;1747838018.340;4:33:38 PM;1;3;3.791313065e-05;6.696471246e-06;5.322345212e-13;1.642170422e-13;4.868666581e-10;1.54232703e-12;1.689169637e-10;2.506082798e-12;9.789379377e-12;4.999999912e-15;2.914700259e-09;2.027714455e-11;6.670279329e-10;3.424035144e-12;8.003436781e-14;1;1;1;1;1;1;1;0;0;0;0;0;0;0;0;0;0;1.752628103e-08;0.04395246169;0.1044458188;79.20877207;20.64282965
2084.599;1747838020.207;4:33:40 PM;1;3;3.77755423e-05;6.635147656e-06;4.521398447e-13;1.808182103e-13;4.844485924e-10;1.527406457e-12;1.671213723e-10;2.664975662e-12;9.915001979e-12;4.999999912e-15;2.909602115e-09;2.012548461e-11;6.684267029e-10;3.427992482e-12;7.971776722e-14;1;1;1;1;1;1;1;0;0;0;0;0;0;0;0;0;0;1.671106584e-08;0.04352081791;0.1046908433;79.15595457;20.69583377
2086.465;1747838022.073;4:33:42 PM;1;3;3.777461825e-05;6.660628969e-06;4.108545101e-13;1.40628042e-13;4.851633539e-10;1.536225465e-12;1.677335215e-10;2.713599961e-12;1.00239617e-11;4.999999912e-15;2.929561038e-09;2.010680164e-11;6.672379316e-10;3.354699114e-12;4.344240896e-14;1;1;1;1;1;1;1;0;0;0;0;0;0;0;0;0;0;1.170646142e-08;0.04342117356;0.1018369308;79.29224808;20.56249382
2088.331;1747838023.939;4:33:43 PM;1;3;3.777317397e-05;6.622447472e-06;3.580959856e-13;8.183995067e-14;4.846528734e-10;1.514319594e-12;1.678663042e-10;2.773247994e-12;9.973263534e-12;1.89000884e-14;2.92447333e-09;2.039580484e-11;6.728979041e-10;3.3788276e-12;4.999999912e-15;1;1;1;1;1;1;1;0;0;0;0;0;0;0;0;0;0;4.944138584e-09;0.04253289035;0.1024887328;79.13261243;20.72236594
2090.198;1747838025.806;4:33:45 PM;1;3;3.787660171e-05;6.673402368e-06;3.687696578e-13;5.602968447e-14;4.852279134e-10;1.560385718e-12;1.682917972e-10;2.736032104e-12;1.004844818e-11;3.787333674e-14;2.933221221e-09;2.006526195e-11;6.709178213e-10;3.343849286e-12;4.999999912e-15;1;1;1;1;1;1;1;0;0;0;0;0;0;0;0;0;0;2.498151251e-09;0.043786884;0.101224224;79.22431216;20.63067673
2092.064;1747838027.672;4:33:47 PM;1;3;3.787718379e-05;6.704166481e-06;4.597370661e-13;3.533099784e-14;4.861950287e-10;1.478857943e-12;1.674246575e-10;2.743713026e-12;9.986966115e-12;9.045316444e-14;2.911869412e-09;2.015323845e-11;6.654152784e-10;3.286969438e-12;4.999999912e-15;1;1;1;1;1;1;1;0;0;0;0;0;0;0;0;0;0;4.171643602e-09;0.04165573626;0.1001943167;79.24337761;20.61477234
2093.931;1747838029.539;4:33:49 PM;1;3;3.77831966e-05;6.630071766e-06;4.334215007e-13;7.401827903e-14;4.839068035e-10;1.457468803e-12;1.673174932e-10;2.654234254e-12;9.971587792e-12;5.484637606e-14;2.914412711e-09;2.010704971e-11;6.670766162e-10;3.374168132e-12;4.999999912e-15;1;1;1;1;1;1;1;0;0;0;0;0;0;0;0;0;0;7.077774091e-09;0.04104394608;0.1028004834;79.21562898;20.64052659
2095.797;1747838031.405;4:33:51 PM;1;3;3.781554551e-05;6.66317419e-06;4.645186145e-13;1.108740852e-13;4.841168577e-10;1.507482724e-12;1.689939161e-10;2.622009164e-12;9.9023411e-12;3.802965836e-14;2.923407516e-09;2.01894803e-11;6.663388175e-10;3.425635643e-12;7.465297098e-14;1;1;1;1;1;1;1;0;0;0;0;0;0;0;0;0;0;1.091921883e-08;0.04259708759;0.1042801057;79.27065459;20.58246821
2097.663;1747838033.271;4:33:53 PM;1;3;3.779317194e-05;6.69389874e-06;5.185509682e-13;1.46144815e-13;4.855374436e-10;1.471442542e-12;1.677514516e-10;2.63020725e-12;9.869834984e-12;2.51317386e-14;2.924059439e-09;2.015664372e-11;6.650742734e-10;3.447015676e-12;6.791602328e-14;1;1;1;1;1;1;1;0;0;0;0;0;0;0;0;0;0;1.612162396e-08;0.04166258659;0.1049558088;79.31167274;20.54170886
2099.53;1747838035.138;4:33:55 PM;1;3;3.770732292e-05;6.714464689e-06;5.068094924e-13;2.290959306e-13;4.875094772e-10;1.567946077e-12;1.682726042e-10;2.684344283e-12;1.000597348e-11;4.999999912e-15;2.93942759e-09;2.025286189e-11;6.725213719e-10;3.500432149e-12;1.358370339e-13;1;1;1;1;1;1;1;0;0;0;0;0;0;0;0;0;0;2.240361836e-08;0.04452376033;0.1060520619;79.2187443;20.63067988
2101.396;1747838037.004;4:33:57 PM;1;3;3.779664257e-05;6.699031019e-06;5.157861985e-13;1.816998564e-13;4.887916738e-10;1.617062604e-12;1.687247148e-10;2.71212653e-12;9.93016086e-12;4.999999912e-15;2.944259947e-09;2.049128402e-11;6.73226308e-10;3.412449576e-12;8.770023959e-14;1;1;1;1;1;1;1;0;0;0;0;0;0;0;0;0;0;1.791503013e-08;0.0458104502;0.1030954404;79.22875989;20.62233422
2103.263;1747838038.871;4:33:58 PM;1;3;3.768011811e-05;6.622447472e-06;3.967026089e-13;1.645291705e-13;4.86333529e-10;1.591771636e-12;1.687418122e-10;2.754299393e-12;1.004717923e-11;3.462709313e-14;2.92824387e-09;2.003855588e-11;6.71998901e-10;3.361710649e-12;5.921521953e-14;1;1;1;1;1;1;1;0;0;0;0;0;0;0;0;0;0;1.292757233e-08;0.04510216906;0.1019610743;79.16918495;20.6837518
2105.129;1747838040.737;4:34:00 PM;1;3;3.767618182e-05;6.647880127e-06;4.081274706e-13;1.039061483e-13;4.866610448e-10;1.542805488e-12;1.68257186e-10;2.788910596e-12;9.956509575e-12;8.662595787e-14;2.948751465e-09;2.043540684e-11;6.723380741e-10;3.307168992e-12;4.999999912e-15;1;1;1;1;1;1;1;0;0;0;0;0;0;0;0;0;0;8.223568083e-09;0.04322901181;0.09963685046;79.27888235;20.57825179
2106.995;1747838042.603;4:34:02 PM;1;3;3.789063703e-05;6.645325357e-06;3.762100494e-13;4.297994252e-14;4.866255177e-10;1.515113447e-12;1.682035622e-10;2.910778389e-12;1.00020478e-11;9.484837774e-14;2.942468491e-09;2.021786905e-11;6.746939674e-10;3.404572197e-12;4.999999912e-15;1;1;1;1;1;1;1;0;0;0;0;0;0;0;0;0;0;1.961529218e-09;0.04223867377;0.1027334245;79.18926828;20.66575962
2108.862;1747838044.470;4:34:04 PM;1;3;3.79270532e-05;6.686208053e-06;3.728149245e-13;5.994350524e-14;4.856924862e-10;1.459861854e-12;1.68364156e-10;2.727257222e-12;9.930609286e-12;6.645893688e-14;2.928566278e-09;2.04060293e-11;6.717085221e-10;3.369679102e-12;4.999999912e-15;1;1;1;1;1;1;1;0;0;0;0;0;0;0;0;0;0;3.912566099e-09;0.04080598297;0.1021245023;79.18237488;20.67469463
2110.728;1747838046.336;4:34:06 PM;1;3;3.788825416e-05;6.675967143e-06;4.335629349e-13;4.409155807e-14;4.842594659e-10;1.410142511e-12;1.67966363e-10;2.628238556e-12;9.836811053e-12;4.999999912e-15;2.90018809e-09;2.017631028e-11;6.657125406e-10;3.442705105e-12;3.685132711e-14;1;1;1;1;1;1;1;0;0;0;0;0;0;0;0;0;0;4.801748412e-09;0.03968508856;0.1054207672;79.16507622;20.68981793
2112.595;1747838048.203;4:34:08 PM;1;3;3.785063745e-05;6.709306035e-06;4.957087258e-13;1.748921917e-13;4.832305112e-10;1.470782914e-12;1.673529787e-10;2.607248835e-12;9.798777241e-12;4.999999912e-15;2.907332375e-09;1.997389754e-11;6.657419616e-10;3.477458989e-12;4.783363443e-14;1;1;1;1;1;1;1;0;0;0;0;0;0;0;0;0;0;1.803839618e-08;0.04188293643;0.1063285247;79.20359914;20.6481894
2114.461;1747838050.069;4:34:10 PM;1;3;3.787866808e-05;6.717023552e-06;4.745948101e-13;1.830499321e-13;4.840934875e-10;1.512844103e-12;1.689283435e-10;2.641798889e-12;9.90550697e-12;4.999999912e-15;2.927466269e-09;2.017052497e-11;6.648775974e-10;3.45913684e-12;1.101736297e-13;1;1;1;1;1;1;1;0;0;0;0;0;0;0;0;0;0;1.773974331e-08;0.04294179614;0.1053124364;79.32585394;20.52589183
2116.327;1747838051.935;4:34:11 PM;1;3;3.783365173e-05;6.766127626e-06;4.851485424e-13;2.120347626e-13;4.864945113e-10;1.587329118e-12;1.681905448e-10;2.676554724e-12;9.951448519e-12;4.999999912e-15;2.928265186e-09;2.018074249e-11;6.679734543e-10;3.38391511e-12;6.139166053e-14;1;1;1;1;1;1;1;0;0;0;0;0;0;0;0;0;0;2.000661142e-08;0.04523642499;0.1027744588;79.26472135;20.58726777
2118.194;1747838053.802;4:34:13 PM;1;3;3.791248309e-05;6.622447472e-06;4.184132966e-13;9.150355983e-14;4.850213009e-10;1.559567037e-12;1.683817946e-10;2.779200047e-12;9.876949085e-12;1.08334633e-14;2.923099762e-09;1.997247853e-11;6.655260232e-10;3.369303751e-12;1.048300173e-14;1;1;1;1;1;1;1;0;0;0;0;0;0;0;0;0;0;7.256720574e-09;0.04409336399;0.102453966;79.29218433;20.56126834
2120.06;1747838055.668;4:34:15 PM;1;3;3.789238326e-05;6.624978141e-06;3.583633227e-13;6.367614227e-14;4.84257856e-10;1.565965456e-12;1.678141376e-10;2.738887676e-12;9.988170013e-12;2.252865896e-14;2.923542963e-09;2.023818439e-11;6.684194309e-10;3.318194027e-12;4.999999912e-15;1;1;1;1;1;1;1;0;0;0;0;0;0;0;0;0;0;2.821337733e-09;0.04411480793;0.1007686992;79.23118831;20.62392818
2121.927;1747838057.535;4:34:17 PM;1;3;3.790665141e-05;6.673402368e-06;3.674290147e-13;2.066632489e-14;4.843165313e-10;1.529156359e-12;1.687001511e-10;2.711616955e-12;9.964683592e-12;6.507548813e-14;2.940870658e-09;2.034150799e-11;6.726401103e-10;3.394887019e-12;4.999999912e-15;1;1;1;1;1;1;1;0;0;0;0;0;0;0;0;0;0;4.672233452e-10;0.04263749406;0.1025456219;79.22301859;20.6317983
2123.793;1747838059.401;4:34:19 PM;1;3;3.794683289e-05;6.609764114e-06;4.245181138e-13;7.592341198e-14;4.882399485e-10;1.397509278e-12;1.688425927e-10;2.65288182e-12;9.86663095e-12;8.079004994e-14;2.93236635e-09;2.017948482e-11;6.687567722e-10;3.356777963e-12;4.999999912e-15;1;1;1;1;1;1;1;0;0;0;0;0;0;0;0;0;0;7.53443523e-09;0.03900359694;0.1016985439;79.27274285;20.58655501
2125.659;1747838061.267;4:34:21 PM;1;3;3.793935321e-05;6.652976481e-06;4.586906484e-13;9.786564462e-14;4.852543922e-10;1.473693563e-12;1.686397966e-10;2.638344187e-12;9.89228751e-12;9.980114201e-14;2.930686804e-09;2.030335275e-11;6.670273223e-10;3.437330715e-12;1.991960436e-14;1;1;1;1;1;1;1;0;0;0;0;0;0;0;0;0;0;9.87163093e-09;0.04144215925;0.1043257972;79.29806181;20.55617023
2127.526;1747838063.134;4:34:23 PM;1;3;3.773807475e-05;6.686208053e-06;4.885839996e-13;1.395353559e-13;4.840084999e-10;1.462136727e-12;1.669732408e-10;2.626568451e-12;9.862448531e-12;4.999999912e-15;2.917278863e-09;2.006700535e-11;6.674275022e-10;3.456989035e-12;4.999999912e-15;1;1;1;1;1;1;1;0;0;0;0;0;0;0;0;0;0;1.468586788e-08;0.04138441967;0.1052863105;79.22285621;20.63047306
2129.392;1747838065.000;4:34:25 PM;1;3;3.773134813e-05;6.637691058e-06;4.796098956e-13;1.571047437e-13;4.85253171e-10;1.520491307e-12;1.673363809e-10;2.665830664e-12;9.875473703e-12;4.999999912e-15;2.916587416e-09;2.008141049e-11;6.6520639e-10;3.458890943e-12;8.445946443e-14;1;1;1;1;1;1;1;0;0;0;0;0;0;0;0;0;0;1.546456042e-08;0.04322856591;0.1055597082;79.2681524;20.58305933
2131.259;1747838066.867;4:34:26 PM;1;3;3.770561671e-05;6.534208751e-06;4.565350918e-13;1.751854277e-13;4.835647438e-10;1.558942645e-12;1.668734317e-10;2.881269225e-12;9.970397771e-12;4.999999912e-15;2.937761145e-09;2.037384671e-11;6.715523693e-10;3.41631389e-12;5.579321998e-14;1;1;1;1;1;1;1;0;0;0;0;0;0;0;0;0;0;1.604111988e-08;0.04410107837;0.1034242737;79.23842972;20.61404493