Time Relative (sec),Pressure_(mBar),Raw_Signal_Amps,mz,True_Concentration_ppm,Primary_Gas
0.835,1.479776893e-05,1.342721156e-09,16,100,Methane
1.071,1.469343988e-05,1.36338496e-09,16,100,Methane
1.308,1.470193729e-05,1.350527801e-09,16,100,Methane
1.545,1.46717357e-05,1.352290058e-09,16,100,Methane
1.782,1.467576749e-05,1.355897283e-09,16,100,Methane
2.019,1.477024307e-05,1.350269341e-09,16,100,Methane
2.255,1.453341883e-05,1.356254664e-09,16,100,Methane
2.492,1.464709203e-05,1.34493483e-09,16,100,Methane
2.729,1.466257254e-05,1.349078294e-09,16,100,Methane
2.966,1.467517814e-05,1.34604472e-09,16,100,Methane
3.203,1.472588792e-05,1.343477218e-09,16,100,Methane
3.439,1.4715416e-05,1.343940514e-09,16,100,Methane
3.676,1.473945576e-05,1.354762191e-09,16,100,Methane
3.913,1.471451833e-05,1.342309042e-09,16,100,Methane
4.15,1.470769712e-05,1.35314715e-09,16,100,Methane
4.387,1.470120787e-05,1.358924528e-09,16,100,Methane
4.623,1.473216616e-05,1.356281532e-09,16,100,Methane
4.86,1.471101677e-05,1.354543699e-09,16,100,Methane
5.097,1.467331731e-05,1.335079491e-09,16,100,Methane
5.334,1.46971679e-05,1.349973355e-09,16,100,Methane
5.571,1.484124277e-05,1.344520939e-09,16,100,Methane
5.807,1.453596906e-05,1.346373679e-09,16,100,Methane
6.044,1.458099905e-05,1.340800915e-09,16,100,Methane
6.281,1.463003991e-05,1.334509614e-09,16,100,Methane
6.518,1.468271148e-05,1.347184031e-09,16,100,Methane
6.755,1.472241092e-05,1.337361999e-09,16,100,Methane
6.991,1.469203562e-05,1.352190027e-09,16,100,Methane
7.228,1.479353159e-05,1.34877598e-09,16,100,Methane
7.465,1.470595271e-05,1.348120393e-09,16,100,Methane
7.702,1.481553409e-05,1.33927347e-09,16,100,Methane
7.939,1.463306762e-05,1.338595679e-09,16,100,Methane
8.175,1.462827368e-05,1.343404499e-09,16,100,Methane
8.412,1.466103004e-05,1.35771494e-09,16,100,Methane
8.649,1.465668447e-05,1.351905921e-09,16,100,Methane
8.886,1.46562661e-05,1.35221323e-09,16,100,Methane
9.123,1.467323e-05,1.344258815e-09,16,100,Methane
9.359,1.469548715e-05,1.349375722e-09,16,100,Methane
9.596,1.465203786e-05,1.34758138e-09,16,100,Methane
9.833,1.470289408e-05,1.343792522e-09,16,100,Methane
10.07,1.470484676e-05,1.339407696e-09,16,100,Methane
10.307,1.471457563e-05,1.333389066e-09,16,100,Methane
10.543,1.46984512e-05,1.340086375e-09,16,100,Methane
10.78,1.472495387e-05,1.349134138e-09,16,100,Methane
11.017,1.471943688e-05,1.350009327e-09,16,100,Methane
11.254,1.482928019e-05,1.345852985e-09,16,100,Methane
11.491,1.473598604e-05,1.346355472e-09,16,100,Methane
11.727,1.485787561e-05,1.344274914e-09,16,100,Methane
11.964,1.467849143e-05,1.35757583e-09,16,100,Methane
12.201,1.468963183e-05,1.337049582e-09,16,100,Methane
12.438,1.466412232e-05,1.341123101e-09,16,100,Methane
12.675,1.467610673e-05,1.34406497e-09,16,100,Methane
12.911,1.470509415e-05,1.355213164e-09,16,100,Methane
13.148,1.470706411e-05,1.364707347e-09,16,100,Methane
13.385,1.472871918e-05,1.348182121e-09,16,100,Methane
13.622,1.469152721e-05,1.357623125e-09,16,100,Methane
13.859,1.482285006e-05,1.342220335e-09,16,100,Methane
14.095,1.456916016e-05,1.352492673e-09,16,100,Methane
14.332,1.467528728e-05,1.340703881e-09,16,100,Methane
14.569,1.471219639e-05,1.342163936e-09,16,100,Methane
14.806,1.475092813e-05,1.344189537e-09,16,100,Methane
15.043,1.47130113e-05,1.347770562e-09,16,100,Methane
15.279,1.467277252e-05,1.343714362e-09,16,100,Methane
15.516,1.470195366e-05,1.342201905e-09,16,100,Methane
15.753,1.466008689e-05,1.336652899e-09,16,100,Methane
15.99,1.471807627e-05,1.347412182e-09,16,100,Methane
16.227,1.474032524e-05,1.33684519e-09,16,100,Methane
16.463,1.475887893e-05,1.336400324e-09,16,100,Methane
16.7,1.47401488e-05,1.351735501e-09,16,100,Methane
16.937,1.470071402e-05,1.346268097e-09,16,100,Methane
17.174,1.469437302e-05,1.344754086e-09,16,100,Methane
17.411,1.485201756e-05,1.331891597e-09,16,100,Methane
17.647,1.459173836e-05,1.343527067e-09,16,100,Methane
17.884,1.466326466e-05,1.343587241e-09,16,100,Methane
18.121,1.476906164e-05,1.340442535e-09,16,100,Methane
18.358,1.470297047e-05,1.34122613e-09,16,100,Methane
18.595,1.474021064e-05,1.338551936e-09,16,100,Methane
18.831,1.475772933e-05,1.345531575e-09,16,100,Methane
19.068,1.487077589e-05,1.334263922e-09,16,100,Methane
19.305,1.473925749e-05,1.347110423e-09,16,100,Methane
19.542,1.471512132e-05,1.327838062e-09,16,100,Methane
19.779,1.462089585e-05,1.340290656e-09,16,100,Methane
20.015,1.471867017e-05,1.343771427e-09,16,100,Methane
20.252,1.473749762e-05,1.34547784e-09,16,100,Methane
20.489,1.473413977e-05,1.34993472e-09,16,100,Methane
20.726,1.471989253e-05,1.359103385e-09,16,100,Methane
20.963,1.480195351e-05,1.346123435e-09,16,100,Methane
21.199,1.458059887e-05,1.348486434e-09,16,100,Methane
21.436,1.479284765e-05,1.344385048e-09,16,100,Methane
21.673,1.472052099e-05,1.352841283e-09,16,100,Methane
21.91,1.469148083e-05,1.339614641e-09,16,100,Methane
22.147,1.471946416e-05,1.346223799e-09,16,100,Methane
22.383,1.474148576e-05,1.342394085e-09,16,100,Methane
22.62,1.482137304e-05,1.340785039e-09,16,100,Methane
22.857,1.472451277e-05,1.350448975e-09,16,100,Methane
23.094,1.471575251e-05,1.343770428e-09,16,100,Methane
23.331,1.472846543e-05,1.342671752e-09,16,100,Methane
23.567,1.47375431e-05,1.341129652e-09,16,100,Methane
23.804,1.483859887e-05,1.353313905e-09,16,100,Methane
24.041,1.473530028e-05,1.344219513e-09,16,100,Methane
24.278,1.488174257e-05,1.343848477e-09,16,100,Methane
24.515,1.471327596e-05,1.34475342e-09,16,100,Methane
24.751,1.479591265e-05,1.346652012e-09,16,100,Methane
24.988,1.474896726e-05,1.343633205e-09,16,100,Methane
25.225,1.474640612e-05,1.337919442e-09,16,100,Methane
25.462,1.473527482e-05,1.348881784e-09,16,100,Methane
25.699,1.481219351e-05,1.343124389e-09,16,100,Methane
25.935,1.457385224e-05,1.345609069e-09,16,100,Methane
26.172,1.46221555e-05,1.35115763e-09,16,100,Methane
26.409,1.471427368e-05,1.348666401e-09,16,100,Methane
26.646,1.473364046e-05,1.341938671e-09,16,100,Methane
26.883,1.479744424e-05,1.345763612e-09,16,100,Methane
27.119,1.475375848e-05,1.338902322e-09,16,100,Methane
27.356,1.472592885e-05,1.347771117e-09,16,100,Methane
27.593,1.470922962e-05,1.352486345e-09,16,100,Methane
27.83,1.473494558e-05,1.343661848e-09,16,100,Methane
28.067,1.47464134e-05,1.340403788e-09,16,100,Methane
28.303,1.476722809e-05,1.345433209e-09,16,100,Methane
28.54,1.471528503e-05,1.345756839e-09,16,100,Methane
28.777,1.476018133e-05,1.354086065e-09,16,100,Methane
29.014,1.474416331e-05,1.347354006e-09,16,100,Methane
29.251,1.486945439e-05,1.358069213e-09,16,100,Methane
29.487,1.481546133e-05,1.342600253e-09,16,100,Methane
29.724,1.490002705e-05,1.354019563e-09,16,100,Methane
29.961,1.480481751e-05,1.338626543e-09,16,100,Methane
30.198,1.472666099e-05,1.341898925e-09,16,100,Methane
30.435,1.472835629e-05,1.345139e-09,16,100,Methane
30.671,1.48027666e-05,1.338229971e-09,16,100,Methane
30.908,1.478351351e-05,1.341578182e-09,16,100,Methane
31.145,1.476532725e-05,1.340650146e-09,16,100,Methane
31.382,1.473014254e-05,1.336299738e-09,16,100,Methane
31.619,1.481050276e-05,1.345758505e-09,16,100,Methane
31.855,1.47797291e-05,1.335627942e-09,16,100,Methane
32.092,1.486307792e-05,1.344575784e-09,16,100,Methane
32.329,1.479903858e-05,1.337553845e-09,16,100,Methane
32.566,1.481520212e-05,1.343267275e-09,16,100,Methane
32.803,1.475247609e-05,1.340435984e-09,16,100,Methane
33.039,1.471524047e-05,1.338220756e-09,16,100,Methane
33.276,1.475850058e-05,1.344506395e-09,16,100,Methane
33.513,1.47735218e-05,1.343160805e-09,16,100,Methane
33.75,1.479529328e-05,1.3351108e-09,16,100,Methane
33.987,1.477400201e-05,1.34984357e-09,16,100,Methane
34.223,1.482463722e-05,1.327281063e-09,16,100,Methane
34.46,1.47710889e-05,1.343899769e-09,16,100,Methane
34.697,1.472825898e-05,1.349510281e-09,16,100,Methane
34.934,1.471482665e-05,1.339350075e-09,16,100,Methane
35.171,1.487690497e-05,1.348468448e-09,16,100,Methane
35.407,1.460720796e-05,1.365560109e-09,16,100,Methane
35.644,1.483230426e-05,1.361608271e-09,16,100,Methane
35.881,1.47761757e-05,1.358330337e-09,16,100,Methane
36.118,1.489846181e-05,1.370425107e-09,16,100,Methane
36.355,1.472476924e-05,1.353384294e-09,16,100,Methane
36.591,1.472780787e-05,1.358627544e-09,16,100,Methane
36.828,1.474453893e-05,1.350897505e-09,16,100,Methane
37.065,1.475520367e-05,1.346827205e-09,16,100,Methane
37.302,1.479049661e-05,1.339224398e-09,16,100,Methane
37.539,1.483310098e-05,1.342932654e-09,16,100,Methane
37.775,1.458085353e-05,1.349812928e-09,16,100,Methane
38.012,1.461813918e-05,1.356342372e-09,16,100,Methane
38.249,1.472332679e-05,1.356970647e-09,16,100,Methane
38.486,1.474189321e-05,1.34133793e-09,16,100,Methane
38.723,1.465991227e-05,1.34755318e-09,16,100,Methane
38.959,1.467148377e-05,1.342635558e-09,16,100,Methane
39.196,1.470854295e-05,1.34459599e-09,16,100,Methane
39.433,1.470972074e-05,1.342036371e-09,16,100,Methane
39.67,1.473727843e-05,1.369846125e-09,16,100,Methane
39.907,1.474852888e-05,1.365677349e-09,16,100,Methane
40.143,1.474102919e-05,1.354086065e-09,16,100,Methane
40.38,1.476171292e-05,1.337222222e-09,16,100,Methane
40.617,1.46966504e-05,1.353609891e-09,16,100,Methane
40.854,1.475247427e-05,1.336767919e-09,16,100,Methane
41.091,1.487117152e-05,1.346812994e-09,16,100,Methane
41.327,1.479109142e-05,1.352036372e-09,16,100,Methane
41.564,1.486772089e-05,1.34727085e-09,16,100,Methane
41.801,1.475397039e-05,1.332448263e-09,16,100,Methane
42.038,1.474890814e-05,1.33490452e-09,16,100,Methane
42.275,1.486825295e-05,1.336220912e-09,16,100,Methane
42.511,1.458201859e-05,1.349079515e-09,16,100,Methane
42.748,1.461916145e-05,1.342057021e-09,16,100,Methane
42.985,1.470443385e-05,1.347208234e-09,16,100,Methane
43.222,1.470012194e-05,1.354628631e-09,16,100,Methane
43.459,1.485889243e-05,1.348087419e-09,16,100,Methane
43.695,1.457629241e-05,1.335892508e-09,16,100,Methane
43.932,1.463633544e-05,1.343446021e-09,16,100,Methane
44.169,1.473759494e-05,1.336081357e-09,16,100,Methane
44.406,1.487644113e-05,1.339117039e-09,16,100,Methane
44.643,1.470706593e-05,1.350200285e-09,16,100,Methane
44.879,1.466102003e-05,1.347776446e-09,16,100,Methane
45.116,1.469877225e-05,1.329153454e-09,16,100,Methane
45.353,1.48423087e-05,1.348093082e-09,16,100,Methane
45.59,1.477814385e-05,1.338083311e-09,16,100,Methane
45.827,1.472639542e-05,1.33976541e-09,16,100,Methane
46.063,1.474183409e-05,1.345208611e-09,16,100,Methane
46.3,1.474983037e-05,1.332229993e-09,16,100,Methane
46.537,1.480542869e-05,1.3431386e-09,16,100,Methane
46.774,1.472750773e-05,1.346078138e-09,16,100,Methane
47.011,1.471567612e-05,1.348477885e-09,16,100,Methane
47.247,1.473304383e-05,1.345034084e-09,16,100,Methane
47.484,1.475072895e-05,1.349175105e-09,16,100,Methane
47.721,1.478980994e-05,1.337241984e-09,16,100,Methane
47.958,1.471849919e-05,1.350288659e-09,16,100,Methane
48.195,1.483997858e-05,1.351250112e-09,16,100,Methane
48.431,1.478762351e-05,1.342728484e-09,16,100,Methane
48.668,1.47152241e-05,1.33812128e-09,16,100,Methane
48.905,1.470500865e-05,1.330708099e-09,16,100,Methane
49.142,1.468380651e-05,1.3330409e-09,16,100,Methane
49.379,1.472110125e-05,1.334795718e-09,16,100,Methane
49.615,1.468702339e-05,1.332503441e-09,16,100,Methane
49.852,1.480754872e-05,1.342217559e-09,16,100,Methane
50.089,1.470557436e-05,1.340998756e-09,16,100,Methane
50.326,1.470076677e-05,1.342284506e-09,16,100,Methane
50.563,1.475851514e-05,1.349734102e-09,16,100,Methane
50.799,1.475597037e-05,1.351426193e-09,16,100,Methane
51.036,1.466229332e-05,1.342205791e-09,16,100,Methane
51.273,1.471167525e-05,1.334898192e-09,16,100,Methane
51.51,1.471737323e-05,1.335677124e-09,16,100,Methane
51.747,1.472070016e-05,1.331604604e-09,16,100,Methane
51.983,1.465769583e-05,1.33673872e-09,16,100,Methane
52.22,1.469074414e-05,1.334317434e-09,16,100,Methane
52.457,1.465676451e-05,1.337543187e-09,16,100,Methane
52.694,1.468879782e-05,1.32831679e-09,16,100,Methane
52.931,1.468209939e-05,1.331194488e-09,16,100,Methane
53.167,1.474380406e-05,1.332281951e-09,16,100,Methane
53.404,1.471078667e-05,1.327029486e-09,16,100,Methane
53.641,1.476026682e-05,1.327762233e-09,16,100,Methane
53.878,1.469531253e-05,1.323578469e-09,16,100,Methane
54.115,1.471387804e-05,1.327814081e-09,16,100,Methane
54.351,1.471753876e-05,1.337237543e-09,16,100,Methane
54.588,1.469860035e-05,1.34645306e-09,16,100,Methane
54.825,1.476582929e-05,1.344900968e-09,16,100,Methane
55.062,1.467983202e-05,1.343386624e-09,16,100,Methane
55.299,1.476961734e-05,1.33454392e-09,16,100,Methane
55.535,1.454970607e-05,1.349159784e-09,16,100,Methane
55.772,1.457360941e-05,1.350978107e-09,16,100,Methane
56.009,1.463193985e-05,1.352953305e-09,16,100,Methane
56.246,1.469423933e-05,1.357142954e-09,16,100,Methane
56.483,1.474862347e-05,1.34734135e-09,16,100,Methane
56.719,1.47042656e-05,1.353517631e-09,16,100,Methane
56.956,1.469274594e-05,1.342111422e-09,16,100,Methane
57.193,1.470842017e-05,1.332897015e-09,16,100,Methane
57.43,1.474790042e-05,1.322556398e-09,16,100,Methane
57.667,1.471913038e-05,1.340456968e-09,16,100,Methane
57.903,1.48444733e-05,1.33409539e-09,16,100,Methane
58.14,1.471000269e-05,1.32631206e-09,16,100,Methane
58.377,1.473424163e-05,1.331528221e-09,16,100,Methane
58.614,1.468256596e-05,1.336847189e-09,16,100,Methane
58.851,1.470725056e-05,1.345071832e-09,16,100,Methane
59.087,1.468794744e-05,1.334127475e-09,16,100,Methane
59.324,1.471092855e-05,1.350661027e-09,16,100,Methane
59.561,1.471093674e-05,1.335981659e-09,16,100,Methane
59.798,1.481307936e-05,1.334578115e-09,16,100,Methane
60.035,1.473480188e-05,1.345082046e-09,16,100,Methane
60.271,1.467063339e-05,1.347936096e-09,16,100,Methane
60.508,1.470557982e-05,1.333968158e-09,16,100,Methane
60.745,1.472823715e-05,1.343921863e-09,16,100,Methane
60.982,1.483457072e-05,1.33476008e-09,16,100,Methane
61.219,1.464320576e-05,1.352717049e-09,16,100,Methane
61.455,1.468586106e-05,1.340352052e-09,16,100,Methane
61.692,1.468739629e-05,1.348279377e-09,16,100,Methane
61.929,1.464417073e-05,1.336544431e-09,16,100,Methane
62.166,1.469941981e-05,1.331293409e-09,16,100,Methane
62.403,1.470733059e-05,1.334842348e-09,16,100,Methane
62.639,1.473125667e-05,1.321825871e-09,16,100,Methane
62.876,1.470122152e-05,1.331334265e-09,16,100,Methane
63.113,1.474400779e-05,1.331296295e-09,16,100,Methane
63.35,1.470836833e-05,1.328963051e-09,16,100,Methane
63.587,1.47595747e-05,1.329380495e-09,16,100,Methane
63.823,1.471071209e-05,1.331742716e-09,16,100,Methane
64.06,1.469534436e-05,1.340064837e-09,16,100,Methane
64.297,1.478424292e-05,1.347154721e-09,16,100,Methane
64.534,1.473968132e-05,1.344678924e-09,16,100,Methane
64.771,1.471731684e-05,1.333564148e-09,16,100,Methane
65.007,1.474253349e-05,1.341395328e-09,16,100,Methane
65.244,1.47470555e-05,1.342266187e-09,16,100,Methane
65.481,1.485154007e-05,1.348735568e-09,16,100,Methane
65.718,1.478149807e-05,1.340133005e-09,16,100,Methane
65.955,1.471732594e-05,1.345725864e-09,16,100,Methane
66.191,1.473909015e-05,1.344919398e-09,16,100,Methane
66.428,1.4732821e-05,1.340765499e-09,16,100,Methane
66.665,1.484582208e-05,1.34909528e-09,16,100,Methane
66.902,1.475720273e-05,1.347251199e-09,16,100,Methane
67.139,1.479583534e-05,1.359318547e-09,16,100,Methane
67.375,1.455326674e-05,1.354192536e-09,16,100,Methane
67.612,1.476769648e-05,1.341715405e-09,16,100,Methane
67.849,1.468504252e-05,1.329166111e-09,16,100,Methane
68.086,1.467966194e-05,1.340985656e-09,16,100,Methane
68.323,1.473210341e-05,1.340788036e-09,16,100,Methane
68.559,1.479781804e-05,1.343809508e-09,16,100,Methane
68.796,1.473700468e-05,1.346069145e-09,16,100,Methane
69.033,1.468454684e-05,1.34414202e-09,16,100,Methane
69.27,1.46883649e-05,1.342435163e-09,16,100,Methane
69.507,1.4761702e-05,1.35213063e-09,16,100,Methane
69.743,1.45439808e-05,1.336545874e-09,16,100,Methane
69.98,1.459689793e-05,1.342300493e-09,16,100,Methane
70.217,1.465112564e-05,1.346169398e-09,16,100,Methane
70.454,1.469533345e-05,1.337458033e-09,16,100,Methane
70.691,1.473710472e-05,1.335474953e-09,16,100,Methane
70.927,1.473761586e-05,1.34527256e-09,16,100,Methane
71.164,1.47118617e-05,1.340009326e-09,16,100,Methane
71.401,1.467359925e-05,1.335910493e-09,16,100,Methane
71.638,1.472098393e-05,1.349548029e-09,16,100,Methane
71.875,1.480988794e-05,1.362819746e-09,16,100,Methane
72.111,1.456356676e-05,1.363350766e-09,16,100,Methane
72.348,1.464247998e-05,1.339251932e-09,16,100,Methane
72.585,1.473604516e-05,1.338758882e-09,16,100,Methane
72.822,1.471965243e-05,1.335018984e-09,16,100,Methane
73.059,1.466072172e-05,1.348319567e-09,16,100,Methane
73.295,1.469497238e-05,1.329034327e-09,16,100,Methane
73.532,1.472892745e-05,1.337777222e-09,16,100,Methane
73.769,1.48434865e-05,1.347893464e-09,16,100,Methane
74.006,1.479468574e-05,1.331364796e-09,16,100,Methane
74.243,1.471664291e-05,1.338939182e-09,16,100,Methane
74.479,1.471866653e-05,1.343116285e-09,16,100,Methane
74.716,1.472984059e-05,1.336728284e-09,16,100,Methane
74.953,1.47256842e-05,1.337664979e-09,16,100,Methane
75.19,1.470770076e-05,1.332580601e-09,16,100,Methane
75.427,1.472830627e-05,1.339021116e-09,16,100,Methane
75.663,1.471637279e-05,1.340097366e-09,16,100,Methane
75.9,1.47507817e-05,1.342539191e-09,16,100,Methane
76.137,1.476063335e-05,1.339932165e-09,16,100,Methane
76.374,1.477145088e-05,1.360960455e-09,16,100,Methane
76.611,1.478429931e-05,1.348021139e-09,16,100,Methane
76.847,1.487921327e-05,1.339189204e-09,16,100,Methane
77.084,1.475398039e-05,1.341051603e-09,16,100,Methane
77.321,1.48864865e-05,1.336118327e-09,16,100,Methane
77.558,1.482107746e-05,1.335358157e-09,16,100,Methane
77.795,1.477750266e-05,1.333800626e-09,16,100,Methane
78.031,1.477765454e-05,1.341139977e-09,16,100,Methane
78.268,1.475246881e-05,1.335102473e-09,16,100,Methane
78.505,1.471479845e-05,1.34457856e-09,16,100,Methane
78.742,1.476357102e-05,1.34917133e-09,16,100,Methane
78.979,1.478037029e-05,1.34671363e-09,16,100,Methane
79.215,1.490549766e-05,1.344472311e-09,16,100,Methane
79.452,1.474608234e-05,1.340740408e-09,16,100,Methane
79.689,1.478655759e-05,1.343114509e-09,16,100,Methane
79.926,1.477033038e-05,1.341482592e-09,16,100,Methane
80.163,1.487430018e-05,1.345054512e-09,16,100,Methane
80.399,1.460170279e-05,1.350550671e-09,16,100,Methane
80.636,1.467041329e-05,1.34001088e-09,16,100,Methane
80.873,1.475190584e-05,1.338003819e-09,16,100,Methane
81.11,1.475179397e-05,1.336640243e-09,16,100,Methane
81.347,1.480461196e-05,1.334851563e-09,16,100,Methane
81.583,1.474899e-05,1.345069944e-09,16,100,Methane
81.82,1.477206297e-05,1.341281308e-09,16,100,Methane
82.057,1.47667597e-05,1.335221711e-09,16,100,Methane
82.294,1.476321358e-05,1.341110001e-09,16,100,Methane
82.531,1.477040769e-05,1.339914402e-09,16,100,Methane
82.767,1.47888295e-05,1.339980349e-09,16,100,Methane
83.004,1.47941355e-05,1.346085465e-09,16,100,Methane
83.241,1.48254494e-05,1.339918954e-09,16,100,Methane
83.478,1.475329645e-05,1.335155542e-09,16,100,Methane
83.715,1.479897128e-05,1.34472633e-09,16,100,Methane
83.951,1.477678143e-05,1.32865341e-09,16,100,Methane
84.188,1.489135684e-05,1.346400991e-09,16,100,Methane
84.425,1.475128829e-05,1.340227707e-09,16,100,Methane
84.662,1.475733916e-05,1.333308131e-09,16,100,Methane
84.899,1.466300091e-05,1.329569677e-09,16,100,Methane
85.135,1.470323605e-05,1.329584109e-09,16,100,Methane
85.372,1.472255281e-05,1.338223199e-09,16,100,Methane
85.609,1.478909144e-05,1.327170374e-09,16,100,Methane
85.846,1.475406862e-05,1.339793165e-09,16,100,Methane
86.083,1.47710598e-05,1.335149991e-09,16,100,Methane
86.319,1.475540103e-05,1.332815303e-09,16,100,Methane
86.556,1.474291093e-05,1.32791067e-09,16,100,Methane
86.793,1.477921614e-05,1.318788079e-09,16,100,Methane
87.03,1.475053978e-05,1.335082267e-09,16,100,Methane
87.267,1.487498594e-05,1.34157041e-09,16,100,Methane
87.503,1.479300408e-05,1.345978551e-09,16,100,Methane
87.74,1.474363671e-05,1.343037459e-09,16,100,Methane
87.977,1.471660289e-05,1.342497113e-09,16,100,Methane
88.214,1.471766154e-05,1.347054135e-09,16,100,Methane
88.451,1.475649242e-05,1.349909295e-09,16,100,Methane
88.687,1.471753876e-05,1.335585864e-09,16,100,Methane
88.924,1.47479077e-05,1.332073674e-09,16,100,Methane
89.161,1.475881618e-05,1.336250111e-09,16,100,Methane
89.398,1.49045336e-05,1.333515076e-09,16,100,Methane
89.635,1.472688655e-05,1.33046929e-09,16,100,Methane
89.871,1.471035739e-05,1.339207634e-09,16,100,Methane
90.108,1.475634326e-05,1.326814658e-09,16,100,Methane
90.345,1.47628316e-05,1.346330047e-09,16,100,Methane
90.582,1.488065391e-05,1.336930011e-09,16,100,Methane
90.819,1.482255175e-05,1.340439537e-09,16,100,Methane
91.055,1.484292716e-05,1.331437849e-09,16,100,Methane
91.292,1.474588771e-05,1.320153986e-09,16,100,Methane
91.529,1.46817265e-05,1.325223375e-09,16,100,Methane
91.766,1.474846522e-05,1.328946175e-09,16,100,Methane
92.003,1.475491536e-05,1.321505017e-09,16,100,Methane
92.239,1.477724891e-05,1.340073719e-09,16,100,Methane
92.476,1.474569581e-05,1.338385069e-09,16,100,Methane
92.713,1.479933326e-05,1.339022226e-09,16,100,Methane
92.95,1.475216231e-05,1.346161183e-09,16,100,Methane
93.187,1.47472083e-05,1.328476995e-09,16,100,Methane
93.423,1.470195366e-05,1.329973021e-09,16,100,Methane
93.66,1.471951691e-05,1.326592725e-09,16,100,Methane
93.897,1.478136619e-05,1.336695643e-09,16,100,Methane
94.134,1.471082487e-05,1.333614663e-09,16,100,Methane
94.371,1.475037243e-05,1.346256107e-09,16,100,Methane
94.607,1.472569966e-05,1.336520006e-09,16,100,Methane
94.844,1.484640052e-05,1.329137023e-09,16,100,Methane
95.081,1.473752218e-05,1.324136689e-09,16,100,Methane
95.318,1.487541067e-05,1.345077716e-09,16,100,Methane
95.555,1.479523962e-05,1.339076849e-09,16,100,Methane
95.791,1.489772694e-05,1.331287858e-09,16,100,Methane
96.028,1.473703469e-05,1.337518096e-09,16,100,Methane
96.265,1.472460917e-05,1.340634714e-09,16,100,Methane
96.502,1.472540953e-05,1.346768252e-09,16,100,Methane
96.739,1.474770488e-05,1.340782818e-09,16,100,Methane
96.975,1.481391064e-05,1.322812748e-09,16,100,Methane
97.212,1.479548337e-05,1.337449929e-09,16,100,Methane
97.449,1.471955875e-05,1.342279954e-09,16,100,Methane
97.686,1.475592489e-05,1.340678457e-09,16,100,Methane
97.923,1.477141177e-05,1.345539236e-09,16,100,Methane
98.159,1.470106417e-05,1.332136401e-09,16,100,Methane
98.396,1.469176823e-05,1.328448684e-09,16,100,Methane
98.633,1.465589867e-05,1.328322341e-09,16,100,Methane
98.87,1.471108499e-05,1.334959587e-09,16,100,Methane
99.107,1.473202792e-05,1.320411225e-09,16,100,Methane
99.343,1.486342808e-05,1.347764123e-09,16,100,Methane
99.58,1.471185078e-05,1.35333611e-09,16,100,Methane
99.817,1.473491375e-05,1.347867262e-09,16,100,Methane
100.054,1.487118971e-05,1.338459121e-09,16,100,Methane
100.291,1.470831285e-05,1.341505018e-09,16,100,Methane
100.527,1.483548203e-05,1.338484767e-09,16,100,Methane
100.764,1.469383005e-05,1.343684164e-09,16,100,Methane
101.001,1.470150164e-05,1.337782662e-09,16,100,Methane
101.238,1.472551685e-05,1.331622257e-09,16,100,Methane
101.475,1.47737328e-05,1.334810262e-09,16,100,Methane
101.711,1.456276186e-05,1.329463761e-09,16,100,Methane
101.948,1.464945944e-05,1.328347543e-09,16,100,Methane
102.185,1.475352929e-05,1.343027245e-09,16,100,Methane
102.422,1.468420305e-05,1.332824295e-09,16,100,Methane
102.659,1.471455471e-05,1.32500988e-09,16,100,Methane
102.895,1.470769075e-05,1.337557287e-09,16,100,Methane
103.132,1.470057668e-05,1.335994204e-09,16,100,Methane
103.369,1.473723023e-05,1.331101118e-09,16,100,Methane
103.606,1.472660824e-05,1.319656495e-09,16,100,Methane
103.843,1.472653184e-05,1.328273047e-09,16,100,Methane
104.079,1.471778069e-05,1.338642752e-09,16,100,Methane
104.316,1.469160634e-05,1.340801248e-09,16,100,Methane
104.553,1.467397215e-05,1.321328269e-09,16,100,Methane
104.79,1.470484676e-05,1.333592126e-09,16,100,Methane
105.027,1.46962966e-05,1.337391309e-09,16,100,Methane
105.263,1.485386929e-05,1.338823719e-09,16,100,Methane
105.5,1.477816477e-05,1.321103116e-09,16,100,Methane
105.737,1.468792743e-05,1.324580001e-09,16,100,Methane
105.974,1.469879408e-05,1.313214093e-09,16,100,Methane
106.211,1.472846452e-05,1.328825938e-09,16,100,Methane
106.447,1.469559538e-05,1.323163357e-09,16,100,Methane
106.684,1.467286256e-05,1.318958054e-09,16,100,Methane
106.921,1.475530098e-05,1.322428167e-09,16,100,Methane
107.158,1.469832841e-05,1.32936262e-09,16,100,Methane
107.395,1.472473286e-05,1.331347477e-09,16,100,Methane
107.631,1.472626082e-05,1.326485699e-09,16,100,Methane
107.868,1.47288647e-05,1.322532417e-09,16,100,Methane
108.105,1.476802299e-05,1.348808953e-09,16,100,Methane
108.342,1.469304334e-05,1.341263545e-09,16,100,Methane
108.579,1.485001212e-05,1.332528532e-09,16,100,Methane
108.815,1.454195171e-05,1.325581089e-09,16,100,Methane
109.052,1.462718865e-05,1.338979261e-09,16,100,Methane
109.289,1.480487026e-05,1.324274912e-09,16,100,Methane
109.526,1.473688826e-05,1.325694998e-09,16,100,Methane
109.763,1.478627655e-05,1.336281863e-09,16,100,Methane
109.999,1.454128596e-05,1.335671573e-09,16,100,Methane
110.236,1.4637807e-05,1.336577071e-09,16,100,Methane
110.473,1.463288663e-05,1.333157362e-09,16,100,Methane
110.71,1.46775983e-05,1.320005327e-09,16,100,Methane
110.947,1.474435157e-05,1.321761145e-09,16,100,Methane
111.183,1.471224641e-05,1.311081133e-09,16,100,Methane
0.835,1.479776893e-05,1.605665878e-10,18,100,Methane
1.071,1.469343988e-05,1.621751206e-10,18,100,Methane
1.308,1.470193729e-05,1.627866453e-10,18,100,Methane
1.545,1.46717357e-05,1.590093335e-10,18,100,Methane
1.782,1.467576749e-05,1.583928128e-10,18,100,Methane
2.019,1.477024307e-05,1.609317124e-10,18,100,Methane
2.255,1.453341883e-05,1.587507209e-10,18,100,Methane
2.492,1.464709203e-05,1.597754429e-10,18,100,Methane
2.729,1.466257254e-05,1.593461196e-10,18,100,Methane
2.966,1.467517814e-05,1.580639092e-10,18,100,Methane
3.203,1.472588792e-05,1.56906238e-10,18,100,Methane
3.439,1.4715416e-05,1.592165982e-10,18,100,Methane
3.676,1.473945576e-05,1.59299865e-10,18,100,Methane
3.913,1.471451833e-05,1.588415788e-10,18,100,Methane
4.15,1.470769712e-05,1.61371666e-10,18,100,Methane
4.387,1.470120787e-05,1.59527544e-10,18,100,Methane
4.623,1.473216616e-05,1.573170205e-10,18,100,Methane
4.86,1.471101677e-05,1.604087696e-10,18,100,Methane
5.097,1.467331731e-05,1.577795256e-10,18,100,Methane
5.334,1.46971679e-05,1.58284108e-10,18,100,Methane
5.571,1.484124277e-05,1.592232041e-10,18,100,Methane
5.807,1.453596906e-05,1.561810681e-10,18,100,Methane
6.044,1.458099905e-05,1.593721821e-10,18,100,Methane
6.281,1.463003991e-05,1.578931014e-10,18,100,Methane
6.518,1.468271148e-05,1.57865096e-10,18,100,Methane
6.755,1.472241092e-05,1.566019259e-10,18,100,Methane
6.991,1.469203562e-05,1.599991251e-10,18,100,Methane
7.228,1.479353159e-05,1.581336451e-10,18,100,Methane
7.465,1.470595271e-05,1.615296369e-10,18,100,Methane
7.702,1.481553409e-05,1.582512038e-10,18,100,Methane
7.939,1.463306762e-05,1.592733306e-10,18,100,Methane
8.175,1.462827368e-05,1.631157293e-10,18,100,Methane
8.412,1.466103004e-05,1.573892544e-10,18,100,Methane
8.649,1.465668447e-05,1.599131938e-10,18,100,Methane
8.886,1.46562661e-05,1.591921178e-10,18,100,Methane
9.123,1.467323e-05,1.617345979e-10,18,100,Methane
9.359,1.469548715e-05,1.592519866e-10,18,100,Methane
9.596,1.465203786e-05,1.57843516e-10,18,100,Methane
9.833,1.470289408e-05,1.590344939e-10,18,100,Methane
10.07,1.470484676e-05,1.584240794e-10,18,100,Methane
10.307,1.471457563e-05,1.578803754e-10,18,100,Methane
10.543,1.46984512e-05,1.571185404e-10,18,100,Methane
10.78,1.472495387e-05,1.581700743e-10,18,100,Methane
11.017,1.471943688e-05,1.572713348e-10,18,100,Methane
11.254,1.482928019e-05,1.593020993e-10,18,100,Methane
11.491,1.473598604e-05,1.579917586e-10,18,100,Methane
11.727,1.485787561e-05,1.596205806e-10,18,100,Methane
11.964,1.467849143e-05,1.581444281e-10,18,100,Methane
12.201,1.468963183e-05,1.587133064e-10,18,100,Methane
12.438,1.466412232e-05,1.592400517e-10,18,100,Methane
12.675,1.467610673e-05,1.574305547e-10,18,100,Methane
12.911,1.470509415e-05,1.612592976e-10,18,100,Methane
13.148,1.470706411e-05,1.588219972e-10,18,100,Methane
13.385,1.472871918e-05,1.555799656e-10,18,100,Methane
13.622,1.469152721e-05,1.573023101e-10,18,100,Methane
13.859,1.482285006e-05,1.628654434e-10,18,100,Methane
14.095,1.456916016e-05,1.589266357e-10,18,100,Methane
14.332,1.467528728e-05,1.590245019e-10,18,100,Methane
14.569,1.471219639e-05,1.594947091e-10,18,100,Methane
14.806,1.475092813e-05,1.585424847e-10,18,100,Methane
15.043,1.47130113e-05,1.595351212e-10,18,100,Methane
15.279,1.467277252e-05,1.566323321e-10,18,100,Methane
15.516,1.470195366e-05,1.576180714e-10,18,100,Methane
15.753,1.466008689e-05,1.592483229e-10,18,100,Methane
15.99,1.471807627e-05,1.574730069e-10,18,100,Methane
16.227,1.474032524e-05,1.577974418e-10,18,100,Methane
16.463,1.475887893e-05,1.584289366e-10,18,100,Methane
16.7,1.47401488e-05,1.563706387e-10,18,100,Methane
16.937,1.470071402e-05,1.562645985e-10,18,100,Methane
17.174,1.469437302e-05,1.563197072e-10,18,100,Methane
17.411,1.485201756e-05,1.569700203e-10,18,100,Methane
17.647,1.459173836e-05,1.541456546e-10,18,100,Methane
17.884,1.466326466e-05,1.575191644e-10,18,100,Methane
18.121,1.476906164e-05,1.582789178e-10,18,100,Methane
18.358,1.470297047e-05,1.563131291e-10,18,100,Methane
18.595,1.474021064e-05,1.564179758e-10,18,100,Methane
18.831,1.475772933e-05,1.564239016e-10,18,100,Methane
19.068,1.487077589e-05,1.5535076e-10,18,100,Methane
19.305,1.473925749e-05,1.557934337e-10,18,100,Methane
19.542,1.471512132e-05,1.580514886e-10,18,100,Methane
19.779,1.462089585e-05,1.546071882e-10,18,100,Methane
20.015,1.471867017e-05,1.586463599e-10,18,100,Methane
20.252,1.473749762e-05,1.566728552e-10,18,100,Methane
20.489,1.473413977e-05,1.580506975e-10,18,100,Methane
20.726,1.471989253e-05,1.577763337e-10,18,100,Methane
20.963,1.480195351e-05,1.570053393e-10,18,100,Methane
21.199,1.458059887e-05,1.572816599e-10,18,100,Methane
21.436,1.479284765e-05,1.558719265e-10,18,100,Methane
21.673,1.472052099e-05,1.562958374e-10,18,100,Methane
21.91,1.469148083e-05,1.578013692e-10,18,100,Methane
22.147,1.471946416e-05,1.576082737e-10,18,100,Methane
22.383,1.474148576e-05,1.577954573e-10,18,100,Methane
22.62,1.482137304e-05,1.560660906e-10,18,100,Methane
22.857,1.472451277e-05,1.585532261e-10,18,100,Methane
23.094,1.471575251e-05,1.572103836e-10,18,100,Methane
23.331,1.472846543e-05,1.559605362e-10,18,100,Methane
23.567,1.47375431e-05,1.553199791e-10,18,100,Methane
23.804,1.483859887e-05,1.544410017e-10,18,100,Methane
24.041,1.473530028e-05,1.560548635e-10,18,100,Methane
24.278,1.488174257e-05,1.591736742e-10,18,100,Methane
24.515,1.471327596e-05,1.576948433e-10,18,100,Methane
24.751,1.479591265e-05,1.586159259e-10,18,100,Methane
24.988,1.474896726e-05,1.566839852e-10,18,100,Methane
25.225,1.474640612e-05,1.583894543e-10,18,100,Methane
25.462,1.473527482e-05,1.586527715e-10,18,100,Methane
25.699,1.481219351e-05,1.562892732e-10,18,100,Methane
25.935,1.457385224e-05,1.592557614e-10,18,100,Methane
26.172,1.46221555e-05,1.576270087e-10,18,100,Methane
26.409,1.471427368e-05,1.561481916e-10,18,100,Methane
26.646,1.473364046e-05,1.576270503e-10,18,100,Methane
26.883,1.479744424e-05,1.574090858e-10,18,100,Methane
27.119,1.475375848e-05,1.575334863e-10,18,100,Methane
27.356,1.472592885e-05,1.544998296e-10,18,100,Methane
27.593,1.470922962e-05,1.559770785e-10,18,100,Methane
27.83,1.473494558e-05,1.538831007e-10,18,100,Methane
28.067,1.47464134e-05,1.574496644e-10,18,100,Methane
28.303,1.476722809e-05,1.565466229e-10,18,100,Methane
28.54,1.471528503e-05,1.574309155e-10,18,100,Methane
28.777,1.476018133e-05,1.572581232e-10,18,100,Methane
29.014,1.474416331e-05,1.572784541e-10,18,100,Methane
29.251,1.486945439e-05,1.581854925e-10,18,100,Methane
29.487,1.481546133e-05,1.558315421e-10,18,100,Methane
29.724,1.490002705e-05,1.5953458e-10,18,100,Methane
29.961,1.480481751e-05,1.575659325e-10,18,100,Methane
30.198,1.472666099e-05,1.54537147e-10,18,100,Methane
30.435,1.472835629e-05,1.561325097e-10,18,100,Methane
30.671,1.48027666e-05,1.581433318e-10,18,100,Methane
30.908,1.478351351e-05,1.570378827e-10,18,100,Methane
31.145,1.476532725e-05,1.556817869e-10,18,100,Methane
31.382,1.473014254e-05,1.559859464e-10,18,100,Methane
31.619,1.481050276e-05,1.56225588e-10,18,100,Methane
31.855,1.47797291e-05,1.56020516e-10,18,100,Methane
32.092,1.486307792e-05,1.568882108e-10,18,100,Methane
32.329,1.479903858e-05,1.548769724e-10,18,100,Methane
32.566,1.481520212e-05,1.579620046e-10,18,100,Methane
32.803,1.475247609e-05,1.573124547e-10,18,100,Methane
33.039,1.471524047e-05,1.573160768e-10,18,100,Methane
33.276,1.475850058e-05,1.567723312e-10,18,100,Methane
33.513,1.47735218e-05,1.543381672e-10,18,100,Methane
33.75,1.479529328e-05,1.530729293e-10,18,100,Methane
33.987,1.477400201e-05,1.553097373e-10,18,100,Methane
34.223,1.482463722e-05,1.555202356e-10,18,100,Methane
34.46,1.47710889e-05,1.579008591e-10,18,100,Methane
34.697,1.472825898e-05,1.562684565e-10,18,100,Methane
34.934,1.471482665e-05,1.573380454e-10,18,100,Methane
35.171,1.487690497e-05,1.546194006e-10,18,100,Methane
35.407,1.460720796e-05,1.58351221e-10,18,100,Methane
35.644,1.483230426e-05,1.585204468e-10,18,100,Methane
35.881,1.47761757e-05,1.590766963e-10,18,100,Methane
36.118,1.489846181e-05,1.564602892e-10,18,100,Methane
36.355,1.472476924e-05,1.564875868e-10,18,100,Methane
36.591,1.472780787e-05,1.562264623e-10,18,100,Methane
36.828,1.474453893e-05,1.553818046e-10,18,100,Methane
37.065,1.475520367e-05,1.541976546e-10,18,100,Methane
37.302,1.479049661e-05,1.589705312e-10,18,100,Methane
37.539,1.483310098e-05,1.582317055e-10,18,100,Methane
37.775,1.458085353e-05,1.559254531e-10,18,100,Methane
38.012,1.461813918e-05,1.571515973e-10,18,100,Methane
38.249,1.472332679e-05,1.573630254e-10,18,100,Methane
38.486,1.474189321e-05,1.5827753e-10,18,100,Methane
38.723,1.465991227e-05,1.550441442e-10,18,100,Methane
38.959,1.467148377e-05,1.571563435e-10,18,100,Methane
39.196,1.470854295e-05,1.550578554e-10,18,100,Methane
39.433,1.470972074e-05,1.569962216e-10,18,100,Methane
39.67,1.473727843e-05,1.582380477e-10,18,100,Methane
39.907,1.474852888e-05,1.582960985e-10,18,100,Methane
40.143,1.474102919e-05,1.578520648e-10,18,100,Methane
40.38,1.476171292e-05,1.587848603e-10,18,100,Methane
40.617,1.46966504e-05,1.581752229e-10,18,100,Methane
40.854,1.475247427e-05,1.566387436e-10,18,100,Methane
41.091,1.487117152e-05,1.54099955e-10,18,100,Methane
41.327,1.479109142e-05,1.550640727e-10,18,100,Methane
41.564,1.486772089e-05,1.550764933e-10,18,100,Methane
41.801,1.475397039e-05,1.560272467e-10,18,100,Methane
42.038,1.474890814e-05,1.539995909e-10,18,100,Methane
42.275,1.486825295e-05,1.531913901e-10,18,100,Methane
42.511,1.458201859e-05,1.560479662e-10,18,100,Methane
42.748,1.461916145e-05,1.560336027e-10,18,100,Methane
42.985,1.470443385e-05,1.56860136e-10,18,100,Methane
43.222,1.470012194e-05,1.566035357e-10,18,100,Methane
43.459,1.485889243e-05,1.544718659e-10,18,100,Methane
43.695,1.457629241e-05,1.55719479e-10,18,100,Methane
43.932,1.463633544e-05,1.549441547e-10,18,100,Methane
44.169,1.473759494e-05,1.542700551e-10,18,100,Methane
44.406,1.487644113e-05,1.55410948e-10,18,100,Methane
44.643,1.470706593e-05,1.579075343e-10,18,100,Methane
44.879,1.466102003e-05,1.568799812e-10,18,100,Methane
45.116,1.469877225e-05,1.541298755e-10,18,100,Methane
45.353,1.48423087e-05,1.55294666e-10,18,100,Methane
45.59,1.477814385e-05,1.538759675e-10,18,100,Methane
45.827,1.472639542e-05,1.542993511e-10,18,100,Methane
46.063,1.474183409e-05,1.542094369e-10,18,100,Methane
46.3,1.474983037e-05,1.569242791e-10,18,100,Methane
46.537,1.480542869e-05,1.560637453e-10,18,100,Methane
46.774,1.472750773e-05,1.551789947e-10,18,100,Methane
47.011,1.471567612e-05,1.581955261e-10,18,100,Methane
47.247,1.473304383e-05,1.541105021e-10,18,100,Methane
47.484,1.475072895e-05,1.558450868e-10,18,100,Methane
47.721,1.478980994e-05,1.564808561e-10,18,100,Methane
47.958,1.471849919e-05,1.569382818e-10,18,100,Methane
48.195,1.483997858e-05,1.557007023e-10,18,100,Methane
48.431,1.478762351e-05,1.535364197e-10,18,100,Methane
48.668,1.47152241e-05,1.547342116e-10,18,100,Methane
48.905,1.470500865e-05,1.554737172e-10,18,100,Methane
49.142,1.468380651e-05,1.546008599e-10,18,100,Methane
49.379,1.472110125e-05,1.561056701e-10,18,100,Methane
49.615,1.468702339e-05,1.54449023e-10,18,100,Methane
49.852,1.480754872e-05,1.572042774e-10,18,100,Methane
50.089,1.470557436e-05,1.560755136e-10,18,100,Methane
50.326,1.470076677e-05,1.560021973e-10,18,100,Methane
50.563,1.475851514e-05,1.569553237e-10,18,100,Methane
50.799,1.475597037e-05,1.559673224e-10,18,100,Methane
51.036,1.466229332e-05,1.564258723e-10,18,100,Methane
51.273,1.471167525e-05,1.567359575e-10,18,100,Methane
51.51,1.471737323e-05,1.579210512e-10,18,100,Methane
51.747,1.472070016e-05,1.54941171e-10,18,100,Methane
51.983,1.465769583e-05,1.528950161e-10,18,100,Methane
52.22,1.469074414e-05,1.549875644e-10,18,100,Methane
52.457,1.465676451e-05,1.532935029e-10,18,100,Methane
52.694,1.468879782e-05,1.522284382e-10,18,100,Methane
52.931,1.468209939e-05,1.541028971e-10,18,100,Methane
53.167,1.474380406e-05,1.552991347e-10,18,100,Methane
53.404,1.471078667e-05,1.553136925e-10,18,100,Methane
53.641,1.476026682e-05,1.550705397e-10,18,100,Methane
53.878,1.469531253e-05,1.524951415e-10,18,100,Methane
54.115,1.471387804e-05,1.552149381e-10,18,100,Methane
54.351,1.471753876e-05,1.572375286e-10,18,100,Methane
54.588,1.469860035e-05,1.544906703e-10,18,100,Methane
54.825,1.476582929e-05,1.573029623e-10,18,100,Methane
55.062,1.467983202e-05,1.561525353e-10,18,100,Methane
55.299,1.476961734e-05,1.572766778e-10,18,100,Methane
55.535,1.454970607e-05,1.550375106e-10,18,100,Methane
55.772,1.457360941e-05,1.566715507e-10,18,100,Methane
56.009,1.463193985e-05,1.566880237e-10,18,100,Methane
56.246,1.469423933e-05,1.569851055e-10,18,100,Methane
56.483,1.474862347e-05,1.548473155e-10,18,100,Methane
56.719,1.47042656e-05,1.545872874e-10,18,100,Methane
56.956,1.469274594e-05,1.562691782e-10,18,100,Methane
57.193,1.470842017e-05,1.535638838e-10,18,100,Methane
57.43,1.474790042e-05,1.573606939e-10,18,100,Methane
57.667,1.471913038e-05,1.532046157e-10,18,100,Methane
57.903,1.48444733e-05,1.566109881e-10,18,100,Methane
58.14,1.471000269e-05,1.535310212e-10,18,100,Methane
58.377,1.473424163e-05,1.524280147e-10,18,100,Methane
58.614,1.468256596e-05,1.535746808e-10,18,100,Methane
58.851,1.470725056e-05,1.549824019e-10,18,100,Methane
59.087,1.468794744e-05,1.546221484e-10,18,100,Methane
59.324,1.471092855e-05,1.568688096e-10,18,100,Methane
59.561,1.471093674e-05,1.558192048e-10,18,100,Methane
59.798,1.481307936e-05,1.519287196e-10,18,100,Methane
60.035,1.473480188e-05,1.552100531e-10,18,100,Methane
60.271,1.467063339e-05,1.548220441e-10,18,100,Methane
60.508,1.470557982e-05,1.543653122e-10,18,100,Methane
60.745,1.472823715e-05,1.534930794e-10,18,100,Methane
60.982,1.483457072e-05,1.5301517e-10,18,100,Methane
61.219,1.464320576e-05,1.582043663e-10,18,100,Methane
61.455,1.468586106e-05,1.574246428e-10,18,100,Methane
61.692,1.468739629e-05,1.540598482e-10,18,100,Methane
61.929,1.464417073e-05,1.5290888e-10,18,100,Methane
62.166,1.469941981e-05,1.544752659e-10,18,100,Methane
62.403,1.470733059e-05,1.542918432e-10,18,100,Methane
62.639,1.473125667e-05,1.553613349e-10,18,100,Methane
62.876,1.470122152e-05,1.540045869e-10,18,100,Methane
63.113,1.474400779e-05,1.522701548e-10,18,100,Methane
63.35,1.470836833e-05,1.549246148e-10,18,100,Methane
63.587,1.47595747e-05,1.535220423e-10,18,100,Methane
63.823,1.471071209e-05,1.531465788e-10,18,100,Methane
64.06,1.469534436e-05,1.554405216e-10,18,100,Methane
64.297,1.478424292e-05,1.531517552e-10,18,100,Methane
64.534,1.473968132e-05,1.538296573e-10,18,100,Methane
64.771,1.471731684e-05,1.529028987e-10,18,100,Methane
65.007,1.474253349e-05,1.550528456e-10,18,100,Methane
65.244,1.47470555e-05,1.488478368e-10,18,100,Methane
65.481,1.485154007e-05,1.528568938e-10,18,100,Methane
65.718,1.478149807e-05,1.536111793e-10,18,100,Methane
65.955,1.471732594e-05,1.532387828e-10,18,100,Methane
66.191,1.473909015e-05,1.523629972e-10,18,100,Methane
66.428,1.4732821e-05,1.548129125e-10,18,100,Methane
66.665,1.484582208e-05,1.547690587e-10,18,100,Methane
66.902,1.475720273e-05,1.542466987e-10,18,100,Methane
67.139,1.479583534e-05,1.551688777e-10,18,100,Methane
67.375,1.455326674e-05,1.541380079e-10,18,100,Methane
67.612,1.476769648e-05,1.542290323e-10,18,100,Methane
67.849,1.468504252e-05,1.52592855e-10,18,100,Methane
68.086,1.467966194e-05,1.540241684e-10,18,100,Methane
68.323,1.473210341e-05,1.559295609e-10,18,100,Methane
68.559,1.479781804e-05,1.564073732e-10,18,100,Methane
68.796,1.473700468e-05,1.550799211e-10,18,100,Methane
69.033,1.468454684e-05,1.530122556e-10,18,100,Methane
69.27,1.46883649e-05,1.547237061e-10,18,100,Methane
69.507,1.4761702e-05,1.558899676e-10,18,100,Methane
69.743,1.45439808e-05,1.523341592e-10,18,100,Methane
69.98,1.459689793e-05,1.550436168e-10,18,100,Methane
70.217,1.465112564e-05,1.541713562e-10,18,100,Methane
70.454,1.469533345e-05,1.549905065e-10,18,100,Methane
70.691,1.473710472e-05,1.553059903e-10,18,100,Methane
70.927,1.473761586e-05,1.540045452e-10,18,100,Methane
71.164,1.47118617e-05,1.528128596e-10,18,100,Methane
71.401,1.467359925e-05,1.5427018e-10,18,100,Methane
71.638,1.472098393e-05,1.516429898e-10,18,100,Methane
71.875,1.480988794e-05,1.539101485e-10,18,100,Methane
72.111,1.456356676e-05,1.560059304e-10,18,100,Methane
72.348,1.464247998e-05,1.559678914e-10,18,100,Methane
72.585,1.473604516e-05,1.54400645e-10,18,100,Methane
72.822,1.471965243e-05,1.517260206e-10,18,100,Methane
73.059,1.466072172e-05,1.550246875e-10,18,100,Methane
73.295,1.469497238e-05,1.536915595e-10,18,100,Methane
73.532,1.472892745e-05,1.547149631e-10,18,100,Methane
73.769,1.48434865e-05,1.549012307e-10,18,100,Methane
74.006,1.479468574e-05,1.560776924e-10,18,100,Methane
74.243,1.471664291e-05,1.543252193e-10,18,100,Methane
74.479,1.471866653e-05,1.520118614e-10,18,100,Methane
74.716,1.472984059e-05,1.519914472e-10,18,100,Methane
74.953,1.47256842e-05,1.542944522e-10,18,100,Methane
75.19,1.470770076e-05,1.538063427e-10,18,100,Methane
75.427,1.472830627e-05,1.527877685e-10,18,100,Methane
75.663,1.471637279e-05,1.540876593e-10,18,100,Methane
75.9,1.47507817e-05,1.535365723e-10,18,100,Methane
76.137,1.476063335e-05,1.550193446e-10,18,100,Methane
76.374,1.477145088e-05,1.545039791e-10,18,100,Methane
76.611,1.478429931e-05,1.529854715e-10,18,100,Methane
76.847,1.487921327e-05,1.546190537e-10,18,100,Methane
77.084,1.475398039e-05,1.546067163e-10,18,100,Methane
77.321,1.48864865e-05,1.546913292e-10,18,100,Methane
77.558,1.482107746e-05,1.539694344e-10,18,100,Methane
77.795,1.477750266e-05,1.547145329e-10,18,100,Methane
78.031,1.477765454e-05,1.550702206e-10,18,100,Methane
78.268,1.475246881e-05,1.554412987e-10,18,100,Methane
78.505,1.471479845e-05,1.523789289e-10,18,100,Methane
78.742,1.476357102e-05,1.531742233e-10,18,100,Methane
78.979,1.478037029e-05,1.539034594e-10,18,100,Methane
79.215,1.490549766e-05,1.535922778e-10,18,100,Methane
79.452,1.474608234e-05,1.561145518e-10,18,100,Methane
79.689,1.478655759e-05,1.523737247e-10,18,100,Methane
79.926,1.477033038e-05,1.556517137e-10,18,100,Methane
80.163,1.487430018e-05,1.550435752e-10,18,100,Methane
80.399,1.460170279e-05,1.523565579e-10,18,100,Methane
80.636,1.467041329e-05,1.522780513e-10,18,100,Methane
80.873,1.475190584e-05,1.538484756e-10,18,100,Methane
81.11,1.475179397e-05,1.530123805e-10,18,100,Methane
81.347,1.480461196e-05,1.530709032e-10,18,100,Methane
81.583,1.474899e-05,1.528887295e-10,18,100,Methane
81.82,1.477206297e-05,1.527565852e-10,18,100,Methane
82.057,1.47667597e-05,1.532992761e-10,18,100,Methane
82.294,1.476321358e-05,1.52366772e-10,18,100,Methane
82.531,1.477040769e-05,1.538767308e-10,18,100,Methane
82.767,1.47888295e-05,1.550835849e-10,18,100,Methane
83.004,1.47941355e-05,1.533596722e-10,18,100,Methane
83.241,1.48254494e-05,1.535719746e-10,18,100,Methane
83.478,1.475329645e-05,1.508133618e-10,18,100,Methane
83.715,1.479897128e-05,1.527350607e-10,18,100,Methane
83.951,1.477678143e-05,1.512450998e-10,18,100,Methane
84.188,1.489135684e-05,1.527052651e-10,18,100,Methane
84.425,1.475128829e-05,1.512924785e-10,18,100,Methane
84.662,1.475733916e-05,1.511669401e-10,18,100,Methane
84.899,1.466300091e-05,1.504172759e-10,18,100,Methane
85.135,1.470323605e-05,1.523525472e-10,18,100,Methane
85.372,1.472255281e-05,1.523639409e-10,18,100,Methane
85.609,1.478909144e-05,1.54543045e-10,18,100,Methane
85.846,1.475406862e-05,1.514294384e-10,18,100,Methane
86.083,1.47710598e-05,1.541358569e-10,18,100,Methane
86.319,1.475540103e-05,1.526359039e-10,18,100,Methane
86.556,1.474291093e-05,1.514300491e-10,18,100,Methane
86.793,1.477921614e-05,1.527838689e-10,18,100,Methane
87.03,1.475053978e-05,1.532168004e-10,18,100,Methane
87.267,1.487498594e-05,1.539795236e-10,18,100,Methane
87.503,1.479300408e-05,1.532912547e-10,18,100,Methane
87.74,1.474363671e-05,1.527440258e-10,18,100,Methane
87.977,1.471660289e-05,1.55268326e-10,18,100,Methane
88.214,1.471766154e-05,1.52610341e-10,18,100,Methane
88.451,1.475649242e-05,1.52933971e-10,18,100,Methane
88.687,1.471753876e-05,1.53271229e-10,18,100,Methane
88.924,1.47479077e-05,1.541024947e-10,18,100,Methane
89.161,1.475881618e-05,1.5232203e-10,18,100,Methane
89.398,1.49045336e-05,1.505283953e-10,18,100,Methane
89.635,1.472688655e-05,1.529148197e-10,18,100,Methane
89.871,1.471035739e-05,1.510115089e-10,18,100,Methane
90.108,1.475634326e-05,1.523951382e-10,18,100,Methane
90.345,1.47628316e-05,1.512989178e-10,18,100,Methane
90.582,1.488065391e-05,1.517283382e-10,18,100,Methane
90.819,1.482255175e-05,1.516816395e-10,18,100,Methane
91.055,1.484292716e-05,1.500606306e-10,18,100,Methane
91.292,1.474588771e-05,1.497373892e-10,18,100,Methane
91.529,1.46817265e-05,1.522106746e-10,18,100,Methane
91.766,1.474846522e-05,1.528207977e-10,18,100,Methane
92.003,1.475491536e-05,1.510931935e-10,18,100,Methane
92.239,1.477724891e-05,1.55157262e-10,18,100,Methane
92.476,1.474569581e-05,1.530652965e-10,18,100,Methane
92.713,1.479933326e-05,1.532975274e-10,18,100,Methane
92.95,1.475216231e-05,1.517438397e-10,18,100,Methane
93.187,1.47472083e-05,1.521690274e-10,18,100,Methane
93.423,1.470195366e-05,1.510924164e-10,18,100,Methane
93.66,1.471951691e-05,1.507921982e-10,18,100,Methane
93.897,1.478136619e-05,1.537332206e-10,18,100,Methane
94.134,1.471082487e-05,1.522056231e-10,18,100,Methane
94.371,1.475037243e-05,1.541410055e-10,18,100,Methane
94.607,1.472569966e-05,1.536528543e-10,18,100,Methane
94.844,1.484640052e-05,1.540289563e-10,18,100,Methane
95.081,1.473752218e-05,1.517216908e-10,18,100,Methane
95.318,1.487541067e-05,1.547002387e-10,18,100,Methane
95.555,1.479523962e-05,1.520311516e-10,18,100,Methane
95.791,1.489772694e-05,1.510449404e-10,18,100,Methane
96.028,1.473703469e-05,1.544397943e-10,18,100,Methane
96.265,1.472460917e-05,1.506724884e-10,18,100,Methane
96.502,1.472540953e-05,1.529648908e-10,18,100,Methane
96.739,1.474770488e-05,1.536729355e-10,18,100,Methane
96.975,1.481391064e-05,1.533936311e-10,18,100,Methane
97.212,1.479548337e-05,1.530810201e-10,18,100,Methane
97.449,1.471955875e-05,1.528597526e-10,18,100,Methane
97.686,1.475592489e-05,1.499733671e-10,18,100,Methane
97.923,1.477141177e-05,1.535225003e-10,18,100,Methane
98.159,1.470106417e-05,1.517922732e-10,18,100,Methane
98.396,1.469176823e-05,1.520471804e-10,18,100,Methane
98.633,1.465589867e-05,1.537823341e-10,18,100,Methane
98.87,1.471108499e-05,1.525330695e-10,18,100,Methane
99.107,1.473202792e-05,1.528396021e-10,18,100,Methane
99.343,1.486342808e-05,1.524009391e-10,18,100,Methane
99.58,1.471185078e-05,1.546792139e-10,18,100,Methane
99.817,1.473491375e-05,1.556190871e-10,18,100,Methane
100.054,1.487118971e-05,1.531549054e-10,18,100,Methane
100.291,1.470831285e-05,1.540789857e-10,18,100,Methane
100.527,1.483548203e-05,1.528591281e-10,18,100,Methane
100.764,1.469383005e-05,1.531039046e-10,18,100,Methane
101.001,1.470150164e-05,1.549246842e-10,18,100,Methane
101.238,1.472551685e-05,1.536592797e-10,18,100,Methane
101.475,1.47737328e-05,1.515153003e-10,18,100,Methane
101.711,1.456276186e-05,1.533632527e-10,18,100,Methane
101.948,1.464945944e-05,1.520637782e-10,18,100,Methane
102.185,1.475352929e-05,1.52545504e-10,18,100,Methane
102.422,1.468420305e-05,1.525850973e-10,18,100,Methane
102.659,1.471455471e-05,1.537257266e-10,18,100,Methane
102.895,1.470769075e-05,1.487456269e-10,18,100,Methane
103.132,1.470057668e-05,1.523445536e-10,18,100,Methane
103.369,1.473723023e-05,1.524014942e-10,18,100,Methane
103.606,1.472660824e-05,1.52997795e-10,18,100,Methane
103.843,1.472653184e-05,1.530842814e-10,18,100,Methane
104.079,1.471778069e-05,1.536294009e-10,18,100,Methane
104.316,1.469160634e-05,1.493816876e-10,18,100,Methane
104.553,1.467397215e-05,1.508716208e-10,18,100,Methane
104.79,1.470484676e-05,1.530040677e-10,18,100,Methane
105.027,1.46962966e-05,1.53372065e-10,18,100,Methane
105.263,1.485386929e-05,1.516037434e-10,18,100,Methane
105.5,1.477816477e-05,1.512903275e-10,18,100,Methane
105.737,1.468792743e-05,1.515294418e-10,18,100,Methane
105.974,1.469879408e-05,1.516254761e-10,18,100,Methane
106.211,1.472846452e-05,1.515913506e-10,18,100,Methane
106.447,1.469559538e-05,1.511536035e-10,18,100,Methane
106.684,1.467286256e-05,1.513193737e-10,18,100,Methane
106.921,1.475530098e-05,1.52195645e-10,18,100,Methane
107.158,1.469832841e-05,1.513642961e-10,18,100,Methane
107.395,1.472473286e-05,1.494634139e-10,18,100,Methane
107.631,1.472626082e-05,1.498677571e-10,18,100,Methane
107.868,1.47288647e-05,1.498110525e-10,18,100,Methane
108.105,1.476802299e-05,1.520840121e-10,18,100,Methane
108.342,1.469304334e-05,1.52171678e-10,18,100,Methane
108.579,1.485001212e-05,1.51063051e-10,18,100,Methane
108.815,1.454195171e-05,1.51154908e-10,18,100,Methane
109.052,1.462718865e-05,1.534053301e-10,18,100,Methane
109.289,1.480487026e-05,1.51716556e-10,18,100,Methane
109.526,1.473688826e-05,1.51626503e-10,18,100,Methane
109.763,1.478627655e-05,1.515157444e-10,18,100,Methane
109.999,1.454128596e-05,1.52291374e-10,18,100,Methane
110.236,1.4637807e-05,1.507242942e-10,18,100,Methane
110.473,1.463288663e-05,1.526629517e-10,18,100,Methane
110.71,1.46775983e-05,1.515300524e-10,18,100,Methane
110.947,1.474435157e-05,1.49878665e-10,18,100,Methane
111.183,1.471224641e-05,1.498841745e-10,18,100,Methane
0.835,1.479776893e-05,2.041021574e-08,28,100,Methane
1.071,1.469343988e-05,2.04091517e-08,28,100,Methane
1.308,1.470193729e-05,2.033637436e-08,28,100,Methane
1.545,1.46717357e-05,2.030277635e-08,28,100,Methane
1.782,1.467576749e-05,2.02393089e-08,28,100,Methane
2.019,1.477024307e-05,2.018560608e-08,28,100,Methane
2.255,1.453341883e-05,2.028391322e-08,28,100,Methane
2.492,1.464709203e-05,2.022271595e-08,28,100,Methane
2.729,1.466257254e-05,2.022769507e-08,28,100,Methane
2.966,1.467517814e-05,2.018584233e-08,28,100,Methane
3.203,1.472588792e-05,2.019219814e-08,28,100,Methane
3.439,1.4715416e-05,2.028456336e-08,28,100,Methane
3.676,1.473945576e-05,2.027220525e-08,28,100,Methane
3.913,1.471451833e-05,2.031280921e-08,28,100,Methane
4.15,1.470769712e-05,2.029839585e-08,28,100,Methane
4.387,1.470120787e-05,2.025770485e-08,28,100,Methane
4.623,1.473216616e-05,2.021351264e-08,28,100,Methane
4.86,1.471101677e-05,2.026496837e-08,28,100,Methane
5.097,1.467331731e-05,2.02762287e-08,28,100,Methane
5.334,1.46971679e-05,2.007107192e-08,28,100,Methane
5.571,1.484124277e-05,2.017640455e-08,28,100,Methane
5.807,1.453596906e-05,2.011369737e-08,28,100,Methane
6.044,1.458099905e-05,1.997522681e-08,28,100,Methane
6.281,1.463003991e-05,2.005315558e-08,28,100,Methane
6.518,1.468271148e-05,2.005536714e-08,28,100,Methane
6.755,1.472241092e-05,2.011088718e-08,28,100,Methane
6.991,1.469203562e-05,2.019236156e-08,28,100,Methane
7.228,1.479353159e-05,2.023529433e-08,28,100,Methane
7.465,1.470595271e-05,2.027443813e-08,28,100,Methane
7.702,1.481553409e-05,2.022856194e-08,28,100,Methane
7.939,1.463306762e-05,2.023877066e-08,28,100,Methane
8.175,1.462827368e-05,2.025051771e-08,28,100,Methane
8.412,1.466103004e-05,2.018503409e-08,28,100,Methane
8.649,1.465668447e-05,2.026054169e-08,28,100,Methane
8.886,1.46562661e-05,2.033013935e-08,28,100,Methane
9.123,1.467323e-05,2.027563184e-08,28,100,Methane
9.359,1.469548715e-05,2.017169365e-08,28,100,Methane
9.596,1.465203786e-05,2.022757606e-08,28,100,Methane
9.833,1.470289408e-05,2.021834078e-08,28,100,Methane
10.07,1.470484676e-05,2.005562294e-08,28,100,Methane
10.307,1.471457563e-05,2.01115391e-08,28,100,Methane
10.543,1.46984512e-05,2.008637878e-08,28,100,Methane
10.78,1.472495387e-05,2.007804589e-08,28,100,Methane
11.017,1.471943688e-05,2.004854061e-08,28,100,Methane
11.254,1.482928019e-05,2.01041459e-08,28,100,Methane
11.491,1.473598604e-05,2.014837897e-08,28,100,Methane
11.727,1.485787561e-05,2.023675627e-08,28,100,Methane
11.964,1.467849143e-05,2.013553058e-08,28,100,Methane
12.201,1.468963183e-05,2.015330125e-08,28,100,Methane
12.438,1.466412232e-05,2.020164658e-08,28,100,Methane
12.675,1.467610673e-05,2.014595424e-08,28,100,Methane
12.911,1.470509415e-05,2.020014378e-08,28,100,Methane
13.148,1.470706411e-05,2.021916501e-08,28,100,Methane
13.385,1.472871918e-05,2.021281098e-08,28,100,Methane
13.622,1.469152721e-05,2.017952383e-08,28,100,Methane
13.859,1.482285006e-05,2.025508294e-08,28,100,Methane
14.095,1.456916016e-05,2.01384367e-08,28,100,Methane
14.332,1.467528728e-05,2.024499679e-08,28,100,Methane
14.569,1.471219639e-05,2.016561851e-08,28,100,Methane
14.806,1.475092813e-05,2.013775813e-08,28,100,Methane
15.043,1.47130113e-05,2.012805567e-08,28,100,Methane
15.279,1.467277252e-05,2.006944833e-08,28,100,Methane
15.516,1.470195366e-05,2.012362366e-08,28,100,Methane
15.753,1.466008689e-05,2.015382705e-08,28,100,Methane
15.99,1.471807627e-05,2.007384303e-08,28,100,Methane
16.227,1.474032524e-05,2.019800149e-08,28,100,Methane
16.463,1.475887893e-05,2.010682998e-08,28,100,Methane
16.7,1.47401488e-05,2.017126022e-08,28,100,Methane
16.937,1.470071402e-05,2.013920586e-08,28,100,Methane
17.174,1.469437302e-05,2.014089873e-08,28,100,Methane
17.411,1.485201756e-05,1.994843402e-08,28,100,Methane
17.647,1.459173836e-05,2.004398603e-08,28,100,Methane
17.884,1.466326466e-05,2.010672162e-08,28,100,Methane
18.121,1.476906164e-05,2.003793931e-08,28,100,Methane
18.358,1.470297047e-05,2.007093514e-08,28,100,Methane
18.595,1.474021064e-05,2.004101951e-08,28,100,Methane
18.831,1.475772933e-05,2.007032052e-08,28,100,Methane
19.068,1.487077589e-05,2.005364408e-08,28,100,Methane
19.305,1.473925749e-05,2.000091648e-08,28,100,Methane
19.542,1.471512132e-05,2.004038535e-08,28,100,Methane
19.779,1.462089585e-05,2.008814626e-08,28,100,Methane
20.015,1.471867017e-05,2.009308808e-08,28,100,Methane
20.252,1.473749762e-05,2.008768796e-08,28,100,Methane
20.489,1.473413977e-05,2.014765954e-08,28,100,Methane
20.726,1.471989253e-05,2.018290779e-08,28,100,Methane
20.963,1.480195351e-05,2.012623845e-08,28,100,Methane
21.199,1.458059887e-05,2.019001144e-08,28,100,Methane
21.436,1.479284765e-05,2.018329681e-08,28,100,Methane
21.673,1.472052099e-05,2.015192457e-08,28,100,Methane
21.91,1.469148083e-05,2.022911083e-08,28,100,Methane
22.147,1.471946416e-05,2.016589917e-08,28,100,Methane
22.383,1.474148576e-05,2.012000699e-08,28,100,Methane
22.62,1.482137304e-05,2.018406597e-08,28,100,Methane
22.857,1.472451277e-05,2.011826439e-08,28,100,Methane
23.094,1.471575251e-05,2.00886916e-08,28,100,Methane
23.331,1.472846543e-05,2.006029831e-08,28,100,Methane
23.567,1.47375431e-05,2.013417522e-08,28,100,Methane
23.804,1.483859887e-05,2.0089999e-08,28,100,Methane
24.041,1.473530028e-05,2.008495592e-08,28,100,Methane
24.278,1.488174257e-05,2.00949053e-08,28,100,Methane
24.515,1.471327596e-05,2.013890388e-08,28,100,Methane
24.751,1.479591265e-05,2.014917655e-08,28,100,Methane
24.988,1.474896726e-05,2.011241484e-08,28,100,Methane
25.225,1.474640612e-05,2.021405088e-08,28,100,Methane
25.462,1.473527482e-05,2.013259248e-08,28,100,Methane
25.699,1.481219351e-05,2.011572597e-08,28,100,Methane
25.935,1.457385224e-05,2.01532746e-08,28,100,Methane
26.172,1.46221555e-05,2.009597821e-08,28,100,Methane
26.409,1.471427368e-05,2.008749433e-08,28,100,Methane
26.646,1.473364046e-05,2.014663814e-08,28,100,Methane
26.883,1.479744424e-05,2.009475963e-08,28,100,Methane
27.119,1.475375848e-05,2.019247525e-08,28,100,Methane
27.356,1.472592885e-05,2.013214662e-08,28,100,Methane
27.593,1.470922962e-05,2.000235533e-08,28,100,Methane
27.83,1.473494558e-05,2.015564249e-08,28,100,Methane
28.067,1.47464134e-05,2.0189038e-08,28,100,Methane
28.303,1.476722809e-05,2.014077438e-08,28,100,Methane
28.54,1.471528503e-05,2.015381106e-08,28,100,Methane
28.777,1.476018133e-05,2.017675094e-08,28,100,Methane
29.014,1.474416331e-05,2.012949452e-08,28,100,Methane
29.251,1.486945439e-05,2.026475521e-08,28,100,Methane
29.487,1.481546133e-05,2.023877776e-08,28,100,Methane
29.724,1.490002705e-05,2.015294065e-08,28,100,Methane
29.961,1.480481751e-05,2.015041112e-08,28,100,Methane
30.198,1.472666099e-05,2.00779855e-08,28,100,Methane
30.435,1.472835629e-05,2.014765599e-08,28,100,Methane
30.671,1.48027666e-05,2.016386169e-08,28,100,Methane
30.908,1.478351351e-05,2.008528988e-08,28,100,Methane
31.145,1.476532725e-05,2.012691525e-08,28,100,Methane
31.382,1.473014254e-05,2.019208445e-08,28,100,Methane
31.619,1.481050276e-05,2.014903799e-08,28,100,Methane
31.855,1.47797291e-05,2.006684952e-08,28,100,Methane
32.092,1.486307792e-05,2.013232603e-08,28,100,Methane
32.329,1.479903858e-05,1.999191213e-08,28,100,Methane
32.566,1.481520212e-05,2.022172119e-08,28,100,Methane
32.803,1.475247609e-05,2.021046797e-08,28,100,Methane
33.039,1.471524047e-05,2.01848227e-08,28,100,Methane
33.276,1.475850058e-05,2.002542487e-08,28,100,Methane
33.513,1.47735218e-05,2.006370181e-08,28,100,Methane
33.75,1.479529328e-05,2.015902112e-08,28,100,Methane
33.987,1.477400201e-05,2.015978495e-08,28,100,Methane
34.223,1.482463722e-05,2.02159125e-08,28,100,Methane
34.46,1.47710889e-05,2.009992528e-08,28,100,Methane
34.697,1.472825898e-05,2.01774828e-08,28,100,Methane
34.934,1.471482665e-05,2.009743483e-08,28,100,Methane
35.171,1.487690497e-05,2.006649602e-08,28,100,Methane
35.407,1.460720796e-05,2.03393995e-08,28,100,Methane
35.644,1.483230426e-05,2.034703428e-08,28,100,Methane
35.881,1.47761757e-05,2.031816848e-08,28,100,Methane
36.118,1.489846181e-05,2.01655066e-08,28,100,Methane
36.355,1.472476924e-05,2.010373734e-08,28,100,Methane
36.591,1.472780787e-05,2.018751033e-08,28,100,Methane
36.828,1.474453893e-05,2.014270883e-08,28,100,Methane
37.065,1.475520367e-05,2.022788692e-08,28,100,Methane
37.302,1.479049661e-05,2.019801215e-08,28,100,Methane
37.539,1.483310098e-05,2.019631928e-08,28,100,Methane
37.775,1.458085353e-05,2.014376754e-08,28,100,Methane
38.012,1.461813918e-05,2.019158529e-08,28,100,Methane
38.249,1.472332679e-05,2.011380396e-08,28,100,Methane
38.486,1.474189321e-05,2.017096712e-08,28,100,Methane
38.723,1.465991227e-05,2.018164658e-08,28,100,Methane
38.959,1.467148377e-05,2.01745145e-08,28,100,Methane
39.196,1.470854295e-05,2.009528188e-08,28,100,Methane
39.433,1.470972074e-05,2.027936752e-08,28,100,Methane
39.67,1.473727843e-05,2.033593205e-08,28,100,Methane
39.907,1.474852888e-05,2.033370627e-08,28,100,Methane
40.143,1.474102919e-05,2.024011003e-08,28,100,Methane
40.38,1.476171292e-05,2.015884526e-08,28,100,Methane
40.617,1.46966504e-05,2.013466371e-08,28,100,Methane
40.854,1.475247427e-05,2.01814423e-08,28,100,Methane
41.091,1.487117152e-05,2.017434753e-08,28,100,Methane
41.327,1.479109142e-05,2.010638944e-08,28,100,Methane
41.564,1.486772089e-05,2.016151335e-08,28,100,Methane
41.801,1.475397039e-05,1.999824484e-08,28,100,Methane
42.038,1.474890814e-05,2.007801214e-08,28,100,Methane
42.275,1.486825295e-05,2.003233135e-08,28,100,Methane
42.511,1.458201859e-05,2.011300282e-08,28,100,Methane
42.748,1.461916145e-05,2.01122301e-08,28,100,Methane
42.985,1.470443385e-05,2.019477385e-08,28,100,Methane
43.222,1.470012194e-05,2.01472421e-08,28,100,Methane
43.459,1.485889243e-05,2.020466816e-08,28,100,Methane
43.695,1.457629241e-05,2.023500478e-08,28,100,Methane
43.932,1.463633544e-05,2.016672163e-08,28,100,Methane
44.169,1.473759494e-05,2.01244319e-08,28,100,Methane
44.406,1.487644113e-05,2.004907529e-08,28,100,Methane
44.643,1.470706593e-05,2.023779366e-08,28,100,Methane
44.879,1.466102003e-05,2.014904688e-08,28,100,Methane
45.116,1.469877225e-05,2.015265821e-08,28,100,Methane
45.353,1.48423087e-05,2.005752897e-08,28,100,Methane
45.59,1.477814385e-05,2.01896988e-08,28,100,Methane
45.827,1.472639542e-05,2.010663458e-08,28,100,Methane
46.063,1.474183409e-05,2.011634592e-08,28,100,Methane
46.3,1.474983037e-05,1.996012955e-08,28,100,Methane
46.537,1.480542869e-05,2.018843048e-08,28,100,Methane
46.774,1.472750773e-05,2.024756895e-08,28,100,Methane
47.011,1.471567612e-05,2.015044487e-08,28,100,Methane
47.247,1.473304383e-05,2.016596135e-08,28,100,Methane
47.484,1.475072895e-05,2.012225941e-08,28,100,Methane
47.721,1.478980994e-05,2.010754585e-08,28,100,Methane
47.958,1.471849919e-05,2.009505629e-08,28,100,Methane
48.195,1.483997858e-05,2.015529255e-08,28,100,Methane
48.431,1.478762351e-05,2.008656885e-08,28,100,Methane
48.668,1.47152241e-05,2.003642408e-08,28,100,Methane
48.905,1.470500865e-05,2.00220569e-08,28,100,Methane
49.142,1.468380651e-05,2.000517085e-08,28,100,Methane
49.379,1.472110125e-05,1.998551902e-08,28,100,Methane
49.615,1.468702339e-05,1.998691879e-08,28,100,Methane
49.852,1.480754872e-05,2.020808054e-08,28,100,Methane
50.089,1.470557436e-05,2.019385903e-08,28,100,Methane
50.326,1.470076677e-05,2.023156576e-08,28,100,Methane
50.563,1.475851514e-05,2.022575885e-08,28,100,Methane
50.799,1.475597037e-05,2.016771106e-08,28,100,Methane
51.036,1.466229332e-05,1.997629617e-08,28,100,Methane
51.273,1.471167525e-05,2.004971655e-08,28,100,Methane
51.51,1.471737323e-05,2.015937817e-08,28,100,Methane
51.747,1.472070016e-05,2.00559036e-08,28,100,Methane
51.983,1.465769583e-05,2.000785848e-08,28,100,Methane
52.22,1.469074414e-05,1.990238019e-08,28,100,Methane
52.457,1.465676451e-05,2.006124689e-08,28,100,Methane
52.694,1.468879782e-05,2.002934529e-08,28,100,Methane
52.931,1.468209939e-05,2.003874044e-08,28,100,Methane
53.167,1.474380406e-05,1.994048304e-08,28,100,Methane
53.404,1.471078667e-05,2.001434041e-08,28,100,Methane
53.641,1.476026682e-05,1.992803433e-08,28,100,Methane
53.878,1.469531253e-05,1.991474008e-08,28,100,Methane
54.115,1.471387804e-05,2.001296018e-08,28,100,Methane
54.351,1.471753876e-05,2.005431377e-08,28,100,Methane
54.588,1.469860035e-05,2.019533341e-08,28,100,Methane
54.825,1.476582929e-05,2.024538048e-08,28,100,Methane
55.062,1.467983202e-05,2.019517886e-08,28,100,Methane
55.299,1.476961734e-05,2.008726696e-08,28,100,Methane
55.535,1.454970607e-05,2.015811518e-08,28,100,Methane
55.772,1.457360941e-05,2.023582013e-08,28,100,Methane
56.009,1.463193985e-05,2.019051593e-08,28,100,Methane
56.246,1.469423933e-05,2.026431112e-08,28,100,Methane
56.483,1.474862347e-05,2.022243528e-08,28,100,Methane
56.719,1.47042656e-05,2.026173007e-08,28,100,Methane
56.956,1.469274594e-05,2.014604839e-08,28,100,Methane
57.193,1.470842017e-05,1.999473476e-08,28,100,Methane
57.43,1.474790042e-05,2.010461664e-08,28,100,Methane
57.667,1.471913038e-05,2.004312805e-08,28,100,Methane
57.903,1.48444733e-05,2.021576329e-08,28,100,Methane
58.14,1.471000269e-05,1.995186238e-08,28,100,Methane
58.377,1.473424163e-05,2.006983557e-08,28,100,Methane
58.614,1.468256596e-05,1.999928578e-08,28,100,Methane
58.851,1.470725056e-05,2.007373467e-08,28,100,Methane
59.087,1.468794744e-05,2.01038759e-08,28,100,Methane
59.324,1.471092855e-05,2.009128686e-08,28,100,Methane
59.561,1.471093674e-05,2.00487662e-08,28,100,Methane
59.798,1.481307936e-05,1.993948651e-08,28,100,Methane
60.035,1.473480188e-05,1.995650223e-08,28,100,Methane
60.271,1.467063339e-05,2.002386168e-08,28,100,Methane
60.508,1.470557982e-05,2.009058164e-08,28,100,Methane
60.745,1.472823715e-05,2.003858768e-08,28,100,Methane
60.982,1.483457072e-05,2.003070776e-08,28,100,Methane
61.219,1.464320576e-05,2.036099112e-08,28,100,Methane
61.455,1.468586106e-05,2.014110656e-08,28,100,Methane
61.692,1.468739629e-05,2.011493017e-08,28,100,Methane
61.929,1.464417073e-05,1.995313248e-08,28,100,Methane
62.166,1.469941981e-05,1.9994296e-08,28,100,Methane
62.403,1.470733059e-05,1.989317866e-08,28,100,Methane
62.639,1.473125667e-05,1.996006738e-08,28,100,Methane
62.876,1.470122152e-05,1.991275056e-08,28,100,Methane
63.113,1.474400779e-05,1.985854148e-08,28,100,Methane
63.35,1.470836833e-05,1.992154353e-08,28,100,Methane
63.587,1.47595747e-05,2.009479161e-08,28,100,Methane
63.823,1.471071209e-05,2.008648003e-08,28,100,Methane
64.06,1.469534436e-05,2.005066158e-08,28,100,Methane
64.297,1.478424292e-05,2.006465749e-08,28,100,Methane
64.534,1.473968132e-05,2.003204536e-08,28,100,Methane
64.771,1.471731684e-05,2.000887278e-08,28,100,Methane
65.007,1.474253349e-05,1.999894828e-08,28,100,Methane
65.244,1.47470555e-05,1.995661236e-08,28,100,Methane
65.481,1.485154007e-05,2.003746324e-08,28,100,Methane
65.718,1.478149807e-05,2.005583433e-08,28,100,Methane
65.955,1.471732594e-05,2.000978228e-08,28,100,Methane
66.191,1.473909015e-05,2.002196808e-08,28,100,Methane
66.428,1.4732821e-05,2.007493549e-08,28,100,Methane
66.665,1.484582208e-05,2.012713729e-08,28,100,Methane
66.902,1.475720273e-05,2.013833011e-08,28,100,Methane
67.139,1.479583534e-05,2.027103641e-08,28,100,Methane
67.375,1.455326674e-05,2.004619049e-08,28,100,Methane
67.612,1.476769648e-05,2.00698711e-08,28,100,Methane
67.849,1.468504252e-05,2.003423383e-08,28,100,Methane
68.086,1.467966194e-05,1.999397092e-08,28,100,Methane
68.323,1.473210341e-05,2.01696686e-08,28,100,Methane
68.559,1.479781804e-05,2.016887812e-08,28,100,Methane
68.796,1.473700468e-05,2.014120071e-08,28,100,Methane
69.033,1.468454684e-05,2.011881151e-08,28,100,Methane
69.27,1.46883649e-05,2.017082323e-08,28,100,Methane
69.507,1.4761702e-05,2.011909928e-08,28,100,Methane
69.743,1.45439808e-05,1.995914189e-08,28,100,Methane
69.98,1.459689793e-05,2.004562027e-08,28,100,Methane
70.217,1.465112564e-05,2.007511668e-08,28,100,Methane
70.454,1.469533345e-05,2.013197964e-08,28,100,Methane
70.691,1.473710472e-05,2.009503497e-08,28,100,Methane
70.927,1.473761586e-05,2.0048601e-08,28,100,Methane
71.164,1.47118617e-05,2.001317512e-08,28,100,Methane
71.401,1.467359925e-05,2.004079391e-08,28,100,Methane
71.638,1.472098393e-05,2.017548439e-08,28,100,Methane
71.875,1.480988794e-05,2.026987111e-08,28,100,Methane
72.111,1.456356676e-05,2.02283843e-08,28,100,Methane
72.348,1.464247998e-05,2.01852064e-08,28,100,Methane
72.585,1.473604516e-05,2.002531296e-08,28,100,Methane
72.822,1.471965243e-05,2.01051904e-08,28,100,Methane
73.059,1.466072172e-05,2.016919254e-08,28,100,Methane
73.295,1.469497238e-05,2.011889677e-08,28,100,Methane
73.532,1.472892745e-05,2.012460776e-08,28,100,Methane
73.769,1.48434865e-05,2.005220345e-08,28,100,Methane
74.006,1.479468574e-05,2.008550837e-08,28,100,Methane
74.243,1.471664291e-05,2.01284216e-08,28,100,Methane
74.479,1.471866653e-05,1.994265375e-08,28,100,Methane
74.716,1.472984059e-05,2.000424715e-08,28,100,Methane
74.953,1.47256842e-05,2.013952205e-08,28,100,Methane
75.19,1.470770076e-05,2.012805922e-08,28,100,Methane
75.427,1.472830627e-05,2.004471789e-08,28,100,Methane
75.663,1.471637279e-05,2.002430577e-08,28,100,Methane
75.9,1.47507817e-05,2.011826972e-08,28,100,Methane
76.137,1.476063335e-05,2.01689101e-08,28,100,Methane
76.374,1.477145088e-05,2.018219369e-08,28,100,Methane
76.611,1.478429931e-05,2.023182866e-08,28,100,Methane
76.847,1.487921327e-05,2.011962152e-08,28,100,Methane
77.084,1.475398039e-05,2.013651113e-08,28,100,Methane
77.321,1.48864865e-05,2.011560163e-08,28,100,Methane
77.558,1.482107746e-05,2.015281453e-08,28,100,Methane
77.795,1.477750266e-05,2.018552969e-08,28,100,Methane
78.031,1.477765454e-05,2.015046086e-08,28,100,Methane
78.268,1.475246881e-05,2.016702716e-08,28,100,Methane
78.505,1.471479845e-05,2.014418499e-08,28,100,Methane
78.742,1.476357102e-05,2.008245836e-08,28,100,Methane
78.979,1.478037029e-05,2.006638056e-08,28,100,Methane
79.215,1.490549766e-05,2.014025036e-08,28,100,Methane
79.452,1.474608234e-05,2.009390698e-08,28,100,Methane
79.689,1.478655759e-05,2.01280006e-08,28,100,Methane
79.926,1.477033038e-05,2.022753876e-08,28,100,Methane
80.163,1.487430018e-05,2.007944211e-08,28,100,Methane
80.399,1.460170279e-05,2.010493994e-08,28,100,Methane
80.636,1.467041329e-05,2.014678735e-08,28,100,Methane
80.873,1.475190584e-05,2.002978583e-08,28,100,Methane
81.11,1.475179397e-05,2.009217326e-08,28,100,Methane
81.347,1.480461196e-05,2.006526856e-08,28,100,Methane
81.583,1.474899e-05,2.018250811e-08,28,100,Methane
81.82,1.477206297e-05,2.008484401e-08,28,100,Methane
82.057,1.47667597e-05,2.005878841e-08,28,100,Methane
82.294,1.476321358e-05,2.00687289e-08,28,100,Methane
82.531,1.477040769e-05,2.006799171e-08,28,100,Methane
82.767,1.47888295e-05,2.005499056e-08,28,100,Methane
83.004,1.47941355e-05,2.004342115e-08,28,100,Methane
83.241,1.48254494e-05,1.996392918e-08,28,100,Methane
83.478,1.475329645e-05,1.996458288e-08,28,100,Methane
83.715,1.479897128e-05,2.002373556e-08,28,100,Methane
83.951,1.477678143e-05,1.997985422e-08,28,100,Methane
84.188,1.489135684e-05,1.999239885e-08,28,100,Methane
84.425,1.475128829e-05,2.003154798e-08,28,100,Methane
84.662,1.475733916e-05,2.005984356e-08,28,100,Methane
84.899,1.466300091e-05,2.001767285e-08,28,100,Methane
85.135,1.470323605e-05,1.998504118e-08,28,100,Methane
85.372,1.472255281e-05,1.992484222e-08,28,100,Methane
85.609,1.478909144e-05,2.001369559e-08,28,100,Methane
85.846,1.475406862e-05,1.999517174e-08,28,100,Methane
86.083,1.47710598e-05,2.001034183e-08,28,100,Methane
86.319,1.475540103e-05,1.992664522e-08,28,100,Methane
86.556,1.474291093e-05,1.997698895e-08,28,100,Methane
86.793,1.477921614e-05,1.999027077e-08,28,100,Methane
87.03,1.475053978e-05,2.009429956e-08,28,100,Methane
87.267,1.487498594e-05,2.009568334e-08,28,100,Methane
87.503,1.479300408e-05,2.008019528e-08,28,100,Methane
87.74,1.474363671e-05,2.013603151e-08,28,100,Methane
87.977,1.471660289e-05,2.013924849e-08,28,100,Methane
88.214,1.471766154e-05,2.01485868e-08,28,100,Methane
88.451,1.475649242e-05,2.016657952e-08,28,100,Methane
88.687,1.471753876e-05,2.003706356e-08,28,100,Methane
88.924,1.47479077e-05,2.003287847e-08,28,100,Methane
89.161,1.475881618e-05,1.997983112e-08,28,100,Methane
89.398,1.49045336e-05,2.002530941e-08,28,100,Methane
89.635,1.472688655e-05,1.995307031e-08,28,100,Methane
89.871,1.471035739e-05,2.002165189e-08,28,100,Methane
90.108,1.475634326e-05,2.002253474e-08,28,100,Methane
90.345,1.47628316e-05,1.998814092e-08,28,100,Methane
90.582,1.488065391e-05,2.001736199e-08,28,100,Methane
90.819,1.482255175e-05,1.993127619e-08,28,100,Methane
91.055,1.484292716e-05,1.990720122e-08,28,100,Methane
91.292,1.474588771e-05,1.986915343e-08,28,100,Methane
91.529,1.46817265e-05,1.99052721e-08,28,100,Methane
91.766,1.474846522e-05,1.994439636e-08,28,100,Methane
92.003,1.475491536e-05,2.006452604e-08,28,100,Methane
92.239,1.477724891e-05,2.01389998e-08,28,100,Methane
92.476,1.474569581e-05,2.012071221e-08,28,100,Methane
92.713,1.479933326e-05,2.006684774e-08,28,100,Methane
92.95,1.475216231e-05,2.006891009e-08,28,100,Methane
93.187,1.47472083e-05,1.997717369e-08,28,100,Methane
93.423,1.470195366e-05,2.00044763e-08,28,100,Methane
93.66,1.471951691e-05,1.991552345e-08,28,100,Methane
93.897,1.478136619e-05,2.003111099e-08,28,100,Methane
94.134,1.471082487e-05,1.998499499e-08,28,100,Methane
94.371,1.475037243e-05,2.004951938e-08,28,100,Methane
94.607,1.472569966e-05,1.998985688e-08,28,100,Methane
94.844,1.484640052e-05,1.998998478e-08,28,100,Methane
95.081,1.473752218e-05,1.993958243e-08,28,100,Methane
95.318,1.487541067e-05,2.014057188e-08,28,100,Methane
95.555,1.479523962e-05,2.002298238e-08,28,100,Methane
95.791,1.489772694e-05,2.004697919e-08,28,100,Methane
96.028,1.473703469e-05,2.008832034e-08,28,100,Methane
96.265,1.472460917e-05,2.006714084e-08,28,100,Methane
96.502,1.472540953e-05,2.012592937e-08,28,100,Methane
96.739,1.474770488e-05,2.009716127e-08,28,100,Methane
96.975,1.481391064e-05,2.002985866e-08,28,100,Methane
97.212,1.479548337e-05,1.99898782e-08,28,100,Methane
97.449,1.471955875e-05,2.005294242e-08,28,100,Methane
97.686,1.475592489e-05,2.007377198e-08,28,100,Methane
97.923,1.477141177e-05,2.011151778e-08,28,100,Methane
98.159,1.470106417e-05,1.99724397e-08,28,100,Methane
98.396,1.469176823e-05,2.000615851e-08,28,100,Methane
98.633,1.465589867e-05,2.003367783e-08,28,100,Methane
98.87,1.471108499e-05,1.998510868e-08,28,100,Methane
99.107,1.473202792e-05,1.986780696e-08,28,100,Methane
99.343,1.486342808e-05,2.02412096e-08,28,100,Methane
99.58,1.471185078e-05,2.016115097e-08,28,100,Methane
99.817,1.473491375e-05,2.01257464e-08,28,100,Methane
100.054,1.487118971e-05,2.01114112e-08,28,100,Methane
100.291,1.470831285e-05,2.005089961e-08,28,100,Methane
100.527,1.483548203e-05,2.003936572e-08,28,100,Methane
100.764,1.469383005e-05,2.00807424e-08,28,100,Methane
101.001,1.470150164e-05,2.008767908e-08,28,100,Methane
101.238,1.472551685e-05,2.004540001e-08,28,100,Methane
101.475,1.47737328e-05,1.998539467e-08,28,100,Methane
101.711,1.456276186e-05,1.995135968e-08,28,100,Methane
101.948,1.464945944e-05,2.004062871e-08,28,100,Methane
102.185,1.475352929e-05,1.995351973e-08,28,100,Methane
102.422,1.468420305e-05,1.99920791e-08,28,100,Methane
102.659,1.471455471e-05,1.995210397e-08,28,100,Methane
102.895,1.470769075e-05,1.992947141e-08,28,100,Methane
103.132,1.470057668e-05,1.994494347e-08,28,100,Methane
103.369,1.473723023e-05,2.002371247e-08,28,100,Methane
103.606,1.472660824e-05,1.995226917e-08,28,100,Methane
103.843,1.472653184e-05,2.007636546e-08,28,100,Methane
104.079,1.471778069e-05,1.986498255e-08,28,100,Methane
104.316,1.469160634e-05,1.990253473e-08,28,100,Methane
104.553,1.467397215e-05,1.995141652e-08,28,100,Methane
104.79,1.470484676e-05,2.001571531e-08,28,100,Methane
105.027,1.46962966e-05,1.997012333e-08,28,100,Methane
105.263,1.485386929e-05,1.986172649e-08,28,100,Methane
105.5,1.477816477e-05,1.994421694e-08,28,100,Methane
105.737,1.468792743e-05,1.985892162e-08,28,100,Methane
105.974,1.469879408e-05,1.983777764e-08,28,100,Methane
106.211,1.472846452e-05,1.988182774e-08,28,100,Methane
106.447,1.469559538e-05,1.989560516e-08,28,100,Methane
106.684,1.467286256e-05,1.989763376e-08,28,100,Methane
106.921,1.475530098e-05,1.993883636e-08,28,100,Methane
107.158,1.469832841e-05,1.981048214e-08,28,100,Methane
107.395,1.472473286e-05,1.989903708e-08,28,100,Methane
107.631,1.472626082e-05,1.984956555e-08,28,100,Methane
107.868,1.47288647e-05,1.986629528e-08,28,100,Methane
108.105,1.476802299e-05,1.999900689e-08,28,100,Methane
108.342,1.469304334e-05,2.004631838e-08,28,100,Methane
108.579,1.485001212e-05,1.997471877e-08,28,100,Methane
108.815,1.454195171e-05,2.007155864e-08,28,100,Methane
109.052,1.462718865e-05,1.99480823e-08,28,100,Methane
109.289,1.480487026e-05,1.9909562e-08,28,100,Methane
109.526,1.473688826e-05,1.997005761e-08,28,100,Methane
109.763,1.478627655e-05,1.99651673e-08,28,100,Methane
109.999,1.454128596e-05,1.996191124e-08,28,100,Methane
110.236,1.4637807e-05,1.993590182e-08,28,100,Methane
110.473,1.463288663e-05,1.99506065e-08,28,100,Methane
110.71,1.46775983e-05,1.992414056e-08,28,100,Methane
110.947,1.474435157e-05,1.994895449e-08,28,100,Methane
111.183,1.471224641e-05,1.975824304e-08,28,100,Methane
0.835,1.479776893e-05,4.526010233e-09,32,100,Methane
1.071,1.469343988e-05,4.512431762e-09,32,100,Methane
1.308,1.470193729e-05,4.488433625e-09,32,100,Methane
1.545,1.46717357e-05,4.475870785e-09,32,100,Methane
1.782,1.467576749e-05,4.490362748e-09,32,100,Methane
2.019,1.477024307e-05,4.437245682e-09,32,100,Methane
2.255,1.453341883e-05,4.441024437e-09,32,100,Methane
2.492,1.464709203e-05,4.448212465e-09,32,100,Methane
2.729,1.466257254e-05,4.423831079e-09,32,100,Methane
2.966,1.467517814e-05,4.458438507e-09,32,100,Methane
3.203,1.472588792e-05,4.42635395e-09,32,100,Methane
3.439,1.4715416e-05,4.446234936e-09,32,100,Methane
3.676,1.473945576e-05,4.459570047e-09,32,100,Methane
3.913,1.471451833e-05,4.487855865e-09,32,100,Methane
4.15,1.470769712e-05,4.464992376e-09,32,100,Methane
4.387,1.470120787e-05,4.497955342e-09,32,100,Methane
4.623,1.473216616e-05,4.490676719e-09,32,100,Methane
4.86,1.471101677e-05,4.460846803e-09,32,100,Methane
5.097,1.467331731e-05,4.446972568e-09,32,100,Methane
5.334,1.46971679e-05,4.424241418e-09,32,100,Methane
5.571,1.484124277e-05,4.456836677e-09,32,100,Methane
5.807,1.453596906e-05,4.425274813e-09,32,100,Methane
6.044,1.458099905e-05,4.408971854e-09,32,100,Methane
6.281,1.463003991e-05,4.415987576e-09,32,100,Methane
6.518,1.468271148e-05,4.435337431e-09,32,100,Methane
6.755,1.472241092e-05,4.425666056e-09,32,100,Methane
6.991,1.469203562e-05,4.485735783e-09,32,100,Methane
7.228,1.479353159e-05,4.474593585e-09,32,100,Methane
7.465,1.470595271e-05,4.445955604e-09,32,100,Methane
7.702,1.481553409e-05,4.478985183e-09,32,100,Methane
7.939,1.463306762e-05,4.488057481e-09,32,100,Methane
8.175,1.462827368e-05,4.459157488e-09,32,100,Methane
8.412,1.466103004e-05,4.474740578e-09,32,100,Methane
8.649,1.465668447e-05,4.481640836e-09,32,100,Methane
8.886,1.46562661e-05,4.462518355e-09,32,100,Methane
9.123,1.467323e-05,4.422505029e-09,32,100,Methane
9.359,1.469548715e-05,4.442163082e-09,32,100,Methane
9.596,1.465203786e-05,4.49631532e-09,32,100,Methane
9.833,1.470289408e-05,4.46271553e-09,32,100,Methane
10.07,1.470484676e-05,4.42815562e-09,32,100,Methane
10.307,1.471457563e-05,4.435777523e-09,32,100,Methane
10.543,1.46984512e-05,4.413506449e-09,32,100,Methane
10.78,1.472495387e-05,4.429697054e-09,32,100,Methane
11.017,1.471943688e-05,4.43232917e-09,32,100,Methane
11.254,1.482928019e-05,4.446091051e-09,32,100,Methane
11.491,1.473598604e-05,4.45257653e-09,32,100,Methane
11.727,1.485787561e-05,4.48405979e-09,32,100,Methane
11.964,1.467849143e-05,4.455667835e-09,32,100,Methane
12.201,1.468963183e-05,4.405880105e-09,32,100,Methane
12.438,1.466412232e-05,4.45960513e-09,32,100,Methane
12.675,1.467610673e-05,4.480014137e-09,32,100,Methane
12.911,1.470509415e-05,4.489342231e-09,32,100,Methane
13.148,1.470706411e-05,4.439999035e-09,32,100,Methane
13.385,1.472871918e-05,4.469184578e-09,32,100,Methane
13.622,1.469152721e-05,4.446617741e-09,32,100,Methane
13.859,1.482285006e-05,4.457678227e-09,32,100,Methane
14.095,1.456916016e-05,4.449874691e-09,32,100,Methane
14.332,1.467528728e-05,4.453072577e-09,32,100,Methane
14.569,1.471219639e-05,4.458746261e-09,32,100,Methane
14.806,1.475092813e-05,4.459558056e-09,32,100,Methane
15.043,1.47130113e-05,4.451041757e-09,32,100,Methane
15.279,1.467277252e-05,4.448112545e-09,32,100,Methane
15.516,1.470195366e-05,4.40853043e-09,32,100,Methane
15.753,1.466008689e-05,4.417554322e-09,32,100,Methane
15.99,1.471807627e-05,4.460247727e-09,32,100,Methane
16.227,1.474032524e-05,4.475488424e-09,32,100,Methane
16.463,1.475887893e-05,4.456129687e-09,32,100,Methane
16.7,1.47401488e-05,4.422400224e-09,32,100,Methane
16.937,1.470071402e-05,4.453635238e-09,32,100,Methane
17.174,1.469437302e-05,4.410964927e-09,32,100,Methane
17.411,1.485201756e-05,4.392723962e-09,32,100,Methane
17.647,1.459173836e-05,4.423067246e-09,32,100,Methane
17.884,1.466326466e-05,4.454719704e-09,32,100,Methane
18.121,1.476906164e-05,4.427199496e-09,32,100,Methane
18.358,1.470297047e-05,4.414678845e-09,32,100,Methane
18.595,1.474021064e-05,4.41557102e-09,32,100,Methane
18.831,1.475772933e-05,4.41175585e-09,32,100,Methane
19.068,1.487077589e-05,4.431885081e-09,32,100,Methane
19.305,1.473925749e-05,4.414002941e-09,32,100,Methane
19.542,1.471512132e-05,4.419589583e-09,32,100,Methane
19.779,1.462089585e-05,4.427593847e-09,32,100,Methane
20.015,1.471867017e-05,4.448587276e-09,32,100,Methane
20.252,1.473749762e-05,4.41556125e-09,32,100,Methane
20.489,1.473413977e-05,4.45605286e-09,32,100,Methane
20.726,1.471989253e-05,4.462987313e-09,32,100,Methane
20.963,1.480195351e-05,4.446204738e-09,32,100,Methane
21.199,1.458059887e-05,4.470728232e-09,32,100,Methane
21.436,1.479284765e-05,4.455707359e-09,32,100,Methane
21.673,1.472052099e-05,4.421550237e-09,32,100,Methane
21.91,1.469148083e-05,4.488427408e-09,32,100,Methane
22.147,1.471946416e-05,4.456140346e-09,32,100,Methane
22.383,1.474148576e-05,4.435228185e-09,32,100,Methane
22.62,1.482137304e-05,4.464302705e-09,32,100,Methane
22.857,1.472451277e-05,4.41617809e-09,32,100,Methane
23.094,1.471575251e-05,4.436716772e-09,32,100,Methane
23.331,1.472846543e-05,4.448901247e-09,32,100,Methane
23.567,1.47375431e-05,4.46824977e-09,32,100,Methane
23.804,1.483859887e-05,4.423417188e-09,32,100,Methane
24.041,1.473530028e-05,4.414630883e-09,32,100,Methane
24.278,1.488174257e-05,4.434657086e-09,32,100,Methane
24.515,1.471327596e-05,4.451490287e-09,32,100,Methane
24.751,1.479591265e-05,4.461283787e-09,32,100,Methane
24.988,1.474896726e-05,4.490156247e-09,32,100,Methane
25.225,1.474640612e-05,4.445305457e-09,32,100,Methane
25.462,1.473527482e-05,4.426281563e-09,32,100,Methane
25.699,1.481219351e-05,4.462252345e-09,32,100,Methane
25.935,1.457385224e-05,4.451122138e-09,32,100,Methane
26.172,1.46221555e-05,4.461541359e-09,32,100,Methane
26.409,1.471427368e-05,4.481363725e-09,32,100,Methane
26.646,1.473364046e-05,4.431528478e-09,32,100,Methane
26.883,1.479744424e-05,4.377548546e-09,32,100,Methane
27.119,1.475375848e-05,4.452387348e-09,32,100,Methane
27.356,1.472592885e-05,4.445102952e-09,32,100,Methane
27.593,1.470922962e-05,4.447504587e-09,32,100,Methane
27.83,1.473494558e-05,4.434673073e-09,32,100,Methane
28.067,1.47464134e-05,4.429316025e-09,32,100,Methane
28.303,1.476722809e-05,4.446452095e-09,32,100,Methane
28.54,1.471528503e-05,4.437649359e-09,32,100,Methane
28.777,1.476018133e-05,4.461329972e-09,32,100,Methane
29.014,1.474416331e-05,4.473194259e-09,32,100,Methane
29.251,1.486945439e-05,4.479281834e-09,32,100,Methane
29.487,1.481546133e-05,4.450489755e-09,32,100,Methane
29.724,1.490002705e-05,4.452297198e-09,32,100,Methane
29.961,1.480481751e-05,4.432725298e-09,32,100,Methane
30.198,1.472666099e-05,4.44221504e-09,32,100,Methane
30.435,1.472835629e-05,4.438549972e-09,32,100,Methane
30.671,1.48027666e-05,4.433111211e-09,32,100,Methane
30.908,1.478351351e-05,4.460423586e-09,32,100,Methane
31.145,1.476532725e-05,4.446151891e-09,32,100,Methane
31.382,1.473014254e-05,4.445631863e-09,32,100,Methane
31.619,1.481050276e-05,4.469258741e-09,32,100,Methane
31.855,1.47797291e-05,4.427920697e-09,32,100,Methane
32.092,1.486307792e-05,4.395606545e-09,32,100,Methane
32.329,1.479903858e-05,4.439137946e-09,32,100,Methane
32.566,1.481520212e-05,4.477649362e-09,32,100,Methane
32.803,1.475247609e-05,4.423696964e-09,32,100,Methane
33.039,1.471524047e-05,4.45347581e-09,32,100,Methane
33.276,1.475850058e-05,4.420054545e-09,32,100,Methane
33.513,1.47735218e-05,4.445185553e-09,32,100,Methane
33.75,1.479529328e-05,4.437656465e-09,32,100,Methane
33.987,1.477400201e-05,4.463854619e-09,32,100,Methane
34.223,1.482463722e-05,4.447728852e-09,32,100,Methane
34.46,1.47710889e-05,4.437529455e-09,32,100,Methane
34.697,1.472825898e-05,4.452322067e-09,32,100,Methane
34.934,1.471482665e-05,4.42415482e-09,32,100,Methane
35.171,1.487690497e-05,4.463659664e-09,32,100,Methane
35.407,1.460720796e-05,4.500519957e-09,32,100,Methane
35.644,1.483230426e-05,4.470781967e-09,32,100,Methane
35.881,1.47761757e-05,4.50709603e-09,32,100,Methane
36.118,1.489846181e-05,4.485412486e-09,32,100,Methane
36.355,1.472476924e-05,4.454852043e-09,32,100,Methane
36.591,1.472780787e-05,4.433722278e-09,32,100,Methane
36.828,1.474453893e-05,4.46496351e-09,32,100,Methane
37.065,1.475520367e-05,4.463313719e-09,32,100,Methane
37.302,1.479049661e-05,4.492692884e-09,32,100,Methane
37.539,1.483310098e-05,4.435563028e-09,32,100,Methane
37.775,1.458085353e-05,4.43067627e-09,32,100,Methane
38.012,1.461813918e-05,4.433183598e-09,32,100,Methane
38.249,1.472332679e-05,4.471479187e-09,32,100,Methane
38.486,1.474189321e-05,4.459622893e-09,32,100,Methane
38.723,1.465991227e-05,4.450125601e-09,32,100,Methane
38.959,1.467148377e-05,4.475881443e-09,32,100,Methane
39.196,1.470854295e-05,4.419584254e-09,32,100,Methane
39.433,1.470972074e-05,4.465853021e-09,32,100,Methane
39.67,1.473727843e-05,4.48940396e-09,32,100,Methane
39.907,1.474852888e-05,4.493281747e-09,32,100,Methane
40.143,1.474102919e-05,4.43953363e-09,32,100,Methane
40.38,1.476171292e-05,4.453045044e-09,32,100,Methane
40.617,1.46966504e-05,4.462966885e-09,32,100,Methane
40.854,1.475247427e-05,4.41842074e-09,32,100,Methane
41.091,1.487117152e-05,4.457848757e-09,32,100,Methane
41.327,1.479109142e-05,4.45398296e-09,32,100,Methane
41.564,1.486772089e-05,4.418986954e-09,32,100,Methane
41.801,1.475397039e-05,4.419433264e-09,32,100,Methane
42.038,1.474890814e-05,4.399207221e-09,32,100,Methane
42.275,1.486825295e-05,4.450222413e-09,32,100,Methane
42.511,1.458201859e-05,4.434892897e-09,32,100,Methane
42.748,1.461916145e-05,4.432040956e-09,32,100,Methane
42.985,1.470443385e-05,4.473695192e-09,32,100,Methane
43.222,1.470012194e-05,4.478765803e-09,32,100,Methane
43.459,1.485889243e-05,4.454404401e-09,32,100,Methane
43.695,1.457629241e-05,4.423453159e-09,32,100,Methane
43.932,1.463633544e-05,4.436718104e-09,32,100,Methane
44.169,1.473759494e-05,4.399244524e-09,32,100,Methane
44.406,1.487644113e-05,4.409562049e-09,32,100,Methane
44.643,1.470706593e-05,4.445235291e-09,32,100,Methane
44.879,1.466102003e-05,4.454078439e-09,32,100,Methane
45.116,1.469877225e-05,4.4277364e-09,32,100,Methane
45.353,1.48423087e-05,4.438468704e-09,32,100,Methane
45.59,1.477814385e-05,4.457087144e-09,32,100,Methane
45.827,1.472639542e-05,4.451621294e-09,32,100,Methane
46.063,1.474183409e-05,4.444642432e-09,32,100,Methane
46.3,1.474983037e-05,4.376610185e-09,32,100,Methane
46.537,1.480542869e-05,4.478421634e-09,32,100,Methane
46.774,1.472750773e-05,4.437912704e-09,32,100,Methane
47.011,1.471567612e-05,4.402965992e-09,32,100,Methane
47.247,1.473304383e-05,4.432509026e-09,32,100,Methane
47.484,1.475072895e-05,4.444559387e-09,32,100,Methane
47.721,1.478980994e-05,4.441673251e-09,32,100,Methane
47.958,1.471849919e-05,4.420928512e-09,32,100,Methane
48.195,1.483997858e-05,4.443891477e-09,32,100,Methane
48.431,1.478762351e-05,4.411603971e-09,32,100,Methane
48.668,1.47152241e-05,4.397246567e-09,32,100,Methane
48.905,1.470500865e-05,4.457433533e-09,32,100,Methane
49.142,1.468380651e-05,4.422710198e-09,32,100,Methane
49.379,1.472110125e-05,4.412312293e-09,32,100,Methane
49.615,1.468702339e-05,4.466954362e-09,32,100,Methane
49.852,1.480754872e-05,4.466065739e-09,32,100,Methane
50.089,1.470557436e-05,4.453623248e-09,32,100,Methane
50.326,1.470076677e-05,4.456027547e-09,32,100,Methane
50.563,1.475851514e-05,4.454059344e-09,32,100,Methane
50.799,1.475597037e-05,4.46006343e-09,32,100,Methane
51.036,1.466229332e-05,4.462426872e-09,32,100,Methane
51.273,1.471167525e-05,4.408367449e-09,32,100,Methane
51.51,1.471737323e-05,4.402771925e-09,32,100,Methane
51.747,1.472070016e-05,4.429036693e-09,32,100,Methane
51.983,1.465769583e-05,4.396643494e-09,32,100,Methane
52.22,1.469074414e-05,4.39872494e-09,32,100,Methane
52.457,1.465676451e-05,4.415702026e-09,32,100,Methane
52.694,1.468879782e-05,4.411841559e-09,32,100,Methane
52.931,1.468209939e-05,4.399512754e-09,32,100,Methane
53.167,1.474380406e-05,4.418887922e-09,32,100,Methane
53.404,1.471078667e-05,4.455564362e-09,32,100,Methane
53.641,1.476026682e-05,4.364099748e-09,32,100,Methane
53.878,1.469531253e-05,4.428641009e-09,32,100,Methane
54.115,1.471387804e-05,4.406812693e-09,32,100,Methane
54.351,1.471753876e-05,4.42921344e-09,32,100,Methane
54.588,1.469860035e-05,4.442994861e-09,32,100,Methane
54.825,1.476582929e-05,4.45453141e-09,32,100,Methane
55.062,1.467983202e-05,4.480787741e-09,32,100,Methane
55.299,1.476961734e-05,4.483657001e-09,32,100,Methane
55.535,1.454970607e-05,4.403719167e-09,32,100,Methane
55.772,1.457360941e-05,4.45379067e-09,32,100,Methane
56.009,1.463193985e-05,4.455149138e-09,32,100,Methane
56.246,1.469423933e-05,4.440078971e-09,32,100,Methane
56.483,1.474862347e-05,4.437846979e-09,32,100,Methane
56.719,1.47042656e-05,4.428336808e-09,32,100,Methane
56.956,1.469274594e-05,4.43771242e-09,32,100,Methane
57.193,1.470842017e-05,4.423619693e-09,32,100,Methane
57.43,1.474790042e-05,4.422714639e-09,32,100,Methane
57.667,1.471913038e-05,4.417302968e-09,32,100,Methane
57.903,1.48444733e-05,4.472642701e-09,32,100,Methane
58.14,1.471000269e-05,4.416396138e-09,32,100,Methane
58.377,1.473424163e-05,4.37225145e-09,32,100,Methane
58.614,1.468256596e-05,4.413806654e-09,32,100,Methane
58.851,1.470725056e-05,4.419927535e-09,32,100,Methane
59.087,1.468794744e-05,4.409649978e-09,32,100,Methane
59.324,1.471092855e-05,4.446168322e-09,32,100,Methane
59.561,1.471093674e-05,4.377792795e-09,32,100,Methane
59.798,1.481307936e-05,4.40907888e-09,32,100,Methane
60.035,1.473480188e-05,4.410952936e-09,32,100,Methane
60.271,1.467063339e-05,4.420249056e-09,32,100,Methane
60.508,1.470557982e-05,4.413473143e-09,32,100,Methane
60.745,1.472823715e-05,4.430191769e-09,32,100,Methane
60.982,1.483457072e-05,4.38969705e-09,32,100,Methane
61.219,1.464320576e-05,4.466524484e-09,32,100,Methane
61.455,1.468586106e-05,4.456829128e-09,32,100,Methane
61.692,1.468739629e-05,4.410086518e-09,32,100,Methane
61.929,1.464417073e-05,4.425457778e-09,32,100,Methane
62.166,1.469941981e-05,4.385634966e-09,32,100,Methane
62.403,1.470733059e-05,4.409430598e-09,32,100,Methane
62.639,1.473125667e-05,4.362520567e-09,32,100,Methane
62.876,1.470122152e-05,4.414370647e-09,32,100,Methane
63.113,1.474400779e-05,4.385899199e-09,32,100,Methane
63.35,1.470836833e-05,4.414140609e-09,32,100,Methane
63.587,1.47595747e-05,4.417804789e-09,32,100,Methane
63.823,1.471071209e-05,4.4240962e-09,32,100,Methane
64.06,1.469534436e-05,4.452332281e-09,32,100,Methane
64.297,1.478424292e-05,4.438629464e-09,32,100,Methane
64.534,1.473968132e-05,4.403966525e-09,32,100,Methane
64.771,1.471731684e-05,4.457441527e-09,32,100,Methane
65.007,1.474253349e-05,4.407621823e-09,32,100,Methane
65.244,1.47470555e-05,4.399744569e-09,32,100,Methane
65.481,1.485154007e-05,4.407703091e-09,32,100,Methane
65.718,1.478149807e-05,4.404286269e-09,32,100,Methane
65.955,1.471732594e-05,4.408716947e-09,32,100,Methane
66.191,1.473909015e-05,4.397152864e-09,32,100,Methane
66.428,1.4732821e-05,4.425328104e-09,32,100,Methane
66.665,1.484582208e-05,4.473978965e-09,32,100,Methane
66.902,1.475720273e-05,4.486759408e-09,32,100,Methane
67.139,1.479583534e-05,4.497068051e-09,32,100,Methane
67.375,1.455326674e-05,4.434997702e-09,32,100,Methane
67.612,1.476769648e-05,4.393496678e-09,32,100,Methane
67.849,1.468504252e-05,4.38917036e-09,32,100,Methane
68.086,1.467966194e-05,4.433482914e-09,32,100,Methane
68.323,1.473210341e-05,4.455069647e-09,32,100,Methane
68.559,1.479781804e-05,4.469845383e-09,32,100,Methane
68.796,1.473700468e-05,4.44513093e-09,32,100,Methane
69.033,1.468454684e-05,4.418005073e-09,32,100,Methane
69.27,1.46883649e-05,4.447451296e-09,32,100,Methane
69.507,1.4761702e-05,4.4556141e-09,32,100,Methane
69.743,1.45439808e-05,4.415952048e-09,32,100,Methane
69.98,1.459689793e-05,4.420716682e-09,32,100,Methane
70.217,1.465112564e-05,4.406773169e-09,32,100,Methane
70.454,1.469533345e-05,4.391411679e-09,32,100,Methane
70.691,1.473710472e-05,4.427946898e-09,32,100,Methane
70.927,1.473761586e-05,4.459175251e-09,32,100,Methane
71.164,1.47118617e-05,4.432588074e-09,32,100,Methane
71.401,1.467359925e-05,4.433680978e-09,32,100,Methane
71.638,1.472098393e-05,4.464363546e-09,32,100,Methane
71.875,1.480988794e-05,4.465712689e-09,32,100,Methane
72.111,1.456356676e-05,4.435555034e-09,32,100,Methane
72.348,1.464247998e-05,4.440870782e-09,32,100,Methane
72.585,1.473604516e-05,4.445172674e-09,32,100,Methane
72.822,1.471965243e-05,4.401598641e-09,32,100,Methane
73.059,1.466072172e-05,4.432987755e-09,32,100,Methane
73.295,1.469497238e-05,4.423153399e-09,32,100,Methane
73.532,1.472892745e-05,4.397378461e-09,32,100,Methane
73.769,1.48434865e-05,4.421332633e-09,32,100,Methane
74.006,1.479468574e-05,4.437876289e-09,32,100,Methane
74.243,1.471664291e-05,4.393659214e-09,32,100,Methane
74.479,1.471866653e-05,4.41647785e-09,32,100,Methane
74.716,1.472984059e-05,4.43376269e-09,32,100,Methane
74.953,1.47256842e-05,4.440031898e-09,32,100,Methane
75.19,1.470770076e-05,4.405351639e-09,32,100,Methane
75.427,1.472830627e-05,4.43850956e-09,32,100,Methane
75.663,1.471637279e-05,4.438394097e-09,32,100,Methane
75.9,1.47507817e-05,4.443265311e-09,32,100,Methane
76.137,1.476063335e-05,4.450325441e-09,32,100,Methane
76.374,1.477145088e-05,4.457584524e-09,32,100,Methane
76.611,1.478429931e-05,4.434583367e-09,32,100,Methane
76.847,1.487921327e-05,4.4272781e-09,32,100,Methane
77.084,1.475398039e-05,4.475672277e-09,32,100,Methane
77.321,1.48864865e-05,4.468555748e-09,32,100,Methane
77.558,1.482107746e-05,4.461324199e-09,32,100,Methane
77.795,1.477750266e-05,4.424904443e-09,32,100,Methane
78.031,1.477765454e-05,4.444215662e-09,32,100,Methane
78.268,1.475246881e-05,4.428546418e-09,32,100,Methane
78.505,1.471479845e-05,4.410443566e-09,32,100,Methane
78.742,1.476357102e-05,4.459075331e-09,32,100,Methane
78.979,1.478037029e-05,4.430174005e-09,32,100,Methane
79.215,1.490549766e-05,4.460177561e-09,32,100,Methane
79.452,1.474608234e-05,4.452550328e-09,32,100,Methane
79.689,1.478655759e-05,4.462044956e-09,32,100,Methane
79.926,1.477033038e-05,4.41770398e-09,32,100,Methane
80.163,1.487430018e-05,4.452379354e-09,32,100,Methane
80.399,1.460170279e-05,4.433218681e-09,32,100,Methane
80.636,1.467041329e-05,4.445308566e-09,32,100,Methane
80.873,1.475190584e-05,4.439863144e-09,32,100,Methane
81.11,1.475179397e-05,4.425012357e-09,32,100,Methane
81.347,1.480461196e-05,4.426673694e-09,32,100,Methane
81.583,1.474899e-05,4.442415769e-09,32,100,Methane
81.82,1.477206297e-05,4.429546951e-09,32,100,Methane
82.057,1.47667597e-05,4.425210864e-09,32,100,Methane
82.294,1.476321358e-05,4.428435396e-09,32,100,Methane
82.531,1.477040769e-05,4.428796441e-09,32,100,Methane
82.767,1.47888295e-05,4.392519237e-09,32,100,Methane
83.004,1.47941355e-05,4.440650958e-09,32,100,Methane
83.241,1.48254494e-05,4.381535579e-09,32,100,Methane
83.478,1.475329645e-05,4.386807806e-09,32,100,Methane
83.715,1.479897128e-05,4.407485044e-09,32,100,Methane
83.951,1.477678143e-05,4.418006849e-09,32,100,Methane
84.188,1.489135684e-05,4.424357769e-09,32,100,Methane
84.425,1.475128829e-05,4.395819264e-09,32,100,Methane
84.662,1.475733916e-05,4.429486111e-09,32,100,Methane
84.899,1.466300091e-05,4.42333592e-09,32,100,Methane
85.135,1.470323605e-05,4.393516662e-09,32,100,Methane
85.372,1.472255281e-05,4.41448611e-09,32,100,Methane
85.609,1.478909144e-05,4.393664099e-09,32,100,Methane
85.846,1.475406862e-05,4.416793153e-09,32,100,Methane
86.083,1.47710598e-05,4.401695008e-09,32,100,Methane
86.319,1.475540103e-05,4.415829924e-09,32,100,Methane
86.556,1.474291093e-05,4.401409459e-09,32,100,Methane
86.793,1.477921614e-05,4.400794396e-09,32,100,Methane
87.03,1.475053978e-05,4.454162372e-09,32,100,Methane
87.267,1.487498594e-05,4.468220016e-09,32,100,Methane
87.503,1.479300408e-05,4.457061387e-09,32,100,Methane
87.74,1.474363671e-05,4.410617649e-09,32,100,Methane
87.977,1.471660289e-05,4.454615787e-09,32,100,Methane
88.214,1.471766154e-05,4.442016976e-09,32,100,Methane
88.451,1.475649242e-05,4.442372248e-09,32,100,Methane
88.687,1.471753876e-05,4.399521636e-09,32,100,Methane
88.924,1.47479077e-05,4.447711532e-09,32,100,Methane
89.161,1.475881618e-05,4.415830812e-09,32,100,Methane
89.398,1.49045336e-05,4.426973454e-09,32,100,Methane
89.635,1.472688655e-05,4.393870601e-09,32,100,Methane
89.871,1.471035739e-05,4.426549349e-09,32,100,Methane
90.108,1.475634326e-05,4.407138654e-09,32,100,Methane
90.345,1.47628316e-05,4.437845202e-09,32,100,Methane
90.582,1.488065391e-05,4.429030032e-09,32,100,Methane
90.819,1.482255175e-05,4.407535226e-09,32,100,Methane
91.055,1.484292716e-05,4.385160679e-09,32,100,Methane
91.292,1.474588771e-05,4.394891562e-09,32,100,Methane
91.529,1.46817265e-05,4.396358388e-09,32,100,Methane
91.766,1.474846522e-05,4.412183063e-09,32,100,Methane
92.003,1.475491536e-05,4.409737464e-09,32,100,Methane
92.239,1.477724891e-05,4.423925226e-09,32,100,Methane
92.476,1.474569581e-05,4.456057301e-09,32,100,Methane
92.713,1.479933326e-05,4.453901248e-09,32,100,Methane
92.95,1.475216231e-05,4.400956044e-09,32,100,Methane
93.187,1.47472083e-05,4.373371443e-09,32,100,Methane
93.423,1.470195366e-05,4.405216636e-09,32,100,Methane
93.66,1.471951691e-05,4.39949277e-09,32,100,Methane
93.897,1.478136619e-05,4.413734711e-09,32,100,Methane
94.134,1.471082487e-05,4.428954092e-09,32,100,Methane
94.371,1.475037243e-05,4.369321793e-09,32,100,Methane
94.607,1.472569966e-05,4.390157571e-09,32,100,Methane
94.844,1.484640052e-05,4.409943521e-09,32,100,Methane
95.081,1.473752218e-05,4.432263001e-09,32,100,Methane
95.318,1.487541067e-05,4.423232447e-09,32,100,Methane
95.555,1.479523962e-05,4.425117606e-09,32,100,Methane
95.791,1.489772694e-05,4.464239645e-09,32,100,Methane
96.028,1.473703469e-05,4.402847864e-09,32,100,Methane
96.265,1.472460917e-05,4.407758158e-09,32,100,Methane
96.502,1.472540953e-05,4.439145496e-09,32,100,Methane
96.739,1.474770488e-05,4.419175692e-09,32,100,Methane
96.975,1.481391064e-05,4.436380152e-09,32,100,Methane
97.212,1.479548337e-05,4.395300124e-09,32,100,Methane
97.449,1.471955875e-05,4.422414435e-09,32,100,Methane
97.686,1.475592489e-05,4.432346046e-09,32,100,Methane
97.923,1.477141177e-05,4.407568088e-09,32,100,Methane
98.159,1.470106417e-05,4.44197612e-09,32,100,Methane
98.396,1.469176823e-05,4.424607347e-09,32,100,Methane
98.633,1.465589867e-05,4.399337339e-09,32,100,Methane
98.87,1.471108499e-05,4.358116534e-09,32,100,Methane
99.107,1.473202792e-05,4.384707708e-09,32,100,Methane
99.343,1.486342808e-05,4.426272682e-09,32,100,Methane
99.58,1.471185078e-05,4.449843161e-09,32,100,Methane
99.817,1.473491375e-05,4.453075242e-09,32,100,Methane
100.054,1.487118971e-05,4.412163968e-09,32,100,Methane
100.291,1.470831285e-05,4.424238309e-09,32,100,Methane
100.527,1.483548203e-05,4.430200207e-09,32,100,Methane
100.764,1.469383005e-05,4.399055342e-09,32,100,Methane
101.001,1.470150164e-05,4.41922321e-09,32,100,Methane
101.238,1.472551685e-05,4.437959777e-09,32,100,Methane
101.475,1.47737328e-05,4.412464616e-09,32,100,Methane
101.711,1.456276186e-05,4.394003383e-09,32,100,Methane
101.948,1.464945944e-05,4.457724856e-09,32,100,Methane
102.185,1.475352929e-05,4.413802657e-09,32,100,Methane
102.422,1.468420305e-05,4.419701494e-09,32,100,Methane
102.659,1.471455471e-05,4.397135989e-09,32,100,Methane
102.895,1.470769075e-05,4.416843336e-09,32,100,Methane
103.132,1.470057668e-05,4.40126513e-09,32,100,Methane
103.369,1.473723023e-05,4.419221877e-09,32,100,Methane
103.606,1.472660824e-05,4.407990861e-09,32,100,Methane
103.843,1.472653184e-05,4.380640295e-09,32,100,Methane
104.079,1.471778069e-05,4.394329345e-09,32,100,Methane
104.316,1.469160634e-05,4.383121421e-09,32,100,Methane
104.553,1.467397215e-05,4.412698207e-09,32,100,Methane
104.79,1.470484676e-05,4.423642785e-09,32,100,Methane
105.027,1.46962966e-05,4.397603171e-09,32,100,Methane
105.263,1.485386929e-05,4.372372686e-09,32,100,Methane
105.5,1.477816477e-05,4.358092998e-09,32,100,Methane
105.737,1.468792743e-05,4.355102501e-09,32,100,Methane
105.974,1.469879408e-05,4.396574216e-09,32,100,Methane
106.211,1.472846452e-05,4.381273566e-09,32,100,Methane
106.447,1.469559538e-05,4.32339009e-09,32,100,Methane
106.684,1.467286256e-05,4.361402794e-09,32,100,Methane
106.921,1.475530098e-05,4.367254558e-09,32,100,Methane
107.158,1.469832841e-05,4.375481755e-09,32,100,Methane
107.395,1.472473286e-05,4.370851681e-09,32,100,Methane
107.631,1.472626082e-05,4.371000895e-09,32,100,Methane
107.868,1.47288647e-05,4.38606973e-09,32,100,Methane
108.105,1.476802299e-05,4.402384679e-09,32,100,Methane
108.342,1.469304334e-05,4.416433441e-09,32,100,Methane
108.579,1.485001212e-05,4.367324724e-09,32,100,Methane
108.815,1.454195171e-05,4.422948674e-09,32,100,Methane
109.052,1.462718865e-05,4.373460261e-09,32,100,Methane
109.289,1.480487026e-05,4.403469589e-09,32,100,Methane
109.526,1.473688826e-05,4.460549707e-09,32,100,Methane
109.763,1.478627655e-05,4.393554409e-09,32,100,Methane
109.999,1.454128596e-05,4.379063778e-09,32,100,Methane
110.236,1.4637807e-05,4.377591623e-09,32,100,Methane
110.473,1.463288663e-05,4.356188299e-09,32,100,Methane
110.71,1.46775983e-05,4.393656994e-09,32,100,Methane
110.947,1.474435157e-05,4.387707975e-09,32,100,Methane
111.183,1.471224641e-05,4.393813757e-09,32,100,Methane
0.835,1.479776893e-05,8.435896946e-12,44,100,Methane
1.071,1.469343988e-05,8.540330769e-12,44,100,Methane
1.308,1.470193729e-05,8.014543022e-12,44,100,Methane
1.545,1.46717357e-05,7.880978856e-12,44,100,Methane
1.782,1.467576749e-05,8.049477751e-12,44,100,Methane
2.019,1.477024307e-05,8.340560881e-12,44,100,Methane
2.255,1.453341883e-05,8.085667552e-12,44,100,Methane
2.492,1.464709203e-05,8.370272357e-12,44,100,Methane
2.729,1.466257254e-05,8.30010019e-12,44,100,Methane
2.966,1.467517814e-05,8.160552963e-12,44,100,Methane
3.203,1.472588792e-05,8.414131371e-12,44,100,Methane
3.439,1.4715416e-05,8.288689179e-12,44,100,Methane
3.676,1.473945576e-05,8.041007096e-12,44,100,Methane
3.913,1.471451833e-05,8.125942627e-12,44,100,Methane
4.15,1.470769712e-05,8.42230799e-12,44,100,Methane
4.387,1.470120787e-05,8.061741379e-12,44,100,Methane
4.623,1.473216616e-05,7.858541075e-12,44,100,Methane
4.86,1.471101677e-05,8.620219989e-12,44,100,Methane
5.097,1.467331731e-05,7.878302177e-12,44,100,Methane
5.334,1.46971679e-05,7.734774626e-12,44,100,Methane
5.571,1.484124277e-05,8.018695083e-12,44,100,Methane
5.807,1.453596906e-05,8.466696962e-12,44,100,Methane
6.044,1.458099905e-05,7.962611473e-12,44,100,Methane
6.281,1.463003991e-05,8.056773998e-12,44,100,Methane
6.518,1.468271148e-05,8.048318956e-12,44,100,Methane
6.755,1.472241092e-05,7.558350647e-12,44,100,Methane
6.991,1.469203562e-05,8.190731079e-12,44,100,Methane
7.228,1.479353159e-05,8.179391192e-12,44,100,Methane
7.465,1.470595271e-05,8.043617855e-12,44,100,Methane
7.702,1.481553409e-05,8.255927192e-12,44,100,Methane
7.939,1.463306762e-05,7.860930656e-12,44,100,Methane
8.175,1.462827368e-05,8.178576739e-12,44,100,Methane
8.412,1.466103004e-05,8.339456729e-12,44,100,Methane
8.649,1.465668447e-05,7.659563955e-12,44,100,Methane
8.886,1.46562661e-05,8.271995068e-12,44,100,Methane
9.123,1.467323e-05,8.793988107e-12,44,100,Methane
9.359,1.469548715e-05,8.397498842e-12,44,100,Methane
9.596,1.465203786e-05,7.997854982e-12,44,100,Methane
9.833,1.470289408e-05,7.723287287e-12,44,100,Methane
10.07,1.470484676e-05,8.161860944e-12,44,100,Methane
10.307,1.471457563e-05,8.174510548e-12,44,100,Methane
10.543,1.46984512e-05,8.188342365e-12,44,100,Methane
10.78,1.472495387e-05,7.645262895e-12,44,100,Methane
11.017,1.471943688e-05,8.32098019e-12,44,100,Methane
11.254,1.482928019e-05,8.348748776e-12,44,100,Methane
11.491,1.473598604e-05,8.349518126e-12,44,100,Methane
11.727,1.485787561e-05,8.158228433e-12,44,100,Methane
11.964,1.467849143e-05,7.924795369e-12,44,100,Methane
12.201,1.468963183e-05,8.067006264e-12,44,100,Methane
12.438,1.466412232e-05,8.271770421e-12,44,100,Methane
12.675,1.467610673e-05,7.808839513e-12,44,100,Methane
12.911,1.470509415e-05,7.733388582e-12,44,100,Methane
13.148,1.470706411e-05,7.954055817e-12,44,100,Methane
13.385,1.472871918e-05,8.373165009e-12,44,100,Methane
13.622,1.469152721e-05,8.866843024e-12,44,100,Methane
13.859,1.482285006e-05,7.822598472e-12,44,100,Methane
14.095,1.456916016e-05,7.634082602e-12,44,100,Methane
14.332,1.467528728e-05,8.035116843e-12,44,100,Methane
14.569,1.471219639e-05,8.258509328e-12,44,100,Methane
14.806,1.475092813e-05,8.132726263e-12,44,100,Methane
15.043,1.47130113e-05,8.142272447e-12,44,100,Methane
15.279,1.467277252e-05,7.815721161e-12,44,100,Methane
15.516,1.470195366e-05,8.306204682e-12,44,100,Methane
15.753,1.466008689e-05,8.45475686e-12,44,100,Methane
15.99,1.471807627e-05,7.529750261e-12,44,100,Methane
16.227,1.474032524e-05,8.06968728e-12,44,100,Methane
16.463,1.475887893e-05,8.35488189e-12,44,100,Methane
16.7,1.47401488e-05,8.131716654e-12,44,100,Methane
16.937,1.470071402e-05,8.314556509e-12,44,100,Methane
17.174,1.469437302e-05,7.593746812e-12,44,100,Methane
17.411,1.485201756e-05,7.922544565e-12,44,100,Methane
17.647,1.459173836e-05,8.186005693e-12,44,100,Methane
17.884,1.466326466e-05,8.37016307e-12,44,100,Methane
18.121,1.476906164e-05,7.327455483e-12,44,100,Methane
18.358,1.470297047e-05,7.81089169e-12,44,100,Methane
18.595,1.474021064e-05,7.804751637e-12,44,100,Methane
18.831,1.475772933e-05,8.018767941e-12,44,100,Methane
19.068,1.487077589e-05,7.970922533e-12,44,100,Methane
19.305,1.473925749e-05,7.604696386e-12,44,100,Methane
19.542,1.471512132e-05,7.790226797e-12,44,100,Methane
19.779,1.462089585e-05,8.759232055e-12,44,100,Methane
20.015,1.471867017e-05,8.017051432e-12,44,100,Methane
20.252,1.473749762e-05,7.770011197e-12,44,100,Methane
20.489,1.473413977e-05,7.91416932e-12,44,100,Methane
20.726,1.471989253e-05,8.158280475e-12,44,100,Methane
20.963,1.480195351e-05,8.54791498e-12,44,100,Methane
21.199,1.458059887e-05,8.149387415e-12,44,100,Methane
21.436,1.479284765e-05,8.535501299e-12,44,100,Methane
21.673,1.472052099e-05,8.212945081e-12,44,100,Methane
21.91,1.469148083e-05,8.14891904e-12,44,100,Methane
22.147,1.471946416e-05,8.500592591e-12,44,100,Methane
22.383,1.474148576e-05,7.648422694e-12,44,100,Methane
22.62,1.482137304e-05,8.07981633e-12,44,100,Methane
22.857,1.472451277e-05,8.06396009e-12,44,100,Methane
23.094,1.471575251e-05,8.393649491e-12,44,100,Methane
23.331,1.472846543e-05,7.941034982e-12,44,100,Methane
23.567,1.47375431e-05,7.980458308e-12,44,100,Methane
23.804,1.483859887e-05,8.107409709e-12,44,100,Methane
24.041,1.473530028e-05,8.353242577e-12,44,100,Methane
24.278,1.488174257e-05,8.348264788e-12,44,100,Methane
24.515,1.471327596e-05,8.296336708e-12,44,100,Methane
24.751,1.479591265e-05,7.90242264e-12,44,100,Methane
24.988,1.474896726e-05,8.473274166e-12,44,100,Methane
25.225,1.474640612e-05,8.594245107e-12,44,100,Methane
25.462,1.473527482e-05,7.794955653e-12,44,100,Methane
25.699,1.481219351e-05,7.685994202e-12,44,100,Methane
25.935,1.457385224e-05,7.925109353e-12,44,100,Methane
26.172,1.46221555e-05,8.536397283e-12,44,100,Methane
26.409,1.471427368e-05,8.366292034e-12,44,100,Methane
26.646,1.473364046e-05,7.771628827e-12,44,100,Methane
26.883,1.479744424e-05,7.699450452e-12,44,100,Methane
27.119,1.475375848e-05,8.336103509e-12,44,100,Methane
27.356,1.472592885e-05,8.678073884e-12,44,100,Methane
27.593,1.470922962e-05,8.081852895e-12,44,100,Methane
27.83,1.473494558e-05,7.709026993e-12,44,100,Methane
28.067,1.47464134e-05,8.004964747e-12,44,100,Methane
28.303,1.476722809e-05,8.120199825e-12,44,100,Methane
28.54,1.471528503e-05,8.588762514e-12,44,100,Methane
28.777,1.476018133e-05,8.007766325e-12,44,100,Methane
29.014,1.474416331e-05,8.403610273e-12,44,100,Methane
29.251,1.486945439e-05,8.353859271e-12,44,100,Methane
29.487,1.481546133e-05,8.389925907e-12,44,100,Methane
29.724,1.490002705e-05,7.9130218e-12,44,100,Methane
29.961,1.480481751e-05,7.859587113e-12,44,100,Methane
30.198,1.472666099e-05,7.951015714e-12,44,100,Methane
30.435,1.472835629e-05,8.076829136e-12,44,100,Methane
30.671,1.48027666e-05,8.265111685e-12,44,100,Methane
30.908,1.478351351e-05,7.778925074e-12,44,100,Methane
31.145,1.476532725e-05,7.71792439e-12,44,100,Methane
31.382,1.473014254e-05,8.462629035e-12,44,100,Methane
31.619,1.481050276e-05,8.069362019e-12,44,100,Methane
31.855,1.47797291e-05,7.769048425e-12,44,100,Methane
32.092,1.486307792e-05,7.78971939e-12,44,100,Methane
32.329,1.479903858e-05,8.355902775e-12,44,100,Methane
32.566,1.481520212e-05,7.846233212e-12,44,100,Methane
32.803,1.475247609e-05,8.161248587e-12,44,100,Methane
33.039,1.471524047e-05,7.844865382e-12,44,100,Methane
33.276,1.475850058e-05,8.053759916e-12,44,100,Methane
33.513,1.47735218e-05,8.662964443e-12,44,100,Methane
33.75,1.479529328e-05,8.059750783e-12,44,100,Methane
33.987,1.477400201e-05,8.427604968e-12,44,100,Methane
34.223,1.482463722e-05,8.01571743e-12,44,100,Methane
34.46,1.47710889e-05,8.551170189e-12,44,100,Methane
34.697,1.472825898e-05,8.31522004e-12,44,100,Methane
34.934,1.471482665e-05,7.844640736e-12,44,100,Methane
35.171,1.487690497e-05,8.395234161e-12,44,100,Methane
35.407,1.460720796e-05,8.58408223e-12,44,100,Methane
35.644,1.483230426e-05,8.2558951e-12,44,100,Methane
35.881,1.47761757e-05,8.251271194e-12,44,100,Methane
36.118,1.489846181e-05,7.965426929e-12,44,100,Methane
36.355,1.472476924e-05,7.958914777e-12,44,100,Methane
36.591,1.472780787e-05,8.168933412e-12,44,100,Methane
36.828,1.474453893e-05,8.456521941e-12,44,100,Methane
37.065,1.475520367e-05,8.439689919e-12,44,100,Methane
37.302,1.479049661e-05,8.117646312e-12,44,100,Methane
37.539,1.483310098e-05,8.056852928e-12,44,100,Methane
37.775,1.458085353e-05,7.891643936e-12,44,100,Methane
38.012,1.461813918e-05,8.541741967e-12,44,100,Methane
38.249,1.472332679e-05,8.218709567e-12,44,100,Methane
38.486,1.474189321e-05,7.791550391e-12,44,100,Methane
38.723,1.465991227e-05,7.901975081e-12,44,100,Methane
38.959,1.467148377e-05,8.22858448e-12,44,100,Methane
39.196,1.470854295e-05,8.055150297e-12,44,100,Methane
39.433,1.470972074e-05,7.654442184e-12,44,100,Methane
39.67,1.473727843e-05,8.134096695e-12,44,100,Methane
39.907,1.474852888e-05,8.445929719e-12,44,100,Methane
40.143,1.474102919e-05,8.009468956e-12,44,100,Methane
40.38,1.476171292e-05,8.01430363e-12,44,100,Methane
40.617,1.46966504e-05,7.784593282e-12,44,100,Methane
40.854,1.475247427e-05,8.108759324e-12,44,100,Methane
41.091,1.487117152e-05,8.336132132e-12,44,100,Methane
41.327,1.479109142e-05,8.233530177e-12,44,100,Methane
41.564,1.486772089e-05,7.878198961e-12,44,100,Methane
41.801,1.475397039e-05,8.196426177e-12,44,100,Methane
42.038,1.474890814e-05,8.521956578e-12,44,100,Methane
42.275,1.486825295e-05,8.848266737e-12,44,100,Methane
42.511,1.458201859e-05,8.098651957e-12,44,100,Methane
42.748,1.461916145e-05,7.962907243e-12,44,100,Methane
42.985,1.470443385e-05,8.128082409e-12,44,100,Methane
43.222,1.470012194e-05,8.348186725e-12,44,100,Methane
43.459,1.485889243e-05,8.34646241e-12,44,100,Methane
43.695,1.457629241e-05,8.30535727e-12,44,100,Methane
43.932,1.463633544e-05,8.448288076e-12,44,100,Methane
44.169,1.473759494e-05,8.048651155e-12,44,100,Methane
44.406,1.487644113e-05,8.102626209e-12,44,100,Methane
44.643,1.470706593e-05,7.693797856e-12,44,100,Methane
44.879,1.466102003e-05,7.718081382e-12,44,100,Methane
45.116,1.469877225e-05,8.427654408e-12,44,100,Methane
45.353,1.48423087e-05,8.578287386e-12,44,100,Methane
45.59,1.477814385e-05,8.214479444e-12,44,100,Methane
45.827,1.472639542e-05,7.386741392e-12,44,100,Methane
46.063,1.474183409e-05,8.340461134e-12,44,100,Methane
46.3,1.474983037e-05,8.174964178e-12,44,100,Methane
46.537,1.480542869e-05,8.114942746e-12,44,100,Methane
46.774,1.472750773e-05,7.796387667e-12,44,100,Methane
47.011,1.471567612e-05,8.145712403e-12,44,100,Methane
47.247,1.473304383e-05,7.953044473e-12,44,100,Methane
47.484,1.475072895e-05,8.216928873e-12,44,100,Methane
47.721,1.478980994e-05,7.773897845e-12,44,100,Methane
47.958,1.471849919e-05,7.854219011e-12,44,100,Methane
48.195,1.483997858e-05,7.84301183e-12,44,100,Methane
48.431,1.478762351e-05,8.371753811e-12,44,100,Methane
48.668,1.47152241e-05,8.109249383e-12,44,100,Methane
48.905,1.470500865e-05,8.075109158e-12,44,100,Methane
49.142,1.468380651e-05,8.033449773e-12,44,100,Methane
49.379,1.472110125e-05,8.360191879e-12,44,100,Methane
49.615,1.468702339e-05,8.432188975e-12,44,100,Methane
49.852,1.480754872e-05,7.84523748e-12,44,100,Methane
50.089,1.470557436e-05,8.103253311e-12,44,100,Methane
50.326,1.470076677e-05,8.171113092e-12,44,100,Methane
50.563,1.475851514e-05,8.334458991e-12,44,100,Methane
50.799,1.475597037e-05,8.11864638e-12,44,100,Methane
51.036,1.466229332e-05,7.658839708e-12,44,100,Methane
51.273,1.471167525e-05,7.93902357e-12,44,100,Methane
51.51,1.471737323e-05,8.295966344e-12,44,100,Methane
51.747,1.472070016e-05,8.191870793e-12,44,100,Methane
51.983,1.465769583e-05,8.026937622e-12,44,100,Methane
52.22,1.469074414e-05,7.725889373e-12,44,100,Methane
52.457,1.465676451e-05,7.846758833e-12,44,100,Methane
52.694,1.468879782e-05,8.607415128e-12,44,100,Methane
52.931,1.468209939e-05,7.451441374e-12,44,100,Methane
53.167,1.474380406e-05,8.046197389e-12,44,100,Methane
53.404,1.471078667e-05,8.266890644e-12,44,100,Methane
53.641,1.476026682e-05,8.05635593e-12,44,100,Methane
53.878,1.469531253e-05,8.43432095e-12,44,100,Methane
54.115,1.471387804e-05,7.602126394e-12,44,100,Methane
54.351,1.471753876e-05,7.854335238e-12,44,100,Methane
54.588,1.469860035e-05,8.31092313e-12,44,100,Methane
54.825,1.476582929e-05,8.745084518e-12,44,100,Methane
55.062,1.467983202e-05,7.955700335e-12,44,100,Methane
55.299,1.476961734e-05,8.071895582e-12,44,100,Methane
55.535,1.454970607e-05,7.877777423e-12,44,100,Methane
55.772,1.457360941e-05,7.892590227e-12,44,100,Methane
56.009,1.463193985e-05,8.142241222e-12,44,100,Methane
56.246,1.469423933e-05,7.469158105e-12,44,100,Methane
56.483,1.474862347e-05,7.957379547e-12,44,100,Methane
56.719,1.47042656e-05,8.036468192e-12,44,100,Methane
56.956,1.469274594e-05,8.274755013e-12,44,100,Methane
57.193,1.470842017e-05,7.955709008e-12,44,100,Methane
57.43,1.474790042e-05,7.897785724e-12,44,100,Methane
57.667,1.471913038e-05,7.934922684e-12,44,100,Methane
57.903,1.48444733e-05,7.732962708e-12,44,100,Methane
58.14,1.471000269e-05,7.998248765e-12,44,100,Methane
58.377,1.473424163e-05,8.019663059e-12,44,100,Methane
58.614,1.468256596e-05,7.937618444e-12,44,100,Methane
58.851,1.470725056e-05,7.937481401e-12,44,100,Methane
59.087,1.468794744e-05,8.177523762e-12,44,100,Methane
59.324,1.471092855e-05,7.969284954e-12,44,100,Methane
59.561,1.471093674e-05,7.943064609e-12,44,100,Methane
59.798,1.481307936e-05,7.851944789e-12,44,100,Methane
60.035,1.473480188e-05,8.397020058e-12,44,100,Methane
60.271,1.467063339e-05,8.457662522e-12,44,100,Methane
60.508,1.470557982e-05,8.282393868e-12,44,100,Methane
60.745,1.472823715e-05,7.740059461e-12,44,100,Methane
60.982,1.483457072e-05,8.128320066e-12,44,100,Methane
61.219,1.464320576e-05,8.065602873e-12,44,100,Methane
61.455,1.468586106e-05,7.933504548e-12,44,100,Methane
61.692,1.468739629e-05,7.491461444e-12,44,100,Methane
61.929,1.464417073e-05,7.780051776e-12,44,100,Methane
62.166,1.469941981e-05,8.152845586e-12,44,100,Methane
62.403,1.470733059e-05,7.733021688e-12,44,100,Methane
62.639,1.473125667e-05,7.669289682e-12,44,100,Methane
62.876,1.470122152e-05,8.004538872e-12,44,100,Methane
63.113,1.474400779e-05,8.234175494e-12,44,100,Methane
63.35,1.470836833e-05,7.966109543e-12,44,100,Methane
63.587,1.47595747e-05,7.913980235e-12,44,100,Methane
63.823,1.471071209e-05,7.536925944e-12,44,100,Methane
64.06,1.469534436e-05,7.974844743e-12,44,100,Methane
64.297,1.478424292e-05,8.273726322e-12,44,100,Methane
64.534,1.473968132e-05,7.710462477e-12,44,100,Methane
64.771,1.471731684e-05,8.156577844e-12,44,100,Methane
65.007,1.474253349e-05,7.431570116e-12,44,100,Methane
65.244,1.47470555e-05,8.237430703e-12,44,100,Methane
65.481,1.485154007e-05,8.413081863e-12,44,100,Methane
65.718,1.478149807e-05,8.138979941e-12,44,100,Methane
65.955,1.471732594e-05,7.896476875e-12,44,100,Methane
66.191,1.473909015e-05,8.361005464e-12,44,100,Methane
66.428,1.4732821e-05,8.297519789e-12,44,100,Methane
66.665,1.484582208e-05,8.341071757e-12,44,100,Methane
66.902,1.475720273e-05,8.191922835e-12,44,100,Methane
67.139,1.479583534e-05,8.163847202e-12,44,100,Methane
67.375,1.455326674e-05,8.07081138e-12,44,100,Methane
67.612,1.476769648e-05,8.045807076e-12,44,100,Methane
67.849,1.468504252e-05,8.193501433e-12,44,100,Methane
68.086,1.467966194e-05,7.930912871e-12,44,100,Methane
68.323,1.473210341e-05,8.009782941e-12,44,100,Methane
68.559,1.479781804e-05,8.3889189e-12,44,100,Methane
68.796,1.473700468e-05,8.239545331e-12,44,100,Methane
69.033,1.468454684e-05,7.867515667e-12,44,100,Methane
69.27,1.46883649e-05,7.947092637e-12,44,100,Methane
69.507,1.4761702e-05,8.066026146e-12,44,100,Methane
69.743,1.45439808e-05,8.290864523e-12,44,100,Methane
69.98,1.459689793e-05,7.838357567e-12,44,100,Methane
70.217,1.465112564e-05,7.754050006e-12,44,100,Methane
70.454,1.469533345e-05,7.925623699e-12,44,100,Methane
70.691,1.473710472e-05,8.654278683e-12,44,100,Methane
70.927,1.473761586e-05,8.039641869e-12,44,100,Methane
71.164,1.47118617e-05,8.191420632e-12,44,100,Methane
71.401,1.467359925e-05,8.037018967e-12,44,100,Methane
71.638,1.472098393e-05,8.06235894e-12,44,100,Methane
71.875,1.480988794e-05,8.364395114e-12,44,100,Methane
72.111,1.456356676e-05,7.929531164e-12,44,100,Methane
72.348,1.464247998e-05,7.65663314e-12,44,100,Methane
72.585,1.473604516e-05,8.196203265e-12,44,100,Methane
72.822,1.471965243e-05,8.275409871e-12,44,100,Methane
73.059,1.466072172e-05,7.934119507e-12,44,100,Methane
73.295,1.469497238e-05,8.05475478e-12,44,100,Methane
73.532,1.472892745e-05,8.211485311e-12,44,100,Methane
73.769,1.48434865e-05,8.155423385e-12,44,100,Methane
74.006,1.479468574e-05,8.434882133e-12,44,100,Methane
74.243,1.471664291e-05,8.242676507e-12,44,100,Methane
74.479,1.471866653e-05,8.041571749e-12,44,100,Methane
74.716,1.472984059e-05,8.570088215e-12,44,100,Methane
74.953,1.47256842e-05,8.445168176e-12,44,100,Methane
75.19,1.470770076e-05,8.240606114e-12,44,100,Methane
75.427,1.472830627e-05,7.761160638e-12,44,100,Methane
75.663,1.471637279e-05,8.035813334e-12,44,100,Methane
75.9,1.47507817e-05,7.926886578e-12,44,100,Methane
76.137,1.476063335e-05,8.444196731e-12,44,100,Methane
76.374,1.477145088e-05,7.859277465e-12,44,100,Methane
76.611,1.478429931e-05,8.041398276e-12,44,100,Methane
76.847,1.487921327e-05,8.35444821e-12,44,100,Methane
77.084,1.475398039e-05,7.857593916e-12,44,100,Methane
77.321,1.48864865e-05,7.753324892e-12,44,100,Methane
77.558,1.482107746e-05,7.767331917e-12,44,100,Methane
77.795,1.477750266e-05,7.904138281e-12,44,100,Methane
78.031,1.477765454e-05,8.216523815e-12,44,100,Methane
78.268,1.475246881e-05,7.887745145e-12,44,100,Methane
78.505,1.471479845e-05,8.571517628e-12,44,100,Methane
78.742,1.476357102e-05,8.135969329e-12,44,100,Methane
78.979,1.478037029e-05,8.128068531e-12,44,100,Methane
79.215,1.490549766e-05,8.260397574e-12,44,100,Methane
79.452,1.474608234e-05,8.24922422e-12,44,100,Methane
79.689,1.478655759e-05,7.927675877e-12,44,100,Methane
79.926,1.477033038e-05,7.72960515e-12,44,100,Methane
80.163,1.487430018e-05,8.564601285e-12,44,100,Methane
80.399,1.460170279e-05,8.442015316e-12,44,100,Methane
80.636,1.467041329e-05,8.102985297e-12,44,100,Methane
80.873,1.475190584e-05,7.77971524e-12,44,100,Methane
81.11,1.475179397e-05,8.467965912e-12,44,100,Methane
81.347,1.480461196e-05,8.325118372e-12,44,100,Methane
81.583,1.474899e-05,7.853417569e-12,44,100,Methane
81.82,1.477206297e-05,7.768727502e-12,44,100,Methane
82.057,1.47667597e-05,7.746038186e-12,44,100,Methane
82.294,1.476321358e-05,8.225485397e-12,44,100,Methane
82.531,1.477040769e-05,7.721313172e-12,44,100,Methane
82.767,1.47888295e-05,7.683066856e-12,44,100,Methane
83.004,1.47941355e-05,7.738734133e-12,44,100,Methane
83.241,1.48254494e-05,7.825366223e-12,44,100,Methane
83.478,1.475329645e-05,8.260211092e-12,44,100,Methane
83.715,1.479897128e-05,7.709145822e-12,44,100,Methane
83.951,1.477678143e-05,7.907895692e-12,44,100,Methane
84.188,1.489135684e-05,7.620979368e-12,44,100,Methane
84.425,1.475128829e-05,8.159704683e-12,44,100,Methane
84.662,1.475733916e-05,8.069791363e-12,44,100,Methane
84.899,1.466300091e-05,7.639717851e-12,44,100,Methane
85.135,1.470323605e-05,7.843972867e-12,44,100,Methane
85.372,1.472255281e-05,8.003650694e-12,44,100,Methane
85.609,1.478909144e-05,8.544322368e-12,44,100,Methane
85.846,1.475406862e-05,8.303501116e-12,44,100,Methane
86.083,1.47710598e-05,7.609759177e-12,44,100,Methane
86.319,1.475540103e-05,8.198323964e-12,44,100,Methane
86.556,1.474291093e-05,8.354082183e-12,44,100,Methane
86.793,1.477921614e-05,8.109794086e-12,44,100,Methane
87.03,1.475053978e-05,7.538141118e-12,44,100,Methane
87.267,1.487498594e-05,7.881511416e-12,44,100,Methane
87.503,1.479300408e-05,8.143249963e-12,44,100,Methane
87.74,1.474363671e-05,8.438316018e-12,44,100,Methane
87.977,1.471660289e-05,8.024463038e-12,44,100,Methane
88.214,1.471766154e-05,8.163760466e-12,44,100,Methane
88.451,1.475649242e-05,8.072598146e-12,44,100,Methane
88.687,1.471753876e-05,7.870869755e-12,44,100,Methane
88.924,1.47479077e-05,7.571719293e-12,44,100,Methane
89.161,1.475881618e-05,7.931459309e-12,44,100,Methane
89.398,1.49045336e-05,7.301640195e-12,44,100,Methane
89.635,1.472688655e-05,8.171945759e-12,44,100,Methane
89.871,1.471035739e-05,8.249577237e-12,44,100,Methane
90.108,1.475634326e-05,7.712264855e-12,44,100,Methane
90.345,1.47628316e-05,7.558380137e-12,44,100,Methane
90.582,1.488065391e-05,8.08477417e-12,44,100,Methane
90.819,1.482255175e-05,8.107049754e-12,44,100,Methane
91.055,1.484292716e-05,8.124095147e-12,44,100,Methane
91.292,1.474588771e-05,8.098285931e-12,44,100,Methane
91.529,1.46817265e-05,7.972238321e-12,44,100,Methane
91.766,1.474846522e-05,8.035245212e-12,44,100,Methane
92.003,1.475491536e-05,8.127612298e-12,44,100,Methane
92.239,1.477724891e-05,8.089751959e-12,44,100,Methane
92.476,1.474569581e-05,8.087343295e-12,44,100,Methane
92.713,1.479933326e-05,8.346563891e-12,44,100,Methane
92.95,1.475216231e-05,8.556614618e-12,44,100,Methane
93.187,1.47472083e-05,8.39917285e-12,44,100,Methane
93.423,1.470195366e-05,7.948773584e-12,44,100,Methane
93.66,1.471951691e-05,7.699131263e-12,44,100,Methane
93.897,1.478136619e-05,7.989409481e-12,44,100,Methane
94.134,1.471082487e-05,8.194066953e-12,44,100,Methane
94.371,1.475037243e-05,7.791330081e-12,44,100,Methane
94.607,1.472569966e-05,7.425106537e-12,44,100,Methane
94.844,1.484640052e-05,7.878374168e-12,44,100,Methane
95.081,1.473752218e-05,8.027935955e-12,44,100,Methane
95.318,1.487541067e-05,8.08219984e-12,44,100,Methane
95.555,1.479523962e-05,7.655101379e-12,44,100,Methane
95.791,1.489772694e-05,7.643763227e-12,44,100,Methane
96.028,1.473703469e-05,7.925403389e-12,44,100,Methane
96.265,1.472460917e-05,8.096389878e-12,44,100,Methane
96.502,1.472540953e-05,7.614747374e-12,44,100,Methane
96.739,1.474770488e-05,7.738425352e-12,44,100,Methane
96.975,1.481391064e-05,8.417655462e-12,44,100,Methane
97.212,1.479548337e-05,8.186853973e-12,44,100,Methane
97.449,1.471955875e-05,7.82242153e-12,44,100,Methane
97.686,1.475592489e-05,7.620288948e-12,44,100,Methane
97.923,1.477141177e-05,7.936018162e-12,44,100,Methane
98.159,1.470106417e-05,8.00967799e-12,44,100,Methane
98.396,1.469176823e-05,8.430969464e-12,44,100,Methane
98.633,1.465589867e-05,7.836166611e-12,44,100,Methane
98.87,1.471108499e-05,8.019211163e-12,44,100,Methane
99.107,1.473202792e-05,8.864979063e-12,44,100,Methane
99.343,1.486342808e-05,8.249153097e-12,44,100,Methane
99.58,1.471185078e-05,7.949444054e-12,44,100,Methane
99.817,1.473491375e-05,7.942168624e-12,44,100,Methane
100.054,1.487118971e-05,7.740833148e-12,44,100,Methane
100.291,1.470831285e-05,8.54444987e-12,44,100,Methane
100.527,1.483548203e-05,8.100279995e-12,44,100,Methane
100.764,1.469383005e-05,7.749103442e-12,44,100,Methane
101.001,1.470150164e-05,7.522226765e-12,44,100,Methane
101.238,1.472551685e-05,8.107144296e-12,44,100,Methane
101.475,1.47737328e-05,8.252084779e-12,44,100,Methane
101.711,1.456276186e-05,7.792170555e-12,44,100,Methane
101.948,1.464945944e-05,8.320571662e-12,44,100,Methane
102.185,1.475352929e-05,7.790796654e-12,44,100,Methane
102.422,1.468420305e-05,8.087487277e-12,44,100,Methane
102.659,1.471455471e-05,8.277762156e-12,44,100,Methane
102.895,1.470769075e-05,7.738890258e-12,44,100,Methane
103.132,1.470057668e-05,7.624605808e-12,44,100,Methane
103.369,1.473723023e-05,8.231512694e-12,44,100,Methane
103.606,1.472660824e-05,8.260897175e-12,44,100,Methane
103.843,1.472653184e-05,8.020977979e-12,44,100,Methane
104.079,1.471778069e-05,7.974992194e-12,44,100,Methane
104.316,1.469160634e-05,7.793755225e-12,44,100,Methane
104.553,1.467397215e-05,8.149666705e-12,44,100,Methane
104.79,1.470484676e-05,8.353377018e-12,44,100,Methane
105.027,1.46962966e-05,8.029417409e-12,44,100,Methane
105.263,1.485386929e-05,7.690043914e-12,44,100,Methane
105.5,1.477816477e-05,8.054786872e-12,44,100,Methane
105.737,1.468792743e-05,8.235494751e-12,44,100,Methane
105.974,1.469879408e-05,8.016301165e-12,44,100,Methane
106.211,1.472846452e-05,7.70348195e-12,44,100,Methane
106.447,1.469559538e-05,8.018971771e-12,44,100,Methane
106.684,1.467286256e-05,8.403092458e-12,44,100,Methane
106.921,1.475530098e-05,8.028744336e-12,44,100,Methane
107.158,1.469832841e-05,7.542465784e-12,44,100,Methane
107.395,1.472473286e-05,7.921882768e-12,44,100,Methane
107.631,1.472626082e-05,8.035295519e-12,44,100,Methane
107.868,1.47288647e-05,7.978829403e-12,44,100,Methane
108.105,1.476802299e-05,7.70956736e-12,44,100,Methane
108.342,1.469304334e-05,7.339666201e-12,44,100,Methane
108.579,1.485001212e-05,8.111469829e-12,44,100,Methane
108.815,1.454195171e-05,8.058876483e-12,44,100,Methane
109.052,1.462718865e-05,8.005336845e-12,44,100,Methane
109.289,1.480487026e-05,7.820276544e-12,44,100,Methane
109.526,1.473688826e-05,7.511302344e-12,44,100,Methane
109.763,1.478627655e-05,8.161229505e-12,44,100,Methane
109.999,1.454128596e-05,8.027328802e-12,44,100,Methane
110.236,1.4637807e-05,8.000745032e-12,44,100,Methane
110.473,1.463288663e-05,7.626168794e-12,44,100,Methane
110.71,1.46775983e-05,7.925046036e-12,44,100,Methane
110.947,1.474435157e-05,7.966139033e-12,44,100,Methane
111.183,1.471224641e-05,8.014901243e-12,44,100,Methane
